station_id,station_name,city,state,lat,lon,timestamp,PM2.5,PM10,NO2,SO2,CO,O3,NH3,reported_aqi,reported_aqi_category,reported_dominant_pollutant,aqi_is_valid,aqi_quality_flag,temperature_2m,relative_humidity_2m,rain,wind_speed_10m,cloud_cover,weather_trapping_score,weather_trapping_category,landuse_type_proxy,landuse_data_source,urban_pressure_score,road_density_proxy,environmental_risk_score,pm10_pm25_ratio,pm25_pm10_ratio,no2_co_ratio,o3_no2_ratio,source_score_vehicular_traffic,source_score_industrial_combustion,source_score_construction__road_dust,source_score_biomass__fine_particle_combustion,source_score_photochemical_smog,primary_pollution_source,primary_source_score,secondary_source_score,source_score_gap,source_attribution_confidence,source_attribution_confidence_category,source_evidence,landuse_source_alignment,recommended_intervention,notebook_03_processed_time,forecast_reference_timestamp,forecast_aqi_next,forecast_aqi_p10,forecast_aqi_p50,forecast_aqi_p90,forecast_category,current_aqi,current_aqi_category,forecast_aqi_category,forecast_aqi_change,forecast_trend,satellite_aerosol_proxy_score,satellite_aerosol_proxy_category,satellite_data_source,dispersion_index,dispersion_category,health_exposure_risk_score,health_exposure_risk_category,forecast_hotspot_risk_score,forecast_hotspot_risk_category,intervention_urgency_score,intervention_urgency_category,is_current_hotspot,is_forecast_hotspot,is_emerging_hotspot,hotspot_status,advanced_priority_score,advanced_priority_category,advanced_priority_rank,advanced_data_quality_flag,advanced_layer_note
uttar_pradesh__meerut__miet_college_meerut_uppcb,"MIET College, Meerut - UPPCB",Meerut,Uttar Pradesh,28.972677,77.641018,2026-07-16 05:00:00,262.0,158.0,33.0,7.0,44.0,7.0,8.0,462.64,Severe,CO,True,Valid AQI,33.6,62,0.0,9.0,4,64.51,High trapping,General urban / semi-urban proxy,Proxy from station/city naming,15,20,52.02,0.6030534351145038,1.6582278481012658,0.75,0.2121212121212121,16.74,14.58,29.51,67.22,35.53,Biomass / fine-particle combustion,67.22,35.53,31.69,56.56,Moderate confidence,PM2.5-heavy fine-particle pattern; CO and stagnant-weather influence; high weather trapping,Partially aligned,"Immediate intervention: Track open burning, control biomass combustion sources, increase public alerts, and strengthen fine-particle monitoring.",2026-07-16 10:55:13,2026-07-16 04:00:00,475.6348430220259,425.06111331227567,475.6348430220259,500.0,Severe,462.64,Severe,Severe,12.994843022025918,Stable,65.56,High,Proxy derived from ground pollutants and meteorology; not direct satellite imagery,50.36,Moderate,88.17,Critical,78.09,High,73.06,High,1,1,0,Critical forecast hotspot,74.32,High,1,Usable,"Advanced intelligence layer combines real AQI, forecasted AQI, pollutant signals, meteorological dispersion, source attribution, and intervention scoring."
assam__guwahati__pan_bazaar_guwahati_pcba,"Pan Bazaar, Guwahati - PCBA",Guwahati,Assam,26.1875,91.744194,2026-07-16 05:00:00,186.0,173.0,0.0,35.0,23.0,11.0,1.0,350.88,Very Poor,PM2.5,True,Valid AQI,31.4,75,0.0,2.9,99,89.83,Very high trapping,General urban / semi-urban proxy,Proxy from station/city naming,15,20,52.18,0.9301075268817204,1.0751445086705202,0.0,,4.27,16.81,28.81,58.57,24.34,Biomass / fine-particle combustion,58.57,28.81,29.76,49.93,Moderate confidence,PM2.5-heavy fine-particle pattern; CO and stagnant-weather influence; high weather trapping,Partially aligned,"Immediate intervention: Track open burning, control biomass combustion sources, increase public alerts, and strengthen fine-particle monitoring.",2026-07-16 10:55:13,,350.88,350.88,350.88,350.88,,350.88,Very Poor,Very Poor,0.0,Stable,60.25,High,Proxy derived from ground pollutants and meteorology; not direct satellite imagery,94.26,Critical,76.07,High,69.65,High,74.62,High,1,1,0,Critical forecast hotspot,74.19,High,2,Forecast unavailable; current AQI used as fallback,"Advanced intelligence layer combines real AQI, forecasted AQI, pollutant signals, meteorological dispersion, source attribution, and intervention scoring."
uttar_pradesh__khora__prashant_garden_khora_uppcb,"Prashant Garden, Khora - UPPCB",Khora,Uttar Pradesh,28.61119,77.34206,2026-07-16 05:00:00,247.0,150.0,33.0,11.0,102.0,6.0,11.0,500.0,Severe,CO,True,Valid AQI,36.4,40,0.0,9.6,5,55.43,Moderate trapping,General urban / semi-urban proxy,Proxy from station/city naming,15,20,51.71,0.6072874493927125,1.6466666666666667,0.3235294117647059,0.1818181818181818,28.0,24.58,28.93,74.4,38.9,Biomass / fine-particle combustion,74.4,38.9,35.5,62.73,Moderate confidence,PM2.5-heavy fine-particle pattern; CO and stagnant-weather influence,Partially aligned,"Immediate intervention: Track open burning, control biomass combustion sources, increase public alerts, and strengthen fine-particle monitoring.",2026-07-16 10:55:13,2026-07-16 04:00:00,488.8216427820324,438.2479130722822,488.8216427820324,500.0,Severe,500.0,Severe,Severe,-11.178357217967573,Stable,68.2,High,Proxy derived from ground pollutants and meteorology; not direct satellite imagery,38.45,Low,89.84,Critical,77.98,High,71.68,High,1,1,0,Critical forecast hotspot,73.22,High,3,Usable,"Advanced intelligence layer combines real AQI, forecasted AQI, pollutant signals, meteorological dispersion, source attribution, and intervention scoring."
uttar_pradesh__muzaffarnagar__new_mandi_muzaffarnagar_uppcb,"New Mandi, Muzaffarnagar - UPPCB",Muzaffarnagar,Uttar Pradesh,29.4723508,77.7194031,2026-07-16 05:00:00,125.0,148.0,31.0,24.0,44.0,16.0,3.0,462.64,Severe,CO,True,Valid AQI,33.4,66,0.0,5.2,14,73.85,High trapping,General urban / semi-urban proxy,Proxy from station/city naming,15,20,55.92,1.184,0.8445945945945946,0.7045454545454546,0.5161290322580645,16.23,20.85,27.49,49.99,35.79,Biomass / fine-particle combustion,49.99,35.79,14.2,39.25,Low confidence,PM2.5-heavy fine-particle pattern; CO and stagnant-weather influence; high weather trapping,Partially aligned,"Immediate intervention: Track open burning, control biomass combustion sources, increase public alerts, and strengthen fine-particle monitoring.",2026-07-16 10:55:13,2026-07-16 04:00:00,491.1634901528048,440.58976044305456,491.1634901528048,500.0,Severe,462.64,Severe,Severe,28.52349015280481,Increasing,49.64,Moderate,Proxy derived from ground pollutants and meteorology; not direct satellite imagery,65.87,High,80.41,Critical,80.37,Critical,71.34,High,1,1,1,Critical forecast hotspot,72.69,High,4,Usable,"Advanced intelligence layer combines real AQI, forecasted AQI, pollutant signals, meteorological dispersion, source attribution, and intervention scoring."
uttar_pradesh__raebareli__anand_nagar_raebareli_uppcb,"Anand Nagar, Raebareli - UPPCB",Raebareli,Uttar Pradesh,26.219512,81.237648,2026-07-16 05:00:00,67.0,132.0,16.0,14.0,62.0,55.0,11.0,500.0,Severe,CO,True,Valid AQI,33.9,61,0.0,8.5,99,74.54,High trapping,General urban / semi-urban proxy,Proxy from station/city naming,15,20,59.69,1.9701492537313432,0.5075757575757576,0.2580645161290322,3.4375,15.91,17.04,28.3,44.31,35.78,Biomass / fine-particle combustion,44.31,35.78,8.53,33.58,Low confidence,PM2.5-heavy fine-particle pattern; CO and stagnant-weather influence; high weather trapping,Partially aligned,"Immediate intervention: Track open burning, control biomass combustion sources, increase public alerts, and strengthen fine-particle monitoring.",2026-07-16 10:55:13,2026-07-16 04:00:00,499.9994461780309,449.4257164682807,499.9994461780309,500.0,Severe,500.0,Severe,Severe,-0.0005538219691061386,Stable,43.89,Moderate,Proxy derived from ground pollutants and meteorology; not direct satellite imagery,70.82,High,77.77,High,80.89,Critical,70.54,High,1,1,0,Critical forecast hotspot,71.94,High,5,Usable,"Advanced intelligence layer combines real AQI, forecasted AQI, pollutant signals, meteorological dispersion, source attribution, and intervention scoring."
haryana__faridabad__sector_11_faridabad_hspcb,"Sector 11, Faridabad - HSPCB",Faridabad,Haryana,28.376058,77.315741,2026-07-16 05:00:00,196.0,180.0,31.0,9.0,67.0,16.0,9.0,500.0,Severe,CO,True,Valid AQI,35.6,44,0.0,12.4,14,52.73,Moderate trapping,Industrial / mixed urban proxy,Proxy from station/city naming,70,65,76.21,0.9183673469387756,1.0888888888888888,0.4626865671641791,0.5161290322580645,46.95,48.37,52.29,46.84,48.59,Construction / road dust,52.29,48.59,3.7,37.71,Low confidence,PM10-heavy particulate pattern; road dust / coarse-particle likelihood; high road-density proxy,Partially aligned,"Immediate intervention: Apply dust suppression, cover construction material, clean road dust, and enforce construction-site controls.",2026-07-16 10:55:13,2026-07-16 04:00:00,498.46304612959045,447.8893164198402,498.46304612959045,500.0,Severe,500.0,Severe,Severe,-1.5369538704095476,Stable,66.19,High,Proxy derived from ground pollutants and meteorology; not direct satellite imagery,33.61,Low,89.57,Critical,77.89,High,70.2,High,1,1,0,Critical forecast hotspot,71.94,High,5,Usable,"Advanced intelligence layer combines real AQI, forecasted AQI, pollutant signals, meteorological dispersion, source attribution, and intervention scoring."
assam__byrnihat__central_academy_for_sfs_byrnihat_pcba,"Central Academy for SFS, Byrnihat - PCBA",Byrnihat,Assam,26.071318,91.87488,2026-07-16 05:00:00,79.0,75.0,7.0,31.0,50.0,21.0,4.0,500.0,Severe,CO,True,Valid AQI,32.0,73,0.0,4.0,64,83.6,Very high trapping,General urban / semi-urban proxy,Proxy from station/city naming,15,20,63.47,0.9493670886075948,1.0533333333333332,0.14,3.0,11.29,20.38,18.75,50.5,29.16,Biomass / fine-particle combustion,50.5,29.16,21.34,41.75,Moderate confidence,PM2.5-heavy fine-particle pattern; CO and stagnant-weather influence; high weather trapping,Partially aligned,"Immediate intervention: Track open burning, control biomass combustion sources, increase public alerts, and strengthen fine-particle monitoring.",2026-07-16 10:55:13,2026-07-16 04:00:00,492.1253665145065,441.5516368047562,492.1253665145065,500.0,Severe,500.0,Severe,Severe,-7.8746334854935185,Stable,32.61,Low,Proxy derived from ground pollutants and meteorology; not direct satellite imagery,83.01,Critical,78.33,High,79.49,High,70.47,High,1,1,0,Critical forecast hotspot,71.76,High,6,Usable,"Advanced intelligence layer combines real AQI, forecasted AQI, pollutant signals, meteorological dispersion, source attribution, and intervention scoring."
haryana__karnal__sector_12_karnal_hspcb,"Sector-12, Karnal - HSPCB",Karnal,Haryana,29.6953,77.0027,2026-07-16 05:00:00,165.0,131.0,15.0,13.0,49.0,8.0,8.0,493.77,Severe,CO,True,Valid AQI,33.8,60,0.0,9.1,17,64.89,High trapping,Industrial / mixed urban proxy,Proxy from station/city naming,35,30,63.6,0.793939393939394,1.2595419847328244,0.3061224489795918,0.5333333333333333,21.09,38.22,32.41,45.09,36.62,Biomass / fine-particle combustion,45.09,38.22,6.87,33.62,Low confidence,PM2.5-heavy fine-particle pattern; CO and stagnant-weather influence; high weather trapping,Not strongly aligned,"Immediate intervention: Track open burning, control biomass combustion sources, increase public alerts, and strengthen fine-particle monitoring.",2026-07-16 10:55:13,2026-07-16 04:00:00,499.2050731048237,448.6313433950735,499.2050731048237,500.0,Severe,493.77,Severe,Severe,5.4350731048237435,Stable,51.0,Moderate,Proxy derived from ground pollutants and meteorology; not direct satellite imagery,51.78,Moderate,85.84,Critical,78.97,High,70.0,High,1,1,0,Critical forecast hotspot,71.69,High,7,Usable,"Advanced intelligence layer combines real AQI, forecasted AQI, pollutant signals, meteorological dispersion, source attribution, and intervention scoring."
gujarat__bhavnagar__vidhyanagar_bhavnagar_nexteng_enviro,"Vidhyanagar, Bhavnagar - Nexteng Enviro",Bhavnagar,Gujarat,21.755417,72.139056,2026-07-16 05:00:00,28.0,50.0,49.0,7.0,80.0,19.0,4.0,500.0,Severe,CO,True,Valid AQI,30.8,70,0.0,5.5,85,81.88,Very high trapping,General urban / semi-urban proxy,Proxy from station/city naming,15,20,62.75,1.7857142857142858,0.56,0.6125,0.3877551020408163,27.8,22.53,17.84,46.57,31.64,Biomass / fine-particle combustion,46.57,31.64,14.93,37.08,Low confidence,PM2.5-heavy fine-particle pattern; CO and stagnant-weather influence; high weather trapping,Partially aligned,"Immediate intervention: Track open burning, control biomass combustion sources, increase public alerts, and strengthen fine-particle monitoring.",2026-07-16 10:55:13,2026-07-16 04:00:00,499.9996227569056,449.4258930471554,499.9996227569056,500.0,Severe,500.0,Severe,Severe,-0.00037724309441955484,Stable,32.07,Low,Proxy derived from ground pollutants and meteorology; not direct satellite imagery,81.32,Critical,73.49,High,79.72,High,68.64,High,1,1,0,Critical forecast hotspot,69.99,High,8,Usable,"Advanced intelligence layer combines real AQI, forecasted AQI, pollutant signals, meteorological dispersion, source attribution, and intervention scoring."
delhi__delhi__shadipur_delhi_cpcb,"Shadipur, Delhi - CPCB",Delhi,Delhi,28.6514781,77.1473105,2026-07-16 05:00:00,152.0,146.0,45.0,13.0,45.0,52.0,10.0,468.87,Severe,CO,True,Valid AQI,35.6,45,0.0,10.4,8,56.12,Moderate trapping,Dense urban proxy,Proxy from station/city naming,60,55,69.84,0.9605263157894736,1.0410958904109588,1.0,1.1555555555555554,56.01,27.27,44.07,48.86,53.94,Vehicular traffic,56.01,53.94,2.07,39.83,Low confidence,elevated NO2/CO signal; road-density or urban-pressure influence; traffic/commercial land-use proxy,Aligned,"Immediate intervention: Implement traffic flow control, reduce idling zones, strengthen public transport diversion, and prioritize roadside monitoring.",2026-07-16 10:55:13,2026-07-16 04:00:00,499.44935555555554,448.8756258458053,499.44935555555554,500.0,Severe,468.87,Severe,Severe,30.579355555555537,Increasing,57.0,Moderate,Proxy derived from ground pollutants and meteorology; not direct satellite imagery,38.96,Low,82.84,Critical,78.18,High,67.5,High,1,1,1,Critical forecast hotspot,69.33,High,9,Usable,"Advanced intelligence layer combines real AQI, forecasted AQI, pollutant signals, meteorological dispersion, source attribution, and intervention scoring."
bihar__patna__muradpur_patna_bspcb,"Muradpur, Patna - BSPCB",Patna,Bihar,25.619651,85.147382,2026-07-16 05:00:00,44.0,84.0,3.0,12.0,54.0,10.0,5.0,500.0,Severe,CO,True,Valid AQI,32.2,71,0.0,7.2,100,80.67,Very high trapping,Dense urban proxy,Proxy from station/city naming,60,55,82.98,1.9090909090909087,0.5238095238095238,0.0555555555555555,3.333333333333333,47.08,21.08,37.19,42.26,33.73,Vehicular traffic,47.08,42.26,4.82,34.4,Low confidence,elevated NO2/CO signal; road-density or urban-pressure influence; traffic/commercial land-use proxy,Aligned,"Immediate intervention: Implement traffic flow control, reduce idling zones, strengthen public transport diversion, and prioritize roadside monitoring.",2026-07-16 10:55:13,2026-07-16 04:00:00,498.7225361337761,448.14880642402585,498.7225361337761,500.0,Severe,500.0,Severe,Severe,-1.2774638662239113,Stable,28.39,Low,Proxy derived from ground pollutants and meteorology; not direct satellite imagery,79.67,High,75.33,High,78.26,High,67.69,High,1,1,0,Critical forecast hotspot,69.13,High,10,Usable,"Advanced intelligence layer combines real AQI, forecasted AQI, pollutant signals, meteorological dispersion, source attribution, and intervention scoring."
bihar__chhapra__darshan_nagar_chhapra_bspcb,"Darshan Nagar, Chhapra - BSPCB",Chhapra,Bihar,25.7808257,84.7446768,2026-07-16 05:00:00,72.0,111.0,2.0,21.0,85.0,3.0,11.0,500.0,Severe,CO,True,Valid AQI,32.4,68,0.0,11.5,100,71.79,High trapping,General urban / semi-urban proxy,Proxy from station/city naming,15,20,58.54,1.5416666666666667,0.6486486486486487,0.0235294117647058,1.5,16.82,20.74,26.82,48.96,24.69,Biomass / fine-particle combustion,48.96,26.82,22.14,40.91,Moderate confidence,PM2.5-heavy fine-particle pattern; CO and stagnant-weather influence; high weather trapping,Partially aligned,"Immediate intervention: Track open burning, control biomass combustion sources, increase public alerts, and strengthen fine-particle monitoring.",2026-07-16 10:55:13,2026-07-16 04:00:00,499.99923391155386,449.4255042018036,499.99923391155386,500.0,Severe,500.0,Severe,Severe,-0.0007660884461415662,Stable,38.92,Low,Proxy derived from ground pollutants and meteorology; not direct satellite imagery,65.14,High,76.49,High,78.39,High,67.28,High,1,1,0,Critical forecast hotspot,68.85,High,11,Usable,"Advanced intelligence layer combines real AQI, forecasted AQI, pollutant signals, meteorological dispersion, source attribution, and intervention scoring."
haryana__ambala__patti_mehar_ambala_hspcb,"Patti Mehar, Ambala - HSPCB",Ambala,Haryana,30.379589,76.778328,2026-07-16 05:00:00,99.0,135.0,6.0,39.0,54.0,37.0,8.0,500.0,Severe,CO,True,Valid AQI,33.5,59,0.0,6.7,14,68.57,High trapping,General urban / semi-urban proxy,Proxy from station/city naming,15,20,57.2,1.3636363636363635,0.7333333333333333,0.1111111111111111,6.166666666666667,11.82,23.9,27.0,46.7,35.71,Biomass / fine-particle combustion,46.7,35.71,10.99,35.99,Low confidence,PM2.5-heavy fine-particle pattern; CO and stagnant-weather influence; high weather trapping,Partially aligned,"Immediate intervention: Track open burning, control biomass combustion sources, increase public alerts, and strengthen fine-particle monitoring.",2026-07-16 10:55:13,2026-07-16 04:00:00,499.8574283559983,449.28369864624807,499.8574283559983,500.0,Severe,500.0,Severe,Severe,-0.1425716440016913,Stable,41.28,Moderate,Proxy derived from ground pollutants and meteorology; not direct satellite imagery,58.02,Moderate,78.46,High,77.61,High,66.68,High,1,1,0,Critical forecast hotspot,68.36,High,12,Usable,"Advanced intelligence layer combines real AQI, forecasted AQI, pollutant signals, meteorological dispersion, source attribution, and intervention scoring."
punjab__rupnagar__ratanpura_rupnagar_ambuja_cements,"Ratanpura, Rupnagar - Ambuja Cements",Rupnagar,Punjab,31.0325454,76.5623046,2026-07-16 05:00:00,106.0,68.0,27.0,12.0,50.0,,,500.0,Severe,CO,True,Valid AQI,33.9,57,0.0,2.7,4,74.07,High trapping,General urban / semi-urban proxy,Proxy from station/city naming,15,20,59.49,0.6415094339622641,1.5588235294117647,0.54,,16.38,16.38,16.99,54.94,0.0,Biomass / fine-particle combustion,54.94,16.99,37.95,49.84,Moderate confidence,PM2.5-heavy fine-particle pattern; CO and stagnant-weather influence; high weather trapping,Partially aligned,"Immediate intervention: Track open burning, control biomass combustion sources, increase public alerts, and strengthen fine-particle monitoring.",2026-07-16 10:55:13,2026-07-16 04:00:00,487.3468963782503,436.7731666685,487.3468963782503,500.0,Severe,500.0,Severe,Severe,-12.653103621749722,Stable,33.84,Low,Proxy derived from ground pollutants and meteorology; not direct satellite imagery,67.25,High,78.46,High,76.25,High,66.63,High,1,1,0,Critical forecast hotspot,68.18,High,13,Usable,"Advanced intelligence layer combines real AQI, forecasted AQI, pollutant signals, meteorological dispersion, source attribution, and intervention scoring."
bihar__bihar_sharif__d_m_colony_bihar_sharif_bspcb,"D M Colony, Bihar Sharif - BSPCB",Bihar Sharif,Bihar,25.204762,85.51496,2026-07-16 05:00:00,29.0,22.0,9.0,7.0,104.0,2.0,3.0,500.0,Severe,CO,True,Valid AQI,33.0,68,0.0,5.6,100,82.47,Very high trapping,General urban / semi-urban proxy,Proxy from station/city naming,15,20,62.99,0.7586206896551724,1.318181818181818,0.0865384615384615,0.2222222222222222,22.29,19.25,13.49,56.96,26.2,Biomass / fine-particle combustion,56.96,26.2,30.76,49.1,Moderate confidence,PM2.5-heavy fine-particle pattern; CO and stagnant-weather influence; high weather trapping,Partially aligned,"Immediate intervention: Track open burning, control biomass combustion sources, increase public alerts, and strengthen fine-particle monitoring.",2026-07-16 10:55:13,2026-07-16 04:00:00,499.9621589115538,449.3884292018036,499.9621589115538,500.0,Severe,500.0,Severe,Severe,-0.037841088446214144,Stable,22.74,Low,Proxy derived from ground pollutants and meteorology; not direct satellite imagery,83.15,Critical,72.13,High,77.5,High,66.07,High,1,1,0,Critical forecast hotspot,67.51,High,14,Usable,"Advanced intelligence layer combines real AQI, forecasted AQI, pollutant signals, meteorological dispersion, source attribution, and intervention scoring."
haryana__ballabgarh__nathu_colony_ballabgarh_hspcb,"Nathu Colony, Ballabgarh - HSPCB",Ballabgarh,Haryana,28.3419248,77.319699,2026-07-16 05:00:00,173.0,161.0,20.0,3.0,51.0,4.0,5.0,500.0,Severe,CO,True,Valid AQI,35.6,44,0.0,12.4,14,52.73,Moderate trapping,General urban / semi-urban proxy,Proxy from station/city naming,15,20,50.59,0.930635838150289,1.0745341614906831,0.392156862745098,0.2,14.79,11.84,31.81,51.19,35.5,Biomass / fine-particle combustion,51.19,35.5,15.69,40.54,Moderate confidence,PM2.5-heavy fine-particle pattern; CO and stagnant-weather influence,Partially aligned,"Immediate intervention: Track open burning, control biomass combustion sources, increase public alerts, and strengthen fine-particle monitoring.",2026-07-16 10:55:13,2026-07-16 04:00:00,486.4307297943184,435.8570000845682,486.4307297943184,500.0,Severe,500.0,Severe,Severe,-13.569270205681619,Stable,55.36,Moderate,Proxy derived from ground pollutants and meteorology; not direct satellite imagery,33.61,Low,83.62,Critical,75.41,High,65.5,High,1,1,0,Critical forecast hotspot,67.4,High,15,Usable,"Advanced intelligence layer combines real AQI, forecasted AQI, pollutant signals, meteorological dispersion, source attribution, and intervention scoring."
punjab__mandi_gobindgarh__rimt_university_mandi_gobindgarh_ppcb,"RIMT University, Mandi Gobindgarh - PPCB",Mandi Gobindgarh,Punjab,30.649961,76.331442,2026-07-16 05:00:00,93.0,117.0,24.0,26.0,50.0,39.0,5.0,500.0,Severe,CO,True,Valid AQI,33.5,60,0.1,5.7,21,65.19,High trapping,Industrial / mixed urban proxy,Proxy from station/city naming,35,30,64.31,1.2580645161290325,0.7948717948717948,0.48,1.625,23.57,44.95,27.47,35.12,39.06,Industrial combustion,44.95,39.06,5.89,33.23,Low confidence,SO2 and combustion-related pollutant influence; industrial land-use proxy,Aligned,"Immediate intervention: Increase industrial emission inspection, check stack compliance, enforce fuel-quality standards, and monitor nearby industrial clusters.",2026-07-16 10:55:13,2026-07-16 04:00:00,499.8770572440188,449.3033275342686,499.8770572440188,500.0,Severe,500.0,Severe,Severe,-0.12294275598122795,Stable,41.29,Moderate,Proxy derived from ground pollutants and meteorology; not direct satellite imagery,54.58,Moderate,78.01,High,76.93,High,65.66,High,1,1,0,Critical forecast hotspot,67.4,High,15,Usable,"Advanced intelligence layer combines real AQI, forecasted AQI, pollutant signals, meteorological dispersion, source attribution, and intervention scoring."
delhi__delhi__north_campus_du_delhi_iitm,"North Campus, DU, Delhi - IITM",Delhi,Delhi,28.6573814,77.1585447,2026-07-16 05:00:00,73.0,160.0,86.0,,82.0,24.0,,500.0,Severe,CO,True,Valid AQI,35.6,45,0.0,10.4,8,56.12,Moderate trapping,Dense urban proxy,Proxy from station/city naming,60,55,72.74,2.191780821917808,0.45625,1.048780487804878,0.2790697674418604,73.62,0.0,47.22,43.42,55.2,Vehicular traffic,73.62,55.2,18.42,57.06,Moderate confidence,elevated NO2/CO signal; road-density or urban-pressure influence; traffic/commercial land-use proxy,Aligned,"Immediate intervention: Implement traffic flow control, reduce idling zones, strengthen public transport diversion, and prioritize roadside monitoring.",2026-07-16 10:55:13,2026-07-16 04:00:00,499.9996769779674,449.4259472682172,499.9996769779674,500.0,Severe,500.0,Severe,Severe,-0.00032302203260314855,Stable,54.54,Moderate,Proxy derived from ground pollutants and meteorology; not direct satellite imagery,38.96,Low,77.16,High,77.49,High,65.1,High,1,1,0,Critical forecast hotspot,66.94,High,16,Usable,"Advanced intelligence layer combines real AQI, forecasted AQI, pollutant signals, meteorological dispersion, source attribution, and intervention scoring."
haryana__fatehabad__huda_sector_fatehabad_hspcb,"Huda Sector, Fatehabad - HSPCB",Fatehabad,Haryana,29.503664,75.467934,2026-07-16 05:00:00,139.0,153.0,19.0,70.0,48.0,31.0,14.0,487.55,Severe,CO,True,Valid AQI,36.0,45,0.0,10.6,20,56.96,Moderate trapping,Industrial / mixed urban proxy,Proxy from station/city naming,35,30,59.72,1.1007194244604317,0.9084967320261438,0.3958333333333333,1.631578947368421,21.91,60.92,35.87,37.26,43.03,Industrial combustion,60.92,43.03,17.89,48.01,Moderate confidence,SO2 and combustion-related pollutant influence; industrial land-use proxy,Aligned,"Immediate intervention: Increase industrial emission inspection, check stack compliance, enforce fuel-quality standards, and monitor nearby industrial clusters.",2026-07-16 10:55:13,2026-07-16 04:00:00,490.1712966693584,439.5975669596081,490.1712966693584,500.0,Severe,487.55,Severe,Severe,2.6212966693584008,Stable,50.52,Moderate,Proxy derived from ground pollutants and meteorology; not direct satellite imagery,40.8,Moderate,80.54,Critical,75.41,High,65.05,High,1,1,0,Critical forecast hotspot,66.86,High,17,Usable,"Advanced intelligence layer combines real AQI, forecasted AQI, pollutant signals, meteorological dispersion, source attribution, and intervention scoring."
bihar__rajgir__dangi_tola_rajgir_bspcb,"Dangi Tola, Rajgir - BSPCB",Rajgir,Bihar,25.0328,85.41948,2026-07-16 05:00:00,51.0,47.0,14.0,3.0,43.0,27.0,3.0,456.42,Severe,CO,True,Valid AQI,32.8,70,0.0,5.1,100,84.11,Very high trapping,General urban / semi-urban proxy,Proxy from station/city naming,15,20,59.62,0.9215686274509804,1.0851063829787233,0.3255813953488372,1.9285714285714288,11.71,9.66,16.18,46.28,30.12,Biomass / fine-particle combustion,46.28,30.12,16.16,37.24,Low confidence,PM2.5-heavy fine-particle pattern; CO and stagnant-weather influence; high weather trapping,Partially aligned,"Immediate intervention: Track open burning, control biomass combustion sources, increase public alerts, and strengthen fine-particle monitoring.",2026-07-16 10:55:13,2026-07-16 04:00:00,460.5568989166152,409.98316920686494,460.5568989166152,500.0,Severe,456.42,Severe,Severe,4.136898916615166,Stable,26.79,Low,Proxy derived from ground pollutants and meteorology; not direct satellite imagery,85.61,Critical,69.84,High,73.75,High,65.56,High,1,1,0,Critical forecast hotspot,66.59,High,18,Usable,"Advanced intelligence layer combines real AQI, forecasted AQI, pollutant signals, meteorological dispersion, source attribution, and intervention scoring."
uttar_pradesh__moradabad__transport_nagar_moradabad_uppcb,"Transport Nagar, Moradabad - UPPCB",Moradabad,Uttar Pradesh,28.802625,78.753728,2026-07-16 05:00:00,47.0,78.0,24.0,18.0,53.0,32.0,5.0,500.0,Severe,CO,True,Valid AQI,33.6,67,0.0,3.5,8,76.7,High trapping,General urban / semi-urban proxy,Proxy from station/city naming,15,20,60.59,1.6595744680851063,0.6025641025641025,0.4528301886792453,1.3333333333333333,16.2,18.64,19.79,42.8,37.72,Biomass / fine-particle combustion,42.8,37.72,5.08,31.48,Low confidence,PM2.5-heavy fine-particle pattern; CO and stagnant-weather influence; high weather trapping,Partially aligned,"Immediate intervention: Track open burning, control biomass combustion sources, increase public alerts, and strengthen fine-particle monitoring.",2026-07-16 10:55:13,2026-07-16 04:00:00,499.74792624407456,449.1741965343243,499.74792624407456,500.0,Severe,500.0,Severe,Severe,-0.2520737559254371,Stable,28.37,Low,Proxy derived from ground pollutants and meteorology; not direct satellite imagery,70.3,High,72.98,High,76.48,High,64.57,High,1,1,0,Critical forecast hotspot,66.18,High,19,Usable,"Advanced intelligence layer combines real AQI, forecasted AQI, pollutant signals, meteorological dispersion, source attribution, and intervention scoring."
haryana__bahadurgarh__arya_nagar_bahadurgarh_hspcb,"Arya Nagar, Bahadurgarh - HSPCB",Bahadurgarh,Haryana,28.6701,76.9254,2026-07-16 05:00:00,177.0,101.0,18.0,6.0,49.0,26.0,11.0,493.77,Severe,CO,True,Valid AQI,34.5,51,0.0,12.1,1,54.55,Moderate trapping,General urban / semi-urban proxy,Proxy from station/city naming,15,20,50.77,0.5706214689265536,1.7524752475247525,0.3673469387755102,1.4444444444444444,13.9,12.37,24.72,56.67,37.6,Biomass / fine-particle combustion,56.67,37.6,19.07,45.39,Moderate confidence,PM2.5-heavy fine-particle pattern; CO and stagnant-weather influence,Partially aligned,"Immediate intervention: Track open burning, control biomass combustion sources, increase public alerts, and strengthen fine-particle monitoring.",2026-07-16 10:55:13,2026-07-16 04:00:00,492.5773195920905,442.0035898823402,492.5773195920905,500.0,Severe,493.77,Severe,Severe,-1.1926804079095064,Stable,49.48,Moderate,Proxy derived from ground pollutants and meteorology; not direct satellite imagery,35.15,Low,83.07,Critical,74.37,High,64.16,High,1,1,0,Critical forecast hotspot,66.13,High,20,Usable,"Advanced intelligence layer combines real AQI, forecasted AQI, pollutant signals, meteorological dispersion, source attribution, and intervention scoring."
haryana__hisar__urban_estate_ii_hisar_hspcb,"Urban Estate-II, Hisar - HSPCB",Hisar,Haryana,29.14056,75.744941,2026-07-16 05:00:00,125.0,144.0,28.0,11.0,101.0,36.0,11.0,500.0,Severe,CO,True,Valid AQI,37.1,38,0.0,11.4,11,52.04,Moderate trapping,Industrial / mixed urban proxy,Proxy from station/city naming,35,30,58.82,1.152,0.8680555555555556,0.2772277227722772,1.2857142857142858,34.49,47.22,35.33,44.36,46.73,Industrial combustion,47.22,46.73,0.49,33.2,Low confidence,SO2 and combustion-related pollutant influence; industrial land-use proxy,Aligned,"Immediate intervention: Increase industrial emission inspection, check stack compliance, enforce fuel-quality standards, and monitor nearby industrial clusters.",2026-07-16 10:55:13,2026-07-16 04:00:00,499.537889822665,448.9641601129148,499.537889822665,500.0,Severe,500.0,Severe,Severe,-0.46211017733497783,Stable,53.09,Moderate,Proxy derived from ground pollutants and meteorology; not direct satellite imagery,33.25,Low,79.96,High,75.91,High,64.03,High,1,1,0,Critical forecast hotspot,66.01,High,21,Usable,"Advanced intelligence layer combines real AQI, forecasted AQI, pollutant signals, meteorological dispersion, source attribution, and intervention scoring."
delhi__delhi__wazirpur_delhi_dpcc,"Wazirpur, Delhi - DPCC",Delhi,Delhi,28.699793,77.165453,2026-07-16 05:00:00,100.0,228.0,39.0,9.0,42.0,16.0,6.0,450.19,Severe,CO,True,Valid AQI,35.8,44,0.0,10.0,7,56.38,Moderate trapping,Dense urban proxy,Proxy from station/city naming,60,55,68.21,2.28,0.4385964912280701,0.9285714285714286,0.4102564102564102,53.9,24.26,54.5,38.54,48.39,Construction / road dust,54.5,53.9,0.6,38.33,Low confidence,PM10-heavy particulate pattern; road dust / coarse-particle likelihood,Partially aligned,"Immediate intervention: Apply dust suppression, cover construction material, clean road dust, and enforce construction-site controls.",2026-07-16 10:55:13,2026-07-16 04:00:00,496.1728144579638,445.5990847482136,496.1728144579638,500.0,Severe,450.19,Severe,Severe,45.9828144579638,Increasing,52.92,Moderate,Proxy derived from ground pollutants and meteorology; not direct satellite imagery,39.51,Low,75.56,High,76.75,High,64.18,High,1,1,1,Critical forecast hotspot,66.01,High,21,Usable,"Advanced intelligence layer combines real AQI, forecasted AQI, pollutant signals, meteorological dispersion, source attribution, and intervention scoring."
uttar_pradesh__ghaziabad__vasundhara_ghaziabad_uppcb,"Vasundhara, Ghaziabad - UPPCB",Ghaziabad,Uttar Pradesh,28.6603346,77.3572563,2026-07-16 05:00:00,95.0,175.0,32.0,12.0,68.0,18.0,5.0,500.0,Severe,CO,True,Valid AQI,36.4,40,0.0,9.6,5,55.43,Moderate trapping,Dense urban proxy,Proxy from station/city naming,60,55,72.45,1.8421052631578947,0.5428571428571428,0.4705882352941176,0.5625,57.17,28.03,48.02,43.67,48.65,Vehicular traffic,57.17,48.65,8.52,42.58,Moderate confidence,elevated NO2/CO signal; road-density or urban-pressure influence; traffic/commercial land-use proxy,Aligned,"Immediate intervention: Implement traffic flow control, reduce idling zones, strengthen public transport diversion, and prioritize roadside monitoring.",2026-07-16 10:55:13,2026-07-16 04:00:00,499.9991231559984,449.4253934462481,499.9991231559984,500.0,Severe,500.0,Severe,Severe,-0.0008768440015956003,Stable,48.16,Moderate,Proxy derived from ground pollutants and meteorology; not direct satellite imagery,38.45,Low,78.01,High,75.62,High,63.41,High,1,1,0,Critical forecast hotspot,65.36,High,22,Usable,"Advanced intelligence layer combines real AQI, forecasted AQI, pollutant signals, meteorological dispersion, source attribution, and intervention scoring."
delhi__delhi__crri_mathura_road_delhi_iitm,"CRRI Mathura Road, Delhi - IITM",Delhi,Delhi,28.5512005,77.2735737,2026-07-16 05:00:00,80.0,190.0,55.0,,63.0,11.0,,500.0,Severe,CO,True,Valid AQI,35.7,43,0.0,10.7,5,54.54,Moderate trapping,Traffic / commercial proxy,Proxy from station/city naming,65,100,79.52,2.375,0.4210526315789473,0.873015873015873,0.2,74.66,0.0,60.19,29.75,50.6,Vehicular traffic,74.66,60.19,14.47,56.6,Moderate confidence,elevated NO2/CO signal; road-density or urban-pressure influence; traffic/commercial land-use proxy,Aligned,"Immediate intervention: Implement traffic flow control, reduce idling zones, strengthen public transport diversion, and prioritize roadside monitoring.",2026-07-16 10:55:13,2026-07-16 04:00:00,499.86131586685633,449.2875861571061,499.86131586685633,500.0,Severe,500.0,Severe,Severe,-0.1386841331436699,Stable,50.75,Moderate,Proxy derived from ground pollutants and meteorology; not direct satellite imagery,36.5,Low,77.24,High,75.94,High,63.4,High,1,1,0,Critical forecast hotspot,65.35,High,23,Usable,"Advanced intelligence layer combines real AQI, forecasted AQI, pollutant signals, meteorological dispersion, source attribution, and intervention scoring."
delhi__delhi__igi_airport_t3_delhi_iitm,"IGI Airport (T3), Delhi - IITM",Delhi,Delhi,28.5627763,77.1180053,2026-07-16 05:00:00,71.0,148.0,105.0,,59.0,36.0,,500.0,Severe,CO,True,Valid AQI,34.5,49,0.0,11.7,2,54.64,Moderate trapping,Dense urban proxy,Proxy from station/city naming,60,55,72.12,2.084507042253521,0.4797297297297297,1.7796610169491525,0.3428571428571428,73.98,0.0,46.37,38.24,58.21,Vehicular traffic,73.98,58.21,15.77,56.52,Moderate confidence,elevated NO2/CO signal; road-density or urban-pressure influence; traffic/commercial land-use proxy,Aligned,"Immediate intervention: Implement traffic flow control, reduce idling zones, strengthen public transport diversion, and prioritize roadside monitoring.",2026-07-16 10:55:13,2026-07-16 04:00:00,499.9332503113008,449.35952060155057,499.9332503113008,500.0,Severe,500.0,Severe,Severe,-0.06674968869918985,Stable,51.31,Moderate,Proxy derived from ground pollutants and meteorology; not direct satellite imagery,35.64,Low,75.88,High,75.93,High,62.93,High,1,1,0,Critical forecast hotspot,64.88,High,24,Usable,"Advanced intelligence layer combines real AQI, forecasted AQI, pollutant signals, meteorological dispersion, source attribution, and intervention scoring."
west_bengal__howrah__padmapukur_howrah_wbpcb,"Padmapukur, Howrah - WBPCB",Howrah,West Bengal,22.5687319,88.2797276,2026-07-16 05:00:00,30.0,37.0,30.0,6.0,57.0,19.0,7.0,500.0,Severe,CO,True,Valid AQI,30.1,78,0.0,11.4,96,75.24,High trapping,General urban / semi-urban proxy,Proxy from station/city naming,15,20,59.98,1.2333333333333334,0.8108108108108109,0.5263157894736842,0.6333333333333333,18.5,15.57,18.37,41.14,27.78,Biomass / fine-particle combustion,41.14,27.78,13.36,32.81,Low confidence,PM2.5-heavy fine-particle pattern; CO and stagnant-weather influence; high weather trapping,Partially aligned,"Immediate intervention: Track open burning, control biomass combustion sources, increase public alerts, and strengthen fine-particle monitoring.",2026-07-16 10:55:13,2026-07-16 04:00:00,499.80894193984346,449.2352122300932,499.80894193984346,500.0,Severe,500.0,Severe,Severe,-0.1910580601565357,Stable,26.21,Low,Proxy derived from ground pollutants and meteorology; not direct satellite imagery,69.3,High,70.76,High,75.69,High,63.04,High,1,1,0,Critical forecast hotspot,64.69,High,25,Usable,"Advanced intelligence layer combines real AQI, forecasted AQI, pollutant signals, meteorological dispersion, source attribution, and intervention scoring."
bihar__arrah__new_dm_office_arrah_bspcb,"New DM Office, Arrah - BSPCB",Arrah,Bihar,25.5626095,84.663264,2026-07-16 05:00:00,37.0,33.0,7.0,5.0,48.0,8.0,2.0,487.55,Severe,CO,True,Valid AQI,32.3,71,0.0,7.9,100,79.41,High trapping,General urban / semi-urban proxy,Proxy from station/city naming,15,20,60.56,0.8918918918918919,1.121212121212121,0.1458333333333333,1.1428571428571428,10.91,9.98,15.9,44.22,25.91,Biomass / fine-particle combustion,44.22,25.91,18.31,36.45,Low confidence,PM2.5-heavy fine-particle pattern; CO and stagnant-weather influence; high weather trapping,Partially aligned,"Immediate intervention: Track open burning, control biomass combustion sources, increase public alerts, and strengthen fine-particle monitoring.",2026-07-16 10:55:13,2026-07-16 04:00:00,491.06292845581874,440.4891987460685,491.06292845581874,500.0,Severe,487.55,Severe,Severe,3.5129284558187237,Stable,20.65,Low,Proxy derived from ground pollutants and meteorology; not direct satellite imagery,77.53,High,70.21,High,74.6,High,63.08,High,1,1,0,Critical forecast hotspot,64.59,High,26,Usable,"Advanced intelligence layer combines real AQI, forecasted AQI, pollutant signals, meteorological dispersion, source attribution, and intervention scoring."
delhi__delhi__jahangirpuri_delhi_dpcc,"Jahangirpuri, Delhi - DPCC",Delhi,Delhi,28.73282,77.170633,2026-07-16 05:00:00,116.0,209.0,29.0,13.0,41.0,6.0,4.0,443.96,Severe,CO,True,Valid AQI,35.5,45,0.0,9.9,3,56.53,Moderate trapping,Dense urban proxy,Proxy from station/city naming,60,55,67.69,1.8017241379310345,0.5550239234449761,0.7073170731707317,0.2068965517241379,51.16,23.98,51.77,40.95,45.53,Construction / road dust,51.77,51.16,0.61,36.42,Low confidence,PM10-heavy particulate pattern; road dust / coarse-particle likelihood,Partially aligned,"Immediate intervention: Apply dust suppression, cover construction material, clean road dust, and enforce construction-site controls.",2026-07-16 10:55:13,2026-07-16 04:00:00,473.8519263390205,423.2781966292703,473.8519263390205,500.0,Severe,443.96,Severe,Severe,29.89192633902053,Increasing,52.01,Moderate,Proxy derived from ground pollutants and meteorology; not direct satellite imagery,39.47,Low,75.2,High,73.41,High,62.88,High,1,1,1,Critical forecast hotspot,64.55,High,27,Usable,"Advanced intelligence layer combines real AQI, forecasted AQI, pollutant signals, meteorological dispersion, source attribution, and intervention scoring."
gujarat__ankleshwar__gidc_ankleshwar_gpcb,"GIDC, Ankleshwar - GPCB",Ankleshwar,Gujarat,21.613267,73.010555,2026-07-16 05:00:00,39.0,62.0,27.0,22.0,49.0,9.0,5.0,493.77,Severe,CO,True,Valid AQI,29.7,75,0.0,11.8,100,73.82,High trapping,General urban / semi-urban proxy,Proxy from station/city naming,15,20,58.81,1.5897435897435896,0.6290322580645161,0.5510204081632653,0.3333333333333333,16.18,20.12,21.72,38.77,25.28,Biomass / fine-particle combustion,38.77,25.28,13.49,31.19,Low confidence,PM2.5-heavy fine-particle pattern; CO and stagnant-weather influence; high weather trapping,Partially aligned,"Immediate intervention: Track open burning, control biomass combustion sources, increase public alerts, and strengthen fine-particle monitoring.",2026-07-16 10:55:13,2026-07-16 04:00:00,489.6757351058083,439.1020053960581,489.6757351058083,500.0,Severe,493.77,Severe,Severe,-4.094264894191667,Stable,28.69,Low,Proxy derived from ground pollutants and meteorology; not direct satellite imagery,67.5,High,70.75,High,74.81,High,62.91,High,1,1,0,Critical forecast hotspot,64.49,High,28,Usable,"Advanced intelligence layer combines real AQI, forecasted AQI, pollutant signals, meteorological dispersion, source attribution, and intervention scoring."
haryana__gurugram__vikas_sadan_gurugram_hspcb,"Vikas Sadan, Gurugram - HSPCB",Gurugram,Haryana,28.4501238,77.0263051,2026-07-16 05:00:00,331.0,212.0,6.0,1.0,26.0,8.0,,432.81,Severe,PM2.5,True,Valid AQI,35.2,45,0.0,14.1,6,49.23,Moderate trapping,Dense urban proxy,Proxy from station/city naming,60,55,63.61,0.6404833836858006,1.5613207547169812,0.2307692307692307,1.3333333333333333,42.4,13.23,52.45,65.37,42.35,Biomass / fine-particle combustion,65.37,52.45,12.92,49.64,Moderate confidence,PM2.5-heavy fine-particle pattern; CO and stagnant-weather influence,Partially aligned,"Immediate intervention: Track open burning, control biomass combustion sources, increase public alerts, and strengthen fine-particle monitoring.",2026-07-16 10:55:13,2026-07-16 04:00:00,426.7275716209715,376.15384191122126,426.7275716209715,477.30130133072174,Severe,432.81,Severe,Severe,-6.082428379028499,Stable,64.4,High,Proxy derived from ground pollutants and meteorology; not direct satellite imagery,27.26,Low,81.26,Critical,67.06,High,62.83,High,1,1,0,Critical forecast hotspot,64.17,High,29,Usable,"Advanced intelligence layer combines real AQI, forecasted AQI, pollutant signals, meteorological dispersion, source attribution, and intervention scoring."
bihar__hajipur__industrial_area_hajipur_bspcb,"Industrial Area, Hajipur - BSPCB",Hajipur,Bihar,25.697189,85.2459,2026-07-16 05:00:00,74.0,71.0,13.0,4.0,35.0,208.0,15.0,406.6,Severe,CO,True,Valid AQI,32.0,73,0.0,7.2,94,80.81,Very high trapping,Industrial / mixed urban proxy,Proxy from station/city naming,35,30,62.13,0.9594594594594594,1.0422535211267605,0.3714285714285714,16.0,17.86,32.35,25.29,35.55,58.49,Photochemical smog,58.49,35.55,22.94,47.82,Moderate confidence,O3 and temperature-related signal; urban photochemical formation likelihood,Partially aligned,"Immediate intervention: Control NOx and VOC sources, reduce peak-hour emissions, and issue ozone/smog exposure advisories.",2026-07-16 10:55:13,2026-07-16 04:00:00,408.44483298756825,357.871103277818,408.44483298756825,459.0185626973185,Severe,406.6,Severe,Severe,1.8448329875682248,Stable,35.69,Low,Proxy derived from ground pollutants and meteorology; not direct satellite imagery,79.38,High,66.74,High,67.87,High,63.4,High,1,1,0,Critical forecast hotspot,64.01,High,30,Usable,"Advanced intelligence layer combines real AQI, forecasted AQI, pollutant signals, meteorological dispersion, source attribution, and intervention scoring."
gujarat__ahmedabad__sac_isro_satellite_ahmedabad_iitm,"SAC ISRO Satellite, Ahmedabad - IITM",Ahmedabad,Gujarat,23.023389,72.515201,2026-07-16 05:00:00,47.0,59.0,26.0,5.0,96.0,16.0,3.0,500.0,Severe,CO,True,Valid AQI,31.6,62,0.0,9.0,39,68.01,High trapping,Dense urban proxy,Proxy from station/city naming,60,55,77.7,1.25531914893617,0.7966101694915254,0.2708333333333333,0.6153846153846154,61.08,28.37,34.43,49.14,39.79,Vehicular traffic,61.08,49.14,11.94,46.34,Moderate confidence,elevated NO2/CO signal; road-density or urban-pressure influence; traffic/commercial land-use proxy,Aligned,"Immediate intervention: Implement traffic flow control, reduce idling zones, strengthen public transport diversion, and prioritize roadside monitoring.",2026-07-16 10:55:13,2026-07-16 04:00:00,499.9991231559984,449.4253934462481,499.9991231559984,500.0,Severe,500.0,Severe,Severe,-0.0008768440015956003,Stable,30.89,Low,Proxy derived from ground pollutants and meteorology; not direct satellite imagery,57.51,Moderate,73.18,High,74.65,High,62.03,High,1,1,0,Critical forecast hotspot,63.85,High,31,Usable,"Advanced intelligence layer combines real AQI, forecasted AQI, pollutant signals, meteorological dispersion, source attribution, and intervention scoring."
west_bengal__kolkata__victoria_kolkata_wbpcb,"Victoria, Kolkata - WBPCB",Kolkata,West Bengal,22.5448082,88.3403691,2026-07-16 05:00:00,74.0,89.0,18.0,14.0,36.0,53.0,8.0,412.83,Severe,CO,True,Valid AQI,30.1,79,0.0,11.1,92,75.76,High trapping,Dense urban proxy,Proxy from station/city naming,60,55,72.82,1.2027027027027026,0.8314606741573034,0.5,2.9444444444444446,47.4,21.77,38.55,42.07,39.44,Vehicular traffic,47.4,42.07,5.33,34.78,Low confidence,elevated NO2/CO signal; road-density or urban-pressure influence; traffic/commercial land-use proxy,Aligned,"Immediate intervention: Implement traffic flow control, reduce idling zones, strengthen public transport diversion, and prioritize roadside monitoring.",2026-07-16 10:55:13,2026-07-16 04:00:00,426.6471963417782,376.073466632028,426.6471963417782,477.22092605152847,Severe,412.83,Severe,Severe,13.817196341778242,Stable,38.27,Low,Proxy derived from ground pollutants and meteorology; not direct satellite imagery,69.87,High,68.29,High,69.2,High,62.88,High,1,1,0,Critical forecast hotspot,63.78,High,32,Usable,"Advanced intelligence layer combines real AQI, forecasted AQI, pollutant signals, meteorological dispersion, source attribution, and intervention scoring."
himachal_pradesh__baddi__himuda_complex_phase_1_baddi_hppcb,"HIMUDA Complex Phase-1, Baddi - HPPCB",Baddi,Himachal Pradesh,30.943887,76.801991,2026-07-16 05:00:00,69.0,155.0,9.0,,53.0,,7.0,500.0,Severe,CO,True,Valid AQI,32.2,58,0.0,8.3,3,64.2,High trapping,Industrial / mixed urban proxy,Proxy from station/city naming,35,30,63.89,2.246376811594203,0.4451612903225806,0.1698113207547169,,20.34,0.0,36.57,29.78,0.0,Construction / road dust,36.57,29.78,6.79,27.64,Low confidence,PM10-heavy particulate pattern; road dust / coarse-particle likelihood,Partially aligned,"Immediate intervention: Apply dust suppression, cover construction material, clean road dust, and enforce construction-site controls.",2026-07-16 10:55:13,2026-07-16 04:00:00,499.9840318329243,449.41030212317406,499.9840318329243,500.0,Severe,500.0,Severe,Severe,-0.015968167075698148,Stable,35.85,Low,Proxy derived from ground pollutants and meteorology; not direct satellite imagery,50.42,Moderate,74.12,High,74.6,High,61.87,High,1,1,0,Critical forecast hotspot,63.76,High,33,Usable,"Advanced intelligence layer combines real AQI, forecasted AQI, pollutant signals, meteorological dispersion, source attribution, and intervention scoring."
delhi__delhi__pusa_delhi_dpcc,"Pusa, Delhi - DPCC",Delhi,Delhi,28.639652,77.146275,2026-07-16 05:00:00,69.0,190.0,52.0,10.0,46.0,4.0,13.0,475.09,Severe,CO,True,Valid AQI,35.6,45,0.0,10.4,8,56.12,Moderate trapping,Dense urban proxy,Proxy from station/city naming,60,55,70.42,2.753623188405797,0.3631578947368421,1.1304347826086956,0.0769230769230769,57.98,27.44,51.21,35.33,48.05,Vehicular traffic,57.98,51.21,6.77,42.62,Moderate confidence,elevated NO2/CO signal; road-density or urban-pressure influence; traffic/commercial land-use proxy,Aligned,"Immediate intervention: Implement traffic flow control, reduce idling zones, strengthen public transport diversion, and prioritize roadside monitoring.",2026-07-16 10:55:13,2026-07-16 04:00:00,499.9498569779674,449.3761272682172,499.9498569779674,500.0,Severe,475.09,Severe,Severe,24.85985697796741,Stable,46.34,Moderate,Proxy derived from ground pollutants and meteorology; not direct satellite imagery,38.96,Low,73.38,High,75.28,High,61.66,High,1,1,0,Critical forecast hotspot,63.61,High,34,Usable,"Advanced intelligence layer combines real AQI, forecasted AQI, pollutant signals, meteorological dispersion, source attribution, and intervention scoring."
delhi__delhi__ashok_vihar_delhi_dpcc,"Ashok Vihar, Delhi - DPCC",Delhi,Delhi,28.695381,77.181665,2026-07-16 05:00:00,85.0,174.0,25.0,12.0,51.0,5.0,5.0,500.0,Severe,CO,True,Valid AQI,35.5,45,0.0,9.9,3,56.53,Moderate trapping,Dense urban proxy,Proxy from station/city naming,60,55,72.91,2.047058823529412,0.4885057471264368,0.4901960784313725,0.2,52.09,24.37,48.32,39.12,44.88,Vehicular traffic,52.09,48.32,3.77,37.59,Low confidence,elevated NO2/CO signal; road-density or urban-pressure influence; traffic/commercial land-use proxy,Aligned,"Immediate intervention: Implement traffic flow control, reduce idling zones, strengthen public transport diversion, and prioritize roadside monitoring.",2026-07-16 10:55:13,2026-07-16 04:00:00,499.9991773770601,449.42544766730987,499.9991773770601,500.0,Severe,500.0,Severe,Severe,-0.0008226229398928808,Stable,42.66,Moderate,Proxy derived from ground pollutants and meteorology; not direct satellite imagery,39.47,Low,76.21,High,74.31,High,61.58,High,1,1,0,Critical forecast hotspot,63.59,High,35,Usable,"Advanced intelligence layer combines real AQI, forecasted AQI, pollutant signals, meteorological dispersion, source attribution, and intervention scoring."
haryana__sonipat__murthal_sonipat_hspcb,"Murthal, Sonipat - HSPCB",Sonipat,Haryana,29.0272,77.0621,2026-07-16 05:00:00,205.0,147.0,7.0,42.0,32.0,42.0,9.0,388.28,Very Poor,CO,True,Valid AQI,34.2,56,0.0,9.9,11,61.37,High trapping,General urban / semi-urban proxy,Proxy from station/city naming,15,20,43.79,0.7170731707317073,1.3945578231292517,0.21875,6.0,7.8,22.03,28.88,55.95,37.58,Biomass / fine-particle combustion,55.95,37.58,18.37,44.68,Moderate confidence,PM2.5-heavy fine-particle pattern; CO and stagnant-weather influence; high weather trapping,Partially aligned,"Immediate intervention: Track open burning, control biomass combustion sources, increase public alerts, and strengthen fine-particle monitoring.",2026-07-16 10:55:13,2026-07-16 04:00:00,383.9598244039336,333.3860946941833,383.9598244039336,434.5335541136838,Very Poor,388.28,Very Poor,Very Poor,-4.320175596066349,Stable,58.4,Moderate,Proxy derived from ground pollutants and meteorology; not direct satellite imagery,46.24,Moderate,74.98,High,64.39,High,62.74,High,1,1,0,Critical forecast hotspot,63.52,High,36,Usable,"Advanced intelligence layer combines real AQI, forecasted AQI, pollutant signals, meteorological dispersion, source attribution, and intervention scoring."
rajasthan__jaipur__riico_sitapura_jaipur_rspcb,"RIICO Sitapura, Jaipur - RSPCB",Jaipur,Rajasthan,26.786682,75.827928,2026-07-16 05:00:00,232.0,134.0,30.0,8.0,35.0,25.0,2.0,406.6,Severe,CO,True,Valid AQI,33.2,51,0.0,14.4,6,50.89,Moderate trapping,Dense urban proxy,Proxy from station/city naming,60,55,61.86,0.5775862068965517,1.7313432835820894,0.8571428571428571,0.8333333333333334,50.25,21.33,44.08,58.19,45.26,Biomass / fine-particle combustion,58.19,50.25,7.94,43.11,Moderate confidence,PM2.5-heavy fine-particle pattern; CO and stagnant-weather influence,Partially aligned,"Immediate intervention: Track open burning, control biomass combustion sources, increase public alerts, and strengthen fine-particle monitoring.",2026-07-16 10:55:13,2026-07-16 04:00:00,425.8336111448837,375.2598814351335,425.8336111448837,476.407340854634,Severe,406.6,Severe,Severe,19.233611144883696,Stable,61.49,High,Proxy derived from ground pollutants and meteorology; not direct satellite imagery,29.15,Low,79.54,High,67.1,High,62.12,High,1,1,0,Critical forecast hotspot,63.49,High,37,Usable,"Advanced intelligence layer combines real AQI, forecasted AQI, pollutant signals, meteorological dispersion, source attribution, and intervention scoring."
delhi__delhi__ihbas_dilshad_garden_delhi_cpcb,"IHBAS, Dilshad Garden, Delhi - CPCB",Delhi,Delhi,28.6811736,77.3025234,2026-07-16 05:00:00,104.0,128.0,19.0,16.0,74.0,21.0,6.0,500.0,Severe,CO,True,Valid AQI,36.2,41,0.0,10.2,4,54.61,Moderate trapping,Dense urban proxy,Proxy from station/city naming,60,55,72.11,1.2307692307692308,0.8125,0.2567567567567567,1.105263157894737,55.03,28.26,42.4,47.4,47.22,Vehicular traffic,55.03,47.4,7.63,40.81,Moderate confidence,elevated NO2/CO signal; road-density or urban-pressure influence; traffic/commercial land-use proxy,Aligned,"Immediate intervention: Implement traffic flow control, reduce idling zones, strengthen public transport diversion, and prioritize roadside monitoring.",2026-07-16 10:55:13,2026-07-16 04:00:00,499.9991773770601,449.42544766730987,499.9991773770601,500.0,Severe,500.0,Severe,Severe,-0.0008226229398928808,Stable,42.37,Moderate,Proxy derived from ground pollutants and meteorology; not direct satellite imagery,36.89,Low,77.58,High,73.71,High,61.24,High,1,1,0,Critical forecast hotspot,63.3,High,38,Usable,"Advanced intelligence layer combines real AQI, forecasted AQI, pollutant signals, meteorological dispersion, source attribution, and intervention scoring."
bihar__patna__govt_high_school_shikarpur_patna_bspcb,"Govt. High School Shikarpur, Patna - BSPCB",Patna,Bihar,25.592539,85.227158,2026-07-16 05:00:00,36.0,57.0,12.0,13.0,40.0,29.0,6.0,437.74,Severe,CO,True,Valid AQI,32.1,72,0.0,5.9,92,82.59,Very high trapping,Dense urban proxy,Proxy from station/city naming,60,55,77.99,1.5833333333333333,0.631578947368421,0.3,2.4166666666666665,46.65,20.95,33.25,40.25,37.84,Vehicular traffic,46.65,40.25,6.4,34.57,Low confidence,elevated NO2/CO signal; road-density or urban-pressure influence; traffic/commercial land-use proxy,Aligned,"Immediate intervention: Implement traffic flow control, reduce idling zones, strengthen public transport diversion, and prioritize roadside monitoring.",2026-07-16 10:55:13,2026-07-16 04:00:00,438.2015404814113,387.6278107716611,438.2015404814113,488.7752701911616,Severe,437.74,Severe,Severe,0.4615404814113049,Stable,24.78,Low,Proxy derived from ground pollutants and meteorology; not direct satellite imagery,82.47,Critical,66.6,High,69.52,High,62.29,High,1,1,0,Critical forecast hotspot,63.23,High,39,Usable,"Advanced intelligence layer combines real AQI, forecasted AQI, pollutant signals, meteorological dispersion, source attribution, and intervention scoring."
odisha__rourkela__raghunathpali_rourkela_ospcb,"Raghunathpali, Rourkela - OSPCB",Rourkela,Odisha,22.220833,84.809444,2026-07-16 05:00:00,33.0,155.0,15.0,6.0,43.0,8.0,2.0,456.42,Severe,CO,True,Valid AQI,29.2,82,0.1,8.6,63,72.23,High trapping,General urban / semi-urban proxy,Proxy from station/city naming,15,20,54.66,4.696969696969697,0.2129032258064516,0.3488372093023256,0.5333333333333333,11.97,10.99,31.96,34.28,22.32,Biomass / fine-particle combustion,34.28,31.96,2.32,24.69,Low confidence,PM2.5-heavy fine-particle pattern; CO and stagnant-weather influence; high weather trapping,Partially aligned,"Immediate intervention: Track open burning, control biomass combustion sources, increase public alerts, and strengthen fine-particle monitoring.",2026-07-16 10:55:13,2026-07-16 04:00:00,463.0408127454096,412.46708303565936,463.0408127454096,500.0,Severe,456.42,Severe,Severe,6.62081274540958,Stable,35.41,Low,Proxy derived from ground pollutants and meteorology; not direct satellite imagery,64.58,High,66.63,High,72.29,High,61.67,High,1,1,0,Critical forecast hotspot,62.98,High,40,Usable,"Advanced intelligence layer combines real AQI, forecasted AQI, pollutant signals, meteorological dispersion, source attribution, and intervention scoring."
uttar_pradesh__meerut__ganga_nagar_meerut_uppcb,"Ganga Nagar, Meerut - UPPCB",Meerut,Uttar Pradesh,28.999264,77.7590354,2026-07-16 05:00:00,69.0,139.0,33.0,27.0,47.0,28.0,10.0,481.32,Severe,CO,True,Valid AQI,34.0,59,0.0,8.7,4,63.95,High trapping,General urban / semi-urban proxy,Proxy from station/city naming,15,20,53.53,2.0144927536231885,0.4964028776978417,0.7021276595744681,0.8484848484848485,17.32,22.79,29.2,38.83,39.0,Photochemical smog,39.0,38.83,0.17,27.35,Low confidence,O3 and temperature-related signal; urban photochemical formation likelihood,Partially aligned,"Immediate intervention: Control NOx and VOC sources, reduce peak-hour emissions, and issue ozone/smog exposure advisories.",2026-07-16 10:55:13,2026-07-16 04:00:00,479.5153521535092,428.9416224437589,479.5153521535092,500.0,Severe,481.32,Severe,Severe,-1.8046478464908091,Stable,39.51,Low,Proxy derived from ground pollutants and meteorology; not direct satellite imagery,49.88,Moderate,71.43,High,72.8,High,61.15,High,1,1,0,Critical forecast hotspot,62.83,High,41,Usable,"Advanced intelligence layer combines real AQI, forecasted AQI, pollutant signals, meteorological dispersion, source attribution, and intervention scoring."
delhi__delhi__rohini_delhi_dpcc,"Rohini, Delhi - DPCC",Delhi,Delhi,28.732528,77.11992,2026-07-16 05:00:00,61.0,181.0,29.0,8.0,66.0,4.0,7.0,500.0,Severe,CO,True,Valid AQI,35.8,44,0.0,10.0,7,56.38,Moderate trapping,Dense urban proxy,Proxy from station/city naming,60,55,72.85,2.9672131147540983,0.3370165745856354,0.4393939393939394,0.1379310344827586,56.02,25.67,50.34,38.33,45.43,Vehicular traffic,56.02,50.34,5.68,40.92,Moderate confidence,elevated NO2/CO signal; road-density or urban-pressure influence; traffic/commercial land-use proxy,Aligned,"Immediate intervention: Implement traffic flow control, reduce idling zones, strengthen public transport diversion, and prioritize roadside monitoring.",2026-07-16 10:55:13,2026-07-16 04:00:00,499.9991773770601,449.42544766730987,499.9991773770601,500.0,Severe,500.0,Severe,Severe,-0.0008226229398928808,Stable,41.87,Moderate,Proxy derived from ground pollutants and meteorology; not direct satellite imagery,39.51,Low,73.75,High,74.1,High,60.63,High,1,1,0,Critical forecast hotspot,62.63,High,42,Usable,"Advanced intelligence layer combines real AQI, forecasted AQI, pollutant signals, meteorological dispersion, source attribution, and intervention scoring."
uttar_pradesh__lucknow__lalbagh_lucknow_cpcb,"Lalbagh, Lucknow - CPCB",Lucknow,Uttar Pradesh,26.8458805,80.9365541,2026-07-16 05:00:00,74.0,72.0,27.0,8.0,43.0,29.0,12.0,456.42,Severe,CO,True,Valid AQI,34.1,59,0.0,7.3,18,67.88,High trapping,Dense urban proxy,Proxy from station/city naming,60,55,73.59,0.972972972972973,1.0277777777777777,0.627906976744186,1.0740740740740742,51.04,21.99,34.69,43.74,45.99,Vehicular traffic,51.04,45.99,5.05,37.24,Low confidence,elevated NO2/CO signal; road-density or urban-pressure influence; traffic/commercial land-use proxy,Aligned,"Immediate intervention: Implement traffic flow control, reduce idling zones, strengthen public transport diversion, and prioritize roadside monitoring.",2026-07-16 10:55:13,2026-07-16 04:00:00,480.4212975853671,429.8475678756169,480.4212975853671,500.0,Severe,456.42,Severe,Severe,24.00129758536707,Stable,31.17,Low,Proxy derived from ground pollutants and meteorology; not direct satellite imagery,57.01,Moderate,71.35,High,72.03,High,60.65,High,1,1,0,Critical forecast hotspot,62.32,High,43,Usable,"Advanced intelligence layer combines real AQI, forecasted AQI, pollutant signals, meteorological dispersion, source attribution, and intervention scoring."
odisha__cuttack__cda_area_cuttack_ospcb,"CDA Area, Cuttack - OSPCB",Cuttack,Odisha,20.48891,85.84768,2026-07-16 05:00:00,57.0,78.0,30.0,13.0,55.0,47.0,8.0,500.0,Severe,CO,True,Valid AQI,25.8,95,0.1,23.1,100,54.47,Moderate trapping,Industrial / mixed urban proxy,Proxy from station/city naming,35,30,59.84,1.368421052631579,0.7307692307692307,0.5454545454545454,1.5666666666666669,26.07,41.64,31.28,25.18,27.2,Industrial combustion,41.64,31.28,10.36,32.26,Low confidence,SO2 and combustion-related pollutant influence; industrial land-use proxy,Aligned,"Immediate intervention: Increase industrial emission inspection, check stack compliance, enforce fuel-quality standards, and monitor nearby industrial clusters.",2026-07-16 10:55:13,2026-07-16 04:00:00,498.0704473243831,447.4967176146328,498.0704473243831,500.0,Severe,500.0,Severe,Severe,-1.9295526756168897,Stable,39.28,Low,Proxy derived from ground pollutants and meteorology; not direct satellite imagery,41.02,Moderate,71.9,High,73.51,High,59.68,Moderate,1,1,0,Critical forecast hotspot,61.68,High,44,Usable,"Advanced intelligence layer combines real AQI, forecasted AQI, pollutant signals, meteorological dispersion, source attribution, and intervention scoring."
andhra_pradesh__amaravati__secretariat_amaravati_appcb,"Secretariat, Amaravati - APPCB",Amaravati,Andhra Pradesh,16.5150833,80.5181667,2026-07-16 05:00:00,54.0,172.0,32.0,16.0,61.0,13.0,3.0,500.0,Severe,CO,True,Valid AQI,31.9,55,0.0,17.7,100,55.79,Moderate trapping,General urban / semi-urban proxy,Proxy from station/city naming,15,20,51.86,3.185185185185185,0.313953488372093,0.5245901639344263,0.40625,19.79,20.38,38.4,34.56,29.28,Construction / road dust,38.4,34.56,3.84,28.03,Low confidence,PM10-heavy particulate pattern; road dust / coarse-particle likelihood,Partially aligned,"Immediate intervention: Apply dust suppression, cover construction material, clean road dust, and enforce construction-site controls.",2026-07-16 10:55:13,2026-07-16 04:00:00,465.7394271929824,415.1656974832322,465.7394271929824,500.0,Severe,500.0,Severe,Severe,-34.26057280701758,Decreasing,45.83,Moderate,Proxy derived from ground pollutants and meteorology; not direct satellite imagery,40.15,Moderate,70.21,High,72.2,High,59.92,Moderate,1,1,0,Critical forecast hotspot,61.66,High,45,Usable,"Advanced intelligence layer combines real AQI, forecasted AQI, pollutant signals, meteorological dispersion, source attribution, and intervention scoring."
bihar__katihar__mirchaibari_katihar_bspcb,"Mirchaibari, Katihar - BSPCB",Katihar,Bihar,25.560083,87.553265,2026-07-16 05:00:00,9.0,10.0,2.0,22.0,90.0,27.0,1.0,500.0,Severe,CO,True,Valid AQI,31.8,74,0.0,11.5,100,73.99,High trapping,General urban / semi-urban proxy,Proxy from station/city naming,15,20,59.46,1.1111111111111112,0.9,0.0222222222222222,13.5,17.79,21.86,15.33,45.63,27.32,Biomass / fine-particle combustion,45.63,27.32,18.31,37.43,Low confidence,PM2.5-heavy fine-particle pattern; CO and stagnant-weather influence; high weather trapping,Partially aligned,"Immediate intervention: Track open burning, control biomass combustion sources, increase public alerts, and strengthen fine-particle monitoring.",2026-07-16 10:55:13,2026-07-16 04:00:00,498.9251144671094,448.3513847573592,498.9251144671094,500.0,Severe,500.0,Severe,Severe,-1.0748855328906188,Stable,19.86,Minimal,Proxy derived from ground pollutants and meteorology; not direct satellite imagery,67.94,High,67.51,High,73.58,High,59.89,Moderate,1,1,0,Critical forecast hotspot,61.64,High,46,Usable,"Advanced intelligence layer combines real AQI, forecasted AQI, pollutant signals, meteorological dispersion, source attribution, and intervention scoring."
uttar_pradesh__noida__sector_62_noida_iitm,"Sector - 62, Noida - IITM",Noida,Uttar Pradesh,28.6245479,77.3577104,2026-07-16 05:00:00,89.0,149.0,31.0,,48.0,21.0,,487.55,Severe,CO,True,Valid AQI,36.4,40,0.0,9.6,5,55.43,Moderate trapping,Industrial / mixed urban proxy,Proxy from station/city naming,70,65,76.18,1.6741573033707866,0.5973154362416108,0.6458333333333334,0.6774193548387096,43.26,0.0,48.68,29.54,50.77,Photochemical smog,50.77,48.68,2.09,36.17,Low confidence,O3 and temperature-related signal; urban photochemical formation likelihood,Partially aligned,"Immediate intervention: Control NOx and VOC sources, reduce peak-hour emissions, and issue ozone/smog exposure advisories.",2026-07-16 10:55:13,2026-07-16 04:00:00,472.4714018718767,421.8976721621264,472.4714018718767,500.0,Severe,487.55,Severe,Severe,-15.078598128123303,Stable,41.74,Moderate,Proxy derived from ground pollutants and meteorology; not direct satellite imagery,38.45,Low,74.15,High,70.78,High,59.52,Moderate,1,1,0,Critical forecast hotspot,61.38,High,47,Usable,"Advanced intelligence layer combines real AQI, forecasted AQI, pollutant signals, meteorological dispersion, source attribution, and intervention scoring."
assam__guwahati__lgbi_airport_guwahati_pcba,"LGBI Airport, Guwahati - PCBA",Guwahati,Assam,26.10887,91.589544,2026-07-16 05:00:00,46.0,36.0,15.0,11.0,35.0,35.0,4.0,406.6,Severe,CO,True,Valid AQI,29.3,86,0.1,3.3,84,85.4,Very high trapping,General urban / semi-urban proxy,Proxy from station/city naming,15,20,55.52,0.782608695652174,1.2777777777777777,0.4285714285714285,2.333333333333333,10.42,11.77,11.49,46.33,25.22,Biomass / fine-particle combustion,46.33,25.22,21.11,38.76,Low confidence,PM2.5-heavy fine-particle pattern; CO and stagnant-weather influence; high weather trapping,Partially aligned,"Immediate intervention: Track open burning, control biomass combustion sources, increase public alerts, and strengthen fine-particle monitoring.",2026-07-16 10:55:13,2026-07-16 04:00:00,401.7788500183151,351.20512030856486,401.7788500183151,452.3525797280653,Severe,406.6,Severe,Severe,-4.8211499816849255,Stable,25.09,Low,Proxy derived from ground pollutants and meteorology; not direct satellite imagery,86.92,Critical,62.16,High,65.75,High,60.78,High,1,1,0,Critical forecast hotspot,61.34,High,48,Usable,"Advanced intelligence layer combines real AQI, forecasted AQI, pollutant signals, meteorological dispersion, source attribution, and intervention scoring."
uttar_pradesh__ghaziabad__indirapuram_ghaziabad_uppcb,"Indirapuram, Ghaziabad - UPPCB",Ghaziabad,Uttar Pradesh,28.646233,77.358075,2026-07-16 05:00:00,73.0,173.0,38.0,17.0,46.0,17.0,10.0,475.09,Severe,CO,True,Valid AQI,36.4,40,0.0,9.6,5,55.43,Moderate trapping,Dense urban proxy,Proxy from station/city naming,60,55,70.13,2.3698630136986303,0.4219653179190751,0.8260869565217391,0.4473684210526316,54.42,27.79,48.5,36.19,49.27,Vehicular traffic,54.42,49.27,5.15,39.64,Low confidence,elevated NO2/CO signal; road-density or urban-pressure influence; traffic/commercial land-use proxy,Aligned,"Immediate intervention: Implement traffic flow control, reduce idling zones, strengthen public transport diversion, and prioritize roadside monitoring.",2026-07-16 10:55:13,2026-07-16 04:00:00,482.94121880434494,432.3674890945947,482.94121880434494,500.0,Severe,475.09,Severe,Severe,7.851218804344967,Stable,42.79,Moderate,Proxy derived from ground pollutants and meteorology; not direct satellite imagery,38.45,Low,72.05,High,71.84,High,59.42,Moderate,1,1,0,Critical forecast hotspot,61.29,High,49,Usable,"Advanced intelligence layer combines real AQI, forecasted AQI, pollutant signals, meteorological dispersion, source attribution, and intervention scoring."
delhi__delhi__burari_crossing_delhi_iitm,"Burari Crossing, Delhi - IITM",Delhi,Delhi,28.7256504,77.2011573,2026-07-16 05:00:00,71.0,136.0,18.0,,53.0,29.0,,500.0,Severe,CO,True,Valid AQI,35.5,45,0.0,9.9,3,56.53,Moderate trapping,Traffic / commercial proxy,Proxy from station/city naming,65,85,78.48,1.9154929577464788,0.5220588235294118,0.3396226415094339,1.6111111111111112,59.56,0.0,50.57,28.27,48.29,Vehicular traffic,59.56,50.57,8.99,44.39,Moderate confidence,elevated NO2/CO signal; road-density or urban-pressure influence; traffic/commercial land-use proxy,Aligned,"Immediate intervention: Implement traffic flow control, reduce idling zones, strengthen public transport diversion, and prioritize roadside monitoring.",2026-07-16 10:55:13,2026-07-16 04:00:00,499.9991773770601,449.42544766730987,499.9991773770601,500.0,Severe,500.0,Severe,Severe,-0.0008226229398928808,Stable,36.28,Low,Proxy derived from ground pollutants and meteorology; not direct satellite imagery,39.47,Low,74.12,High,72.54,High,59.15,Moderate,1,1,0,Critical forecast hotspot,61.24,High,50,Usable,"Advanced intelligence layer combines real AQI, forecasted AQI, pollutant signals, meteorological dispersion, source attribution, and intervention scoring."
delhi__delhi__nsit_dwarka_delhi_cpcb,"NSIT Dwarka, Delhi - CPCB",Delhi,Delhi,28.60909,77.0325413,2026-07-16 05:00:00,101.0,74.0,39.0,,46.0,33.0,7.0,475.09,Severe,CO,True,Valid AQI,35.4,45,0.0,10.6,5,55.46,Moderate trapping,Dense urban proxy,Proxy from station/city naming,60,55,70.15,0.7326732673267327,1.364864864864865,0.8478260869565217,0.8461538461538461,54.68,0.0,36.08,45.78,50.39,Vehicular traffic,54.68,50.39,4.29,39.56,Low confidence,elevated NO2/CO signal; road-density or urban-pressure influence; traffic/commercial land-use proxy,Aligned,"Immediate intervention: Implement traffic flow control, reduce idling zones, strengthen public transport diversion, and prioritize roadside monitoring.",2026-07-16 10:55:13,2026-07-16 04:00:00,499.4592129984306,448.8854832886804,499.4592129984306,500.0,Severe,475.09,Severe,Severe,24.369212998430612,Stable,36.79,Low,Proxy derived from ground pollutants and meteorology; not direct satellite imagery,37.74,Low,74.49,High,72.33,High,58.95,Moderate,1,1,0,Critical forecast hotspot,61.07,High,51,Usable,"Advanced intelligence layer combines real AQI, forecasted AQI, pollutant signals, meteorological dispersion, source attribution, and intervention scoring."
uttar_pradesh__meerut__jai_bhim_nagar_meerut_uppcb,"Jai Bhim Nagar, Meerut - UPPCB",Meerut,Uttar Pradesh,28.9535882,77.7622941,2026-07-16 05:00:00,44.0,123.0,21.0,4.0,64.0,11.0,6.0,500.0,Severe,CO,True,Valid AQI,33.8,61,0.0,9.2,2,63.58,High trapping,General urban / semi-urban proxy,Proxy from station/city naming,15,20,55.11,2.7954545454545454,0.3577235772357723,0.328125,0.5238095238095238,17.57,14.29,28.74,38.27,34.92,Biomass / fine-particle combustion,38.27,34.92,3.35,27.79,Low confidence,PM2.5-heavy fine-particle pattern; CO and stagnant-weather influence; high weather trapping,Partially aligned,"Immediate intervention: Track open burning, control biomass combustion sources, increase public alerts, and strengthen fine-particle monitoring.",2026-07-16 10:55:13,2026-07-16 04:00:00,499.9991231559984,449.4253934462481,499.9991231559984,500.0,Severe,500.0,Severe,Severe,-0.0008768440015956003,Stable,31.83,Low,Proxy derived from ground pollutants and meteorology; not direct satellite imagery,48.88,Moderate,70.04,High,73.19,High,59.11,Moderate,1,1,0,Critical forecast hotspot,61.06,High,52,Usable,"Advanced intelligence layer combines real AQI, forecasted AQI, pollutant signals, meteorological dispersion, source attribution, and intervention scoring."
uttar_pradesh__ghaziabad__loni_ghaziabad_uppcb,"Loni, Ghaziabad - UPPCB",Ghaziabad,Uttar Pradesh,28.757294,77.278792,2026-07-16 05:00:00,76.0,207.0,37.0,21.0,43.0,18.0,5.0,456.42,Severe,CO,True,Valid AQI,36.0,42,0.0,10.3,6,55.0,Moderate trapping,Dense urban proxy,Proxy from station/city naming,60,55,68.21,2.723684210526316,0.3671497584541063,0.8604651162790697,0.4864864864864865,53.58,28.74,52.96,35.26,48.73,Vehicular traffic,53.58,52.96,0.62,37.69,Low confidence,elevated NO2/CO signal; road-density or urban-pressure influence; traffic/commercial land-use proxy,Aligned,"Immediate intervention: Implement traffic flow control, reduce idling zones, strengthen public transport diversion, and prioritize roadside monitoring.",2026-07-16 10:55:13,2026-07-16 04:00:00,465.9679110703988,415.3941813606485,465.9679110703988,500.0,Severe,456.42,Severe,Severe,9.547911070398811,Stable,47.41,Moderate,Proxy derived from ground pollutants and meteorology; not direct satellite imagery,37.46,Low,70.67,High,70.61,High,59.36,Moderate,1,1,0,Critical forecast hotspot,61.05,High,53,Usable,"Advanced intelligence layer combines real AQI, forecasted AQI, pollutant signals, meteorological dispersion, source attribution, and intervention scoring."
uttar_pradesh__ghaziabad__sanjay_nagar_ghaziabad_uppcb,"Sanjay Nagar, Ghaziabad - UPPCB",Ghaziabad,Uttar Pradesh,28.685382,77.453839,2026-07-16 05:00:00,79.0,185.0,47.0,15.0,34.0,10.0,15.0,400.0,Very Poor,CO,True,Valid AQI,34.4,53,0.0,9.6,4,60.11,High trapping,Dense urban proxy,Proxy from station/city naming,60,55,65.09,2.3417721518987342,0.427027027027027,1.3823529411764706,0.2127659574468085,54.38,26.79,49.76,35.7,46.93,Vehicular traffic,54.38,49.76,4.62,39.45,Low confidence,elevated NO2/CO signal; road-density or urban-pressure influence; traffic/commercial land-use proxy,Aligned,"Immediate intervention: Implement traffic flow control, reduce idling zones, strengthen public transport diversion, and prioritize roadside monitoring.",2026-07-16 10:55:13,2026-07-16 04:00:00,458.8144457142855,408.2407160045352,458.8144457142855,500.0,Severe,400.0,Very Poor,Severe,58.81444571428551,Increasing,46.18,Moderate,Proxy derived from ground pollutants and meteorology; not direct satellite imagery,44.32,Moderate,67.16,High,70.8,High,59.49,Moderate,1,1,1,Critical forecast hotspot,61.0,High,54,Usable,"Advanced intelligence layer combines real AQI, forecasted AQI, pollutant signals, meteorological dispersion, source attribution, and intervention scoring."
bihar__patna__drm_office_danapur_patna_bspcb,"DRM Office Danapur, Patna - BSPCB",Patna,Bihar,25.586562,85.043586,2026-07-16 05:00:00,44.0,80.0,32.0,6.0,36.0,12.0,9.0,412.83,Severe,CO,True,Valid AQI,32.7,69,0.0,8.6,86,76.0,High trapping,Dense urban proxy,Proxy from station/city naming,60,55,72.92,1.818181818181818,0.55,0.8888888888888888,0.375,50.95,21.04,37.27,37.47,39.04,Vehicular traffic,50.95,39.04,11.91,39.24,Low confidence,elevated NO2/CO signal; road-density or urban-pressure influence; traffic/commercial land-use proxy,Aligned,"Immediate intervention: Implement traffic flow control, reduce idling zones, strengthen public transport diversion, and prioritize roadside monitoring.",2026-07-16 10:55:13,2026-07-16 04:00:00,429.1637315458931,378.5900018361429,429.1637315458931,479.7374612556433,Severe,412.83,Severe,Severe,16.3337315458931,Stable,30.26,Low,Proxy derived from ground pollutants and meteorology; not direct satellite imagery,71.6,High,64.31,High,67.68,High,59.97,Moderate,1,1,0,Critical forecast hotspot,60.96,High,55,Usable,"Advanced intelligence layer combines real AQI, forecasted AQI, pollutant signals, meteorological dispersion, source attribution, and intervention scoring."
delhi__delhi__sonia_vihar_delhi_dpcc,"Sonia Vihar, Delhi - DPCC",Delhi,Delhi,28.710508,77.249485,2026-07-16 05:00:00,75.0,159.0,9.0,4.0,57.0,8.0,14.0,500.0,Severe,CO,True,Valid AQI,36.0,42,0.0,10.3,6,55.0,Moderate trapping,Dense urban proxy,Proxy from station/city naming,60,55,72.27,2.12,0.4716981132075472,0.1578947368421052,0.8888888888888888,49.18,19.42,46.97,38.63,43.76,Vehicular traffic,49.18,46.97,2.21,35.09,Low confidence,elevated NO2/CO signal; road-density or urban-pressure influence; traffic/commercial land-use proxy,Aligned,"Immediate intervention: Implement traffic flow control, reduce idling zones, strengthen public transport diversion, and prioritize roadside monitoring.",2026-07-16 10:55:13,2026-07-16 04:00:00,499.94379959928233,449.3700698895321,499.94379959928233,500.0,Severe,500.0,Severe,Severe,-0.05620040071767107,Stable,37.04,Low,Proxy derived from ground pollutants and meteorology; not direct satellite imagery,37.46,Low,73.89,High,72.35,High,58.77,Moderate,1,1,0,Critical forecast hotspot,60.88,High,56,Usable,"Advanced intelligence layer combines real AQI, forecasted AQI, pollutant signals, meteorological dispersion, source attribution, and intervention scoring."
chandigarh__chandigarh__sector_53_chandigarh_cpcc,"Sector-53, Chandigarh - CPCC",Chandigarh,Chandigarh,30.719859,76.738637,2026-07-16 05:00:00,37.0,39.0,30.0,3.0,48.0,11.0,21.0,487.55,Severe,CO,True,Valid AQI,32.8,63,0.0,4.0,13,74.82,High trapping,Industrial / mixed urban proxy,Proxy from station/city naming,35,30,67.17,1.054054054054054,0.9487179487179488,0.625,0.3666666666666666,24.71,36.73,20.51,32.7,37.88,Photochemical smog,37.88,36.73,1.15,26.86,Low confidence,O3 and temperature-related signal; urban photochemical formation likelihood,Partially aligned,"Immediate intervention: Control NOx and VOC sources, reduce peak-hour emissions, and issue ozone/smog exposure advisories.",2026-07-16 10:55:13,2026-07-16 04:00:00,465.22475701031374,414.6510273005635,465.22475701031374,500.0,Severe,487.55,Severe,Severe,-22.325242989686274,Stable,20.58,Low,Proxy derived from ground pollutants and meteorology; not direct satellite imagery,67.92,High,68.0,High,70.15,High,59.14,Moderate,1,1,0,Critical forecast hotspot,60.69,High,57,Usable,"Advanced intelligence layer combines real AQI, forecasted AQI, pollutant signals, meteorological dispersion, source attribution, and intervention scoring."
bihar__purnia__mariam_nagar_purnia_bspcb,"Mariam Nagar, Purnia - BSPCB",Purnia,Bihar,25.366336,87.117468,2026-07-16 05:00:00,57.0,45.0,6.0,16.0,56.0,21.0,2.0,500.0,Severe,CO,True,Valid AQI,32.2,71,0.0,12.3,48,66.24,High trapping,General urban / semi-urban proxy,Proxy from station/city naming,15,20,56.22,0.7894736842105263,1.2666666666666666,0.1071428571428571,3.5,12.21,15.25,19.05,44.66,30.09,Biomass / fine-particle combustion,44.66,30.09,14.57,35.63,Low confidence,PM2.5-heavy fine-particle pattern; CO and stagnant-weather influence; high weather trapping,Partially aligned,"Immediate intervention: Track open burning, control biomass combustion sources, increase public alerts, and strengthen fine-particle monitoring.",2026-07-16 10:55:13,2026-07-16 04:00:00,499.99923391155386,449.4255042018036,499.99923391155386,500.0,Severe,500.0,Severe,Severe,-0.0007660884461415662,Stable,24.6,Low,Proxy derived from ground pollutants and meteorology; not direct satellite imagery,53.48,Moderate,70.67,High,72.11,High,58.45,Moderate,1,1,0,Critical forecast hotspot,60.43,High,58,Usable,"Advanced intelligence layer combines real AQI, forecasted AQI, pollutant signals, meteorological dispersion, source attribution, and intervention scoring."
gujarat__rajkot__mavdi_rajkot_nexteng_enviro,"Mavdi, Rajkot - Nexteng Enviro",Rajkot,Gujarat,22.248853,70.776774,2026-07-16 05:00:00,37.0,43.0,65.0,10.0,90.0,10.0,1.0,500.0,Severe,CO,True,Valid AQI,31.5,61,0.0,12.5,38,61.2,High trapping,General urban / semi-urban proxy,Proxy from station/city naming,15,20,54.12,1.162162162162162,0.8604651162790697,0.7222222222222222,0.1538461538461538,33.81,27.87,19.42,44.88,35.64,Biomass / fine-particle combustion,44.88,35.64,9.24,34.19,Low confidence,PM2.5-heavy fine-particle pattern; CO and stagnant-weather influence; high weather trapping,Partially aligned,"Immediate intervention: Track open burning, control biomass combustion sources, increase public alerts, and strengthen fine-particle monitoring.",2026-07-16 10:55:13,2026-07-16 04:00:00,499.9996227569056,449.4258930471554,499.9996227569056,500.0,Severe,500.0,Severe,Severe,-0.00037724309441955484,Stable,32.75,Low,Proxy derived from ground pollutants and meteorology; not direct satellite imagery,46.15,Moderate,69.09,High,72.9,High,58.38,Moderate,1,1,0,Critical forecast hotspot,60.37,High,59,Usable,"Advanced intelligence layer combines real AQI, forecasted AQI, pollutant signals, meteorological dispersion, source attribution, and intervention scoring."
uttar_pradesh__moradabad__jigar_colony_moradabad_uppcb,"Jigar Colony, Moradabad - UPPCB",Moradabad,Uttar Pradesh,28.856664,78.772638,2026-07-16 05:00:00,42.0,87.0,25.0,38.0,40.0,20.0,6.0,437.74,Severe,CO,True,Valid AQI,33.8,66,0.0,3.1,11,77.36,High trapping,General urban / semi-urban proxy,Proxy from station/city naming,15,20,55.07,2.071428571428572,0.4827586206896552,0.625,0.8,13.93,24.69,21.13,39.14,36.25,Biomass / fine-particle combustion,39.14,36.25,2.89,28.26,Low confidence,PM2.5-heavy fine-particle pattern; CO and stagnant-weather influence; high weather trapping,Partially aligned,"Immediate intervention: Track open burning, control biomass combustion sources, increase public alerts, and strengthen fine-particle monitoring.",2026-07-16 10:55:13,2026-07-16 04:00:00,437.79872531817216,387.2249956084219,437.79872531817216,488.3724550279224,Severe,437.74,Severe,Severe,0.058725318172150764,Stable,26.6,Low,Proxy derived from ground pollutants and meteorology; not direct satellite imagery,71.67,High,64.15,High,67.81,High,59.24,Moderate,1,1,0,Critical forecast hotspot,60.34,High,60,Usable,"Advanced intelligence layer combines real AQI, forecasted AQI, pollutant signals, meteorological dispersion, source attribution, and intervention scoring."
haryana__faridabad__sector_30_faridabad_hspcb,"Sector 30, Faridabad - HSPCB",Faridabad,Haryana,28.4417,77.3217,2026-07-16 05:00:00,85.0,117.0,38.0,3.0,50.0,12.0,11.0,500.0,Severe,CO,True,Valid AQI,35.4,45,0.0,12.0,12,53.63,Moderate trapping,Industrial / mixed urban proxy,Proxy from station/city naming,70,65,76.59,1.376470588235294,0.7264957264957265,0.76,0.3157894736842105,45.43,44.74,45.91,29.45,48.76,Photochemical smog,48.76,45.91,2.85,34.99,Low confidence,O3 and temperature-related signal; urban photochemical formation likelihood,Partially aligned,"Immediate intervention: Control NOx and VOC sources, reduce peak-hour emissions, and issue ozone/smog exposure advisories.",2026-07-16 10:55:13,2026-07-16 04:00:00,484.7534285474855,434.17969883773526,484.7534285474855,500.0,Severe,500.0,Severe,Severe,-15.246571452514502,Stable,38.58,Low,Proxy derived from ground pollutants and meteorology; not direct satellite imagery,34.9,Low,74.29,High,70.88,High,58.25,Moderate,1,1,0,Critical forecast hotspot,60.31,High,61,Usable,"Advanced intelligence layer combines real AQI, forecasted AQI, pollutant signals, meteorological dispersion, source attribution, and intervention scoring."
karnataka__bengaluru__city_railway_station_bengaluru_kspcb,"City Railway Station, Bengaluru - KSPCB",Bengaluru,Karnataka,12.9756843,77.5660749,2026-07-16 05:00:00,,115.0,34.0,10.0,53.0,,,500.0,Severe,CO,True,Valid AQI,27.5,47,0.0,12.5,97,61.96,High trapping,Traffic / commercial proxy,Proxy from station/city naming,65,100,82.62,,,0.6415094339622641,,67.38,26.32,0.0,0.0,0.0,Vehicular traffic,67.38,26.32,41.06,59.48,Moderate confidence,elevated NO2/CO signal; road-density or urban-pressure influence; traffic/commercial land-use proxy,Aligned,"Immediate intervention: Implement traffic flow control, reduce idling zones, strengthen public transport diversion, and prioritize roadside monitoring.",2026-07-16 10:55:13,2026-07-16 04:00:00,493.0612531057588,442.48752339600856,493.0612531057588,500.0,Severe,500.0,Severe,Severe,-6.938746894241206,Stable,29.13,Low,Proxy derived from ground pollutants and meteorology; not direct satellite imagery,51.67,Moderate,68.27,High,72.37,High,58.35,Moderate,1,1,0,Critical forecast hotspot,60.25,High,62,Usable,"Advanced intelligence layer combines real AQI, forecasted AQI, pollutant signals, meteorological dispersion, source attribution, and intervention scoring."
punjab__jalandhar__civil_line_jalandhar_ppcb,"Civil Line, Jalandhar - PPCB",Jalandhar,Punjab,31.321907,75.578914,2026-07-16 05:00:00,46.0,77.0,32.0,14.0,41.0,45.0,4.0,443.96,Severe,CO,True,Valid AQI,33.6,57,0.0,2.7,1,73.77,High trapping,General urban / semi-urban proxy,Proxy from station/city naming,15,20,54.15,1.673913043478261,0.5974025974025974,0.7804878048780488,1.40625,15.9,16.69,19.34,39.78,40.92,Photochemical smog,40.92,39.78,1.14,28.99,Low confidence,O3 and temperature-related signal; urban photochemical formation likelihood,Partially aligned,"Immediate intervention: Control NOx and VOC sources, reduce peak-hour emissions, and issue ozone/smog exposure advisories.",2026-07-16 10:55:13,2026-07-16 04:00:00,447.9628141981621,397.3890844884118,447.9628141981621,498.5365439079123,Severe,443.96,Severe,Severe,4.0028141981621275,Stable,27.9,Low,Proxy derived from ground pollutants and meteorology; not direct satellite imagery,66.64,High,65.03,High,68.57,High,58.99,Moderate,1,1,0,Critical forecast hotspot,60.25,High,62,Usable,"Advanced intelligence layer combines real AQI, forecasted AQI, pollutant signals, meteorological dispersion, source attribution, and intervention scoring."
delhi__delhi__jawaharlal_nehru_stadium_delhi_dpcc,"Jawaharlal Nehru Stadium, Delhi - DPCC",Delhi,Delhi,28.58028,77.233829,2026-07-16 05:00:00,64.0,153.0,28.0,11.0,54.0,14.0,15.0,500.0,Severe,CO,True,Valid AQI,35.3,45,0.0,11.3,3,53.99,Moderate trapping,Dense urban proxy,Proxy from station/city naming,60,55,71.85,2.390625,0.4183006535947712,0.5185185185185185,0.5,53.43,24.92,47.14,36.01,46.28,Vehicular traffic,53.43,47.14,6.29,39.29,Low confidence,elevated NO2/CO signal; road-density or urban-pressure influence; traffic/commercial land-use proxy,Aligned,"Immediate intervention: Implement traffic flow control, reduce idling zones, strengthen public transport diversion, and prioritize roadside monitoring.",2026-07-16 10:55:13,2026-07-16 04:00:00,499.9403384881712,449.366608778421,499.9403384881712,500.0,Severe,500.0,Severe,Severe,-0.05966151182877866,Stable,37.99,Low,Proxy derived from ground pollutants and meteorology; not direct satellite imagery,35.19,Low,72.67,High,72.16,High,58.08,Moderate,1,1,0,Critical forecast hotspot,60.22,High,63,Usable,"Advanced intelligence layer combines real AQI, forecasted AQI, pollutant signals, meteorological dispersion, source attribution, and intervention scoring."
punjab__khanna__kalal_majra_khanna_ppcb,"Kalal Majra, Khanna - PPCB",Khanna,Punjab,30.736056,76.209694,2026-07-16 05:00:00,44.0,70.0,28.0,15.0,45.0,24.0,7.0,468.87,Severe,CO,True,Valid AQI,33.4,61,0.0,5.5,12,71.27,High trapping,General urban / semi-urban proxy,Proxy from station/city naming,15,20,55.42,1.5909090909090908,0.6285714285714286,0.6222222222222222,0.8571428571428571,15.66,16.99,19.74,39.31,36.64,Biomass / fine-particle combustion,39.31,36.64,2.67,28.32,Low confidence,PM2.5-heavy fine-particle pattern; CO and stagnant-weather influence; high weather trapping,Partially aligned,"Immediate intervention: Track open burning, control biomass combustion sources, increase public alerts, and strengthen fine-particle monitoring.",2026-07-16 10:55:13,2026-07-16 04:00:00,466.0777375085159,415.50400779876566,466.0777375085159,500.0,Severe,468.87,Severe,Severe,-2.7922624914841094,Stable,25.76,Low,Proxy derived from ground pollutants and meteorology; not direct satellite imagery,62.21,High,66.68,High,69.67,High,58.5,Moderate,1,1,0,Critical forecast hotspot,60.03,High,64,Usable,"Advanced intelligence layer combines real AQI, forecasted AQI, pollutant signals, meteorological dispersion, source attribution, and intervention scoring."
rajasthan__jaipur__sector_2_murlipura_jaipur_rspcb,"Sector-2 Murlipura, Jaipur - RSPCB",Jaipur,Rajasthan,26.960669,75.771817,2026-07-16 05:00:00,70.0,139.0,23.0,3.0,53.0,36.0,5.0,500.0,Severe,CO,True,Valid AQI,33.3,48,0.0,13.6,15,52.13,Moderate trapping,Industrial / mixed urban proxy,Proxy from station/city naming,70,65,75.96,1.9857142857142855,0.5035971223021583,0.4339622641509434,1.565217391304348,42.19,42.64,49.82,26.09,47.42,Construction / road dust,49.82,47.42,2.4,35.59,Low confidence,PM10-heavy particulate pattern; road dust / coarse-particle likelihood; high road-density proxy,Partially aligned,"Immediate intervention: Apply dust suppression, cover construction material, clean road dust, and enforce construction-site controls.",2026-07-16 10:55:13,2026-07-16 04:00:00,499.916302089142,449.34257237939175,499.916302089142,500.0,Severe,500.0,Severe,Severe,-0.08369791085800671,Stable,38.75,Low,Proxy derived from ground pollutants and meteorology; not direct satellite imagery,32.03,Low,73.3,High,71.74,High,57.67,Moderate,1,1,0,Critical forecast hotspot,59.86,Moderate,65,Usable,"Advanced intelligence layer combines real AQI, forecasted AQI, pollutant signals, meteorological dispersion, source attribution, and intervention scoring."
delhi__delhi__anand_vihar_delhi_dpcc,"Anand Vihar, Delhi - DPCC",Delhi,Delhi,28.647622,77.315809,2026-07-16 05:00:00,138.0,334.0,49.0,9.0,31.0,4.0,7.0,382.43,Very Poor,CO,True,Valid AQI,36.2,41,0.0,10.2,4,54.61,Moderate trapping,Dense urban proxy,Proxy from station/city naming,60,55,61.16,2.420289855072464,0.4131736526946107,1.5806451612903225,0.0816326530612244,54.31,24.36,66.23,39.76,48.63,Construction / road dust,66.23,54.31,11.92,49.94,Moderate confidence,PM10-heavy particulate pattern; road dust / coarse-particle likelihood,Partially aligned,"Immediate intervention: Apply dust suppression, cover construction material, clean road dust, and enforce construction-site controls.",2026-07-16 10:55:13,2026-07-16 04:00:00,390.4863533333335,339.9126236235832,390.4863533333335,441.0600830430837,Very Poor,382.43,Very Poor,Very Poor,8.056353333333504,Stable,58.56,Moderate,Proxy derived from ground pollutants and meteorology; not direct satellite imagery,36.89,Low,68.73,High,63.29,High,58.7,Moderate,1,1,0,Critical forecast hotspot,59.66,Moderate,66,Usable,"Advanced intelligence layer combines real AQI, forecasted AQI, pollutant signals, meteorological dispersion, source attribution, and intervention scoring."
maharashtra__chandrapur__chauhan_colony_chandrapur_mpcb,"Chauhan Colony, Chandrapur - MPCB",Chandrapur,Maharashtra,19.9629,79.298714,2026-07-16 05:00:00,58.0,91.0,12.0,17.0,51.0,17.0,2.0,500.0,Severe,CO,True,Valid AQI,32.3,58,0.0,16.6,89,57.78,Moderate trapping,General urban / semi-urban proxy,Proxy from station/city naming,15,20,52.69,1.5689655172413792,0.6373626373626373,0.2352941176470588,1.4166666666666667,12.76,15.93,27.0,36.13,28.36,Biomass / fine-particle combustion,36.13,28.36,7.77,27.62,Low confidence,PM2.5-heavy fine-particle pattern; CO and stagnant-weather influence,Partially aligned,"Immediate intervention: Track open burning, control biomass combustion sources, increase public alerts, and strengthen fine-particle monitoring.",2026-07-16 10:55:13,2026-07-16 04:00:00,497.3492461184284,446.7755164086782,497.3492461184284,500.0,Severe,500.0,Severe,Severe,-2.6507538815715748,Stable,31.69,Low,Proxy derived from ground pollutants and meteorology; not direct satellite imagery,42.66,Moderate,70.19,High,71.67,High,57.43,Moderate,1,1,0,Critical forecast hotspot,59.49,Moderate,67,Usable,"Advanced intelligence layer combines real AQI, forecasted AQI, pollutant signals, meteorological dispersion, source attribution, and intervention scoring."
delhi__delhi__mundka_delhi_dpcc,"Mundka, Delhi - DPCC",Delhi,Delhi,28.684678,77.076574,2026-07-16 05:00:00,67.0,189.0,85.0,8.0,41.0,2.0,7.0,443.96,Severe,CO,True,Valid AQI,35.0,46,0.0,10.6,2,55.53,Moderate trapping,Dense urban proxy,Proxy from station/city naming,60,55,67.28,2.82089552238806,0.3544973544973545,2.073170731707317,0.0235294117647058,65.4,31.52,51.28,33.89,51.49,Vehicular traffic,65.4,51.49,13.91,49.95,Moderate confidence,elevated NO2/CO signal; road-density or urban-pressure influence; traffic/commercial land-use proxy,Aligned,"Immediate intervention: Implement traffic flow control, reduce idling zones, strengthen public transport diversion, and prioritize roadside monitoring.",2026-07-16 10:55:13,2026-07-16 04:00:00,422.2570547848288,371.6833250750786,422.2570547848288,472.8307844945791,Severe,443.96,Severe,Severe,-21.702945215171155,Stable,50.74,Moderate,Proxy derived from ground pollutants and meteorology; not direct satellite imagery,37.6,Low,67.03,High,66.56,High,57.74,Moderate,1,1,0,Critical forecast hotspot,59.09,Moderate,68,Usable,"Advanced intelligence layer combines real AQI, forecasted AQI, pollutant signals, meteorological dispersion, source attribution, and intervention scoring."
west_bengal__siliguri__ward_32_bapupara_siliguri_wbpcb,"Ward-32 Bapupara, Siliguri - WBPCB",Siliguri,West Bengal,26.6879226,88.4152495,2026-07-16 05:00:00,21.0,36.0,118.0,13.0,33.0,24.0,15.0,394.14,Very Poor,CO,True,Valid AQI,28.3,88,0.0,11.3,94,78.9,High trapping,General urban / semi-urban proxy,Proxy from station/city naming,15,20,51.65,1.7142857142857142,0.5833333333333334,3.575757575757576,0.2033898305084746,36.21,29.72,18.85,34.81,37.48,Photochemical smog,37.48,36.21,1.27,26.62,Low confidence,O3 and temperature-related signal; urban photochemical formation likelihood,Partially aligned,"Immediate intervention: Control NOx and VOC sources, reduce peak-hour emissions, and issue ozone/smog exposure advisories.",2026-07-16 10:55:13,2026-07-16 04:00:00,400.4990751587302,349.92534544897995,400.4990751587302,451.0728048684804,Severe,394.14,Very Poor,Severe,6.359075158730207,Stable,33.07,Low,Proxy derived from ground pollutants and meteorology; not direct satellite imagery,73.87,High,58.25,Moderate,64.98,High,58.36,Moderate,1,1,0,Critical forecast hotspot,59.02,Moderate,69,Usable,"Advanced intelligence layer combines real AQI, forecasted AQI, pollutant signals, meteorological dispersion, source attribution, and intervention scoring."
bihar__gaya__kareemganj_gaya_bspcb,"Kareemganj, Gaya - BSPCB",Gaya,Bihar,24.792403,84.992416,2026-07-16 05:00:00,60.0,97.0,12.0,41.0,38.0,29.0,1.0,425.28,Severe,CO,True,Valid AQI,32.0,69,0.0,3.6,20,78.45,High trapping,General urban / semi-urban proxy,Proxy from station/city naming,15,20,54.36,1.6166666666666667,0.6185567010309279,0.3157894736842105,2.4166666666666665,10.24,23.37,21.83,41.8,33.13,Biomass / fine-particle combustion,41.8,33.13,8.67,31.86,Low confidence,PM2.5-heavy fine-particle pattern; CO and stagnant-weather influence; high weather trapping,Partially aligned,"Immediate intervention: Track open burning, control biomass combustion sources, increase public alerts, and strengthen fine-particle monitoring.",2026-07-16 10:55:13,2026-07-16 04:00:00,378.3099221693121,327.7361924595619,378.3099221693121,428.8836518790624,Very Poor,425.28,Severe,Very Poor,-46.9700778306879,Decreasing,29.81,Low,Proxy derived from ground pollutants and meteorology; not direct satellite imagery,73.38,High,62.42,High,63.06,High,58.28,Moderate,1,1,0,Critical forecast hotspot,58.97,Moderate,70,Usable,"Advanced intelligence layer combines real AQI, forecasted AQI, pollutant signals, meteorological dispersion, source attribution, and intervention scoring."
delhi__delhi__commonwealth_sports_complex_delhi_dpcc,"Commonwealth Sports Complex, Delhi - DPCC",Delhi,Delhi,28.615828,77.271992,2026-07-16 05:00:00,72.0,132.0,35.0,7.0,46.0,8.0,,475.09,Severe,CO,True,Valid AQI,36.2,41,0.0,10.2,4,54.61,Moderate trapping,Dense urban proxy,Proxy from station/city naming,60,55,69.79,1.8333333333333333,0.5454545454545454,0.7608695652173914,0.2285714285714285,53.66,23.39,43.63,36.64,47.42,Vehicular traffic,53.66,47.42,6.24,39.43,Low confidence,elevated NO2/CO signal; road-density or urban-pressure influence; traffic/commercial land-use proxy,Aligned,"Immediate intervention: Implement traffic flow control, reduce idling zones, strengthen public transport diversion, and prioritize roadside monitoring.",2026-07-16 10:55:13,2026-07-16 04:00:00,486.85420767535874,436.2804779656085,486.85420767535874,500.0,Severe,475.09,Severe,Severe,11.764207675358762,Stable,36.27,Low,Proxy derived from ground pollutants and meteorology; not direct satellite imagery,36.89,Low,70.74,High,70.27,High,56.94,Moderate,1,1,0,Critical forecast hotspot,58.96,Moderate,71,Usable,"Advanced intelligence layer combines real AQI, forecasted AQI, pollutant signals, meteorological dispersion, source attribution, and intervention scoring."
uttar_pradesh__lucknow__gomti_nagar_lucknow_uppcb,"Gomti Nagar, Lucknow - UPPCB",Lucknow,Uttar Pradesh,26.86812,81.005119,2026-07-16 05:00:00,69.0,61.0,10.0,14.0,39.0,41.0,,431.51,Severe,CO,True,Valid AQI,33.9,61,0.0,5.4,18,72.05,High trapping,Dense urban proxy,Proxy from station/city naming,60,55,73.01,0.8840579710144928,1.1311475409836065,0.2564102564102564,4.1,45.94,20.86,32.53,44.66,45.27,Vehicular traffic,45.94,45.27,0.67,32.36,Low confidence,elevated NO2/CO signal; road-density or urban-pressure influence; traffic/commercial land-use proxy,Aligned,"Immediate intervention: Implement traffic flow control, reduce idling zones, strengthen public transport diversion, and prioritize roadside monitoring.",2026-07-16 10:55:13,2026-07-16 04:00:00,431.1430891926511,380.5693594829008,431.1430891926511,481.7168189024013,Severe,431.51,Severe,Severe,-0.36691080734891557,Stable,26.6,Low,Proxy derived from ground pollutants and meteorology; not direct satellite imagery,63.74,High,66.38,High,65.34,High,57.58,Moderate,1,1,0,Critical forecast hotspot,58.8,Moderate,72,Usable,"Advanced intelligence layer combines real AQI, forecasted AQI, pollutant signals, meteorological dispersion, source attribution, and intervention scoring."
gujarat__vadodara__bapunagar_vadodara_nexteng_enviro,"Bapunagar, Vadodara - Nexteng Enviro",Vadodara,Gujarat,22.320153,73.216285,2026-07-16 05:00:00,46.0,54.0,12.0,6.0,96.0,4.0,2.0,500.0,Severe,CO,True,Valid AQI,30.5,71,0.0,10.9,0,63.98,High trapping,Dense urban proxy,Proxy from station/city naming,60,55,76.02,1.173913043478261,0.8518518518518519,0.125,0.3333333333333333,57.52,26.38,34.64,48.0,36.86,Vehicular traffic,57.52,48.0,9.52,43.12,Moderate confidence,elevated NO2/CO signal; road-density or urban-pressure influence; traffic/commercial land-use proxy,Aligned,"Immediate intervention: Implement traffic flow control, reduce idling zones, strengthen public transport diversion, and prioritize roadside monitoring.",2026-07-16 10:55:13,2026-07-16 04:00:00,487.9623833333332,437.38865362358297,487.9623833333332,500.0,Severe,500.0,Severe,Severe,-12.037616666666793,Stable,25.6,Low,Proxy derived from ground pollutants and meteorology; not direct satellite imagery,47.95,Moderate,70.01,High,70.19,High,56.77,Moderate,1,1,0,Critical forecast hotspot,58.77,Moderate,73,Usable,"Advanced intelligence layer combines real AQI, forecasted AQI, pollutant signals, meteorological dispersion, source attribution, and intervention scoring."
haryana__yamuna_nagar__gobind_pura_yamuna_nagar_hspcb,"Gobind Pura, Yamuna Nagar - HSPCB",Yamuna Nagar,Haryana,30.1480566,77.2893471,2026-07-16 05:00:00,152.0,130.0,32.0,19.0,15.0,15.0,8.0,324.79,Very Poor,PM2.5,True,Valid AQI,33.1,64,0.0,5.1,6,72.5,High trapping,General urban / semi-urban proxy,Proxy from station/city naming,15,20,42.52,0.8552631578947368,1.1692307692307693,2.1333333333333333,0.46875,10.85,14.85,25.06,49.26,35.79,Biomass / fine-particle combustion,49.26,35.79,13.47,38.52,Low confidence,PM2.5-heavy fine-particle pattern; CO and stagnant-weather influence; high weather trapping,Partially aligned,"Immediate intervention: Track open burning, control biomass combustion sources, increase public alerts, and strengthen fine-particle monitoring.",2026-07-16 10:55:13,2026-07-16 04:00:00,331.0978835875142,280.524153877764,331.0978835875142,381.67161329726446,Very Poor,324.79,Very Poor,Very Poor,6.307883587514198,Stable,48.29,Moderate,Proxy derived from ground pollutants and meteorology; not direct satellite imagery,63.61,High,62.9,High,57.68,Moderate,58.55,Moderate,1,1,0,Critical forecast hotspot,58.68,Moderate,74,Usable,"Advanced intelligence layer combines real AQI, forecasted AQI, pollutant signals, meteorological dispersion, source attribution, and intervention scoring."
delhi__delhi__alipur_delhi_dpcc,"Alipur, Delhi - DPCC",Delhi,Delhi,28.815329,77.15301,2026-07-16 05:00:00,73.0,180.0,62.0,10.0,36.0,4.0,16.0,412.83,Severe,CO,True,Valid AQI,34.2,53,0.0,10.1,3,59.11,Moderate trapping,Dense urban proxy,Proxy from station/city naming,60,55,65.87,2.4657534246575343,0.4055555555555555,1.7222222222222223,0.064516129032258,58.58,27.68,49.61,34.93,47.78,Vehicular traffic,58.58,49.61,8.97,43.7,Moderate confidence,elevated NO2/CO signal; road-density or urban-pressure influence; traffic/commercial land-use proxy,Aligned,"Immediate intervention: Implement traffic flow control, reduce idling zones, strengthen public transport diversion, and prioritize roadside monitoring.",2026-07-16 10:55:13,2026-07-16 04:00:00,425.5442250072148,374.9704952974646,425.5442250072148,476.1179547169651,Severe,412.83,Severe,Severe,12.714225007214793,Stable,46.87,Moderate,Proxy derived from ground pollutants and meteorology; not direct satellite imagery,42.6,Moderate,65.52,High,65.99,High,57.35,Moderate,1,1,0,Critical forecast hotspot,58.62,Moderate,75,Usable,"Advanced intelligence layer combines real AQI, forecasted AQI, pollutant signals, meteorological dispersion, source attribution, and intervention scoring."
delhi__delhi__chandni_chowk_delhi_iitm,"Chandni Chowk, Delhi - IITM",Delhi,Delhi,28.656756,77.227234,2026-07-16 05:00:00,75.0,80.0,23.0,,58.0,16.0,5.0,500.0,Severe,CO,True,Valid AQI,36.2,41,0.0,10.2,4,54.61,Moderate trapping,Traffic / commercial proxy,Proxy from station/city naming,65,100,79.55,1.0666666666666669,0.9375,0.396551724137931,0.6956521739130435,65.55,0.0,46.34,32.13,47.93,Vehicular traffic,65.55,47.93,17.62,51.17,Moderate confidence,elevated NO2/CO signal; road-density or urban-pressure influence; traffic/commercial land-use proxy,Aligned,"Immediate intervention: Implement traffic flow control, reduce idling zones, strengthen public transport diversion, and prioritize roadside monitoring.",2026-07-16 10:55:13,2026-07-16 04:00:00,499.9991773770601,449.42544766730987,499.9991773770601,500.0,Severe,500.0,Severe,Severe,-0.0008226229398928808,Stable,30.0,Low,Proxy derived from ground pollutants and meteorology; not direct satellite imagery,36.89,Low,73.0,High,70.29,High,56.36,Moderate,1,1,0,Critical forecast hotspot,58.59,Moderate,76,Usable,"Advanced intelligence layer combines real AQI, forecasted AQI, pollutant signals, meteorological dispersion, source attribution, and intervention scoring."
punjab__amritsar__golden_temple_amritsar_ppcb,"Golden Temple, Amritsar - PPCB",Amritsar,Punjab,31.62,74.876512,2026-07-16 05:00:00,99.0,106.0,16.0,13.0,29.0,39.0,7.0,370.71,Very Poor,CO,True,Valid AQI,33.3,59,0.0,2.3,3,75.43,High trapping,General urban / semi-urban proxy,Proxy from station/city naming,15,20,48.02,1.0707070707070707,0.9339622641509434,0.5517241379310345,2.4375,9.5,11.85,21.49,46.02,37.56,Biomass / fine-particle combustion,46.02,37.56,8.46,34.75,Low confidence,PM2.5-heavy fine-particle pattern; CO and stagnant-weather influence; high weather trapping,Partially aligned,"Immediate intervention: Track open burning, control biomass combustion sources, increase public alerts, and strengthen fine-particle monitoring.",2026-07-16 10:55:13,2026-07-16 04:00:00,371.6471210776792,321.07339136792893,371.6471210776792,422.2208507874294,Very Poor,370.71,Very Poor,Very Poor,0.9371210776791941,Stable,36.24,Low,Proxy derived from ground pollutants and meteorology; not direct satellite imagery,69.0,High,62.17,High,60.94,High,57.98,Moderate,1,1,0,Critical forecast hotspot,58.49,Moderate,77,Usable,"Advanced intelligence layer combines real AQI, forecasted AQI, pollutant signals, meteorological dispersion, source attribution, and intervention scoring."
haryana__dharuhera__municipal_corporation_office_dharuhera_hspcb,"Municipal Corporation Office, Dharuhera -  HSPCB",Dharuhera,Haryana,28.2068,76.7997,2026-07-16 05:00:00,122.0,103.0,29.0,8.0,72.0,8.0,8.0,500.0,Severe,CO,True,Valid AQI,35.0,47,0.0,16.6,2,45.04,Moderate trapping,Industrial / mixed urban proxy,Proxy from station/city naming,35,30,55.9,0.8442622950819673,1.1844660194174756,0.4027777777777778,0.2758620689655172,29.11,42.0,32.84,37.78,40.68,Industrial combustion,42.0,40.68,1.32,29.8,Low confidence,SO2 and combustion-related pollutant influence; industrial land-use proxy,Aligned,"Immediate intervention: Increase industrial emission inspection, check stack compliance, enforce fuel-quality standards, and monitor nearby industrial clusters.",2026-07-16 10:55:13,2026-07-16 04:00:00,488.7652226004428,438.1914928906926,488.7652226004428,500.0,Severe,500.0,Severe,Severe,-11.234777399557174,Stable,43.23,Moderate,Proxy derived from ground pollutants and meteorology; not direct satellite imagery,19.75,Minimal,75.21,High,69.51,High,56.01,Moderate,1,1,0,Critical forecast hotspot,58.32,Moderate,78,Usable,"Advanced intelligence layer combines real AQI, forecasted AQI, pollutant signals, meteorological dispersion, source attribution, and intervention scoring."
odisha__angul__hakimapada_angul_ospcb,"Hakimapada, Angul - OSPCB",Angul,Odisha,20.832874,85.104082,2026-07-16 05:00:00,32.0,70.0,20.0,24.0,64.0,14.0,3.0,500.0,Severe,CO,True,Valid AQI,27.1,89,0.1,20.1,100,57.69,Moderate trapping,General urban / semi-urban proxy,Proxy from station/city naming,15,20,52.66,2.1875,0.4571428571428571,0.3125,0.7,17.32,21.9,24.64,33.78,19.28,Biomass / fine-particle combustion,33.78,24.64,9.14,26.39,Low confidence,PM2.5-heavy fine-particle pattern; CO and stagnant-weather influence,Partially aligned,"Immediate intervention: Track open burning, control biomass combustion sources, increase public alerts, and strengthen fine-particle monitoring.",2026-07-16 10:55:13,2026-07-16 04:00:00,499.9991231559984,449.4253934462481,499.9991231559984,500.0,Severe,500.0,Severe,Severe,-0.0008768440015956003,Stable,30.55,Low,Proxy derived from ground pollutants and meteorology; not direct satellite imagery,41.95,Moderate,67.53,High,71.45,High,56.19,Moderate,1,1,0,Critical forecast hotspot,58.28,Moderate,79,Usable,"Advanced intelligence layer combines real AQI, forecasted AQI, pollutant signals, meteorological dispersion, source attribution, and intervention scoring."
haryana__sirsa__f_block_sirsa_hspcb,"F-Block, Sirsa - HSPCB",Sirsa,Haryana,29.5364,75.0158,2026-07-16 05:00:00,101.0,113.0,20.0,20.0,84.0,33.0,13.0,500.0,Severe,CO,True,Valid AQI,36.9,38,0.0,12.0,0,49.85,Moderate trapping,General urban / semi-urban proxy,Proxy from station/city naming,15,20,49.39,1.118811881188119,0.8938053097345132,0.238095238095238,1.65,21.2,23.25,26.7,48.02,41.95,Biomass / fine-particle combustion,48.02,41.95,6.07,35.43,Low confidence,PM2.5-heavy fine-particle pattern; CO and stagnant-weather influence,Partially aligned,"Immediate intervention: Track open burning, control biomass combustion sources, increase public alerts, and strengthen fine-particle monitoring.",2026-07-16 10:55:13,2026-07-16 04:00:00,457.65857189661455,407.0848421868643,457.65857189661455,500.0,Severe,500.0,Severe,Severe,-42.341428103385454,Decreasing,41.65,Moderate,Proxy derived from ground pollutants and meteorology; not direct satellite imagery,29.17,Low,71.84,High,68.12,High,56.15,Moderate,1,1,0,Critical forecast hotspot,58.13,Moderate,80,Usable,"Advanced intelligence layer combines real AQI, forecasted AQI, pollutant signals, meteorological dispersion, source attribution, and intervention scoring."
maharashtra__mumbai__mazgaon_mumbai_iitm,"Mazgaon, Mumbai - IITM",Mumbai,Maharashtra,18.96702,72.84214,2026-07-16 05:00:00,33.0,59.0,22.0,12.0,43.0,20.0,2.0,456.42,Severe,CO,True,Valid AQI,28.0,76,0.0,13.4,41,65.39,High trapping,Dense urban proxy,Proxy from station/city naming,60,55,72.55,1.7878787878787878,0.559322033898305,0.5116279069767442,0.9090909090909092,49.77,22.69,37.13,33.99,35.16,Vehicular traffic,49.77,37.13,12.64,38.63,Low confidence,elevated NO2/CO signal; road-density or urban-pressure influence; traffic/commercial land-use proxy,Aligned,"Immediate intervention: Implement traffic flow control, reduce idling zones, strengthen public transport diversion, and prioritize roadside monitoring.",2026-07-16 10:55:13,2026-07-16 04:00:00,497.3152779946908,446.74154828494056,497.3152779946908,500.0,Severe,456.42,Severe,Severe,40.89527799469079,Increasing,23.73,Low,Proxy derived from ground pollutants and meteorology; not direct satellite imagery,51.03,Moderate,66.12,High,71.13,High,56.13,Moderate,1,1,1,Critical forecast hotspot,58.13,Moderate,80,Usable,"Advanced intelligence layer combines real AQI, forecasted AQI, pollutant signals, meteorological dispersion, source attribution, and intervention scoring."
tamil_nadu__chennai__royapuram_chennai_tnpcb,"Royapuram, Chennai - TNPCB",Chennai,Tamil Nadu,13.1036,80.2909,2026-07-16 05:00:00,40.0,53.0,14.0,5.0,53.0,31.0,4.0,500.0,Severe,CO,True,Valid AQI,35.4,36,0.0,12.5,99,58.11,Moderate trapping,Dense urban proxy,Proxy from station/city naming,60,55,73.57,1.325,0.7547169811320755,0.2641509433962264,2.2142857142857144,49.68,20.07,35.46,36.48,42.23,Vehicular traffic,49.68,42.23,7.45,37.01,Low confidence,elevated NO2/CO signal; road-density or urban-pressure influence; traffic/commercial land-use proxy,Aligned,"Immediate intervention: Implement traffic flow control, reduce idling zones, strengthen public transport diversion, and prioritize roadside monitoring.",2026-07-16 10:55:13,2026-07-16 04:00:00,495.936558996502,445.3628292867517,495.936558996502,500.0,Severe,500.0,Severe,Severe,-4.063441003497985,Stable,23.99,Low,Proxy derived from ground pollutants and meteorology; not direct satellite imagery,46.93,Moderate,69.25,High,70.26,High,56.04,Moderate,1,1,0,Critical forecast hotspot,58.12,Moderate,81,Usable,"Advanced intelligence layer combines real AQI, forecasted AQI, pollutant signals, meteorological dispersion, source attribution, and intervention scoring."
haryana__panchgaon__amity_university_panchgaon_iitm,"Amity University, Panchgaon - IITM",Panchgaon,Haryana,28.3153,76.9143,2026-07-16 05:00:00,244.0,133.0,20.0,11.0,14.0,22.0,4.0,395.4,Very Poor,PM2.5,True,Valid AQI,34.1,51,0.0,15.5,1,48.4,Moderate trapping,General urban / semi-urban proxy,Proxy from station/city naming,15,20,39.04,0.5450819672131147,1.8345864661654132,1.4285714285714286,1.1,7.61,9.56,29.68,55.27,36.78,Biomass / fine-particle combustion,55.27,36.78,18.49,44.24,Moderate confidence,PM2.5-heavy fine-particle pattern; CO and stagnant-weather influence,Partially aligned,"Immediate intervention: Track open burning, control biomass combustion sources, increase public alerts, and strengthen fine-particle monitoring.",2026-07-16 10:55:13,2026-07-16 04:00:00,394.4083750518393,343.83464534208906,394.4083750518393,444.9821047615896,Very Poor,395.4,Very Poor,Very Poor,-0.9916249481606769,Stable,56.87,Moderate,Proxy derived from ground pollutants and meteorology; not direct satellite imagery,24.77,Low,73.87,High,60.97,High,56.78,Moderate,1,1,0,Critical forecast hotspot,58.05,Moderate,82,Usable,"Advanced intelligence layer combines real AQI, forecasted AQI, pollutant signals, meteorological dispersion, source attribution, and intervention scoring."
gujarat__mehsana__sadanand_nagar_mehsana_nexteng_enviro,"Sadanand Nagar, Mehsana - Nexteng Enviro",Mehsana,Gujarat,23.59315,72.372792,2026-07-16 05:00:00,48.0,57.0,10.0,13.0,70.0,11.0,1.0,500.0,Severe,CO,True,Valid AQI,31.8,60,0.0,10.5,16,62.26,High trapping,General urban / semi-urban proxy,Proxy from station/city naming,15,20,54.56,1.1875,0.8421052631578947,0.1428571428571428,1.1,15.94,16.8,20.06,42.75,30.27,Biomass / fine-particle combustion,42.75,30.27,12.48,33.67,Low confidence,PM2.5-heavy fine-particle pattern; CO and stagnant-weather influence; high weather trapping,Partially aligned,"Immediate intervention: Track open burning, control biomass combustion sources, increase public alerts, and strengthen fine-particle monitoring.",2026-07-16 10:55:13,2026-07-16 04:00:00,499.9991231559984,449.4253934462481,499.9991231559984,500.0,Severe,500.0,Severe,Severe,-0.0008768440015956003,Stable,23.49,Low,Proxy derived from ground pollutants and meteorology; not direct satellite imagery,47.3,Moderate,68.64,High,70.57,High,55.92,Moderate,1,1,0,Critical forecast hotspot,58.02,Moderate,83,Usable,"Advanced intelligence layer combines real AQI, forecasted AQI, pollutant signals, meteorological dispersion, source attribution, and intervention scoring."
haryana__kurukshetra__sector_7_kurukshetra_hspcb,"Sector-7, Kurukshetra - HSPCB",Kurukshetra,Haryana,29.966942,76.875879,2026-07-16 05:00:00,119.0,148.0,63.0,7.0,20.0,61.0,12.0,317.99,Very Poor,CO,True,Valid AQI,33.5,62,0.0,7.5,20,68.82,High trapping,Industrial / mixed urban proxy,Proxy from station/city naming,35,30,48.88,1.2436974789915969,0.8040540540540541,3.15,0.9682539682539684,27.66,39.8,34.12,32.62,49.68,Photochemical smog,49.68,39.8,9.88,37.74,Low confidence,O3 and temperature-related signal; urban photochemical formation likelihood,Partially aligned,"Immediate intervention: Control NOx and VOC sources, reduce peak-hour emissions, and issue ozone/smog exposure advisories.",2026-07-16 10:55:13,2026-07-16 04:00:00,325.5562593056024,274.98252959585216,325.5562593056024,376.12998901535263,Very Poor,317.99,Very Poor,Very Poor,7.566259305602387,Stable,54.92,Moderate,Proxy derived from ground pollutants and meteorology; not direct satellite imagery,58.21,Moderate,59.98,Moderate,57.69,Moderate,57.93,Moderate,1,1,0,Critical forecast hotspot,58.01,Moderate,84,Usable,"Advanced intelligence layer combines real AQI, forecasted AQI, pollutant signals, meteorological dispersion, source attribution, and intervention scoring."
haryana__gurugram__nise_gwal_pahari_gurugram_iitm,"NISE Gwal Pahari, Gurugram - IITM",Gurugram,Haryana,28.422681,77.148944,2026-07-16 05:00:00,67.0,151.0,15.0,,59.0,11.0,,500.0,Severe,CO,True,Valid AQI,34.7,48,0.0,14.2,7,50.25,Moderate trapping,Dense urban proxy,Proxy from station/city naming,60,55,70.29,2.253731343283582,0.4437086092715231,0.2542372881355932,0.7333333333333333,51.1,0.0,48.05,35.89,43.24,Vehicular traffic,51.1,48.05,3.05,36.68,Low confidence,elevated NO2/CO signal; road-density or urban-pressure influence; traffic/commercial land-use proxy,Aligned,"Immediate intervention: Implement traffic flow control, reduce idling zones, strengthen public transport diversion, and prioritize roadside monitoring.",2026-07-16 10:55:13,2026-07-16 04:00:00,499.9991231559984,449.4253934462481,499.9991231559984,500.0,Severe,500.0,Severe,Severe,-0.0008768440015956003,Stable,36.75,Low,Proxy derived from ground pollutants and meteorology; not direct satellite imagery,28.56,Low,71.72,High,70.5,High,55.73,Moderate,1,1,0,Critical forecast hotspot,58.01,Moderate,84,Usable,"Advanced intelligence layer combines real AQI, forecasted AQI, pollutant signals, meteorological dispersion, source attribution, and intervention scoring."
gujarat__vatva__phase_4_gidc_vatva_gpcb,"Phase-4 GIDC, Vatva - GPCB",Vatva,Gujarat,22.969611,72.6435,2026-07-16 05:00:00,108.0,110.0,36.0,7.0,31.0,11.0,2.0,382.43,Very Poor,CO,True,Valid AQI,31.3,64,0.0,9.0,28,67.64,High trapping,Industrial / mixed urban proxy,Proxy from station/city naming,35,30,54.38,1.0185185185185186,0.9818181818181818,1.1612903225806452,0.3055555555555556,22.93,36.83,30.39,34.24,35.98,Industrial combustion,36.83,35.98,0.85,26.04,Low confidence,SO2 and combustion-related pollutant influence; industrial land-use proxy,Aligned,"Immediate intervention: Increase industrial emission inspection, check stack compliance, enforce fuel-quality standards, and monitor nearby industrial clusters.",2026-07-16 10:55:13,2026-07-16 04:00:00,382.35942046608295,331.7856907563327,382.35942046608295,432.9331501758332,Very Poor,382.43,Very Poor,Very Poor,-0.07057953391705496,Stable,41.58,Moderate,Proxy derived from ground pollutants and meteorology; not direct satellite imagery,56.2,Moderate,64.25,High,61.32,High,57.23,Moderate,1,1,0,Critical forecast hotspot,57.99,Moderate,85,Usable,"Advanced intelligence layer combines real AQI, forecasted AQI, pollutant signals, meteorological dispersion, source attribution, and intervention scoring."
haryana__jind__police_lines_jind_hspcb,"Police Lines, Jind - HSPCB",Jind,Haryana,29.307814,76.337619,2026-07-16 05:00:00,206.0,120.0,13.0,28.0,6.0,10.0,5.0,366.23,Very Poor,PM2.5,True,Valid AQI,34.8,53,0.0,10.3,4,58.84,Moderate trapping,General urban / semi-urban proxy,Proxy from station/city naming,15,20,40.68,0.5825242718446602,1.7166666666666666,2.1666666666666665,0.7692307692307693,4.28,13.82,25.97,52.62,34.94,Biomass / fine-particle combustion,52.62,34.94,17.68,42.14,Moderate confidence,PM2.5-heavy fine-particle pattern; CO and stagnant-weather influence,Partially aligned,"Immediate intervention: Track open burning, control biomass combustion sources, increase public alerts, and strengthen fine-particle monitoring.",2026-07-16 10:55:13,2026-07-16 04:00:00,364.607828607477,314.0340988977268,364.607828607477,415.18155831722726,Very Poor,366.23,Very Poor,Very Poor,-1.6221713925230006,Stable,50.38,Moderate,Proxy derived from ground pollutants and meteorology; not direct satellite imagery,42.19,Moderate,70.2,High,58.61,Moderate,57.16,Moderate,1,1,0,Critical forecast hotspot,57.96,Moderate,86,Usable,"Advanced intelligence layer combines real AQI, forecasted AQI, pollutant signals, meteorological dispersion, source attribution, and intervention scoring."
andhra_pradesh__vijayawada__rajiv_gandhi_park_vijayawada_appcb,"Rajiv Gandhi Park, Vijayawada - APPCB",Vijayawada,Andhra Pradesh,16.509717,80.612222,2026-07-16 05:00:00,61.0,69.0,25.0,11.0,47.0,22.0,5.0,481.32,Severe,CO,True,Valid AQI,31.4,59,0.0,16.9,100,58.7,Moderate trapping,General urban / semi-urban proxy,Proxy from station/city naming,15,20,51.34,1.1311475409836065,0.8840579710144928,0.5319148936170213,0.88,15.29,15.21,24.18,37.63,29.03,Biomass / fine-particle combustion,37.63,29.03,8.6,28.92,Low confidence,PM2.5-heavy fine-particle pattern; CO and stagnant-weather influence,Partially aligned,"Immediate intervention: Track open burning, control biomass combustion sources, increase public alerts, and strengthen fine-particle monitoring.",2026-07-16 10:55:13,2026-07-16 04:00:00,458.8620610140203,408.28833130427006,458.8620610140203,500.0,Severe,481.32,Severe,Severe,-22.457938985979695,Stable,32.26,Low,Proxy derived from ground pollutants and meteorology; not direct satellite imagery,44.45,Moderate,67.25,High,67.84,High,55.87,Moderate,1,1,0,Critical forecast hotspot,57.64,Moderate,87,Usable,"Advanced intelligence layer combines real AQI, forecasted AQI, pollutant signals, meteorological dispersion, source attribution, and intervention scoring."
haryana__gurugram__sector_51_gurugram_hspcb,"Sector-51, Gurugram - HSPCB",Gurugram,Haryana,28.4227,77.0667,2026-07-16 05:00:00,199.0,153.0,40.0,,27.0,14.0,13.0,360.86,Very Poor,PM2.5,True,Valid AQI,34.7,48,0.0,14.2,7,50.25,Moderate trapping,Industrial / mixed urban proxy,Proxy from station/city naming,70,65,62.22,0.7688442211055276,1.300653594771242,1.4814814814814814,0.35,41.47,0.0,49.99,39.9,48.66,Construction / road dust,49.99,48.66,1.33,35.39,Low confidence,PM10-heavy particulate pattern; road dust / coarse-particle likelihood; high road-density proxy,Partially aligned,"Immediate intervention: Apply dust suppression, cover construction material, clean road dust, and enforce construction-site controls.",2026-07-16 10:55:13,2026-07-16 04:00:00,363.5076130101461,312.9338833003959,363.5076130101461,414.0813427198964,Very Poor,360.86,Very Poor,Very Poor,2.647613010146074,Stable,60.37,High,Proxy derived from ground pollutants and meteorology; not direct satellite imagery,28.56,Low,70.92,High,58.44,Moderate,56.59,Moderate,1,1,0,Critical forecast hotspot,57.49,Moderate,88,Usable,"Advanced intelligence layer combines real AQI, forecasted AQI, pollutant signals, meteorological dispersion, source attribution, and intervention scoring."
delhi__delhi__ito_delhi_cpcb,"ITO, Delhi - CPCB",Delhi,Delhi,28.628624,77.24106,2026-07-16 05:00:00,54.0,117.0,58.0,25.0,46.0,26.0,5.0,475.09,Severe,CO,True,Valid AQI,36.2,41,0.0,10.2,4,54.61,Moderate trapping,Dense urban proxy,Proxy from station/city naming,60,55,69.79,2.1666666666666665,0.4615384615384615,1.2608695652173914,0.4482758620689655,59.51,34.29,42.45,34.12,52.88,Vehicular traffic,59.51,52.88,6.63,43.65,Moderate confidence,elevated NO2/CO signal; road-density or urban-pressure influence; traffic/commercial land-use proxy,Aligned,"Immediate intervention: Implement traffic flow control, reduce idling zones, strengthen public transport diversion, and prioritize roadside monitoring.",2026-07-16 10:55:13,2026-07-16 04:00:00,468.32971554512966,417.7559858353794,468.32971554512966,500.0,Severe,475.09,Severe,Severe,-6.760284454870316,Stable,36.7,Low,Proxy derived from ground pollutants and meteorology; not direct satellite imagery,36.89,Low,68.04,High,68.14,High,55.57,Moderate,1,1,0,Critical forecast hotspot,57.45,Moderate,89,Usable,"Advanced intelligence layer combines real AQI, forecasted AQI, pollutant signals, meteorological dispersion, source attribution, and intervention scoring."
maharashtra__pune__dhankawadi_pune_iitm,"Dhankawadi, Pune - IITM",Pune,Maharashtra,18.459883,73.852193,2026-07-16 05:00:00,29.0,58.0,23.0,,79.0,2.0,,500.0,Severe,CO,True,Valid AQI,26.3,72,0.0,14.1,25,61.05,High trapping,Dense urban proxy,Proxy from station/city naming,60,55,74.8,2.0,0.5,0.2911392405063291,0.0869565217391304,57.02,0.0,37.62,38.88,31.38,Vehicular traffic,57.02,38.88,18.14,45.36,Moderate confidence,elevated NO2/CO signal; road-density or urban-pressure influence; traffic/commercial land-use proxy,Aligned,"Immediate intervention: Implement traffic flow control, reduce idling zones, strengthen public transport diversion, and prioritize roadside monitoring.",2026-07-16 10:55:13,2026-07-16 04:00:00,499.9991231559984,449.4253934462481,499.9991231559984,500.0,Severe,500.0,Severe,Severe,-0.0008768440015956003,Stable,24.51,Low,Proxy derived from ground pollutants and meteorology; not direct satellite imagery,43.76,Moderate,68.2,High,70.15,High,55.16,Moderate,1,1,0,Critical forecast hotspot,57.31,Moderate,90,Usable,"Advanced intelligence layer combines real AQI, forecasted AQI, pollutant signals, meteorological dispersion, source attribution, and intervention scoring."
delhi__delhi__narela_delhi_dpcc,"Narela, Delhi - DPCC",Delhi,Delhi,28.822836,77.101981,2026-07-16 05:00:00,73.0,172.0,27.0,16.0,41.0,6.0,8.0,443.96,Severe,CO,True,Valid AQI,34.2,55,0.0,10.6,3,58.94,Moderate trapping,Dense urban proxy,Proxy from station/city naming,60,55,68.7,2.356164383561644,0.4244186046511627,0.6585365853658537,0.2222222222222222,50.65,24.81,48.83,35.89,43.62,Vehicular traffic,50.65,48.83,1.82,36.0,Low confidence,elevated NO2/CO signal; road-density or urban-pressure influence; traffic/commercial land-use proxy,Aligned,"Immediate intervention: Implement traffic flow control, reduce idling zones, strengthen public transport diversion, and prioritize roadside monitoring.",2026-07-16 10:55:13,2026-07-16 04:00:00,422.4189669576722,371.84523724792194,422.4189669576722,472.9926966674224,Severe,443.96,Severe,Severe,-21.541033042327797,Stable,40.62,Moderate,Proxy derived from ground pollutants and meteorology; not direct satellite imagery,42.0,Moderate,66.45,High,64.65,High,55.85,Moderate,1,1,0,Critical forecast hotspot,57.26,Moderate,91,Usable,"Advanced intelligence layer combines real AQI, forecasted AQI, pollutant signals, meteorological dispersion, source attribution, and intervention scoring."
west_bengal__kolkata__rabindra_bharati_university_kolkata_wbpcb,"Rabindra Bharati University, Kolkata - WBPCB",Kolkata,West Bengal,22.627847,88.380669,2026-07-16 05:00:00,20.0,31.0,34.0,9.0,42.0,24.0,6.0,450.19,Severe,CO,True,Valid AQI,30.3,76,0.0,12.3,89,72.18,High trapping,Dense urban proxy,Proxy from station/city naming,60,55,74.8,1.55,0.6451612903225806,0.8095238095238095,0.7058823529411765,52.63,23.42,33.29,34.99,37.78,Vehicular traffic,52.63,37.78,14.85,41.3,Moderate confidence,elevated NO2/CO signal; road-density or urban-pressure influence; traffic/commercial land-use proxy,Aligned,"Immediate intervention: Implement traffic flow control, reduce idling zones, strengthen public transport diversion, and prioritize roadside monitoring.",2026-07-16 10:55:13,2026-07-16 04:00:00,431.7162454789272,381.1425157691769,431.7162454789272,482.2899751886774,Severe,450.19,Severe,Severe,-18.473754521072806,Stable,22.68,Low,Proxy derived from ground pollutants and meteorology; not direct satellite imagery,64.19,High,62.45,High,65.25,High,55.68,Moderate,1,1,0,Critical forecast hotspot,56.98,Moderate,92,Usable,"Advanced intelligence layer combines real AQI, forecasted AQI, pollutant signals, meteorological dispersion, source attribution, and intervention scoring."
bihar__patna__rajbansi_nagar_patna_bspcb,"Rajbansi Nagar, Patna - BSPCB",Patna,Bihar,25.599486,85.113666,2026-07-16 05:00:00,35.0,48.0,31.0,9.0,30.0,30.0,3.0,376.57,Very Poor,CO,True,Valid AQI,32.2,71,0.0,7.2,100,80.67,Very high trapping,Dense urban proxy,Proxy from station/city naming,60,55,71.49,1.3714285714285714,0.7291666666666666,1.0333333333333334,0.967741935483871,49.54,21.16,32.58,38.14,40.12,Vehicular traffic,49.54,40.12,9.42,37.5,Low confidence,elevated NO2/CO signal; road-density or urban-pressure influence; traffic/commercial land-use proxy,Aligned,"Immediate intervention: Implement traffic flow control, reduce idling zones, strengthen public transport diversion, and prioritize roadside monitoring.",2026-07-16 10:55:13,2026-07-16 04:00:00,368.54138403213017,317.96765432238,368.54138403213017,419.1151137418804,Very Poor,376.57,Very Poor,Very Poor,-8.028615967869825,Stable,26.09,Low,Proxy derived from ground pollutants and meteorology; not direct satellite imagery,79.67,High,57.72,Moderate,60.2,High,56.53,Moderate,1,1,0,Critical forecast hotspot,56.96,Moderate,93,Usable,"Advanced intelligence layer combines real AQI, forecasted AQI, pollutant signals, meteorological dispersion, source attribution, and intervention scoring."
gujarat__ahmedabad__svpi_airport_hansol_ahmedabad_iitm,"SVPI Airport Hansol, Ahmedabad - IITM",Ahmedabad,Gujarat,23.076793,72.627874,2026-07-16 05:00:00,32.0,77.0,11.0,15.0,46.0,11.0,1.0,475.09,Severe,CO,True,Valid AQI,32.2,58,0.0,8.7,19,65.08,High trapping,Dense urban proxy,Proxy from station/city naming,60,55,74.16,2.40625,0.4155844155844156,0.2391304347826087,1.0,47.56,22.43,37.77,34.41,38.94,Vehicular traffic,47.56,38.94,8.62,35.88,Low confidence,elevated NO2/CO signal; road-density or urban-pressure influence; traffic/commercial land-use proxy,Aligned,"Immediate intervention: Implement traffic flow control, reduce idling zones, strengthen public transport diversion, and prioritize roadside monitoring.",2026-07-16 10:55:13,2026-07-16 04:00:00,479.1944101967293,428.62068048697904,479.1944101967293,500.0,Severe,475.09,Severe,Severe,4.1044101967293045,Stable,20.87,Low,Proxy derived from ground pollutants and meteorology; not direct satellite imagery,52.47,Moderate,66.05,High,68.05,High,54.9,Moderate,1,1,0,Critical forecast hotspot,56.77,Moderate,94,Usable,"Advanced intelligence layer combines real AQI, forecasted AQI, pollutant signals, meteorological dispersion, source attribution, and intervention scoring."
bihar__buxar__charitra_van_buxar_bspcb,"Charitra Van, Buxar - BSPCB",Buxar,Bihar,25.56752,83.966379,2026-07-16 05:00:00,51.0,44.0,9.0,30.0,25.0,41.0,3.0,347.28,Very Poor,CO,True,Valid AQI,32.3,72,0.0,3.5,98,87.54,Very high trapping,General urban / semi-urban proxy,Proxy from station/city naming,15,20,50.89,0.8627450980392157,1.1590909090909092,0.36,4.555555555555555,6.95,16.69,15.06,44.54,30.92,Biomass / fine-particle combustion,44.54,30.92,13.62,35.26,Low confidence,PM2.5-heavy fine-particle pattern; CO and stagnant-weather influence; high weather trapping,Partially aligned,"Immediate intervention: Track open burning, control biomass combustion sources, increase public alerts, and strengthen fine-particle monitoring.",2026-07-16 10:55:13,2026-07-16 04:00:00,330.9865954101304,280.41286570038017,330.9865954101304,381.56032511988064,Very Poor,347.28,Very Poor,Very Poor,-16.293404589869567,Stable,24.71,Low,Proxy derived from ground pollutants and meteorology; not direct satellite imagery,91.02,Critical,54.69,Moderate,57.33,Moderate,56.75,Moderate,1,1,0,Critical forecast hotspot,56.71,Moderate,95,Usable,"Advanced intelligence layer combines real AQI, forecasted AQI, pollutant signals, meteorological dispersion, source attribution, and intervention scoring."
delhi__delhi__nehru_nagar_delhi_dpcc,"Nehru Nagar, Delhi - DPCC",Delhi,Delhi,28.56789,77.250515,2026-07-16 05:00:00,69.0,160.0,30.0,22.0,39.0,18.0,7.0,431.51,Severe,CO,True,Valid AQI,36.1,42,0.0,10.7,10,54.68,Moderate trapping,Dense urban proxy,Proxy from station/city naming,60,55,65.76,2.318840579710145,0.43125,0.7692307692307693,0.6,51.03,27.36,47.53,34.03,47.77,Vehicular traffic,51.03,47.77,3.26,36.7,Low confidence,elevated NO2/CO signal; road-density or urban-pressure influence; traffic/commercial land-use proxy,Aligned,"Immediate intervention: Implement traffic flow control, reduce idling zones, strengthen public transport diversion, and prioritize roadside monitoring.",2026-07-16 10:55:13,2026-07-16 04:00:00,454.659841944445,404.0861122346948,454.659841944445,500.0,Severe,431.51,Severe,Severe,23.14984194444503,Stable,38.82,Low,Proxy derived from ground pollutants and meteorology; not direct satellite imagery,37.06,Low,65.83,High,66.65,High,54.92,Moderate,1,1,0,Critical forecast hotspot,56.64,Moderate,96,Usable,"Advanced intelligence layer combines real AQI, forecasted AQI, pollutant signals, meteorological dispersion, source attribution, and intervention scoring."
bihar__patna__samanpura_patna_bspcb,"Samanpura, Patna - BSPCB",Patna,Bihar,25.596727,85.085624,2026-07-16 05:00:00,41.0,100.0,24.0,5.0,24.0,45.0,5.0,341.42,Very Poor,CO,True,Valid AQI,32.2,71,0.0,7.2,100,80.67,Very high trapping,Dense urban proxy,Proxy from station/city naming,60,55,68.22,2.4390243902439024,0.41,1.0,1.875,46.59,17.54,39.62,35.3,41.35,Vehicular traffic,46.59,41.35,5.24,34.18,Low confidence,elevated NO2/CO signal; road-density or urban-pressure influence; traffic/commercial land-use proxy,Aligned,"Immediate intervention: Implement traffic flow control, reduce idling zones, strengthen public transport diversion, and prioritize roadside monitoring.",2026-07-16 10:55:13,,341.42,341.42,341.42,341.42,,341.42,Very Poor,Very Poor,0.0,Stable,32.93,Low,Proxy derived from ground pollutants and meteorology; not direct satellite imagery,79.67,High,55.36,Moderate,58.03,Moderate,56.54,Moderate,1,1,0,Critical forecast hotspot,56.63,Moderate,97,Forecast unavailable; current AQI used as fallback,"Advanced intelligence layer combines real AQI, forecasted AQI, pollutant signals, meteorological dispersion, source attribution, and intervention scoring."
assam__nagaon__christianpatty_nagaon_pcba,"Christianpatty, Nagaon - PCBA",Nagaon,Assam,26.349082,92.68449,2026-07-16 05:00:00,62.0,55.0,1.0,12.0,22.0,11.0,4.0,329.7,Very Poor,CO,True,Valid AQI,31.2,74,0.0,2.4,90,89.46,Very high trapping,General urban / semi-urban proxy,Proxy from station/city naming,15,20,50.06,0.8870967741935484,1.1272727272727272,0.0454545454545454,11.0,4.33,7.89,15.78,45.63,24.67,Biomass / fine-particle combustion,45.63,24.67,20.96,38.23,Low confidence,PM2.5-heavy fine-particle pattern; CO and stagnant-weather influence; high weather trapping,Partially aligned,"Immediate intervention: Track open burning, control biomass combustion sources, increase public alerts, and strengthen fine-particle monitoring.",2026-07-16 10:55:13,2026-07-16 04:00:00,324.50302157481843,273.9292918650682,324.50302157481843,375.0767512845687,Very Poor,329.7,Very Poor,Very Poor,-5.196978425181555,Stable,23.77,Low,Proxy derived from ground pollutants and meteorology; not direct satellite imagery,93.67,Critical,54.3,Moderate,56.22,Moderate,56.64,Moderate,1,1,0,Critical forecast hotspot,56.48,Moderate,98,Usable,"Advanced intelligence layer combines real AQI, forecasted AQI, pollutant signals, meteorological dispersion, source attribution, and intervention scoring."
madhya_pradesh__jabalpur__marhatal_jabalpur_mppcb,"Marhatal, Jabalpur - MPPCB",Jabalpur,Madhya Pradesh,23.168606,79.932247,2026-07-16 05:00:00,37.0,76.0,25.0,10.0,36.0,32.0,1.0,412.83,Severe,CO,True,Valid AQI,31.6,58,0.0,13.6,95,63.81,High trapping,General urban / semi-urban proxy,Proxy from station/city naming,15,20,47.09,2.054054054054054,0.4868421052631579,0.6944444444444444,1.28,13.15,13.22,24.67,32.09,30.94,Biomass / fine-particle combustion,32.09,30.94,1.15,22.81,Low confidence,PM2.5-heavy fine-particle pattern; CO and stagnant-weather influence; high weather trapping,Partially aligned,"Immediate intervention: Track open burning, control biomass combustion sources, increase public alerts, and strengthen fine-particle monitoring.",2026-07-16 10:55:13,2026-07-16 04:00:00,459.9466228571426,409.3728931473924,459.9466228571426,500.0,Severe,412.83,Severe,Severe,47.1166228571426,Increasing,28.32,Low,Proxy derived from ground pollutants and meteorology; not direct satellite imagery,53.04,Moderate,60.42,High,67.72,High,54.71,Moderate,1,1,1,Critical forecast hotspot,56.3,Moderate,99,Usable,"Advanced intelligence layer combines real AQI, forecasted AQI, pollutant signals, meteorological dispersion, source attribution, and intervention scoring."
uttar_pradesh__noida__sector_125_noida_uppcb,"Sector - 125, Noida - UPPCB",Noida,Uttar Pradesh,28.5447608,77.3231257,2026-07-16 05:00:00,65.0,158.0,45.0,9.0,42.0,13.0,19.0,450.19,Severe,CO,True,Valid AQI,35.6,44,0.0,11.6,8,53.58,Moderate trapping,Industrial / mixed urban proxy,Proxy from station/city naming,70,65,71.93,2.4307692307692306,0.4113924050632911,1.0714285714285714,0.2888888888888888,45.65,47.1,51.56,23.57,50.25,Construction / road dust,51.56,50.25,1.31,36.48,Low confidence,PM10-heavy particulate pattern; road dust / coarse-particle likelihood; high road-density proxy,Partially aligned,"Immediate intervention: Apply dust suppression, cover construction material, clean road dust, and enforce construction-site controls.",2026-07-16 10:55:13,2026-07-16 04:00:00,441.8668017501021,391.2930720403519,441.8668017501021,492.4405314598524,Severe,450.19,Severe,Severe,-8.323198249897871,Stable,40.54,Moderate,Proxy derived from ground pollutants and meteorology; not direct satellite imagery,34.83,Low,66.51,High,65.25,High,54.6,Moderate,1,1,0,Critical forecast hotspot,56.26,Moderate,100,Usable,"Advanced intelligence layer combines real AQI, forecasted AQI, pollutant signals, meteorological dispersion, source attribution, and intervention scoring."
maharashtra__pune__mhada_colony_pune_iitm,"Mhada Colony, Pune - IITM",Pune,Maharashtra,18.57304,73.927715,2026-07-16 05:00:00,42.0,73.0,36.0,,44.0,10.0,,462.64,Severe,CO,True,Valid AQI,28.1,65,0.0,14.1,29,58.88,Moderate trapping,Dense urban proxy,Proxy from station/city naming,60,55,70.41,1.738095238095238,0.5753424657534246,0.8181818181818182,0.2777777777777778,53.52,0.0,38.89,33.47,36.26,Vehicular traffic,53.52,38.89,14.63,41.85,Moderate confidence,elevated NO2/CO signal; road-density or urban-pressure influence; traffic/commercial land-use proxy,Aligned,"Immediate intervention: Implement traffic flow control, reduce idling zones, strengthen public transport diversion, and prioritize roadside monitoring.",2026-07-16 10:55:13,2026-07-16 04:00:00,487.1152685646047,436.5415388548545,487.1152685646047,500.0,Severe,462.64,Severe,Severe,24.475268564604733,Stable,27.25,Low,Proxy derived from ground pollutants and meteorology; not direct satellite imagery,41.3,Moderate,66.0,High,68.73,High,54.13,Moderate,1,1,0,Critical forecast hotspot,56.18,Moderate,101,Usable,"Advanced intelligence layer combines real AQI, forecasted AQI, pollutant signals, meteorological dispersion, source attribution, and intervention scoring."
uttar_pradesh__moradabad__kashiram_nagar_moradabad_uppcb,"Kashiram Nagar, Moradabad - UPPCB",Moradabad,Uttar Pradesh,28.849399,78.742362,2026-07-16 05:00:00,28.0,101.0,24.0,66.0,35.0,8.0,4.0,406.6,Severe,CO,True,Valid AQI,33.8,66,0.0,3.1,11,77.36,High trapping,General urban / semi-urban proxy,Proxy from station/city naming,15,20,52.17,3.607142857142857,0.2772277227722772,0.6857142857142857,0.3333333333333333,12.7,34.69,24.68,35.19,34.43,Biomass / fine-particle combustion,35.19,34.69,0.5,24.78,Low confidence,PM2.5-heavy fine-particle pattern; CO and stagnant-weather influence; high weather trapping,Partially aligned,"Immediate intervention: Track open burning, control biomass combustion sources, increase public alerts, and strengthen fine-particle monitoring.",2026-07-16 10:55:13,2026-07-16 04:00:00,400.7898026984127,350.21607298866246,400.7898026984127,451.3635324081629,Severe,406.6,Severe,Severe,-5.810197301587323,Stable,24.41,Low,Proxy derived from ground pollutants and meteorology; not direct satellite imagery,71.67,High,57.95,Moderate,62.43,High,55.33,Moderate,1,1,0,Critical forecast hotspot,56.17,Moderate,102,Usable,"Advanced intelligence layer combines real AQI, forecasted AQI, pollutant signals, meteorological dispersion, source attribution, and intervention scoring."
maharashtra__pune__panchawati_pashan_pune_iitm,"Panchawati_Pashan, Pune - IITM",Pune,Maharashtra,18.536457,73.805454,2026-07-16 05:00:00,28.0,54.0,9.0,,68.0,2.0,,500.0,Severe,CO,True,Valid AQI,27.2,70,0.0,14.9,42,60.57,High trapping,Dense urban proxy,Proxy from station/city naming,60,55,74.6,1.9285714285714288,0.5185185185185185,0.1323529411764706,0.2222222222222222,51.32,0.0,37.46,36.47,29.9,Vehicular traffic,51.32,37.46,13.86,40.08,Moderate confidence,elevated NO2/CO signal; road-density or urban-pressure influence; traffic/commercial land-use proxy,Aligned,"Immediate intervention: Implement traffic flow control, reduce idling zones, strengthen public transport diversion, and prioritize roadside monitoring.",2026-07-16 10:55:13,2026-07-16 04:00:00,499.9991231559984,449.4253934462481,499.9991231559984,500.0,Severe,500.0,Severe,Severe,-0.0008768440015956003,Stable,20.87,Low,Proxy derived from ground pollutants and meteorology; not direct satellite imagery,43.85,Moderate,67.43,High,69.16,High,53.92,Moderate,1,1,0,Critical forecast hotspot,56.12,Moderate,103,Usable,"Advanced intelligence layer combines real AQI, forecasted AQI, pollutant signals, meteorological dispersion, source attribution, and intervention scoring."
maharashtra__navi_mumbai__mahape_navi_mumbai_mpcb,"Mahape, Navi Mumbai - MPCB",Navi Mumbai,Maharashtra,19.1135051,73.008978,2026-07-16 05:00:00,27.0,59.0,43.0,17.0,47.0,9.0,1.0,481.32,Severe,CO,True,Valid AQI,29.0,74,0.0,13.3,23,63.04,High trapping,General urban / semi-urban proxy,Proxy from station/city naming,15,20,53.15,2.185185185185185,0.4576271186440678,0.9148936170212766,0.2093023255813953,19.86,20.6,22.87,32.83,30.27,Biomass / fine-particle combustion,32.83,30.27,2.56,23.75,Low confidence,PM2.5-heavy fine-particle pattern; CO and stagnant-weather influence; high weather trapping,Partially aligned,"Immediate intervention: Track open burning, control biomass combustion sources, increase public alerts, and strengthen fine-particle monitoring.",2026-07-16 10:55:13,2026-07-16 04:00:00,478.8730295724064,428.29929986265614,478.8730295724064,500.0,Severe,481.32,Severe,Severe,-2.4469704275936124,Stable,24.92,Low,Proxy derived from ground pollutants and meteorology; not direct satellite imagery,46.73,Moderate,64.22,High,68.08,High,54.02,Moderate,1,1,0,Critical forecast hotspot,55.94,Moderate,104,Usable,"Advanced intelligence layer combines real AQI, forecasted AQI, pollutant signals, meteorological dispersion, source attribution, and intervention scoring."
uttar_pradesh__kanpur__nehru_nagar_kanpur_uppcb,"Nehru Nagar, Kanpur - UPPCB",Kanpur,Uttar Pradesh,26.4703136,80.3229863,2026-07-16 05:00:00,59.0,53.0,45.0,12.0,50.0,2.0,,500.0,Severe,CO,True,Valid AQI,34.7,51,0.0,12.0,21,56.73,Moderate trapping,Dense urban proxy,Proxy from station/city naming,60,55,72.99,0.8983050847457628,1.1132075471698113,0.9,0.0444444444444444,56.98,27.61,34.67,40.28,45.08,Vehicular traffic,56.98,45.08,11.9,43.46,Moderate confidence,elevated NO2/CO signal; road-density or urban-pressure influence; traffic/commercial land-use proxy,Aligned,"Immediate intervention: Implement traffic flow control, reduce idling zones, strengthen public transport diversion, and prioritize roadside monitoring.",2026-07-16 10:55:13,2026-07-16 04:00:00,459.15947105759,408.58574134783976,459.15947105759,500.0,Severe,500.0,Severe,Severe,-40.84052894241,Decreasing,27.55,Low,Proxy derived from ground pollutants and meteorology; not direct satellite imagery,39.54,Low,68.62,High,66.43,High,53.93,Moderate,1,1,0,Critical forecast hotspot,55.92,Moderate,105,Usable,"Advanced intelligence layer combines real AQI, forecasted AQI, pollutant signals, meteorological dispersion, source attribution, and intervention scoring."
rajasthan__jaipur__police_commissionerate_jaipur_rspcb,"Police Commissionerate, Jaipur - RSPCB",Jaipur,Rajasthan,26.9164092,75.7994901,2026-07-16 05:00:00,95.0,106.0,52.0,19.0,43.0,28.0,10.0,456.42,Severe,CO,True,Valid AQI,33.8,46,0.0,13.2,2,50.82,Moderate trapping,Dense urban proxy,Proxy from station/city naming,60,55,66.47,1.1157894736842104,0.8962264150943396,1.2093023255813953,0.5384615384615384,57.4,30.5,41.22,39.41,49.45,Vehicular traffic,57.4,49.45,7.95,42.56,Moderate confidence,elevated NO2/CO signal; road-density or urban-pressure influence; traffic/commercial land-use proxy,Aligned,"Immediate intervention: Implement traffic flow control, reduce idling zones, strengthen public transport diversion, and prioritize roadside monitoring.",2026-07-16 10:55:13,2026-07-16 04:00:00,439.0364585846561,388.46272887490585,439.0364585846561,489.6101882944063,Severe,456.42,Severe,Severe,-17.383541415343927,Stable,41.34,Moderate,Proxy derived from ground pollutants and meteorology; not direct satellite imagery,29.66,Low,68.67,High,64.47,High,54.14,Moderate,1,1,0,Critical forecast hotspot,55.9,Moderate,106,Usable,"Advanced intelligence layer combines real AQI, forecasted AQI, pollutant signals, meteorological dispersion, source attribution, and intervention scoring."
bihar__saharsa__police_line_saharsa_bspcb,"Police Line, Saharsa - BSPCB",Saharsa,Bihar,25.892357,86.590325,2026-07-16 05:00:00,,88.0,7.0,17.0,39.0,17.0,4.0,431.51,Severe,CO,True,Valid AQI,31.7,69,0.0,11.5,99,72.05,High trapping,General urban / semi-urban proxy,Proxy from station/city naming,15,20,52.27,,,0.1794871794871795,2.4285714285714284,9.16,13.33,0.0,0.0,26.46,Photochemical smog,26.46,13.33,13.13,22.46,Low confidence,O3 and temperature-related signal; urban photochemical formation likelihood,Partially aligned,"Immediate intervention: Control NOx and VOC sources, reduce peak-hour emissions, and issue ozone/smog exposure advisories.",2026-07-16 10:55:13,2026-07-16 04:00:00,431.4502474648671,380.8765177551169,431.4502474648671,482.02397717461736,Severe,431.51,Severe,Severe,-0.05975253513287271,Stable,22.74,Low,Proxy derived from ground pollutants and meteorology; not direct satellite imagery,65.4,High,58.63,Moderate,64.64,High,54.61,Moderate,1,1,0,Critical forecast hotspot,55.81,Moderate,107,Usable,"Advanced intelligence layer combines real AQI, forecasted AQI, pollutant signals, meteorological dispersion, source attribution, and intervention scoring."
bihar__muzaffarpur__mit_daudpur_kothi_muzaffarpur_bspcb,"MIT-Daudpur Kothi, Muzaffarpur - BSPCB",Muzaffarpur,Bihar,26.1403345,85.3650192,2026-07-16 05:00:00,35.0,34.0,5.0,18.0,37.0,53.0,2.0,419.06,Severe,CO,True,Valid AQI,30.8,76,0.0,11.5,98,74.53,High trapping,General urban / semi-urban proxy,Proxy from station/city naming,15,20,52.15,0.9714285714285714,1.0294117647058822,0.1351351351351351,10.6,8.26,13.09,17.74,39.17,30.2,Biomass / fine-particle combustion,39.17,30.2,8.97,30.11,Low confidence,PM2.5-heavy fine-particle pattern; CO and stagnant-weather influence; high weather trapping,Partially aligned,"Immediate intervention: Track open burning, control biomass combustion sources, increase public alerts, and strengthen fine-particle monitoring.",2026-07-16 10:55:13,2026-07-16 04:00:00,406.22931357142863,355.6555838616784,406.22931357142863,456.8030432811789,Severe,419.06,Severe,Severe,-12.830686428571369,Stable,22.6,Low,Proxy derived from ground pollutants and meteorology; not direct satellite imagery,68.47,High,59.01,Moderate,62.35,High,54.62,Moderate,1,1,0,Critical forecast hotspot,55.61,Moderate,108,Usable,"Advanced intelligence layer combines real AQI, forecasted AQI, pollutant signals, meteorological dispersion, source attribution, and intervention scoring."
jharkhand__jorapokhar__tata_stadium_jorapokhar_jspcb,"Tata Stadium, Jorapokhar - JSPCB",Jorapokhar,Jharkhand,23.707909,86.41467,2026-07-16 05:00:00,47.0,100.0,8.0,4.0,39.0,3.0,3.0,431.51,Severe,CO,True,Valid AQI,30.3,73,0.0,9.1,16,69.57,High trapping,General urban / semi-urban proxy,Proxy from station/city naming,15,20,51.24,2.127659574468085,0.47,0.2051282051282051,0.375,9.41,8.45,25.32,36.07,26.98,Biomass / fine-particle combustion,36.07,26.98,9.09,27.98,Low confidence,PM2.5-heavy fine-particle pattern; CO and stagnant-weather influence; high weather trapping,Partially aligned,"Immediate intervention: Track open burning, control biomass combustion sources, increase public alerts, and strengthen fine-particle monitoring.",2026-07-16 10:55:13,2026-07-16 04:00:00,431.3175339868912,380.7438042771409,431.3175339868912,481.8912636966414,Severe,431.51,Severe,Severe,-0.19246601310879896,Stable,25.62,Low,Proxy derived from ground pollutants and meteorology; not direct satellite imagery,57.65,Moderate,61.48,High,63.88,High,54.26,Moderate,1,1,0,Critical forecast hotspot,55.58,Moderate,109,Usable,"Advanced intelligence layer combines real AQI, forecasted AQI, pollutant signals, meteorological dispersion, source attribution, and intervention scoring."
gujarat__ahmedabad__raikhad_ahmedabad_iitm,"Raikhad, Ahmedabad - IITM",Ahmedabad,Gujarat,23.020509,72.579261,2026-07-16 05:00:00,33.0,76.0,18.0,16.0,42.0,11.0,4.0,450.19,Severe,CO,True,Valid AQI,31.8,60,0.0,8.1,25,67.5,High trapping,Dense urban proxy,Proxy from station/city naming,60,55,72.85,2.303030303030303,0.4342105263157895,0.4285714285714285,0.6111111111111112,48.56,23.43,37.26,34.62,39.02,Vehicular traffic,48.56,39.02,9.54,36.85,Low confidence,elevated NO2/CO signal; road-density or urban-pressure influence; traffic/commercial land-use proxy,Aligned,"Immediate intervention: Implement traffic flow control, reduce idling zones, strengthen public transport diversion, and prioritize roadside monitoring.",2026-07-16 10:55:13,2026-07-16 04:00:00,441.0617230158728,390.4879933061226,441.0617230158728,491.6354527256231,Severe,450.19,Severe,Severe,-9.128276984127183,Stable,22.18,Low,Proxy derived from ground pollutants and meteorology; not direct satellite imagery,56.46,Moderate,62.95,High,64.42,High,53.94,Moderate,1,1,0,Critical forecast hotspot,55.44,Moderate,110,Usable,"Advanced intelligence layer combines real AQI, forecasted AQI, pollutant signals, meteorological dispersion, source attribution, and intervention scoring."
punjab__bathinda__hardev_nagar_bathinda_ppcb,"Hardev Nagar, Bathinda - PPCB",Bathinda,Punjab,30.233011,74.907758,2026-07-16 05:00:00,24.0,37.0,32.0,16.0,66.0,,,500.0,Severe,CO,True,Valid AQI,36.3,47,0.0,8.2,5,60.54,High trapping,General urban / semi-urban proxy,Proxy from station/city naming,15,20,53.85,1.5416666666666667,0.6486486486486487,0.4848484848484848,,20.76,21.11,17.33,38.11,0.0,Biomass / fine-particle combustion,38.11,21.11,17.0,31.78,Low confidence,PM2.5-heavy fine-particle pattern; CO and stagnant-weather influence; high weather trapping,Partially aligned,"Immediate intervention: Track open burning, control biomass combustion sources, increase public alerts, and strengthen fine-particle monitoring.",2026-07-16 10:55:13,2026-07-16 04:00:00,499.93102557822056,449.3572958684703,499.93102557822056,500.0,Severe,500.0,Severe,Severe,-0.06897442177944413,Stable,17.86,Minimal,Proxy derived from ground pollutants and meteorology; not direct satellite imagery,46.0,Moderate,65.05,High,68.75,High,52.91,Moderate,1,1,0,Critical forecast hotspot,55.1,Moderate,111,Usable,"Advanced intelligence layer combines real AQI, forecasted AQI, pollutant signals, meteorological dispersion, source attribution, and intervention scoring."
uttar_pradesh__moradabad__buddhi_vihar_moradabad_uppcb,"Buddhi Vihar, Moradabad - UPPCB",Moradabad,Uttar Pradesh,28.83526,78.7446,2026-07-16 05:00:00,40.0,76.0,29.0,25.0,31.0,32.0,5.0,382.43,Very Poor,CO,True,Valid AQI,33.8,66,0.0,3.1,11,77.36,High trapping,General urban / semi-urban proxy,Proxy from station/city naming,15,20,49.92,1.9,0.5263157894736842,0.935483870967742,1.103448275862069,13.2,19.01,19.71,37.49,38.46,Photochemical smog,38.46,37.49,0.97,27.21,Low confidence,O3 and temperature-related signal; urban photochemical formation likelihood,Partially aligned,"Immediate intervention: Control NOx and VOC sources, reduce peak-hour emissions, and issue ozone/smog exposure advisories.",2026-07-16 10:55:13,2026-07-16 04:00:00,382.5637281424941,331.98999843274385,382.5637281424941,433.1374578522443,Very Poor,382.43,Very Poor,Very Poor,0.13372814249407838,Stable,25.49,Low,Proxy derived from ground pollutants and meteorology; not direct satellite imagery,71.67,High,56.44,Moderate,59.98,Moderate,54.36,Moderate,1,1,0,Critical forecast hotspot,55.02,Moderate,112,Usable,"Advanced intelligence layer combines real AQI, forecasted AQI, pollutant signals, meteorological dispersion, source attribution, and intervention scoring."
punjab__ludhiana__punjab_agricultural_university_ludhiana_ppcb,"Punjab Agricultural University, Ludhiana - PPCB",Ludhiana,Punjab,30.9028,75.8086,2026-07-16 05:00:00,92.0,106.0,32.0,11.0,25.0,71.0,7.0,347.28,Very Poor,CO,True,Valid AQI,34.2,54,0.0,4.6,3,69.43,High trapping,Dense urban proxy,Proxy from station/city naming,60,55,64.07,1.1521739130434785,0.8679245283018868,1.28,2.21875,48.82,21.38,37.38,42.0,53.44,Photochemical smog,53.44,48.82,4.62,38.79,Low confidence,O3 and temperature-related signal; urban photochemical formation likelihood,Partially aligned,"Immediate intervention: Control NOx and VOC sources, reduce peak-hour emissions, and issue ozone/smog exposure advisories.",2026-07-16 10:55:13,2026-07-16 04:00:00,347.7258011228933,297.15207141314306,347.7258011228933,398.29953083264354,Very Poor,347.28,Very Poor,Very Poor,0.44580112289332874,Stable,39.14,Low,Proxy derived from ground pollutants and meteorology; not direct satellite imagery,59.85,Moderate,59.2,Moderate,56.66,Moderate,54.56,Moderate,1,1,0,Critical forecast hotspot,55.0,Moderate,113,Usable,"Advanced intelligence layer combines real AQI, forecasted AQI, pollutant signals, meteorological dispersion, source attribution, and intervention scoring."
madhya_pradesh__indore__regional_park_indore_imc,"Regional Park, Indore - IMC",Indore,Madhya Pradesh,22.678,75.8559,2026-07-16 05:00:00,38.0,,,35.0,88.0,5.0,,500.0,Severe,CO,True,Valid AQI,28.5,64,0.0,12.9,21,59.88,Moderate trapping,Dense urban proxy,Proxy from station/city naming,60,55,74.31,,,,,0.0,0.0,0.0,0.0,0.0,Insufficient pollutant signal,0.0,0.0,0.0,0.0,Low confidence,insufficient source signal,Unknown,Immediate intervention: Improve pollutant data completeness and continue monitoring before assigning a source-specific intervention.,2026-07-16 10:55:13,2026-07-16 04:00:00,499.2318564893317,448.65812677958144,499.2318564893317,500.0,Severe,500.0,Severe,Severe,-0.7681435106683239,Stable,17.49,Minimal,Proxy derived from ground pollutants and meteorology; not direct satellite imagery,42.86,Moderate,67.57,High,67.96,High,52.73,Moderate,1,1,0,Critical forecast hotspot,54.99,Moderate,114,Usable,"Advanced intelligence layer combines real AQI, forecasted AQI, pollutant signals, meteorological dispersion, source attribution, and intervention scoring."
uttar_pradesh__ghaziabad__govindpuram_ghaziabad_uppcb,"Govindpuram, Ghaziabad - UPPCB",Ghaziabad,Uttar Pradesh,28.694528,77.494705,2026-07-16 05:00:00,52.0,91.0,17.0,5.0,42.0,7.0,4.0,450.19,Severe,CO,True,Valid AQI,34.4,53,0.0,9.6,4,60.11,High trapping,Dense urban proxy,Proxy from station/city naming,60,55,69.77,1.75,0.5714285714285714,0.4047619047619047,0.4117647058823529,48.31,18.98,38.82,35.44,42.69,Vehicular traffic,48.31,42.69,5.62,35.5,Low confidence,elevated NO2/CO signal; road-density or urban-pressure influence; traffic/commercial land-use proxy,Aligned,"Immediate intervention: Implement traffic flow control, reduce idling zones, strengthen public transport diversion, and prioritize roadside monitoring.",2026-07-16 10:55:13,2026-07-16 04:00:00,463.70855151882085,413.1348218090706,463.70855151882085,500.0,Severe,450.19,Severe,Severe,13.518551518820857,Stable,25.13,Low,Proxy derived from ground pollutants and meteorology; not direct satellite imagery,44.32,Moderate,64.75,High,65.52,High,52.97,Moderate,1,1,0,Critical forecast hotspot,54.81,Moderate,115,Usable,"Advanced intelligence layer combines real AQI, forecasted AQI, pollutant signals, meteorological dispersion, source attribution, and intervention scoring."
maharashtra__kalyan__pimpleshwar_mandir_kalyan_mpcb,"Pimpleshwar Mandir, Kalyan - MPCB",Kalyan,Maharashtra,19.192056,72.9585188,2026-07-16 05:00:00,56.0,,23.0,11.0,40.0,11.0,6.0,437.74,Severe,CO,True,Valid AQI,29.0,75,0.0,10.6,31,69.09,High trapping,General urban / semi-urban proxy,Proxy from station/city naming,15,20,51.62,,,0.575,0.4782608695652174,13.42,13.86,0.0,0.0,27.61,Photochemical smog,27.61,13.86,13.75,23.45,Low confidence,O3 and temperature-related signal; urban photochemical formation likelihood,Partially aligned,"Immediate intervention: Control NOx and VOC sources, reduce peak-hour emissions, and issue ozone/smog exposure advisories.",2026-07-16 10:55:13,2026-07-16 04:00:00,437.831290708214,387.25756099846376,437.831290708214,488.4050204179642,Severe,437.74,Severe,Severe,0.09129070821398955,Stable,21.09,Low,Proxy derived from ground pollutants and meteorology; not direct satellite imagery,57.07,Moderate,62.26,High,63.39,High,53.33,Moderate,1,1,0,Critical forecast hotspot,54.78,Moderate,116,Usable,"Advanced intelligence layer combines real AQI, forecasted AQI, pollutant signals, meteorological dispersion, source attribution, and intervention scoring."
rajasthan__pali__indira_colony_vistar_pali_rspcb,"Indira Colony Vistar, Pali - RSPCB",Pali,Rajasthan,25.771061,73.340227,2026-07-16 05:00:00,160.0,118.0,24.0,11.0,29.0,29.0,6.0,370.71,Very Poor,CO,True,Valid AQI,33.5,48,0.0,13.1,33,54.84,Moderate trapping,General urban / semi-urban proxy,Proxy from station/city naming,15,20,39.43,0.7375,1.3559322033898304,0.8275862068965517,1.2083333333333333,11.54,12.42,27.23,47.95,35.91,Biomass / fine-particle combustion,47.95,35.91,12.04,37.18,Low confidence,PM2.5-heavy fine-particle pattern; CO and stagnant-weather influence,Partially aligned,"Immediate intervention: Track open burning, control biomass combustion sources, increase public alerts, and strengthen fine-particle monitoring.",2026-07-16 10:55:13,2026-07-16 04:00:00,360.6460084200826,310.07227871033234,360.6460084200826,411.2197381298328,Very Poor,370.71,Very Poor,Very Poor,-10.0639915799174,Stable,49.21,Moderate,Proxy derived from ground pollutants and meteorology; not direct satellite imagery,37.23,Low,64.88,High,57.14,Moderate,53.89,Moderate,1,1,0,Critical forecast hotspot,54.77,Moderate,117,Usable,"Advanced intelligence layer combines real AQI, forecasted AQI, pollutant signals, meteorological dispersion, source attribution, and intervention scoring."
uttar_pradesh__bareilly__civil_lines_bareilly_uppcb,"Civil Lines, Bareilly - UPPCB",Bareilly,Uttar Pradesh,28.359581,79.414455,2026-07-16 05:00:00,43.0,41.0,8.0,76.0,33.0,44.0,4.0,394.14,Very Poor,CO,True,Valid AQI,33.8,66,0.0,2.9,15,78.12,High trapping,General urban / semi-urban proxy,Proxy from station/city naming,15,20,51.32,0.9534883720930232,1.048780487804878,0.2424242424242424,5.5,8.25,35.57,14.58,42.23,37.28,Biomass / fine-particle combustion,42.23,37.28,4.95,31.05,Low confidence,PM2.5-heavy fine-particle pattern; CO and stagnant-weather influence; high weather trapping,Partially aligned,"Immediate intervention: Track open burning, control biomass combustion sources, increase public alerts, and strengthen fine-particle monitoring.",2026-07-16 10:55:13,2026-07-16 04:00:00,396.6478784920636,346.0741487823134,396.6478784920636,447.22160820181386,Very Poor,394.14,Very Poor,Very Poor,2.5078784920636394,Stable,19.21,Minimal,Proxy derived from ground pollutants and meteorology; not direct satellite imagery,73.09,High,57.47,Moderate,60.46,High,53.84,Moderate,1,1,0,Critical forecast hotspot,54.68,Moderate,118,Usable,"Advanced intelligence layer combines real AQI, forecasted AQI, pollutant signals, meteorological dispersion, source attribution, and intervention scoring."
uttar_pradesh__lucknow__talkatora_district_industries_center_lucknow_cpcb,"Talkatora District Industries Center, Lucknow - CPCB",Lucknow,Uttar Pradesh,26.83399722,80.8917361,2026-07-16 05:00:00,80.0,77.0,22.0,8.0,33.0,14.0,7.0,394.14,Very Poor,CO,True,Valid AQI,34.1,59,0.0,7.3,18,67.88,High trapping,Dense urban proxy,Proxy from station/city naming,60,55,67.79,0.9625,1.0389610389610389,0.6666666666666666,0.6363636363636364,47.83,19.68,35.22,42.52,43.24,Vehicular traffic,47.83,43.24,4.59,34.86,Low confidence,elevated NO2/CO signal; road-density or urban-pressure influence; traffic/commercial land-use proxy,Aligned,"Immediate intervention: Implement traffic flow control, reduce idling zones, strengthen public transport diversion, and prioritize roadside monitoring.",2026-07-16 10:55:13,2026-07-16 04:00:00,387.9465954864061,337.3728657766559,387.9465954864061,438.5203251961564,Very Poor,394.14,Very Poor,Very Poor,-6.193404513593862,Stable,29.73,Low,Proxy derived from ground pollutants and meteorology; not direct satellite imagery,57.01,Moderate,61.7,High,59.25,Moderate,53.63,Moderate,1,1,0,Critical forecast hotspot,54.6,Moderate,119,Usable,"Advanced intelligence layer combines real AQI, forecasted AQI, pollutant signals, meteorological dispersion, source attribution, and intervention scoring."
uttar_pradesh__greater_noida__knowledge_park_iii_greater_noida_uppcb,"Knowledge Park - III, Greater Noida - UPPCB",Greater Noida,Uttar Pradesh,28.47272,77.482,2026-07-16 05:00:00,72.0,196.0,25.0,8.0,37.0,14.0,8.0,419.06,Severe,CO,True,Valid AQI,34.8,50,0.0,11.5,5,55.67,Moderate trapping,General urban / semi-urban proxy,Proxy from station/city naming,15,20,44.28,2.7222222222222223,0.3673469387755102,0.6756756756756757,0.56,13.35,12.59,37.57,33.57,36.98,Construction / road dust,37.57,36.98,0.59,26.48,Low confidence,PM10-heavy particulate pattern; road dust / coarse-particle likelihood,Partially aligned,"Immediate intervention: Apply dust suppression, cover construction material, clean road dust, and enforce construction-site controls.",2026-07-16 10:55:13,2026-07-16 04:00:00,410.3268195469767,359.7530898372264,410.3268195469767,460.9005492567269,Severe,419.06,Severe,Severe,-8.733180453023294,Stable,42.96,Moderate,Proxy derived from ground pollutants and meteorology; not direct satellite imagery,37.33,Low,61.77,High,62.14,High,53.23,Moderate,1,1,0,Critical forecast hotspot,54.55,Moderate,120,Usable,"Advanced intelligence layer combines real AQI, forecasted AQI, pollutant signals, meteorological dispersion, source attribution, and intervention scoring."
maharashtra__aurangabad__more_chowk_waluj_aurangabad_mpcb,"More Chowk Waluj, Aurangabad - MPCB",Aurangabad,Maharashtra,19.8389439,75.244448,2026-07-16 05:00:00,50.0,50.0,10.0,28.0,86.0,13.0,7.0,500.0,Severe,CO,True,Valid AQI,28.2,64,0.1,14.9,34,51.31,Moderate trapping,Traffic / commercial proxy,Proxy from station/city naming,30,75,62.32,1.0,1.0,0.1162790697674418,1.3,51.89,27.69,31.59,33.48,25.3,Vehicular traffic,51.89,33.48,18.41,41.85,Moderate confidence,elevated NO2/CO signal; road-density or urban-pressure influence; traffic/commercial land-use proxy,Aligned,"Immediate intervention: Implement traffic flow control, reduce idling zones, strengthen public transport diversion, and prioritize roadside monitoring.",2026-07-16 10:55:13,2026-07-16 04:00:00,499.9991231559984,449.4253934462481,499.9991231559984,500.0,Severe,500.0,Severe,Severe,-0.0008768440015956003,Stable,26.08,Low,Proxy derived from ground pollutants and meteorology; not direct satellite imagery,31.02,Low,67.79,High,68.04,High,52.17,Moderate,1,1,0,Critical forecast hotspot,54.54,Moderate,121,Usable,"Advanced intelligence layer combines real AQI, forecasted AQI, pollutant signals, meteorological dispersion, source attribution, and intervention scoring."
madhya_pradesh__jabalpur__suhagi_jabalpur_jmc,"Suhagi, Jabalpur - JMC",Jabalpur,Madhya Pradesh,23.218135,79.95777,2026-07-16 05:00:00,26.0,19.0,13.0,6.0,49.0,31.0,3.0,493.77,Severe,CO,True,Valid AQI,31.8,58,0.0,13.5,93,63.79,High trapping,General urban / semi-urban proxy,Proxy from station/city naming,15,20,54.62,0.7307692307692307,1.368421052631579,0.2653061224489796,2.3846153846153846,12.63,11.53,16.7,39.86,29.63,Biomass / fine-particle combustion,39.86,29.63,10.23,30.97,Low confidence,PM2.5-heavy fine-particle pattern; CO and stagnant-weather influence; high weather trapping,Partially aligned,"Immediate intervention: Track open burning, control biomass combustion sources, increase public alerts, and strengthen fine-particle monitoring.",2026-07-16 10:55:13,2026-07-16 04:00:00,445.3811972352767,394.8074675255265,445.3811972352767,495.95492694502695,Severe,493.77,Severe,Severe,-48.388802764723266,Decreasing,18.38,Minimal,Proxy derived from ground pollutants and meteorology; not direct satellite imagery,52.94,Moderate,62.8,High,65.03,High,52.61,Moderate,1,1,0,Critical forecast hotspot,54.36,Moderate,122,Usable,"Advanced intelligence layer combines real AQI, forecasted AQI, pollutant signals, meteorological dispersion, source attribution, and intervention scoring."
rajasthan__jaipur__shastri_nagar_jaipur_rspcb,"Shastri Nagar, Jaipur - RSPCB",Jaipur,Rajasthan,26.9502929,75.730943,2026-07-16 05:00:00,97.0,117.0,26.0,20.0,39.0,37.0,9.0,431.51,Severe,CO,True,Valid AQI,32.6,52,0.0,13.9,8,52.36,Moderate trapping,Dense urban proxy,Proxy from station/city naming,60,55,64.79,1.2061855670103092,0.8290598290598291,0.6666666666666666,1.4230769230769231,50.01,25.9,42.85,38.59,45.58,Vehicular traffic,50.01,45.58,4.43,36.34,Low confidence,elevated NO2/CO signal; road-density or urban-pressure influence; traffic/commercial land-use proxy,Aligned,"Immediate intervention: Implement traffic flow control, reduce idling zones, strengthen public transport diversion, and prioritize roadside monitoring.",2026-07-16 10:55:13,2026-07-16 04:00:00,425.6490642670403,375.07533455729,425.6490642670403,476.2227939767905,Severe,431.51,Severe,Severe,-5.860935732959717,Stable,39.6,Low,Proxy derived from ground pollutants and meteorology; not direct satellite imagery,31.55,Low,66.2,High,62.02,High,52.7,Moderate,1,1,0,Critical forecast hotspot,54.31,Moderate,123,Usable,"Advanced intelligence layer combines real AQI, forecasted AQI, pollutant signals, meteorological dispersion, source attribution, and intervention scoring."
madhya_pradesh__indore__airport_area_indore_imc,"Airport Area, Indore - IMC",Indore,Madhya Pradesh,22.7289,75.8076,2026-07-16 05:00:00,61.0,58.0,45.0,7.0,40.0,5.0,0.0,437.74,Severe,CO,True,Valid AQI,28.7,66,0.0,12.9,20,60.52,High trapping,Industrial / mixed urban proxy,Proxy from station/city naming,70,65,73.67,0.9508196721311476,1.0517241379310345,1.125,0.1111111111111111,45.26,46.03,39.38,28.85,39.73,Industrial combustion,46.03,45.26,0.77,32.45,Low confidence,SO2 and combustion-related pollutant influence; industrial land-use proxy,Aligned,"Immediate intervention: Increase industrial emission inspection, check stack compliance, enforce fuel-quality standards, and monitor nearby industrial clusters.",2026-07-16 10:55:13,2026-07-16 04:00:00,438.07412774234894,387.5003980325987,438.07412774234894,488.6478574520992,Severe,437.74,Severe,Severe,0.33412774234892595,Stable,28.95,Low,Proxy derived from ground pollutants and meteorology; not direct satellite imagery,43.6,Moderate,64.24,High,62.91,High,52.65,Moderate,1,1,0,Critical forecast hotspot,54.26,Moderate,124,Usable,"Advanced intelligence layer combines real AQI, forecasted AQI, pollutant signals, meteorological dispersion, source attribution, and intervention scoring."
haryana__manesar__sector_2_imt_manesar_hspcb,"Sector-2 IMT, Manesar - HSPCB",Manesar,Haryana,28.360699,76.93609,2026-07-16 05:00:00,164.0,114.0,39.0,13.0,32.0,8.0,11.0,388.28,Very Poor,CO,True,Valid AQI,34.5,50,0.0,15.0,2,49.03,Moderate trapping,Industrial / mixed urban proxy,Proxy from station/city naming,35,30,47.16,0.6951219512195121,1.4385964912280702,1.21875,0.2051282051282051,23.89,39.82,33.11,37.67,41.31,Photochemical smog,41.31,39.82,1.49,29.36,Low confidence,O3 and temperature-related signal; urban photochemical formation likelihood,Partially aligned,"Immediate intervention: Control NOx and VOC sources, reduce peak-hour emissions, and issue ozone/smog exposure advisories.",2026-07-16 10:55:13,2026-07-16 04:00:00,389.8143200638058,339.24059035405554,389.8143200638058,440.388049773556,Very Poor,388.28,Very Poor,Very Poor,1.5343200638058079,Stable,49.38,Moderate,Proxy derived from ground pollutants and meteorology; not direct satellite imagery,26.03,Low,67.29,High,58.48,Moderate,52.81,Moderate,1,1,0,Critical forecast hotspot,54.1,Moderate,125,Usable,"Advanced intelligence layer combines real AQI, forecasted AQI, pollutant signals, meteorological dispersion, source attribution, and intervention scoring."
odisha__brajrajnagar__gm_office_brajrajnagar_ospcb,"GM Office, Brajrajnagar - OSPCB",Brajrajnagar,Odisha,21.8004996,83.8396977,2026-07-16 05:00:00,25.0,35.0,23.0,24.0,28.0,42.0,4.0,364.85,Very Poor,CO,True,Valid AQI,28.6,80,0.0,8.3,98,81.79,Very high trapping,General urban / semi-urban proxy,Proxy from station/city naming,15,20,50.13,1.4,0.7142857142857143,0.8214285714285714,1.826086956521739,11.09,17.16,16.97,36.61,28.13,Biomass / fine-particle combustion,36.61,28.13,8.48,28.17,Low confidence,PM2.5-heavy fine-particle pattern; CO and stagnant-weather influence; high weather trapping,Partially aligned,"Immediate intervention: Track open burning, control biomass combustion sources, increase public alerts, and strengthen fine-particle monitoring.",2026-07-16 10:55:13,2026-07-16 04:00:00,354.65653965470807,304.08280994495783,354.65653965470807,405.2302693644583,Very Poor,364.85,Very Poor,Very Poor,-10.193460345291953,Stable,22.75,Low,Proxy derived from ground pollutants and meteorology; not direct satellite imagery,80.11,Critical,52.85,Moderate,57.57,Moderate,53.7,Moderate,1,1,0,Critical forecast hotspot,54.04,Moderate,126,Usable,"Advanced intelligence layer combines real AQI, forecasted AQI, pollutant signals, meteorological dispersion, source attribution, and intervention scoring."
chandigarh__chandigarh__sector_22_chandigarh_cpcc,"Sector 22, Chandigarh - CPCC",Chandigarh,Chandigarh,30.735567,76.775714,2026-07-16 05:00:00,39.0,54.0,8.0,6.0,37.0,15.0,16.0,419.06,Severe,CO,True,Valid AQI,32.9,59,0.0,5.2,20,71.88,High trapping,Industrial / mixed urban proxy,Proxy from station/city naming,35,30,59.56,1.3846153846153846,0.7222222222222222,0.2162162162162162,1.875,16.98,32.57,23.11,28.13,35.42,Photochemical smog,35.42,32.57,2.85,25.65,Low confidence,O3 and temperature-related signal; urban photochemical formation likelihood,Partially aligned,"Immediate intervention: Control NOx and VOC sources, reduce peak-hour emissions, and issue ozone/smog exposure advisories.",2026-07-16 10:55:13,2026-07-16 04:00:00,419.393922150485,368.8201924407348,419.393922150485,469.96765186023526,Severe,419.06,Severe,Severe,0.33392215048502294,Stable,18.08,Minimal,Proxy derived from ground pollutants and meteorology; not direct satellite imagery,63.82,High,59.31,Moderate,61.39,High,52.59,Moderate,1,1,0,Critical forecast hotspot,53.81,Moderate,127,Usable,"Advanced intelligence layer combines real AQI, forecasted AQI, pollutant signals, meteorological dispersion, source attribution, and intervention scoring."
chhattisgarh__bilaspur__mangala_bilaspur_ntpc,"Mangala, Bilaspur - NTPC",Bilaspur,Chhattisgarh,22.08815,82.13737,2026-07-16 05:00:00,40.0,49.0,17.0,13.0,31.0,,,382.43,Very Poor,CO,True,Valid AQI,31.5,65,0.0,8.1,99,76.74,High trapping,General urban / semi-urban proxy,Proxy from station/city naming,15,20,49.66,1.225,0.8163265306122449,0.5483870967741935,,10.15,12.31,18.16,38.31,0.0,Biomass / fine-particle combustion,38.31,18.16,20.15,32.86,Low confidence,PM2.5-heavy fine-particle pattern; CO and stagnant-weather influence; high weather trapping,Partially aligned,"Immediate intervention: Track open burning, control biomass combustion sources, increase public alerts, and strengthen fine-particle monitoring.",2026-07-16 10:55:13,2026-07-16 04:00:00,368.2079307831117,317.63420107336145,368.2079307831117,418.78166049286193,Very Poor,382.43,Very Poor,Very Poor,-14.222069216888315,Stable,21.98,Low,Proxy derived from ground pollutants and meteorology; not direct satellite imagery,73.91,High,55.25,Moderate,58.15,Moderate,53.2,Moderate,1,1,0,Critical forecast hotspot,53.8,Moderate,128,Usable,"Advanced intelligence layer combines real AQI, forecasted AQI, pollutant signals, meteorological dispersion, source attribution, and intervention scoring."
delhi__delhi__nsut_jaffarpur_delhi_dpcc,"NSUT Jaffarpur, Delhi - DPCC",Delhi,Delhi,28.594004,76.909423,2026-07-16 05:00:00,66.0,123.0,17.0,6.0,45.0,14.0,3.0,468.87,Severe,CO,True,Valid AQI,34.8,50,0.0,14.6,2,49.76,Moderate trapping,Dense urban proxy,Proxy from station/city naming,60,55,67.19,1.8636363636363635,0.5365853658536586,0.3777777777777777,0.8235294117647058,48.89,19.8,44.69,33.53,44.29,Vehicular traffic,48.89,44.69,4.2,35.48,Low confidence,elevated NO2/CO signal; road-density or urban-pressure influence; traffic/commercial land-use proxy,Aligned,"Immediate intervention: Implement traffic flow control, reduce idling zones, strengthen public transport diversion, and prioritize roadside monitoring.",2026-07-16 10:55:13,2026-07-16 04:00:00,473.4981613088187,422.9244315990685,473.4981613088187,500.0,Severe,468.87,Severe,Severe,4.628161308818676,Stable,32.02,Low,Proxy derived from ground pollutants and meteorology; not direct satellite imagery,27.26,Low,66.71,High,65.34,High,51.47,Moderate,1,1,0,Critical forecast hotspot,53.62,Moderate,129,Usable,"Advanced intelligence layer combines real AQI, forecasted AQI, pollutant signals, meteorological dispersion, source attribution, and intervention scoring."
chhattisgarh__bhilai__hathkhoj_bhilai_cecb,"Hathkhoj, Bhilai - CECB",Bhilai,Chhattisgarh,21.224231,81.40835,2026-07-16 05:00:00,36.0,56.0,23.0,14.0,31.0,7.0,5.0,382.43,Very Poor,CO,True,Valid AQI,29.0,71,0.0,11.7,100,72.53,High trapping,General urban / semi-urban proxy,Proxy from station/city naming,15,20,47.9,1.5555555555555556,0.6428571428571429,0.7419354838709677,0.3043478260869565,11.67,13.71,20.98,34.76,23.59,Biomass / fine-particle combustion,34.76,23.59,11.17,27.68,Low confidence,PM2.5-heavy fine-particle pattern; CO and stagnant-weather influence; high weather trapping,Partially aligned,"Immediate intervention: Track open burning, control biomass combustion sources, increase public alerts, and strengthen fine-particle monitoring.",2026-07-16 10:55:13,2026-07-16 04:00:00,393.485480194766,342.9117504850158,393.485480194766,444.05920990451625,Very Poor,382.43,Very Poor,Very Poor,11.055480194766005,Stable,24.27,Low,Proxy derived from ground pollutants and meteorology; not direct satellite imagery,65.93,High,55.52,Moderate,60.02,High,52.7,Moderate,1,1,0,Critical forecast hotspot,53.57,Moderate,130,Usable,"Advanced intelligence layer combines real AQI, forecasted AQI, pollutant signals, meteorological dispersion, source attribution, and intervention scoring."
delhi__delhi__iit_delhi_delhi_iitm,"IIT Delhi, Delhi - IITM",Delhi,Delhi,28.54246,77.191651,2026-07-16 05:00:00,73.0,224.0,37.0,,30.0,24.0,,376.57,Very Poor,CO,True,Valid AQI,35.3,45,0.0,11.3,3,53.99,Moderate trapping,Dense urban proxy,Proxy from station/city naming,60,55,60.36,3.068493150684932,0.3258928571428571,1.2333333333333334,0.6486486486486487,51.06,0.0,55.71,31.64,48.83,Construction / road dust,55.71,51.06,4.65,40.39,Moderate confidence,PM10-heavy particulate pattern; road dust / coarse-particle likelihood,Partially aligned,"Immediate intervention: Apply dust suppression, cover construction material, clean road dust, and enforce construction-site controls.",2026-07-16 10:55:13,2026-07-16 04:00:00,390.99579420816855,340.4220644984183,390.99579420816855,441.5695239179188,Very Poor,376.57,Very Poor,Very Poor,14.425794208168554,Stable,47.21,Moderate,Proxy derived from ground pollutants and meteorology; not direct satellite imagery,35.19,Low,59.72,Moderate,59.9,Moderate,52.37,Moderate,1,1,0,Critical forecast hotspot,53.49,Moderate,131,Usable,"Advanced intelligence layer combines real AQI, forecasted AQI, pollutant signals, meteorological dispersion, source attribution, and intervention scoring."
delhi__delhi__talkatora_garden_delhi_dpcc,"Talkatora Garden, Delhi - DPCC",Delhi,Delhi,28.62181,77.1944633,2026-07-16 05:00:00,67.0,123.0,23.0,,39.0,10.0,4.0,431.51,Severe,CO,True,Valid AQI,35.6,45,0.0,10.4,8,56.12,Moderate trapping,Dense urban proxy,Proxy from station/city naming,60,55,66.36,1.835820895522388,0.5447154471544715,0.5897435897435898,0.4347826086956521,49.25,0.0,42.75,35.07,45.21,Vehicular traffic,49.25,45.21,4.04,35.69,Low confidence,elevated NO2/CO signal; road-density or urban-pressure influence; traffic/commercial land-use proxy,Aligned,"Immediate intervention: Implement traffic flow control, reduce idling zones, strengthen public transport diversion, and prioritize roadside monitoring.",2026-07-16 10:55:13,2026-07-16 04:00:00,432.3925869759779,381.81885726622767,432.3925869759779,482.96631668572815,Severe,431.51,Severe,Severe,0.8825869759779152,Stable,32.15,Low,Proxy derived from ground pollutants and meteorology; not direct satellite imagery,38.96,Low,63.44,High,62.1,High,51.88,Moderate,1,1,0,Critical forecast hotspot,53.48,Moderate,132,Usable,"Advanced intelligence layer combines real AQI, forecasted AQI, pollutant signals, meteorological dispersion, source attribution, and intervention scoring."
bihar__munger__town_hall_munger_bspcb,"Town Hall, Munger - BSPCB",Munger,Bihar,25.376776,86.471523,2026-07-16 05:00:00,44.0,68.0,2.0,11.0,36.0,4.0,3.0,412.83,Severe,CO,True,Valid AQI,32.6,68,0.0,10.6,66,70.02,High trapping,General urban / semi-urban proxy,Proxy from station/city naming,15,20,49.68,1.5454545454545454,0.6470588235294118,0.0555555555555555,2.0,7.3,9.71,21.77,36.23,26.79,Biomass / fine-particle combustion,36.23,26.79,9.44,28.19,Low confidence,PM2.5-heavy fine-particle pattern; CO and stagnant-weather influence; high weather trapping,Partially aligned,"Immediate intervention: Track open burning, control biomass combustion sources, increase public alerts, and strengthen fine-particle monitoring.",2026-07-16 10:55:13,2026-07-16 04:00:00,409.42518247843367,358.85145276868343,409.42518247843367,459.9989121881839,Severe,412.83,Severe,Severe,-3.404817521566315,Stable,21.82,Low,Proxy derived from ground pollutants and meteorology; not direct satellite imagery,60.95,High,58.29,Moderate,60.65,High,52.24,Moderate,1,1,0,Critical forecast hotspot,53.38,Moderate,133,Usable,"Advanced intelligence layer combines real AQI, forecasted AQI, pollutant signals, meteorological dispersion, source attribution, and intervention scoring."
haryana__palwal__shyam_nagar_palwal_hspcb,"Shyam Nagar, Palwal - HSPCB",Palwal,Haryana,28.1485564,77.3320667,2026-07-16 05:00:00,52.0,81.0,24.0,11.0,47.0,5.0,8.0,481.32,Severe,CO,True,Valid AQI,34.2,53,0.0,13.8,6,52.71,Moderate trapping,General urban / semi-urban proxy,Proxy from station/city naming,15,20,48.84,1.5576923076923077,0.6419753086419753,0.5106382978723404,0.2083333333333333,15.03,15.04,24.64,34.12,34.76,Photochemical smog,34.76,34.12,0.64,24.52,Low confidence,O3 and temperature-related signal; urban photochemical formation likelihood,Partially aligned,"Immediate intervention: Control NOx and VOC sources, reduce peak-hour emissions, and issue ozone/smog exposure advisories.",2026-07-16 10:55:13,2026-07-16 04:00:00,490.5174525479343,439.943722838184,490.5174525479343,500.0,Severe,481.32,Severe,Severe,9.19745254793429,Stable,25.58,Low,Proxy derived from ground pollutants and meteorology; not direct satellite imagery,31.92,Low,65.08,High,66.82,High,51.07,Moderate,1,1,0,Critical forecast hotspot,53.35,Moderate,134,Usable,"Advanced intelligence layer combines real AQI, forecasted AQI, pollutant signals, meteorological dispersion, source attribution, and intervention scoring."
delhi__delhi__vivek_vihar_delhi_dpcc,"Vivek Vihar, Delhi - DPCC",Delhi,Delhi,28.672342,77.31526,2026-07-16 05:00:00,62.0,163.0,38.0,10.0,34.0,20.0,6.0,400.0,Very Poor,CO,True,Valid AQI,36.6,40,0.0,10.2,8,54.65,Moderate trapping,Dense urban proxy,Proxy from station/city naming,60,55,62.82,2.629032258064516,0.3803680981595092,1.1176470588235294,0.5263157894736842,52.09,23.32,48.04,32.06,49.8,Vehicular traffic,52.09,49.8,2.29,37.15,Low confidence,elevated NO2/CO signal; road-density or urban-pressure influence; traffic/commercial land-use proxy,Aligned,"Immediate intervention: Implement traffic flow control, reduce idling zones, strengthen public transport diversion, and prioritize roadside monitoring.",2026-07-16 10:55:13,2026-07-16 04:00:00,417.98848464382496,367.4147549340747,417.98848464382496,468.5622143535752,Severe,400.0,Very Poor,Severe,17.98848464382496,Stable,38.75,Low,Proxy derived from ground pollutants and meteorology; not direct satellite imagery,37.24,Low,60.7,High,61.66,High,51.91,Moderate,1,1,0,Critical forecast hotspot,53.32,Moderate,135,Usable,"Advanced intelligence layer combines real AQI, forecasted AQI, pollutant signals, meteorological dispersion, source attribution, and intervention scoring."
tamil_nadu__chennai__perungudi_chennai_tnpcb,"Perungudi, Chennai - TNPCB",Chennai,Tamil Nadu,12.9533,80.2357,2026-07-16 05:00:00,61.0,187.0,6.0,5.0,32.0,2.0,0.0,388.28,Very Poor,CO,True,Valid AQI,34.6,41,0.0,13.5,99,58.14,Moderate trapping,Dense urban proxy,Proxy from station/city naming,60,55,63.18,3.065573770491804,0.3262032085561497,0.1875,0.3333333333333333,43.57,15.66,52.7,31.3,36.09,Construction / road dust,52.7,43.57,9.13,39.63,Low confidence,PM10-heavy particulate pattern; road dust / coarse-particle likelihood,Partially aligned,"Immediate intervention: Apply dust suppression, cover construction material, clean road dust, and enforce construction-site controls.",2026-07-16 10:55:13,2026-07-16 04:00:00,379.7474552103053,329.17372550055507,379.7474552103053,430.32118492005554,Very Poor,388.28,Very Poor,Very Poor,-8.532544789694668,Stable,39.11,Low,Proxy derived from ground pollutants and meteorology; not direct satellite imagery,46.22,Moderate,58.92,Moderate,58.68,Moderate,52.35,Moderate,1,1,0,Critical forecast hotspot,53.31,Moderate,136,Usable,"Advanced intelligence layer combines real AQI, forecasted AQI, pollutant signals, meteorological dispersion, source attribution, and intervention scoring."
west_bengal__asansol__mahabir_colliery_asansol_wbpcb,"Mahabir Colliery, Asansol - WBPCB",Asansol,West Bengal,23.618183,87.105718,2026-07-16 05:00:00,26.0,36.0,2.0,8.0,47.0,12.0,0.0,481.32,Severe,CO,True,Valid AQI,31.4,72,0.1,12.7,67,61.54,High trapping,General urban / semi-urban proxy,Proxy from station/city naming,15,20,52.52,1.3846153846153846,0.7222222222222222,0.0425531914893617,6.0,9.44,10.15,16.55,34.4,23.84,Biomass / fine-particle combustion,34.4,23.84,10.56,27.25,Low confidence,PM2.5-heavy fine-particle pattern; CO and stagnant-weather influence; high weather trapping,Partially aligned,"Immediate intervention: Track open burning, control biomass combustion sources, increase public alerts, and strengthen fine-particle monitoring.",2026-07-16 10:55:13,2026-07-16 04:00:00,469.69449564024166,419.1207659304914,469.69449564024166,500.0,Severe,481.32,Severe,Severe,-11.625504359758338,Stable,16.93,Minimal,Proxy derived from ground pollutants and meteorology; not direct satellite imagery,48.22,Moderate,62.27,High,65.34,High,51.31,Moderate,1,1,0,Critical forecast hotspot,53.26,Moderate,137,Usable,"Advanced intelligence layer combines real AQI, forecasted AQI, pollutant signals, meteorological dispersion, source attribution, and intervention scoring."
west_bengal__haldia__priyambada_housing_estate_haldia_wbpcb,"Priyambada Housing Estate, Haldia - WBPCB",Haldia,West Bengal,22.06047,88.109737,2026-07-16 05:00:00,21.0,33.0,10.0,7.0,37.0,24.0,4.0,419.06,Severe,CO,True,Valid AQI,31.3,71,0.1,5.5,53,72.8,High trapping,Industrial / mixed urban proxy,Proxy from station/city naming,35,30,59.95,1.5714285714285714,0.6363636363636364,0.2702702702702703,2.4,17.49,33.3,18.73,25.76,30.76,Industrial combustion,33.3,30.76,2.54,24.07,Low confidence,SO2 and combustion-related pollutant influence; industrial land-use proxy,Aligned,"Immediate intervention: Increase industrial emission inspection, check stack compliance, enforce fuel-quality standards, and monitor nearby industrial clusters.",2026-07-16 10:55:13,2026-07-16 04:00:00,411.16217350243153,360.5884437926813,411.16217350243153,461.73590321218177,Severe,419.06,Severe,Severe,-7.897826497568474,Stable,16.13,Minimal,Proxy derived from ground pollutants and meteorology; not direct satellite imagery,66.86,High,57.19,Moderate,60.69,High,51.96,Moderate,1,1,0,Critical forecast hotspot,53.1,Moderate,138,Usable,"Advanced intelligence layer combines real AQI, forecasted AQI, pollutant signals, meteorological dispersion, source attribution, and intervention scoring."
andhra_pradesh__visakhapatnam__gvm_corporation_visakhapatnam_appcb,"GVM Corporation, Visakhapatnam - APPCB",Visakhapatnam,Andhra Pradesh,17.72,83.3,2026-07-16 05:00:00,67.0,140.0,93.0,34.0,12.0,6.0,4.0,228.26,Poor,CO,True,Valid AQI,32.3,52,0.0,5.7,100,76.4,High trapping,General urban / semi-urban proxy,Proxy from station/city naming,15,20,35.16,2.08955223880597,0.4785714285714286,7.75,0.064516129032258,25.78,30.59,28.05,35.49,36.56,Photochemical smog,36.56,35.49,1.07,25.91,Low confidence,O3 and temperature-related signal; urban photochemical formation likelihood,Partially aligned,"High-priority intervention: Control NOx and VOC sources, reduce peak-hour emissions, and issue ozone/smog exposure advisories.",2026-07-16 10:55:13,2026-07-16 04:00:00,269.9885752834335,219.41484557368324,269.9885752834335,320.5623049931837,Poor,228.26,Poor,Poor,41.728575283433486,Increasing,47.46,Moderate,Proxy derived from ground pollutants and meteorology; not direct satellite imagery,75.37,High,45.5,Moderate,51.57,Moderate,53.69,Moderate,1,1,1,High forecast hotspot,53.07,Moderate,139,Usable,"Advanced intelligence layer combines real AQI, forecasted AQI, pollutant signals, meteorological dispersion, source attribution, and intervention scoring."
andhra_pradesh__vijayawada__hb_colony_vijayawada_appcb,"HB Colony, Vijayawada - APPCB",Vijayawada,Andhra Pradesh,16.536107,80.594233,2026-07-16 05:00:00,66.0,67.0,15.0,12.0,34.0,16.0,3.0,400.0,Very Poor,CO,True,Valid AQI,31.0,61,0.0,15.2,100,62.52,High trapping,General urban / semi-urban proxy,Proxy from station/city naming,15,20,45.36,1.0151515151515151,0.9850746268656716,0.4411764705882353,1.0666666666666669,10.22,12.01,23.04,37.71,26.4,Biomass / fine-particle combustion,37.71,26.4,11.31,29.79,Low confidence,PM2.5-heavy fine-particle pattern; CO and stagnant-weather influence; high weather trapping,Partially aligned,"Immediate intervention: Track open burning, control biomass combustion sources, increase public alerts, and strengthen fine-particle monitoring.",2026-07-16 10:55:13,2026-07-16 04:00:00,405.9597046640214,355.38597495427115,405.9597046640214,456.5334343737716,Severe,400.0,Very Poor,Severe,5.9597046640213875,Stable,29.42,Low,Proxy derived from ground pollutants and meteorology; not direct satellite imagery,50.58,Moderate,59.01,Moderate,60.07,High,51.72,Moderate,1,1,0,Critical forecast hotspot,52.92,Moderate,140,Usable,"Advanced intelligence layer combines real AQI, forecasted AQI, pollutant signals, meteorological dispersion, source attribution, and intervention scoring."
rajasthan__udaipur__ashok_nagar_udaipur_rspcb,"Ashok Nagar, Udaipur - RSPCB",Udaipur,Rajasthan,24.5886166,73.6321397,2026-07-16 05:00:00,71.0,108.0,15.0,9.0,34.0,4.0,4.0,400.0,Very Poor,CO,True,Valid AQI,28.5,62,0.0,13.5,50,60.96,High trapping,General urban / semi-urban proxy,Proxy from station/city naming,15,20,44.71,1.5211267605633805,0.6574074074074074,0.4411764705882353,0.2666666666666666,10.22,10.85,27.37,35.85,24.02,Biomass / fine-particle combustion,35.85,27.37,8.48,27.64,Low confidence,PM2.5-heavy fine-particle pattern; CO and stagnant-weather influence; high weather trapping,Partially aligned,"Immediate intervention: Track open burning, control biomass combustion sources, increase public alerts, and strengthen fine-particle monitoring.",2026-07-16 10:55:13,2026-07-16 04:00:00,407.3959067532469,356.82217704349665,407.3959067532469,457.96963646299713,Severe,400.0,Very Poor,Severe,7.395906753246891,Stable,32.15,Low,Proxy derived from ground pollutants and meteorology; not direct satellite imagery,46.02,Moderate,59.41,Moderate,60.12,High,51.49,Moderate,1,1,0,Critical forecast hotspot,52.75,Moderate,141,Usable,"Advanced intelligence layer combines real AQI, forecasted AQI, pollutant signals, meteorological dispersion, source attribution, and intervention scoring."
odisha__bhubaneswar__patia_bhubaneswar_ospcb,"Patia, Bhubaneswar - OSPCB",Bhubaneswar,Odisha,20.34652,85.8163,2026-07-16 05:00:00,37.0,65.0,10.0,12.0,47.0,44.0,2.0,481.32,Severe,CO,True,Valid AQI,25.8,95,0.4,21.1,100,39.34,Moderate trapping,General urban / semi-urban proxy,Proxy from station/city naming,15,20,43.26,1.7567567567567568,0.5692307692307692,0.2127659574468085,4.4,11.47,13.06,16.48,27.0,13.1,Biomass / fine-particle combustion,27.0,16.48,10.52,22.06,Low confidence,PM2.5-heavy fine-particle pattern; CO and stagnant-weather influence,Partially aligned,"Immediate intervention: Track open burning, control biomass combustion sources, increase public alerts, and strengthen fine-particle monitoring.",2026-07-16 10:55:13,2026-07-16 04:00:00,473.418076783807,422.8443470740568,473.418076783807,500.0,Severe,481.32,Severe,Severe,-7.9019232161929835,Stable,29.68,Low,Proxy derived from ground pollutants and meteorology; not direct satellite imagery,30.0,Low,62.71,High,65.57,High,50.42,Moderate,1,1,0,Critical forecast hotspot,52.55,Moderate,142,Usable,"Advanced intelligence layer combines real AQI, forecasted AQI, pollutant signals, meteorological dispersion, source attribution, and intervention scoring."
west_bengal__howrah__ghusuri_howrah_wbpcb,"Ghusuri, Howrah - WBPCB",Howrah,West Bengal,22.611968,88.347422,2026-07-16 05:00:00,39.0,48.0,56.0,9.0,24.0,20.0,3.0,341.42,Very Poor,CO,True,Valid AQI,30.1,78,0.0,11.4,96,75.24,High trapping,General urban / semi-urban proxy,Proxy from station/city naming,15,20,45.21,1.2307692307692308,0.8125,2.333333333333333,0.3571428571428571,18.7,16.34,19.55,35.69,31.23,Biomass / fine-particle combustion,35.69,31.23,4.46,26.32,Low confidence,PM2.5-heavy fine-particle pattern; CO and stagnant-weather influence; high weather trapping,Partially aligned,"Immediate intervention: Track open burning, control biomass combustion sources, increase public alerts, and strengthen fine-particle monitoring.",2026-07-16 10:55:13,2026-07-16 04:00:00,345.3255328595619,294.7518031498117,345.3255328595619,395.89926256931216,Very Poor,341.42,Very Poor,Very Poor,3.9055328595619017,Stable,30.16,Low,Proxy derived from ground pollutants and meteorology; not direct satellite imagery,69.3,High,51.6,Moderate,55.74,Moderate,52.09,Moderate,1,1,0,Critical forecast hotspot,52.43,Moderate,143,Usable,"Advanced intelligence layer combines real AQI, forecasted AQI, pollutant signals, meteorological dispersion, source attribution, and intervention scoring."
rajasthan__jhalawar__rajlaxmi_nagar_jhalawar_rspcb,"Rajlaxmi Nagar, Jhalawar - RSPCB",Jhalawar,Rajasthan,24.588397,76.172782,2026-07-16 05:00:00,39.0,74.0,29.0,9.0,40.0,38.0,4.0,437.74,Severe,CO,True,Valid AQI,32.1,57,0.0,13.3,29,57.39,Moderate trapping,General urban / semi-urban proxy,Proxy from station/city naming,15,20,46.73,1.8974358974358971,0.527027027027027,0.725,1.3103448275862069,14.95,14.09,24.11,31.83,36.24,Photochemical smog,36.24,31.83,4.41,26.69,Low confidence,O3 and temperature-related signal; urban photochemical formation likelihood,Partially aligned,"Immediate intervention: Control NOx and VOC sources, reduce peak-hour emissions, and issue ozone/smog exposure advisories.",2026-07-16 10:55:13,2026-07-16 04:00:00,456.74463828042366,406.1709085706734,456.74463828042366,500.0,Severe,437.74,Severe,Severe,19.00463828042365,Stable,26.59,Low,Proxy derived from ground pollutants and meteorology; not direct satellite imagery,40.01,Moderate,60.04,High,64.14,High,50.57,Moderate,1,1,0,Critical forecast hotspot,52.4,Moderate,144,Usable,"Advanced intelligence layer combines real AQI, forecasted AQI, pollutant signals, meteorological dispersion, source attribution, and intervention scoring."
uttar_pradesh__lucknow__kendriya_vidyalaya_lucknow_cpcb,"Kendriya Vidyalaya, Lucknow - CPCB",Lucknow,Uttar Pradesh,26.906111,80.948222,2026-07-16 05:00:00,70.0,70.0,29.0,5.0,28.0,19.0,15.0,364.85,Very Poor,CO,True,Valid AQI,34.0,60,0.0,6.8,18,69.15,High trapping,Dense urban proxy,Proxy from station/city naming,60,55,65.59,1.0,1.0,1.0357142857142858,0.6551724137931034,48.64,18.97,34.29,40.64,44.7,Vehicular traffic,48.64,44.7,3.94,35.23,Low confidence,elevated NO2/CO signal; road-density or urban-pressure influence; traffic/commercial land-use proxy,Aligned,"Immediate intervention: Implement traffic flow control, reduce idling zones, strengthen public transport diversion, and prioritize roadside monitoring.",2026-07-16 10:55:13,2026-07-16 04:00:00,365.6675235613424,315.0937938515921,365.6675235613424,416.2412532710926,Very Poor,364.85,Very Poor,Very Poor,0.8175235613423979,Stable,28.31,Low,Proxy derived from ground pollutants and meteorology; not direct satellite imagery,59.0,Moderate,57.31,Moderate,55.94,Moderate,51.44,Moderate,1,1,0,Critical forecast hotspot,52.18,Moderate,145,Usable,"Advanced intelligence layer combines real AQI, forecasted AQI, pollutant signals, meteorological dispersion, source attribution, and intervention scoring."
karnataka__bengaluru__jigani_bengaluru_kspcb,"Jigani, Bengaluru - KSPCB",Bengaluru,Karnataka,12.7816279,77.6299145,2026-07-16 05:00:00,41.0,57.0,24.0,18.0,39.0,29.0,4.0,431.51,Severe,CO,True,Valid AQI,26.7,56,0.0,16.5,97,58.03,Moderate trapping,Dense urban proxy,Proxy from station/city naming,60,55,67.16,1.3902439024390243,0.7192982456140351,0.6153846153846154,1.2083333333333333,49.5,24.78,37.79,32.68,32.23,Vehicular traffic,49.5,37.79,11.71,38.16,Low confidence,elevated NO2/CO signal; road-density or urban-pressure influence; traffic/commercial land-use proxy,Aligned,"Immediate intervention: Implement traffic flow control, reduce idling zones, strengthen public transport diversion, and prioritize roadside monitoring.",2026-07-16 10:55:13,2026-07-16 04:00:00,430.75308708477496,380.1793573750247,430.75308708477496,481.3268167945252,Severe,431.51,Severe,Severe,-0.7569129152250298,Stable,26.43,Low,Proxy derived from ground pollutants and meteorology; not direct satellite imagery,43.67,Moderate,60.48,High,61.26,High,50.54,Moderate,1,1,0,Critical forecast hotspot,52.11,Moderate,146,Usable,"Advanced intelligence layer combines real AQI, forecasted AQI, pollutant signals, meteorological dispersion, source attribution, and intervention scoring."
delhi__delhi__pusa_delhi_iitm,"Pusa, Delhi - IITM",Delhi,Delhi,28.63611,77.173332,2026-07-16 05:00:00,68.0,128.0,56.0,,30.0,45.0,,376.57,Very Poor,CO,True,Valid AQI,35.6,45,0.0,10.4,8,56.12,Moderate trapping,Dense urban proxy,Proxy from station/city naming,60,55,61.25,1.8823529411764703,0.53125,1.8666666666666667,0.8035714285714286,55.89,0.0,43.35,33.33,54.35,Vehicular traffic,55.89,54.35,1.54,39.58,Low confidence,elevated NO2/CO signal; road-density or urban-pressure influence; traffic/commercial land-use proxy,Aligned,"Immediate intervention: Implement traffic flow control, reduce idling zones, strengthen public transport diversion, and prioritize roadside monitoring.",2026-07-16 10:55:13,2026-07-16 04:00:00,388.3210334209688,337.7473037112186,388.3210334209688,438.8947631307191,Very Poor,376.57,Very Poor,Very Poor,11.751033420968781,Stable,40.34,Moderate,Proxy derived from ground pollutants and meteorology; not direct satellite imagery,38.96,Low,58.39,Moderate,58.39,Moderate,50.89,Moderate,1,1,0,Critical forecast hotspot,52.02,Moderate,147,Usable,"Advanced intelligence layer combines real AQI, forecasted AQI, pollutant signals, meteorological dispersion, source attribution, and intervention scoring."
assam__sivasagar__girls_college_sivasagar_pcba,"Girls College, Sivasagar - PCBA",Sivasagar,Assam,26.987634,94.636574,2026-07-16 05:00:00,15.0,21.0,12.0,7.0,19.0,29.0,6.0,312.13,Very Poor,CO,True,Valid AQI,26.9,94,0.0,1.6,100,99.26,Very high trapping,General urban / semi-urban proxy,Proxy from station/city naming,15,20,52.51,1.4,0.7142857142857143,0.631578947368421,2.4166666666666665,6.55,7.38,12.43,39.7,22.63,Biomass / fine-particle combustion,39.7,22.63,17.07,32.91,Low confidence,PM2.5-heavy fine-particle pattern; CO and stagnant-weather influence; high weather trapping,Partially aligned,"Immediate intervention: Track open burning, control biomass combustion sources, increase public alerts, and strengthen fine-particle monitoring.",2026-07-16 10:55:13,2026-07-16 04:00:00,298.4045928103377,247.83086310058744,298.4045928103377,348.97832252008794,Poor,312.13,Very Poor,Poor,-13.725407189662292,Stable,16.6,Minimal,Proxy derived from ground pollutants and meteorology; not direct satellite imagery,100.0,Critical,45.98,Moderate,51.07,Moderate,52.43,Moderate,1,1,0,Critical current hotspot,51.97,Moderate,148,Usable,"Advanced intelligence layer combines real AQI, forecasted AQI, pollutant signals, meteorological dispersion, source attribution, and intervention scoring."
uttar_pradesh__varanasi__maldahiya_varanasi_uppcb,"Maldahiya, Varanasi - UPPCB",Varanasi,Uttar Pradesh,25.32393,82.99687,2026-07-16 05:00:00,45.0,59.0,3.0,31.0,21.0,4.0,0.0,323.85,Very Poor,CO,True,Valid AQI,30.5,79,0.1,3.6,91,82.98,Very high trapping,General urban / semi-urban proxy,Proxy from station/city naming,15,20,46.81,1.3111111111111111,0.7627118644067796,0.1428571428571428,1.3333333333333333,4.65,15.48,14.82,39.09,20.49,Biomass / fine-particle combustion,39.09,20.49,18.6,32.94,Low confidence,PM2.5-heavy fine-particle pattern; CO and stagnant-weather influence; high weather trapping,Partially aligned,"Immediate intervention: Track open burning, control biomass combustion sources, increase public alerts, and strengthen fine-particle monitoring.",2026-07-16 10:55:13,2026-07-16 04:00:00,316.9693571280167,266.3956274182665,316.9693571280167,367.54308683776696,Very Poor,323.85,Very Poor,Very Poor,-6.880642871983298,Stable,21.63,Low,Proxy derived from ground pollutants and meteorology; not direct satellite imagery,84.16,Critical,49.91,Moderate,52.78,Moderate,51.96,Moderate,1,1,0,Critical forecast hotspot,51.94,Moderate,149,Usable,"Advanced intelligence layer combines real AQI, forecasted AQI, pollutant signals, meteorological dispersion, source attribution, and intervention scoring."
west_bengal__barrackpore__svspa_campus_barrackpore_wbpcb,"SVSPA Campus, Barrackpore - WBPCB",Barrackpore,West Bengal,22.7605581,88.3617589,2026-07-16 05:00:00,28.0,36.0,15.0,11.0,38.0,8.0,8.0,425.28,Severe,CO,True,Valid AQI,30.6,76,0.1,13.8,100,64.32,High trapping,General urban / semi-urban proxy,Proxy from station/city naming,15,20,48.47,1.2857142857142858,0.7777777777777778,0.3947368421052631,0.5333333333333333,11.0,12.21,16.92,33.72,22.26,Biomass / fine-particle combustion,33.72,22.26,11.46,27.04,Low confidence,PM2.5-heavy fine-particle pattern; CO and stagnant-weather influence; high weather trapping,Partially aligned,"Immediate intervention: Track open burning, control biomass combustion sources, increase public alerts, and strengthen fine-particle monitoring.",2026-07-16 10:55:13,2026-07-16 04:00:00,431.2901868786356,380.7164571688853,431.2901868786356,481.8639165883858,Severe,425.28,Severe,Severe,6.010186878635636,Stable,20.27,Low,Proxy derived from ground pollutants and meteorology; not direct satellite imagery,53.47,Moderate,57.46,Moderate,61.57,High,50.46,Moderate,1,1,0,Critical forecast hotspot,51.92,Moderate,150,Usable,"Advanced intelligence layer combines real AQI, forecasted AQI, pollutant signals, meteorological dispersion, source attribution, and intervention scoring."
odisha__bhubaneswar__lingraj_mandir_bhubaneswar_ospcb,"Lingraj Mandir, Bhubaneswar - OSPCB",Bhubaneswar,Odisha,20.24079,85.836784,2026-07-16 05:00:00,64.0,60.0,22.0,4.0,41.0,26.0,4.0,443.96,Severe,CO,True,Valid AQI,26.1,94,0.3,23.7,97,40.21,Moderate trapping,General urban / semi-urban proxy,Proxy from station/city naming,15,20,40.15,0.9375,1.0666666666666669,0.5365853658536586,1.181818181818182,13.36,11.11,18.52,31.94,15.11,Biomass / fine-particle combustion,31.94,18.52,13.42,26.38,Low confidence,PM2.5-heavy fine-particle pattern; CO and stagnant-weather influence,Partially aligned,"Immediate intervention: Track open burning, control biomass combustion sources, increase public alerts, and strengthen fine-particle monitoring.",2026-07-16 10:55:13,2026-07-16 04:00:00,448.7630572673834,398.18932755763313,448.7630572673834,499.3367869771336,Severe,443.96,Severe,Severe,4.8030572673833944,Stable,33.55,Low,Proxy derived from ground pollutants and meteorology; not direct satellite imagery,29.55,Low,61.77,High,62.85,High,50.01,Moderate,1,1,0,Critical forecast hotspot,51.88,Moderate,151,Usable,"Advanced intelligence layer combines real AQI, forecasted AQI, pollutant signals, meteorological dispersion, source attribution, and intervention scoring."
maharashtra__mumbai__worli_mumbai_mpcb,"Worli, Mumbai - MPCB",Mumbai,Maharashtra,18.9936162,72.8128113,2026-07-16 05:00:00,42.0,65.0,6.0,4.0,37.0,7.0,6.0,419.06,Severe,CO,True,Valid AQI,28.1,76,0.0,13.4,41,65.39,High trapping,Dense urban proxy,Proxy from station/city naming,60,55,69.07,1.5476190476190477,0.6461538461538462,0.1621621621621621,1.1666666666666667,44.54,16.0,37.46,34.41,31.42,Vehicular traffic,44.54,37.46,7.08,33.3,Low confidence,elevated NO2/CO signal; road-density or urban-pressure influence; traffic/commercial land-use proxy,Aligned,"Immediate intervention: Implement traffic flow control, reduce idling zones, strengthen public transport diversion, and prioritize roadside monitoring.",2026-07-16 10:55:13,2026-07-16 04:00:00,421.5101084349075,370.9363787251573,421.5101084349075,472.08383814465776,Severe,419.06,Severe,Severe,2.45010843490752,Stable,21.6,Low,Proxy derived from ground pollutants and meteorology; not direct satellite imagery,51.03,Moderate,59.46,Moderate,60.11,High,50.4,Moderate,1,1,0,Critical forecast hotspot,51.82,Moderate,152,Usable,"Advanced intelligence layer combines real AQI, forecasted AQI, pollutant signals, meteorological dispersion, source attribution, and intervention scoring."
gujarat__ahmedabad__maninagar_ahmedabad_gpcb,"Maninagar, Ahmedabad - GPCB",Ahmedabad,Gujarat,23.002657,72.591912,2026-07-16 05:00:00,56.0,76.0,34.0,36.0,28.0,19.0,,364.85,Very Poor,CO,True,Valid AQI,31.8,60,0.0,8.1,25,67.5,High trapping,Dense urban proxy,Proxy from station/city naming,60,55,64.9,1.3571428571428572,0.7368421052631579,1.2142857142857142,0.5588235294117647,49.91,31.88,36.0,36.53,42.19,Vehicular traffic,49.91,42.19,7.72,37.25,Low confidence,elevated NO2/CO signal; road-density or urban-pressure influence; traffic/commercial land-use proxy,Aligned,"Immediate intervention: Implement traffic flow control, reduce idling zones, strengthen public transport diversion, and prioritize roadside monitoring.",2026-07-16 10:55:13,2026-07-16 04:00:00,377.2351271608945,326.66139745114424,377.2351271608945,427.8088568706447,Very Poor,364.85,Very Poor,Very Poor,12.385127160894456,Stable,27.93,Low,Proxy derived from ground pollutants and meteorology; not direct satellite imagery,56.46,Moderate,56.15,Moderate,56.94,Moderate,50.8,Moderate,1,1,0,Critical forecast hotspot,51.68,Moderate,153,Usable,"Advanced intelligence layer combines real AQI, forecasted AQI, pollutant signals, meteorological dispersion, source attribution, and intervention scoring."
uttar_pradesh__varanasi__ardhali_bazar_varanasi_uppcb,"Ardhali Bazar, Varanasi - UPPCB",Varanasi,Uttar Pradesh,25.3505986,82.9083074,2026-07-16 05:00:00,86.0,101.0,41.0,15.0,,24.0,,186.34,Moderate,PM2.5,True,Valid AQI,30.9,80,0.0,2.8,94,91.35,Very high trapping,General urban / semi-urban proxy,Proxy from station/city naming,15,20,37.5,1.1744186046511629,0.8514851485148515,,0.5853658536585366,0.0,0.0,21.31,0.0,31.01,Photochemical smog,31.01,21.31,9.7,24.62,Low confidence,O3 and temperature-related signal; urban photochemical formation likelihood,Partially aligned,"High-priority intervention: Control NOx and VOC sources, reduce peak-hour emissions, and issue ozone/smog exposure advisories.",2026-07-16 10:55:13,2026-07-16 04:00:00,205.98428838312867,155.41055867337843,205.98428838312867,256.5580180928789,Poor,186.34,Moderate,Poor,19.644288383128668,Stable,40.35,Moderate,Proxy derived from ground pollutants and meteorology; not direct satellite imagery,95.05,Critical,42.16,Moderate,44.48,Moderate,53.07,Moderate,0,1,0,High forecast hotspot,51.67,Moderate,154,Usable,"Advanced intelligence layer combines real AQI, forecasted AQI, pollutant signals, meteorological dispersion, source attribution, and intervention scoring."
maharashtra__mumbai__deonar_mumbai_iitm,"Deonar, Mumbai - IITM",Mumbai,Maharashtra,19.04946,72.923,2026-07-16 05:00:00,19.0,90.0,5.0,2.0,38.0,9.0,6.0,425.28,Severe,CO,True,Valid AQI,28.9,75,0.0,11.9,30,66.64,High trapping,Dense urban proxy,Proxy from station/city naming,60,55,70.17,4.7368421052631575,0.2111111111111111,0.131578947368421,1.8,44.48,15.2,43.73,29.66,33.14,Vehicular traffic,44.48,43.73,0.75,31.36,Low confidence,elevated NO2/CO signal; road-density or urban-pressure influence; traffic/commercial land-use proxy,Aligned,"Immediate intervention: Implement traffic flow control, reduce idling zones, strengthen public transport diversion, and prioritize roadside monitoring.",2026-07-16 10:55:13,2026-07-16 04:00:00,424.6404972915476,374.0667675817973,424.6404972915476,475.2142270012978,Severe,425.28,Severe,Severe,-0.639502708452369,Stable,20.33,Low,Proxy derived from ground pollutants and meteorology; not direct satellite imagery,52.9,Moderate,57.95,Moderate,60.58,High,50.2,Moderate,1,1,0,Critical forecast hotspot,51.63,Moderate,155,Usable,"Advanced intelligence layer combines real AQI, forecasted AQI, pollutant signals, meteorological dispersion, source attribution, and intervention scoring."
odisha__bileipada__tata_township_bileipada_ospcb,"Tata Township, Bileipada - OSPCB",Bileipada,Odisha,22.06156703,85.47409613,2026-07-16 05:00:00,76.0,98.0,16.0,8.0,24.0,15.0,5.0,341.42,Very Poor,CO,True,Valid AQI,28.5,74,0.0,14.3,96,68.53,High trapping,General urban / semi-urban proxy,Proxy from station/city naming,15,20,42.41,1.2894736842105263,0.7755102040816326,0.6666666666666666,0.9375,8.53,9.17,26.34,37.01,23.4,Biomass / fine-particle combustion,37.01,26.34,10.67,29.11,Low confidence,PM2.5-heavy fine-particle pattern; CO and stagnant-weather influence; high weather trapping,Partially aligned,"Immediate intervention: Track open burning, control biomass combustion sources, increase public alerts, and strengthen fine-particle monitoring.",2026-07-16 10:55:13,2026-07-16 04:00:00,338.7758883947631,288.2021586850129,338.7758883947631,389.34961810451335,Very Poor,341.42,Very Poor,Very Poor,-2.644111605236901,Stable,35.01,Low,Proxy derived from ground pollutants and meteorology; not direct satellite imagery,58.59,Moderate,54.03,Moderate,54.16,Moderate,51.18,Moderate,1,1,0,Critical forecast hotspot,51.62,Moderate,156,Usable,"Advanced intelligence layer combines real AQI, forecasted AQI, pollutant signals, meteorological dispersion, source attribution, and intervention scoring."
karnataka__bengaluru__bwssb_kadabesanahalli_bengaluru_cpcb,"BWSSB Kadabesanahalli, Bengaluru - CPCB",Bengaluru,Karnataka,12.9352049,77.6814488,2026-07-16 05:00:00,60.0,54.0,3.0,4.0,37.0,22.0,1.0,419.06,Severe,CO,True,Valid AQI,26.7,55,0.0,13.9,97,62.36,High trapping,Dense urban proxy,Proxy from station/city naming,60,55,67.81,0.9,1.1111111111111112,0.081081081081081,7.333333333333333,43.78,15.49,35.64,38.82,28.57,Vehicular traffic,43.78,38.82,4.96,32.13,Low confidence,elevated NO2/CO signal; road-density or urban-pressure influence; traffic/commercial land-use proxy,Aligned,"Immediate intervention: Implement traffic flow control, reduce idling zones, strengthen public transport diversion, and prioritize roadside monitoring.",2026-07-16 10:55:13,2026-07-16 04:00:00,386.9431022974245,336.3693725876742,386.9431022974245,437.5168320071747,Very Poor,419.06,Severe,Very Poor,-32.1168977025755,Decreasing,24.76,Low,Proxy derived from ground pollutants and meteorology; not direct satellite imagery,51.13,Moderate,59.71,Moderate,57.74,Moderate,50.41,Moderate,1,1,0,Critical forecast hotspot,51.61,Moderate,157,Usable,"Advanced intelligence layer combines real AQI, forecasted AQI, pollutant signals, meteorological dispersion, source attribution, and intervention scoring."
rajasthan__bhilwara__pratap_nagar_bhilwara_rspcb,"Pratap Nagar, Bhilwara - RSPCB",Bhilwara,Rajasthan,25.339605,74.618883,2026-07-16 05:00:00,51.0,104.0,14.0,7.0,38.0,33.0,5.0,425.28,Severe,CO,True,Valid AQI,31.2,57,0.0,10.9,14,60.23,High trapping,General urban / semi-urban proxy,Proxy from station/city naming,15,20,46.76,2.0392156862745097,0.4903846153846153,0.3684210526315789,2.357142857142857,10.74,10.48,26.45,33.7,33.23,Biomass / fine-particle combustion,33.7,33.23,0.47,23.73,Low confidence,PM2.5-heavy fine-particle pattern; CO and stagnant-weather influence; high weather trapping,Partially aligned,"Immediate intervention: Track open burning, control biomass combustion sources, increase public alerts, and strengthen fine-particle monitoring.",2026-07-16 10:55:13,2026-07-16 04:00:00,412.3275360172468,361.7538063074966,412.3275360172468,462.90126572699705,Severe,425.28,Severe,Severe,-12.952463982753159,Stable,28.45,Low,Proxy derived from ground pollutants and meteorology; not direct satellite imagery,44.27,Moderate,58.74,Moderate,59.98,Moderate,50.16,Moderate,1,1,0,Critical forecast hotspot,51.57,Moderate,158,Usable,"Advanced intelligence layer combines real AQI, forecasted AQI, pollutant signals, meteorological dispersion, source attribution, and intervention scoring."
punjab__patiala__model_town_patiala_ppcb,"Model Town, Patiala - PPCB",Patiala,Punjab,30.349388,76.366642,2026-07-16 05:00:00,67.0,123.0,17.0,11.0,27.0,18.0,6.0,358.99,Very Poor,CO,True,Valid AQI,33.9,57,0.0,6.1,2,67.72,High trapping,General urban / semi-urban proxy,Proxy from station/city naming,15,20,43.71,1.835820895522388,0.5447154471544715,0.6296296296296297,1.0588235294117647,9.37,10.95,26.06,36.62,35.53,Biomass / fine-particle combustion,36.62,35.53,1.09,25.96,Low confidence,PM2.5-heavy fine-particle pattern; CO and stagnant-weather influence; high weather trapping,Partially aligned,"Immediate intervention: Track open burning, control biomass combustion sources, increase public alerts, and strengthen fine-particle monitoring.",2026-07-16 10:55:13,2026-07-16 04:00:00,362.0752664781531,311.50153676840284,362.0752664781531,412.6489961879033,Very Poor,358.99,Very Poor,Very Poor,3.0852664781530734,Stable,31.17,Low,Proxy derived from ground pollutants and meteorology; not direct satellite imagery,56.47,Moderate,54.8,Moderate,55.74,Moderate,50.69,Moderate,1,1,0,Critical forecast hotspot,51.4,Moderate,159,Usable,"Advanced intelligence layer combines real AQI, forecasted AQI, pollutant signals, meteorological dispersion, source attribution, and intervention scoring."
bihar__muzaffarpur__buddha_colony_muzaffarpur_bspcb,"Buddha Colony, Muzaffarpur - BSPCB",Muzaffarpur,Bihar,26.11442,85.39813,2026-07-16 05:00:00,59.0,69.0,27.0,8.0,21.0,21.0,9.0,323.85,Very Poor,CO,True,Valid AQI,30.8,76,0.0,11.5,98,74.53,High trapping,General urban / semi-urban proxy,Proxy from station/city naming,15,20,43.28,1.1694915254237288,0.855072463768116,1.2857142857142858,0.7777777777777778,10.75,10.6,21.78,37.34,28.47,Biomass / fine-particle combustion,37.34,28.47,8.87,28.8,Low confidence,PM2.5-heavy fine-particle pattern; CO and stagnant-weather influence; high weather trapping,Partially aligned,"Immediate intervention: Track open burning, control biomass combustion sources, increase public alerts, and strengthen fine-particle monitoring.",2026-07-16 10:55:13,2026-07-16 04:00:00,324.08704375023973,273.5133140404895,324.08704375023973,374.66077345999,Very Poor,323.85,Very Poor,Very Poor,0.2370437502397067,Stable,30.8,Low,Proxy derived from ground pollutants and meteorology; not direct satellite imagery,68.47,High,50.97,Moderate,52.85,Moderate,51.0,Moderate,1,1,0,Critical forecast hotspot,51.18,Moderate,160,Usable,"Advanced intelligence layer combines real AQI, forecasted AQI, pollutant signals, meteorological dispersion, source attribution, and intervention scoring."
delhi__delhi__punjabi_bagh_delhi_dpcc,"Punjabi Bagh, Delhi - DPCC",Delhi,Delhi,28.674045,77.131023,2026-07-16 05:00:00,83.0,154.0,20.0,37.0,30.0,9.0,3.0,376.57,Very Poor,CO,True,Valid AQI,35.6,45,0.0,10.4,8,56.12,Moderate trapping,Dense urban proxy,Proxy from station/city naming,60,55,61.25,1.855421686746988,0.538961038961039,0.6666666666666666,0.45,46.74,30.18,46.13,34.98,44.69,Vehicular traffic,46.74,46.13,0.61,32.9,Low confidence,elevated NO2/CO signal; road-density or urban-pressure influence; traffic/commercial land-use proxy,Aligned,"Immediate intervention: Implement traffic flow control, reduce idling zones, strengthen public transport diversion, and prioritize roadside monitoring.",2026-07-16 10:55:13,2026-07-16 04:00:00,384.3411903998469,333.7674606900967,384.3411903998469,434.9149201095972,Very Poor,376.57,Very Poor,Very Poor,7.771190399846887,Stable,37.19,Low,Proxy derived from ground pollutants and meteorology; not direct satellite imagery,38.96,Low,59.03,Moderate,56.96,Moderate,50.03,Moderate,1,1,0,Critical forecast hotspot,51.17,Moderate,161,Usable,"Advanced intelligence layer combines real AQI, forecasted AQI, pollutant signals, meteorological dispersion, source attribution, and intervention scoring."
chhattisgarh__korba__urja_nagar_korba_cecb,"Urja Nagar, Korba - CECB",Korba,Chhattisgarh,22.348441,82.549611,2026-07-16 05:00:00,31.0,48.0,7.0,8.0,22.0,2.0,1.0,329.7,Very Poor,CO,True,Valid AQI,32.2,63,0.0,5.2,99,81.25,Very high trapping,General urban / semi-urban proxy,Proxy from station/city naming,15,20,46.63,1.5483870967741935,0.6458333333333334,0.3181818181818182,0.2857142857142857,5.86,7.36,17.17,36.16,24.98,Biomass / fine-particle combustion,36.16,24.98,11.18,28.67,Low confidence,PM2.5-heavy fine-particle pattern; CO and stagnant-weather influence; high weather trapping,Partially aligned,"Immediate intervention: Track open burning, control biomass combustion sources, increase public alerts, and strengthen fine-particle monitoring.",2026-07-16 10:55:13,2026-07-16 04:00:00,339.93371543644946,289.3599857266992,339.93371543644946,390.5074451461997,Very Poor,329.7,Very Poor,Very Poor,10.233715436449472,Stable,17.51,Minimal,Proxy derived from ground pollutants and meteorology; not direct satellite imagery,81.83,Critical,49.18,Moderate,54.03,Moderate,50.83,Moderate,1,1,0,Critical forecast hotspot,51.07,Moderate,162,Usable,"Advanced intelligence layer combines real AQI, forecasted AQI, pollutant signals, meteorological dispersion, source attribution, and intervention scoring."
haryana__charkhi_dadri__mini_secretariat_charkhi_dadri_hspcb,"Mini Secretariat, Charkhi Dadri - HSPCB",Charkhi Dadri,Haryana,28.593883,76.270653,2026-07-16 05:00:00,211.0,99.0,15.0,8.0,18.0,20.0,6.0,370.07,Very Poor,PM2.5,True,Valid AQI,35.1,47,0.0,17.4,0,43.39,Moderate trapping,General urban / semi-urban proxy,Proxy from station/city naming,15,20,34.59,0.4691943127962085,2.1313131313131315,0.8333333333333334,1.3333333333333333,7.11,8.13,26.76,53.01,37.19,Biomass / fine-particle combustion,53.01,37.19,15.82,41.85,Moderate confidence,PM2.5-heavy fine-particle pattern; CO and stagnant-weather influence,Partially aligned,"Immediate intervention: Track open burning, control biomass combustion sources, increase public alerts, and strengthen fine-particle monitoring.",2026-07-16 10:55:13,2026-07-16 04:00:00,362.10364514116,311.52991543140973,362.10364514116,412.6773748509102,Very Poor,370.07,Very Poor,Very Poor,-7.96635485884002,Stable,50.22,Moderate,Proxy derived from ground pollutants and meteorology; not direct satellite imagery,16.9,Minimal,67.11,High,53.77,Moderate,49.69,Moderate,1,1,0,Critical forecast hotspot,50.97,Moderate,163,Usable,"Advanced intelligence layer combines real AQI, forecasted AQI, pollutant signals, meteorological dispersion, source attribution, and intervention scoring."
delhi__delhi__imd_lodhi_road_delhi_iitm,"IMD Lodhi Road, Delhi - IITM",Delhi,Delhi,28.5918245,77.2273074,2026-07-16 05:00:00,69.0,144.0,15.0,,34.0,7.0,,400.0,Very Poor,CO,True,Valid AQI,35.3,45,0.0,11.3,3,53.99,Moderate trapping,Traffic / commercial proxy,Proxy from station/city naming,65,100,69.98,2.0869565217391304,0.4791666666666667,0.4411764705882353,0.4666666666666667,58.86,0.0,55.11,23.1,44.54,Vehicular traffic,58.86,55.11,3.75,42.33,Moderate confidence,elevated NO2/CO signal; road-density or urban-pressure influence; traffic/commercial land-use proxy,Aligned,"Immediate intervention: Implement traffic flow control, reduce idling zones, strengthen public transport diversion, and prioritize roadside monitoring.",2026-07-16 10:55:13,2026-07-16 04:00:00,414.72934005189296,364.1556103421427,414.72934005189296,465.3030697616432,Severe,400.0,Very Poor,Severe,14.729340051892962,Stable,32.73,Low,Proxy derived from ground pollutants and meteorology; not direct satellite imagery,35.19,Low,60.4,High,59.14,Moderate,49.45,Moderate,1,1,0,Critical forecast hotspot,50.96,Moderate,164,Usable,"Advanced intelligence layer combines real AQI, forecasted AQI, pollutant signals, meteorological dispersion, source attribution, and intervention scoring."
delhi__delhi__sri_aurobindo_marg_delhi_dpcc,"Sri Aurobindo Marg, Delhi - DPCC",Delhi,Delhi,28.531346,77.190156,2026-07-16 05:00:00,54.0,144.0,24.0,15.0,36.0,14.0,3.0,412.83,Severe,CO,True,Valid AQI,35.1,46,0.0,12.5,10,52.89,Moderate trapping,Dense urban proxy,Proxy from station/city naming,60,55,63.28,2.6666666666666665,0.375,0.6666666666666666,0.5833333333333334,48.92,23.18,47.08,30.6,45.16,Vehicular traffic,48.92,47.08,1.84,34.8,Low confidence,elevated NO2/CO signal; road-density or urban-pressure influence; traffic/commercial land-use proxy,Aligned,"Immediate intervention: Implement traffic flow control, reduce idling zones, strengthen public transport diversion, and prioritize roadside monitoring.",2026-07-16 10:55:13,2026-07-16 04:00:00,424.8887900309392,374.3150603211889,424.8887900309392,475.4625197406894,Severe,412.83,Severe,Severe,12.058790030939235,Stable,32.95,Low,Proxy derived from ground pollutants and meteorology; not direct satellite imagery,33.43,Low,59.66,Moderate,60.22,High,49.24,Moderate,1,1,0,Critical forecast hotspot,50.86,Moderate,165,Usable,"Advanced intelligence layer combines real AQI, forecasted AQI, pollutant signals, meteorological dispersion, source attribution, and intervention scoring."
bihar__gaya__sfti_kusdihra_gaya_bspcb,"SFTI Kusdihra, Gaya - BSPCB",Gaya,Bihar,24.762518,84.982348,2026-07-16 05:00:00,41.0,51.0,24.0,8.0,23.0,27.0,6.0,335.56,Very Poor,CO,True,Valid AQI,32.0,69,0.0,3.6,20,78.45,High trapping,General urban / semi-urban proxy,Proxy from station/city naming,15,20,46.01,1.2439024390243902,0.803921568627451,1.0434782608695652,1.125,10.37,10.38,16.36,38.22,34.37,Biomass / fine-particle combustion,38.22,34.37,3.85,27.91,Low confidence,PM2.5-heavy fine-particle pattern; CO and stagnant-weather influence; high weather trapping,Partially aligned,"Immediate intervention: Track open burning, control biomass combustion sources, increase public alerts, and strengthen fine-particle monitoring.",2026-07-16 10:55:13,2026-07-16 04:00:00,348.6808798621656,298.1071501524154,348.6808798621656,399.2546095719159,Very Poor,335.56,Very Poor,Very Poor,13.120879862165623,Stable,21.1,Low,Proxy derived from ground pollutants and meteorology; not direct satellite imagery,73.38,High,50.53,Moderate,54.53,Moderate,50.41,Moderate,1,1,0,Critical forecast hotspot,50.83,Moderate,166,Usable,"Advanced intelligence layer combines real AQI, forecasted AQI, pollutant signals, meteorological dispersion, source attribution, and intervention scoring."
madhya_pradesh__katni__gole_bazar_katni_mppcb,"Gole Bazar, Katni - MPPCB",Katni,Madhya Pradesh,23.50016,80.23284,2026-07-16 05:00:00,56.0,118.0,12.0,46.0,29.0,29.0,2.0,370.71,Very Poor,CO,True,Valid AQI,31.7,58,0.0,14.9,99,61.86,High trapping,General urban / semi-urban proxy,Proxy from station/city naming,15,20,42.36,2.107142857142857,0.4745762711864407,0.4137931034482758,2.4166666666666665,8.49,24.0,29.86,31.87,28.8,Biomass / fine-particle combustion,31.87,29.86,2.01,22.91,Low confidence,PM2.5-heavy fine-particle pattern; CO and stagnant-weather influence; high weather trapping,Partially aligned,"Immediate intervention: Track open burning, control biomass combustion sources, increase public alerts, and strengthen fine-particle monitoring.",2026-07-16 10:55:13,2026-07-16 04:00:00,366.77406932866126,316.200339618911,366.77406932866126,417.3477990384115,Very Poor,370.71,Very Poor,Very Poor,-3.935930671338724,Stable,33.78,Low,Proxy derived from ground pollutants and meteorology; not direct satellite imagery,49.89,Moderate,54.29,Moderate,55.96,Moderate,49.81,Moderate,1,1,0,Critical forecast hotspot,50.65,Moderate,167,Usable,"Advanced intelligence layer combines real AQI, forecasted AQI, pollutant signals, meteorological dispersion, source attribution, and intervention scoring."
uttarakhand__rishikesh__shivaji_nagar_rishikesh_ukpcb,"Shivaji Nagar, Rishikesh - UKPCB",Rishikesh,Uttarakhand,30.075911,78.2859547,2026-07-16 05:00:00,2.0,31.0,7.0,1.0,37.0,33.0,5.0,419.06,Severe,CO,True,Valid AQI,32.0,65,0.0,5.5,9,72.44,High trapping,General urban / semi-urban proxy,Proxy from station/city naming,15,20,51.27,15.5,0.064516129032258,0.1891891891891892,4.714285714285714,8.77,6.82,34.03,29.5,33.61,Construction / road dust,34.03,33.61,0.42,23.95,Low confidence,PM10-heavy particulate pattern; road dust / coarse-particle likelihood,Partially aligned,"Immediate intervention: Apply dust suppression, cover construction material, clean road dust, and enforce construction-site controls.",2026-07-16 10:55:13,2026-07-16 04:00:00,418.75877112750544,368.1850414177552,418.75877112750544,469.3325008372557,Severe,419.06,Severe,Severe,-0.301228872494562,Stable,11.64,Minimal,Proxy derived from ground pollutants and meteorology; not direct satellite imagery,63.46,High,54.68,Moderate,59.47,Moderate,49.26,Moderate,1,1,0,Critical forecast hotspot,50.55,Moderate,168,Usable,"Advanced intelligence layer combines real AQI, forecasted AQI, pollutant signals, meteorological dispersion, source attribution, and intervention scoring."
gujarat__surat__katargam_surat_nexteng_enviro,"Katargam, Surat - Nexteng Enviro",Surat,Gujarat,21.217779,72.834787,2026-07-16 05:00:00,22.0,63.0,14.0,8.0,40.0,5.0,1.0,437.74,Severe,CO,True,Valid AQI,27.5,81,0.1,10.2,34,66.07,High trapping,Dense urban proxy,Proxy from station/city naming,60,55,71.09,2.863636363636364,0.3492063492063492,0.35,0.3571428571428571,47.15,19.35,35.05,31.61,29.24,Vehicular traffic,47.15,35.05,12.1,36.64,Low confidence,elevated NO2/CO signal; road-density or urban-pressure influence; traffic/commercial land-use proxy,Aligned,"Immediate intervention: Implement traffic flow control, reduce idling zones, strengthen public transport diversion, and prioritize roadside monitoring.",2026-07-16 10:55:13,2026-07-16 04:00:00,391.9808971762744,341.40716746652413,391.9808971762744,442.5546268860246,Very Poor,437.74,Severe,Very Poor,-45.759102823725584,Decreasing,19.64,Minimal,Proxy derived from ground pollutants and meteorology; not direct satellite imagery,53.31,Moderate,57.23,Moderate,58.06,Moderate,49.18,Moderate,1,1,0,Critical forecast hotspot,50.47,Moderate,169,Usable,"Advanced intelligence layer combines real AQI, forecasted AQI, pollutant signals, meteorological dispersion, source attribution, and intervention scoring."
tamil_nadu__chennai__manali_village_chennai_tnpcb,"Manali Village, Chennai - TNPCB",Chennai,Tamil Nadu,13.1662,80.2584,2026-07-16 05:00:00,45.0,66.0,15.0,13.0,46.0,283.0,2.0,475.09,Severe,CO,True,Valid AQI,34.3,42,0.0,13.2,100,59.15,Moderate trapping,Dense urban proxy,Proxy from station/city naming,60,55,71.68,1.4666666666666666,0.6818181818181818,0.3260869565217391,18.866666666666667,48.57,22.33,37.37,35.22,76.52,Photochemical smog,76.52,48.57,27.95,61.95,Moderate confidence,O3 and temperature-related signal; urban photochemical formation likelihood,Partially aligned,"Immediate intervention: Control NOx and VOC sources, reduce peak-hour emissions, and issue ozone/smog exposure advisories.",2026-07-16 10:55:13,2026-07-16 04:00:00,314.13031554232805,263.5565858325778,314.13031554232805,364.7040452520783,Very Poor,475.09,Severe,Very Poor,-160.95968445767193,Decreasing,29.24,Low,Proxy derived from ground pollutants and meteorology; not direct satellite imagery,47.81,Moderate,58.63,Moderate,54.22,Moderate,49.26,Moderate,1,1,0,Critical forecast hotspot,50.23,Moderate,170,Usable,"Advanced intelligence layer combines real AQI, forecasted AQI, pollutant signals, meteorological dispersion, source attribution, and intervention scoring."
assam__silchar__tarapur_silchar_pcba,"Tarapur, Silchar - PCBA",Silchar,Assam,24.82827,92.79525,2026-07-16 05:00:00,25.0,55.0,19.0,5.0,32.0,4.0,1.0,388.28,Very Poor,CO,True,Valid AQI,32.2,70,0.0,6.1,12,73.5,High trapping,General urban / semi-urban proxy,Proxy from station/city naming,15,20,48.85,2.2,0.4545454545454545,0.59375,0.2105263157894736,10.85,9.68,19.2,33.93,31.14,Biomass / fine-particle combustion,33.93,31.14,2.79,24.59,Low confidence,PM2.5-heavy fine-particle pattern; CO and stagnant-weather influence; high weather trapping,Partially aligned,"Immediate intervention: Track open burning, control biomass combustion sources, increase public alerts, and strengthen fine-particle monitoring.",2026-07-16 10:55:13,2026-07-16 04:00:00,384.12615493379616,333.5524252240459,384.12615493379616,434.6998846435464,Very Poor,388.28,Very Poor,Very Poor,-4.153845066203814,Stable,16.99,Minimal,Proxy derived from ground pollutants and meteorology; not direct satellite imagery,64.58,High,52.88,Moderate,56.62,Moderate,49.16,Moderate,1,1,0,Critical forecast hotspot,50.09,Moderate,171,Usable,"Advanced intelligence layer combines real AQI, forecasted AQI, pollutant signals, meteorological dispersion, source attribution, and intervention scoring."
odisha__rourkela__sector_2_rourkela_ospcb,"Sector-2, Rourkela - OSPCB",Rourkela,Odisha,22.245,84.88111111,2026-07-16 05:00:00,53.0,57.0,11.0,,18.0,,,306.27,Very Poor,CO,True,Valid AQI,28.9,85,0.0,7.1,60,82.0,Very high trapping,Industrial / mixed urban proxy,Proxy from station/city naming,35,30,53.28,1.0754716981132075,0.9298245614035088,0.6111111111111112,,14.05,0.0,23.88,29.53,0.0,Biomass / fine-particle combustion,29.53,23.88,5.65,22.37,Low confidence,PM2.5-heavy fine-particle pattern; CO and stagnant-weather influence; high weather trapping,Not strongly aligned,"Immediate intervention: Track open burning, control biomass combustion sources, increase public alerts, and strengthen fine-particle monitoring.",2026-07-16 10:55:13,2026-07-16 04:00:00,306.4146124981791,255.84088278842887,306.4146124981791,356.9883422079293,Very Poor,306.27,Very Poor,Very Poor,0.14461249817912858,Stable,22.56,Low,Proxy derived from ground pollutants and meteorology; not direct satellite imagery,78.34,High,48.82,Moderate,50.13,Moderate,49.86,Moderate,1,1,0,Critical forecast hotspot,49.84,Moderate,172,Usable,"Advanced intelligence layer combines real AQI, forecasted AQI, pollutant signals, meteorological dispersion, source attribution, and intervention scoring."
uttar_pradesh__kanpur__fti_kidwai_nagar_kanpur_uppcb,"FTI Kidwai Nagar, Kanpur - UPPCB",Kanpur,Uttar Pradesh,26.428282,80.327067,2026-07-16 05:00:00,56.0,75.0,27.0,30.0,35.0,11.0,3.0,406.6,Severe,CO,True,Valid AQI,34.4,53,0.0,12.8,30,56.92,Moderate trapping,Dense urban proxy,Proxy from station/city naming,60,55,64.38,1.3392857142857142,0.7466666666666667,0.7714285714285715,0.4074074074074074,49.49,29.38,37.99,34.25,43.23,Vehicular traffic,49.49,43.23,6.26,36.52,Low confidence,elevated NO2/CO signal; road-density or urban-pressure influence; traffic/commercial land-use proxy,Aligned,"Immediate intervention: Implement traffic flow control, reduce idling zones, strengthen public transport diversion, and prioritize roadside monitoring.",2026-07-16 10:55:13,2026-07-16 04:00:00,413.4258781014589,362.8521483917087,413.4258781014589,463.9996078112092,Severe,406.6,Severe,Severe,6.825878101458898,Stable,26.37,Low,Proxy derived from ground pollutants and meteorology; not direct satellite imagery,39.87,Low,58.51,Moderate,58.11,Moderate,48.23,Moderate,1,1,0,Critical forecast hotspot,49.73,Moderate,173,Usable,"Advanced intelligence layer combines real AQI, forecasted AQI, pollutant signals, meteorological dispersion, source attribution, and intervention scoring."
haryana__faridabad__new_industrial_town_faridabad_hspcb,"New Industrial Town, Faridabad - HSPCB",Faridabad,Haryana,28.39072,77.30059,2026-07-16 05:00:00,135.0,133.0,25.0,13.0,23.0,14.0,11.0,335.56,Very Poor,CO,True,Valid AQI,35.6,44,0.0,12.4,14,52.73,Moderate trapping,Industrial / mixed urban proxy,Proxy from station/city naming,70,65,60.9,0.9851851851851852,1.0150375939849623,1.0869565217391304,0.56,36.88,42.5,47.3,31.29,47.55,Photochemical smog,47.55,47.3,0.25,33.36,Low confidence,O3 and temperature-related signal; urban photochemical formation likelihood,Partially aligned,"Immediate intervention: Control NOx and VOC sources, reduce peak-hour emissions, and issue ozone/smog exposure advisories.",2026-07-16 10:55:13,2026-07-16 04:00:00,341.33267873274224,290.758949022992,341.33267873274224,391.9064084424925,Very Poor,335.56,Very Poor,Very Poor,5.772678732742236,Stable,43.99,Moderate,Proxy derived from ground pollutants and meteorology; not direct satellite imagery,33.61,Low,59.32,Moderate,51.91,Moderate,48.89,Moderate,1,1,0,Critical forecast hotspot,49.71,Moderate,174,Usable,"Advanced intelligence layer combines real AQI, forecasted AQI, pollutant signals, meteorological dispersion, source attribution, and intervention scoring."
west_bengal__kolkata__jadavpur_kolkata_wbpcb,"Jadavpur, Kolkata - WBPCB",Kolkata,West Bengal,22.49929,88.36917,2026-07-16 05:00:00,39.0,40.0,21.0,6.0,26.0,14.0,13.0,353.14,Very Poor,CO,True,Valid AQI,30.3,77,0.0,12.0,84,72.59,High trapping,Dense urban proxy,Proxy from station/city naming,60,55,65.94,1.0256410256410255,0.975,0.8076923076923077,0.6666666666666666,46.22,17.72,33.43,36.46,34.97,Vehicular traffic,46.22,36.46,9.76,35.28,Low confidence,elevated NO2/CO signal; road-density or urban-pressure influence; traffic/commercial land-use proxy,Aligned,"Immediate intervention: Implement traffic flow control, reduce idling zones, strengthen public transport diversion, and prioritize roadside monitoring.",2026-07-16 10:55:13,2026-07-16 04:00:00,349.4221227855101,298.8483930757599,349.4221227855101,399.9958524952604,Very Poor,353.14,Very Poor,Very Poor,-3.7178772144898744,Stable,22.11,Low,Proxy derived from ground pollutants and meteorology; not direct satellite imagery,64.55,High,52.23,Moderate,53.29,Moderate,48.99,Moderate,1,1,0,Critical forecast hotspot,49.58,Moderate,175,Usable,"Advanced intelligence layer combines real AQI, forecasted AQI, pollutant signals, meteorological dispersion, source attribution, and intervention scoring."
maharashtra__mumbai__kurla_mumbai_mpcb,"Kurla, Mumbai - MPCB",Mumbai,Maharashtra,19.0863,72.8888,2026-07-16 05:00:00,65.0,75.0,7.0,29.0,25.0,28.0,2.0,347.28,Very Poor,CO,True,Valid AQI,28.2,76,0.0,11.3,40,69.09,High trapping,Dense urban proxy,Proxy from station/city naming,60,55,63.93,1.1538461538461535,0.8666666666666667,0.28,4.0,42.46,24.14,37.07,37.52,34.69,Vehicular traffic,42.46,37.52,4.94,31.2,Low confidence,elevated NO2/CO signal; road-density or urban-pressure influence; traffic/commercial land-use proxy,Aligned,"Immediate intervention: Implement traffic flow control, reduce idling zones, strengthen public transport diversion, and prioritize roadside monitoring.",2026-07-16 10:55:13,2026-07-16 04:00:00,346.8435705675639,296.2698408578137,346.8435705675639,397.41730027731415,Very Poor,347.28,Very Poor,Very Poor,-0.43642943243605714,Stable,27.13,Low,Proxy derived from ground pollutants and meteorology; not direct satellite imagery,57.23,Moderate,53.98,Moderate,52.71,Moderate,48.88,Moderate,1,1,0,Critical forecast hotspot,49.52,Moderate,176,Usable,"Advanced intelligence layer combines real AQI, forecasted AQI, pollutant signals, meteorological dispersion, source attribution, and intervention scoring."
uttar_pradesh__bulandshahr__yamunapuram_bulandshahr_uppcb,"Yamunapuram, Bulandshahr - UPPCB",Bulandshahr,Uttar Pradesh,28.406963,77.849831,2026-07-16 05:00:00,53.0,141.0,16.0,,32.0,15.0,6.0,388.28,Very Poor,CO,True,Valid AQI,34.0,56,0.0,11.3,3,58.04,Moderate trapping,General urban / semi-urban proxy,Proxy from station/city naming,15,20,42.4,2.660377358490566,0.375886524822695,0.5,0.9375,10.09,0.0,31.46,31.28,35.05,Photochemical smog,35.05,31.46,3.59,25.61,Low confidence,O3 and temperature-related signal; urban photochemical formation likelihood,Partially aligned,"Immediate intervention: Control NOx and VOC sources, reduce peak-hour emissions, and issue ozone/smog exposure advisories.",2026-07-16 10:55:13,2026-07-16 04:00:00,399.1406573595853,348.56692764983507,399.1406573595853,449.71438706933554,Very Poor,388.28,Very Poor,Very Poor,10.860657359585332,Stable,31.19,Low,Proxy derived from ground pollutants and meteorology; not direct satellite imagery,40.34,Moderate,55.3,Moderate,57.6,Moderate,48.18,Moderate,1,1,0,Critical forecast hotspot,49.48,Moderate,177,Usable,"Advanced intelligence layer combines real AQI, forecasted AQI, pollutant signals, meteorological dispersion, source attribution, and intervention scoring."
delhi__delhi__r_k_puram_delhi_dpcc,"R K Puram, Delhi - DPCC",Delhi,Delhi,28.563262,77.186937,2026-07-16 05:00:00,69.0,177.0,43.0,23.0,24.0,8.0,5.0,341.42,Very Poor,CO,True,Valid AQI,35.6,44,0.0,11.3,8,54.13,Moderate trapping,Dense urban proxy,Proxy from station/city naming,60,55,57.14,2.565217391304348,0.3898305084745763,1.7916666666666667,0.1860465116279069,51.42,27.76,49.96,30.55,47.47,Vehicular traffic,51.42,49.96,1.46,36.43,Low confidence,elevated NO2/CO signal; road-density or urban-pressure influence; traffic/commercial land-use proxy,Aligned,"Immediate intervention: Implement traffic flow control, reduce idling zones, strengthen public transport diversion, and prioritize roadside monitoring.",2026-07-16 10:55:13,2026-07-16 04:00:00,371.9904301096698,321.4167003999196,371.9904301096698,422.56415981942007,Very Poor,341.42,Very Poor,Very Poor,30.570430109669758,Increasing,40.95,Moderate,Proxy derived from ground pollutants and meteorology; not direct satellite imagery,35.75,Low,54.52,Moderate,55.74,Moderate,48.42,Moderate,1,1,1,Critical forecast hotspot,49.46,Moderate,178,Usable,"Advanced intelligence layer combines real AQI, forecasted AQI, pollutant signals, meteorological dispersion, source attribution, and intervention scoring."
haryana__panipat__sector_18_panipat_hspcb,"Sector-18, Panipat - HSPCB",Panipat,Haryana,29.432304,76.972765,2026-07-16 05:00:00,,227.0,7.0,51.0,26.0,30.0,10.0,353.14,Very Poor,CO,True,Valid AQI,34.2,60,0.0,8.6,4,64.5,High trapping,Industrial / mixed urban proxy,Proxy from station/city naming,35,30,50.35,,,0.2692307692307692,4.285714285714286,14.59,48.3,0.0,0.0,39.87,Industrial combustion,48.3,39.87,8.43,36.34,Low confidence,SO2 and combustion-related pollutant influence; industrial land-use proxy,Aligned,"Immediate intervention: Increase industrial emission inspection, check stack compliance, enforce fuel-quality standards, and monitor nearby industrial clusters.",2026-07-16 10:55:13,2026-07-16 04:00:00,371.5926199194327,321.01889020968247,371.5926199194327,422.16634962918295,Very Poor,353.14,Very Poor,Very Poor,18.45261991943272,Stable,32.97,Low,Proxy derived from ground pollutants and meteorology; not direct satellite imagery,50.65,Moderate,49.68,Moderate,56.42,Moderate,48.55,Moderate,1,1,0,Critical forecast hotspot,49.4,Moderate,179,Usable,"Advanced intelligence layer combines real AQI, forecasted AQI, pollutant signals, meteorological dispersion, source attribution, and intervention scoring."
uttar_pradesh__moradabad__employment_office_moradabad_uppcb,"Employment Office, Moradabad - UPPCB",Moradabad,Uttar Pradesh,28.88528,78.7388,2026-07-16 05:00:00,60.0,83.0,23.0,28.0,18.0,31.0,3.0,306.27,Very Poor,CO,True,Valid AQI,33.8,66,0.0,3.1,11,77.36,High trapping,General urban / semi-urban proxy,Proxy from station/city naming,15,20,42.83,1.3833333333333333,0.7228915662650602,1.2777777777777777,1.3478260869565215,9.15,17.26,19.78,38.52,37.55,Biomass / fine-particle combustion,38.52,37.55,0.97,27.26,Low confidence,PM2.5-heavy fine-particle pattern; CO and stagnant-weather influence; high weather trapping,Partially aligned,"Immediate intervention: Track open burning, control biomass combustion sources, increase public alerts, and strengthen fine-particle monitoring.",2026-07-16 10:55:13,2026-07-16 04:00:00,304.5969075160642,254.023177806314,304.5969075160642,355.17063722581446,Very Poor,306.27,Very Poor,Very Poor,-1.6730924839357613,Stable,27.22,Low,Proxy derived from ground pollutants and meteorology; not direct satellite imagery,71.67,High,48.5,Moderate,49.92,Moderate,49.3,Moderate,1,1,0,Critical forecast hotspot,49.32,Moderate,180,Usable,"Advanced intelligence layer combines real AQI, forecasted AQI, pollutant signals, meteorological dispersion, source attribution, and intervention scoring."
chhattisgarh__kunjemura__op_jindal_school_kunjemura_cecb,"OP Jindal School, Kunjemura - CECB",Kunjemura,Chhattisgarh,22.12665,83.483212,2026-07-16 05:00:00,13.0,50.0,19.0,13.0,22.0,7.0,2.0,329.7,Very Poor,CO,True,Valid AQI,29.5,75,0.0,7.9,94,80.28,Very high trapping,General urban / semi-urban proxy,Proxy from station/city naming,15,20,46.23,3.8461538461538463,0.26,0.8636363636363636,0.3684210526315789,8.91,11.33,21.67,30.59,24.02,Biomass / fine-particle combustion,30.59,24.02,6.57,23.38,Low confidence,PM2.5-heavy fine-particle pattern; CO and stagnant-weather influence; high weather trapping,Partially aligned,"Immediate intervention: Track open burning, control biomass combustion sources, increase public alerts, and strengthen fine-particle monitoring.",2026-07-16 10:55:13,2026-07-16 04:00:00,334.71976597260965,284.1460362628594,334.71976597260965,385.2934956823599,Very Poor,329.7,Very Poor,Very Poor,5.019765972609662,Stable,18.02,Minimal,Proxy derived from ground pollutants and meteorology; not direct satellite imagery,78.18,High,46.73,Moderate,52.71,Moderate,49.07,Moderate,1,1,0,Critical forecast hotspot,49.32,Moderate,180,Usable,"Advanced intelligence layer combines real AQI, forecasted AQI, pollutant signals, meteorological dispersion, source attribution, and intervention scoring."
uttar_pradesh__lucknow__b_r_ambedkar_university_lucknow_uppcb,"B R Ambedkar University, Lucknow - UPPCB",Lucknow,Uttar Pradesh,26.766433,80.927299,2026-07-16 05:00:00,61.0,97.0,12.0,34.0,26.0,38.0,3.0,353.14,Very Poor,CO,True,Valid AQI,34.0,59,0.0,8.7,20,65.55,High trapping,Dense urban proxy,Proxy from station/city naming,60,55,63.0,1.5901639344262295,0.6288659793814433,0.4615384615384615,3.1666666666666665,43.93,27.08,38.85,35.27,45.13,Photochemical smog,45.13,43.93,1.2,31.95,Low confidence,O3 and temperature-related signal; urban photochemical formation likelihood,Partially aligned,"Immediate intervention: Control NOx and VOC sources, reduce peak-hour emissions, and issue ozone/smog exposure advisories.",2026-07-16 10:55:13,2026-07-16 04:00:00,351.2145862263052,300.6408565165549,351.2145862263052,401.78831593605537,Very Poor,353.14,Very Poor,Very Poor,-1.9254137736947996,Stable,28.45,Low,Proxy derived from ground pollutants and meteorology; not direct satellite imagery,53.14,Moderate,53.86,Moderate,52.93,Moderate,48.36,Moderate,1,1,0,Critical forecast hotspot,49.09,Moderate,181,Usable,"Advanced intelligence layer combines real AQI, forecasted AQI, pollutant signals, meteorological dispersion, source attribution, and intervention scoring."
uttar_pradesh__noida__sector_1_noida_uppcb,"Sector-1, Noida - UPPCB",Noida,Uttar Pradesh,28.5898,77.3101,2026-07-16 05:00:00,60.0,139.0,43.0,11.0,31.0,4.0,10.0,382.43,Very Poor,CO,True,Valid AQI,36.1,42,0.0,10.7,10,54.68,Moderate trapping,Industrial / mixed urban proxy,Proxy from station/city naming,70,65,66.08,2.316666666666667,0.4316546762589928,1.3870967741935485,0.0930232558139534,43.01,45.93,48.95,21.53,49.26,Photochemical smog,49.26,48.95,0.31,34.58,Low confidence,O3 and temperature-related signal; urban photochemical formation likelihood,Partially aligned,"Immediate intervention: Control NOx and VOC sources, reduce peak-hour emissions, and issue ozone/smog exposure advisories.",2026-07-16 10:55:13,2026-07-16 04:00:00,376.5116062301586,325.9378765204084,376.5116062301586,427.0853359399089,Very Poor,382.43,Very Poor,Very Poor,-5.91839376984143,Stable,35.0,Low,Proxy derived from ground pollutants and meteorology; not direct satellite imagery,37.06,Low,56.51,Moderate,55.16,Moderate,47.91,Moderate,1,1,0,Critical forecast hotspot,49.07,Moderate,182,Usable,"Advanced intelligence layer combines real AQI, forecasted AQI, pollutant signals, meteorological dispersion, source attribution, and intervention scoring."
maharashtra__mumbai__khindipada_bhandup_west_mumbai_iitm,"Khindipada-Bhandup West, Mumbai - IITM",Mumbai,Maharashtra,19.1653323,72.922099,2026-07-16 05:00:00,23.0,47.0,19.0,4.0,31.0,8.0,1.0,382.43,Very Poor,CO,True,Valid AQI,29.0,75,0.0,10.6,31,69.09,High trapping,Dense urban proxy,Proxy from station/city naming,60,55,67.2,2.0434782608695654,0.4893617021276595,0.6129032258064516,0.4210526315789473,46.68,17.33,34.91,31.65,34.86,Vehicular traffic,46.68,34.91,11.77,36.21,Low confidence,elevated NO2/CO signal; road-density or urban-pressure influence; traffic/commercial land-use proxy,Aligned,"Immediate intervention: Implement traffic flow control, reduce idling zones, strengthen public transport diversion, and prioritize roadside monitoring.",2026-07-16 10:55:13,2026-07-16 04:00:00,394.6350017248248,344.0612720150745,394.6350017248248,445.208731434575,Very Poor,382.43,Very Poor,Very Poor,12.205001724824797,Stable,17.22,Minimal,Proxy derived from ground pollutants and meteorology; not direct satellite imagery,57.07,Moderate,53.46,Moderate,56.47,Moderate,47.84,Moderate,1,1,0,Critical forecast hotspot,48.98,Moderate,183,Usable,"Advanced intelligence layer combines real AQI, forecasted AQI, pollutant signals, meteorological dispersion, source attribution, and intervention scoring."
telangana__hyderabad__sanathnagar_hyderabad_tspcb,"Sanathnagar, Hyderabad - TSPCB",Hyderabad,Telangana,17.4559458,78.4332152,2026-07-16 05:00:00,25.0,,36.0,9.0,39.0,22.0,,431.51,Severe,CO,True,Valid AQI,30.3,54,0.0,15.5,95,58.9,Moderate trapping,Dense urban proxy,Proxy from station/city naming,60,55,67.52,,,0.9230769230769232,0.6111111111111112,52.55,23.32,0.0,0.0,37.46,Vehicular traffic,52.55,37.46,15.09,41.31,Moderate confidence,elevated NO2/CO signal; road-density or urban-pressure influence; traffic/commercial land-use proxy,Aligned,"Immediate intervention: Implement traffic flow control, reduce idling zones, strengthen public transport diversion, and prioritize roadside monitoring.",2026-07-16 10:55:13,2026-07-16 04:00:00,406.5301099297718,355.9563802200216,406.5301099297718,457.1038396395221,Severe,431.51,Severe,Severe,-24.97989007022818,Stable,20.17,Low,Proxy derived from ground pollutants and meteorology; not direct satellite imagery,45.37,Moderate,56.67,Moderate,57.67,Moderate,47.41,Moderate,1,1,0,Critical forecast hotspot,48.9,Moderate,184,Usable,"Advanced intelligence layer combines real AQI, forecasted AQI, pollutant signals, meteorological dispersion, source attribution, and intervention scoring."
maharashtra__mumbai__bandra_kurla_complex_mumbai_mpcb,"Bandra Kurla Complex, Mumbai - MPCB",Mumbai,Maharashtra,19.065931,72.862131,2026-07-16 05:00:00,47.0,61.0,12.0,5.0,28.0,10.0,3.0,364.85,Very Poor,CO,True,Valid AQI,28.2,76,0.0,11.3,40,69.09,High trapping,Dense urban proxy,Proxy from station/city naming,60,55,65.57,1.297872340425532,0.7704918032786885,0.4285714285714285,0.8333333333333334,44.32,16.09,35.75,35.5,32.78,Vehicular traffic,44.32,35.75,8.57,33.6,Low confidence,elevated NO2/CO signal; road-density or urban-pressure influence; traffic/commercial land-use proxy,Aligned,"Immediate intervention: Implement traffic flow control, reduce idling zones, strengthen public transport diversion, and prioritize roadside monitoring.",2026-07-16 10:55:13,2026-07-16 04:00:00,360.0660579542883,309.49232824453804,360.0660579542883,410.6397876640385,Very Poor,364.85,Very Poor,Very Poor,-4.78394204571174,Stable,22.18,Low,Proxy derived from ground pollutants and meteorology; not direct satellite imagery,57.23,Moderate,53.41,Moderate,53.34,Moderate,47.91,Moderate,1,1,0,Critical forecast hotspot,48.73,Moderate,185,Usable,"Advanced intelligence layer combines real AQI, forecasted AQI, pollutant signals, meteorological dispersion, source attribution, and intervention scoring."
delhi__delhi__dtu_delhi_cpcb,"DTU, Delhi - CPCB",Delhi,Delhi,28.7500499,77.1112615,2026-07-16 05:00:00,70.0,142.0,21.0,,25.0,23.0,10.0,347.28,Very Poor,CO,True,Valid AQI,34.2,53,0.0,10.1,3,59.11,Moderate trapping,Dense urban proxy,Proxy from station/city naming,60,55,59.77,2.0285714285714285,0.4929577464788732,0.84,1.0952380952380951,46.02,0.0,44.92,33.11,45.26,Vehicular traffic,46.02,45.26,0.76,32.44,Low confidence,elevated NO2/CO signal; road-density or urban-pressure influence; traffic/commercial land-use proxy,Aligned,"Immediate intervention: Implement traffic flow control, reduce idling zones, strengthen public transport diversion, and prioritize roadside monitoring.",2026-07-16 10:55:13,2026-07-16 04:00:00,358.91403586759736,308.3403061578471,358.91403586759736,409.4877655773476,Very Poor,347.28,Very Poor,Very Poor,11.63403586759739,Stable,34.63,Low,Proxy derived from ground pollutants and meteorology; not direct satellite imagery,42.6,Moderate,54.24,Moderate,53.53,Moderate,47.78,Moderate,1,1,0,Critical forecast hotspot,48.68,Moderate,186,Usable,"Advanced intelligence layer combines real AQI, forecasted AQI, pollutant signals, meteorological dispersion, source attribution, and intervention scoring."
west_bengal__kolkata__ballygunge_kolkata_wbpcb,"Ballygunge, Kolkata - WBPCB",Kolkata,West Bengal,22.5367507,88.3638022,2026-07-16 05:00:00,38.0,33.0,25.0,6.0,20.0,17.0,9.0,317.99,Very Poor,CO,True,Valid AQI,30.1,79,0.0,11.1,92,75.76,High trapping,Dense urban proxy,Proxy from station/city naming,60,55,63.99,0.868421052631579,1.1515151515151516,1.25,0.68,46.07,17.52,32.06,37.47,35.25,Vehicular traffic,46.07,37.47,8.6,34.83,Low confidence,elevated NO2/CO signal; road-density or urban-pressure influence; traffic/commercial land-use proxy,Aligned,"Immediate intervention: Implement traffic flow control, reduce idling zones, strengthen public transport diversion, and prioritize roadside monitoring.",2026-07-16 10:55:13,2026-07-16 04:00:00,324.82948769501235,274.2557579852621,324.82948769501235,375.4032174047626,Very Poor,317.99,Very Poor,Very Poor,6.8394876950123376,Stable,21.91,Low,Proxy derived from ground pollutants and meteorology; not direct satellite imagery,69.87,High,48.86,Moderate,50.79,Moderate,48.25,Moderate,1,1,0,Critical forecast hotspot,48.54,Moderate,187,Usable,"Advanced intelligence layer combines real AQI, forecasted AQI, pollutant signals, meteorological dispersion, source attribution, and intervention scoring."
maharashtra__mahad__kamble_tarf_birwadi_mahad_mpcb,"Kamble Tarf Birwadi, Mahad - MPCB",Mahad,Maharashtra,18.1023399,73.4783687,2026-07-16 05:00:00,58.0,50.0,22.0,18.0,22.0,16.0,6.0,329.7,Very Poor,CO,True,Valid AQI,30.0,70,0.1,9.8,99,69.25,High trapping,General urban / semi-urban proxy,Proxy from station/city naming,15,20,41.62,0.8620689655172413,1.16,1.0,0.7272727272727273,9.67,13.79,16.05,38.71,23.56,Biomass / fine-particle combustion,38.71,23.56,15.15,31.64,Low confidence,PM2.5-heavy fine-particle pattern; CO and stagnant-weather influence; high weather trapping,Partially aligned,"Immediate intervention: Track open burning, control biomass combustion sources, increase public alerts, and strengthen fine-particle monitoring.",2026-07-16 10:55:13,2026-07-16 04:00:00,326.5364544116606,275.9627247019104,326.5364544116606,377.1101841214109,Very Poor,329.7,Very Poor,Very Poor,-3.163545588339389,Stable,26.6,Low,Proxy derived from ground pollutants and meteorology; not direct satellite imagery,62.67,High,49.73,Moderate,51.01,Moderate,48.08,Moderate,1,1,0,Critical forecast hotspot,48.45,Moderate,188,Usable,"Advanced intelligence layer combines real AQI, forecasted AQI, pollutant signals, meteorological dispersion, source attribution, and intervention scoring."
karnataka__dharwad__kalabhavan_dharwad_kspcb,"Kalabhavan, Dharwad - KSPCB",Dharwad,Karnataka,15.459706,75.008381,2026-07-16 05:00:00,62.0,83.0,23.0,7.0,39.0,40.0,6.0,431.51,Severe,CO,True,Valid AQI,27.2,63,0.0,19.1,27,48.89,Moderate trapping,General urban / semi-urban proxy,Proxy from station/city naming,15,20,42.61,1.3387096774193548,0.7469879518072289,0.5897435897435898,1.7391304347826086,13.23,12.15,26.96,32.23,29.62,Biomass / fine-particle combustion,32.23,29.62,2.61,23.34,Low confidence,PM2.5-heavy fine-particle pattern; CO and stagnant-weather influence,Partially aligned,"Immediate intervention: Track open burning, control biomass combustion sources, increase public alerts, and strengthen fine-particle monitoring.",2026-07-16 10:55:13,2026-07-16 04:00:00,433.61547621693126,383.041746507181,433.61547621693126,484.1892059266815,Severe,431.51,Severe,Severe,2.1054762169312653,Stable,31.03,Low,Proxy derived from ground pollutants and meteorology; not direct satellite imagery,24.7,Low,58.96,Moderate,59.12,Moderate,46.57,Moderate,1,1,0,Critical forecast hotspot,48.44,Moderate,189,Usable,"Advanced intelligence layer combines real AQI, forecasted AQI, pollutant signals, meteorological dispersion, source attribution, and intervention scoring."
andhra_pradesh__nellore__ambedkar_nagar_nellore_appcb,"Ambedkar Nagar, Nellore - APPCB",Nellore,Andhra Pradesh,14.438164,79.966814,2026-07-16 05:00:00,53.0,65.0,29.0,15.0,36.0,38.0,7.0,412.83,Severe,CO,True,Valid AQI,34.7,42,0.0,18.3,100,49.92,Moderate trapping,General urban / semi-urban proxy,Proxy from station/city naming,15,20,41.3,1.2264150943396226,0.8153846153846154,0.8055555555555556,1.3103448275862069,14.17,15.85,24.51,31.63,36.0,Photochemical smog,36.0,31.63,4.37,26.51,Low confidence,O3 and temperature-related signal; urban photochemical formation likelihood,Partially aligned,"Immediate intervention: Control NOx and VOC sources, reduce peak-hour emissions, and issue ozone/smog exposure advisories.",2026-07-16 10:55:13,2026-07-16 04:00:00,417.5002221153751,366.92649240562486,417.5002221153751,468.0739518251253,Severe,412.83,Severe,Severe,4.670222115375111,Stable,29.59,Low,Proxy derived from ground pollutants and meteorology; not direct satellite imagery,32.24,Low,56.54,Moderate,58.03,Moderate,46.74,Moderate,1,1,0,Critical forecast hotspot,48.36,Moderate,190,Usable,"Advanced intelligence layer combines real AQI, forecasted AQI, pollutant signals, meteorological dispersion, source attribution, and intervention scoring."
andhra_pradesh__vijayawada__rajiv_nagar_vijayawada_appcb,"Rajiv Nagar, Vijayawada - APPCB",Vijayawada,Andhra Pradesh,16.554731,80.64911,2026-07-16 05:00:00,65.0,67.0,17.0,15.0,28.0,17.0,4.0,364.85,Very Poor,CO,True,Valid AQI,31.5,57,0.0,15.1,100,61.23,High trapping,General urban / semi-urban proxy,Proxy from station/city naming,15,20,41.55,1.0307692307692309,0.9701492537313432,0.6071428571428571,1.0,9.56,12.65,23.01,36.03,27.43,Biomass / fine-particle combustion,36.03,27.43,8.6,27.8,Low confidence,PM2.5-heavy fine-particle pattern; CO and stagnant-weather influence; high weather trapping,Partially aligned,"Immediate intervention: Track open burning, control biomass combustion sources, increase public alerts, and strengthen fine-particle monitoring.",2026-07-16 10:55:13,2026-07-16 04:00:00,357.7939817880198,307.22025207826954,357.7939817880198,408.36771149777,Very Poor,364.85,Very Poor,Very Poor,-7.056018211980245,Stable,28.67,Low,Proxy derived from ground pollutants and meteorology; not direct satellite imagery,49.02,Moderate,53.13,Moderate,53.29,Moderate,47.46,Moderate,1,1,0,Critical forecast hotspot,48.33,Moderate,191,Usable,"Advanced intelligence layer combines real AQI, forecasted AQI, pollutant signals, meteorological dispersion, source attribution, and intervention scoring."
madhya_pradesh__gwalior__maharaj_bada_gwalior_mppcb,"Maharaj Bada, Gwalior - MPPCB",Gwalior,Madhya Pradesh,26.200388,78.147714,2026-07-16 05:00:00,71.0,68.0,25.0,8.0,36.0,32.0,1.0,412.83,Severe,CO,True,Valid AQI,33.4,56,0.0,16.9,7,48.3,Moderate trapping,General urban / semi-urban proxy,Proxy from station/city naming,15,20,40.62,0.9577464788732394,1.0441176470588236,0.6944444444444444,1.28,13.15,12.45,23.84,35.11,37.64,Photochemical smog,37.64,35.11,2.53,27.11,Low confidence,O3 and temperature-related signal; urban photochemical formation likelihood,Partially aligned,"Immediate intervention: Control NOx and VOC sources, reduce peak-hour emissions, and issue ozone/smog exposure advisories.",2026-07-16 10:55:13,2026-07-16 04:00:00,449.065533498168,398.4918037884177,449.065533498168,499.6392632079182,Severe,412.83,Severe,Severe,36.235533498168024,Increasing,28.45,Low,Proxy derived from ground pollutants and meteorology; not direct satellite imagery,24.06,Low,58.72,Moderate,60.47,High,46.26,Moderate,1,1,1,Critical forecast hotspot,48.3,Moderate,192,Usable,"Advanced intelligence layer combines real AQI, forecasted AQI, pollutant signals, meteorological dispersion, source attribution, and intervention scoring."
delhi__delhi__okhla_phase_2_delhi_dpcc,"Okhla Phase-2, Delhi - DPCC",Delhi,Delhi,28.530785,77.271255,2026-07-16 05:00:00,62.0,157.0,32.0,18.0,30.0,8.0,7.0,376.57,Very Poor,CO,True,Valid AQI,35.6,44,0.0,11.6,8,53.58,Moderate trapping,Industrial / mixed urban proxy,Proxy from station/city naming,70,65,65.07,2.532258064516129,0.3949044585987261,1.0666666666666669,0.25,40.02,46.65,51.59,20.8,47.89,Construction / road dust,51.59,47.89,3.7,37.22,Low confidence,PM10-heavy particulate pattern; road dust / coarse-particle likelihood; high road-density proxy,Partially aligned,"Immediate intervention: Apply dust suppression, cover construction material, clean road dust, and enforce construction-site controls.",2026-07-16 10:55:13,2026-07-16 04:00:00,370.744903748474,320.17117403872373,370.744903748474,421.3186334582242,Very Poor,376.57,Very Poor,Very Poor,-5.82509625152602,Stable,35.97,Low,Proxy derived from ground pollutants and meteorology; not direct satellite imagery,34.83,Low,55.78,Moderate,54.19,Moderate,47.15,Moderate,1,1,0,Critical forecast hotspot,48.29,Moderate,193,Usable,"Advanced intelligence layer combines real AQI, forecasted AQI, pollutant signals, meteorological dispersion, source attribution, and intervention scoring."
rajasthan__jodhpur__collectorate_jodhpur_rspcb,"Collectorate, Jodhpur - RSPCB",Jodhpur,Rajasthan,26.268249,73.0193853,2026-07-16 05:00:00,49.0,81.0,17.0,5.0,43.0,19.0,4.0,456.42,Severe,CO,True,Valid AQI,33.3,48,0.0,13.3,0,51.18,Moderate trapping,General urban / semi-urban proxy,Proxy from station/city naming,15,20,45.88,1.653061224489796,0.6049382716049383,0.3953488372093023,1.1176470588235294,12.48,10.94,24.54,32.49,35.01,Photochemical smog,35.01,32.49,2.52,25.26,Low confidence,O3 and temperature-related signal; urban photochemical formation likelihood,Partially aligned,"Immediate intervention: Control NOx and VOC sources, reduce peak-hour emissions, and issue ozone/smog exposure advisories.",2026-07-16 10:55:13,2026-07-16 04:00:00,437.1018411904758,386.5281114807256,437.1018411904758,487.675570900226,Severe,456.42,Severe,Severe,-19.31815880952422,Stable,23.72,Low,Proxy derived from ground pollutants and meteorology; not direct satellite imagery,29.88,Low,59.21,Moderate,59.47,Moderate,46.32,Moderate,1,1,0,Critical forecast hotspot,48.28,Moderate,194,Usable,"Advanced intelligence layer combines real AQI, forecasted AQI, pollutant signals, meteorological dispersion, source attribution, and intervention scoring."
chandigarh__chandigarh__sector_25_chandigarh_cpcc,"Sector-25, Chandigarh - CPCC",Chandigarh,Chandigarh,30.751462,76.762879,2026-07-16 05:00:00,65.0,90.0,7.0,8.0,19.0,20.0,13.0,312.13,Very Poor,CO,True,Valid AQI,32.8,61,0.0,5.0,20,72.98,High trapping,Industrial / mixed urban proxy,Proxy from station/city naming,35,30,50.07,1.3846153846153846,0.7222222222222222,0.3684210526315789,2.857142857142857,13.23,30.56,26.91,27.71,35.88,Photochemical smog,35.88,30.56,5.32,26.71,Low confidence,O3 and temperature-related signal; urban photochemical formation likelihood,Partially aligned,"Immediate intervention: Control NOx and VOC sources, reduce peak-hour emissions, and issue ozone/smog exposure advisories.",2026-07-16 10:55:13,2026-07-16 04:00:00,317.1113886408278,266.53765893107754,317.1113886408278,367.685118350578,Very Poor,312.13,Very Poor,Very Poor,4.981388640827788,Stable,25.44,Low,Proxy derived from ground pollutants and meteorology; not direct satellite imagery,65.37,High,49.52,Moderate,49.81,Moderate,47.96,Moderate,1,1,0,Critical forecast hotspot,48.22,Moderate,195,Usable,"Advanced intelligence layer combines real AQI, forecasted AQI, pollutant signals, meteorological dispersion, source attribution, and intervention scoring."
maharashtra__mumbai__malad_west_mumbai_iitm,"Malad West, Mumbai - IITM",Mumbai,Maharashtra,19.19709,72.82204,2026-07-16 05:00:00,18.0,58.0,,5.0,35.0,10.0,,406.6,Severe,CO,True,Valid AQI,28.3,76,0.0,12.2,29,66.36,High trapping,Dense urban proxy,Proxy from station/city naming,60,55,68.32,3.2222222222222223,0.3103448275862069,,,0.0,0.0,38.39,29.55,0.0,Construction / road dust,38.39,29.55,8.84,29.52,Low confidence,PM10-heavy particulate pattern; road dust / coarse-particle likelihood,Partially aligned,"Immediate intervention: Apply dust suppression, cover construction material, clean road dust, and enforce construction-site controls.",2026-07-16 10:55:13,2026-07-16 04:00:00,404.2336417135642,353.659912003814,404.2336417135642,454.80737142331446,Severe,406.6,Severe,Severe,-2.3663582864357977,Stable,15.2,Minimal,Proxy derived from ground pollutants and meteorology; not direct satellite imagery,52.24,Moderate,54.24,Moderate,56.33,Moderate,46.66,Moderate,1,1,0,Critical forecast hotspot,48.01,Moderate,196,Usable,"Advanced intelligence layer combines real AQI, forecasted AQI, pollutant signals, meteorological dispersion, source attribution, and intervention scoring."
maharashtra__nagpur__opp_gpo_civil_lines_nagpur_mpcb,"Opp GPO Civil Lines, Nagpur - MPCB",Nagpur,Maharashtra,21.152875,79.0517531,2026-07-16 05:00:00,41.0,79.0,16.0,5.0,28.0,9.0,5.0,364.85,Very Poor,CO,True,Valid AQI,31.7,59,0.0,15.1,98,61.76,High trapping,Dense urban proxy,Proxy from station/city naming,60,55,62.51,1.9268292682926829,0.5189873417721519,0.5714285714285714,0.5625,45.33,16.77,40.25,30.34,34.71,Vehicular traffic,45.33,40.25,5.08,33.25,Low confidence,elevated NO2/CO signal; road-density or urban-pressure influence; traffic/commercial land-use proxy,Aligned,"Immediate intervention: Implement traffic flow control, reduce idling zones, strengthen public transport diversion, and prioritize roadside monitoring.",2026-07-16 10:55:13,2026-07-16 04:00:00,368.3203780190102,317.74664830926,368.3203780190102,418.8941077287605,Very Poor,364.85,Very Poor,Very Poor,3.470378019010184,Stable,25.45,Low,Proxy derived from ground pollutants and meteorology; not direct satellite imagery,49.54,Moderate,52.63,Moderate,53.63,Moderate,46.88,Moderate,1,1,0,Critical forecast hotspot,47.84,Moderate,197,Usable,"Advanced intelligence layer combines real AQI, forecasted AQI, pollutant signals, meteorological dispersion, source attribution, and intervention scoring."
maharashtra__mumbai__navy_nagar_colaba_mumbai_iitm,"Navy Nagar-Colaba, Mumbai - IITM",Mumbai,Maharashtra,18.897756,72.81332,2026-07-16 05:00:00,34.0,63.0,66.0,10.0,34.0,26.0,6.0,400.0,Very Poor,CO,True,Valid AQI,27.8,78,0.0,17.4,12,55.99,Moderate trapping,Dense urban proxy,Proxy from station/city naming,60,55,63.37,1.8529411764705883,0.5396825396825397,1.9411764705882355,0.3939393939393939,59.21,28.06,39.46,28.95,42.8,Vehicular traffic,59.21,42.8,16.41,46.37,Moderate confidence,elevated NO2/CO signal; road-density or urban-pressure influence; traffic/commercial land-use proxy,Aligned,"Immediate intervention: Implement traffic flow control, reduce idling zones, strengthen public transport diversion, and prioritize roadside monitoring.",2026-07-16 10:55:13,2026-07-16 04:00:00,402.2706513591272,351.696921649377,402.2706513591272,452.8443810688775,Severe,400.0,Very Poor,Severe,2.270651359127214,Stable,30.29,Low,Proxy derived from ground pollutants and meteorology; not direct satellite imagery,33.84,Low,55.15,Moderate,56.46,Moderate,46.31,Moderate,1,1,0,Critical forecast hotspot,47.77,Moderate,198,Usable,"Advanced intelligence layer combines real AQI, forecasted AQI, pollutant signals, meteorological dispersion, source attribution, and intervention scoring."
gujarat__ahmedabad__rakhial_ahmedabad_iitm,"Rakhial, Ahmedabad - IITM",Ahmedabad,Gujarat,23.016834,72.625775,2026-07-16 05:00:00,28.0,66.0,11.0,15.0,31.0,9.0,4.0,382.43,Very Poor,CO,True,Valid AQI,31.8,60,0.0,8.1,25,67.5,High trapping,Dense urban proxy,Proxy from station/city naming,60,55,66.54,2.357142857142857,0.4242424242424242,0.3548387096774194,0.8181818181818182,44.64,20.25,36.25,31.88,37.85,Vehicular traffic,44.64,37.85,6.79,33.28,Low confidence,elevated NO2/CO signal; road-density or urban-pressure influence; traffic/commercial land-use proxy,Aligned,"Immediate intervention: Implement traffic flow control, reduce idling zones, strengthen public transport diversion, and prioritize roadside monitoring.",2026-07-16 10:55:13,2026-07-16 04:00:00,373.2353180015273,322.6615882917771,373.2353180015273,423.8090477112776,Very Poor,382.43,Very Poor,Very Poor,-9.194681998472731,Stable,17.51,Minimal,Proxy derived from ground pollutants and meteorology; not direct satellite imagery,56.46,Moderate,52.64,Moderate,53.89,Moderate,46.75,Moderate,1,1,0,Critical forecast hotspot,47.76,Moderate,199,Usable,"Advanced intelligence layer combines real AQI, forecasted AQI, pollutant signals, meteorological dispersion, source attribution, and intervention scoring."
uttar_pradesh__moradabad__eco_herbal_park_moradabad_uppcb,"Eco Herbal Park, Moradabad - UPPCB",Moradabad,Uttar Pradesh,28.840739,78.697531,2026-07-16 05:00:00,47.0,72.0,25.0,14.0,20.0,19.0,11.0,317.99,Very Poor,CO,True,Valid AQI,33.8,66,0.0,4.5,13,75.02,High trapping,General urban / semi-urban proxy,Proxy from station/city naming,15,20,42.94,1.5319148936170213,0.6527777777777778,1.25,0.76,10.05,12.45,19.42,36.11,36.01,Biomass / fine-particle combustion,36.11,36.01,0.1,25.31,Low confidence,PM2.5-heavy fine-particle pattern; CO and stagnant-weather influence; high weather trapping,Partially aligned,"Immediate intervention: Track open burning, control biomass combustion sources, increase public alerts, and strengthen fine-particle monitoring.",2026-07-16 10:55:13,2026-07-16 04:00:00,318.4932220581846,267.91949234843435,318.4932220581846,369.0669517679348,Very Poor,317.99,Very Poor,Very Poor,0.5032220581845763,Stable,23.4,Low,Proxy derived from ground pollutants and meteorology; not direct satellite imagery,67.8,High,47.62,Moderate,49.91,Moderate,47.5,Moderate,1,1,0,Critical forecast hotspot,47.75,Moderate,200,Usable,"Advanced intelligence layer combines real AQI, forecasted AQI, pollutant signals, meteorological dispersion, source attribution, and intervention scoring."
gujarat__ahmedabad__gyaspur_ahmedabad_iitm,"Gyaspur, Ahmedabad - IITM",Ahmedabad,Gujarat,22.977134,72.553024,2026-07-16 05:00:00,21.0,79.0,19.0,12.0,27.0,11.0,6.0,358.99,Very Poor,CO,True,Valid AQI,31.4,64,0.0,9.2,47,69.18,High trapping,Dense urban proxy,Proxy from station/city naming,60,55,65.06,3.761904761904762,0.2658227848101265,0.7037037037037037,0.5789473684210527,45.9,19.86,40.02,29.38,37.54,Vehicular traffic,45.9,40.02,5.88,33.89,Low confidence,elevated NO2/CO signal; road-density or urban-pressure influence; traffic/commercial land-use proxy,Aligned,"Immediate intervention: Implement traffic flow control, reduce idling zones, strengthen public transport diversion, and prioritize roadside monitoring.",2026-07-16 10:55:13,2026-07-16 04:00:00,358.1263454106785,307.55261570092824,358.1263454106785,408.7000751204287,Very Poor,358.99,Very Poor,Very Poor,-0.863654589321527,Stable,20.55,Low,Proxy derived from ground pollutants and meteorology; not direct satellite imagery,59.47,Moderate,50.35,Moderate,52.9,Moderate,46.98,Moderate,1,1,0,Critical forecast hotspot,47.74,Moderate,201,Usable,"Advanced intelligence layer combines real AQI, forecasted AQI, pollutant signals, meteorological dispersion, source attribution, and intervention scoring."
haryana__rohtak__md_university_rohtak_hspcb,"MD University, Rohtak - HSPCB",Rohtak,Haryana,28.52123,76.37138,2026-07-16 05:00:00,107.0,108.0,,10.0,38.0,15.0,,425.28,Severe,CO,True,Valid AQI,35.2,46,0.0,17.8,0,42.3,Moderate trapping,General urban / semi-urban proxy,Proxy from station/city naming,15,20,39.28,1.0093457943925233,0.9907407407407408,,,0.0,0.0,28.64,37.22,0.0,Biomass / fine-particle combustion,37.22,28.64,8.58,28.63,Low confidence,PM2.5-heavy fine-particle pattern; CO and stagnant-weather influence,Partially aligned,"Immediate intervention: Track open burning, control biomass combustion sources, increase public alerts, and strengthen fine-particle monitoring.",2026-07-16 10:55:13,2026-07-16 04:00:00,428.2220265412571,377.64829683150685,428.2220265412571,478.7957562510073,Severe,425.28,Severe,Severe,2.942026541257121,Stable,33.1,Low,Proxy derived from ground pollutants and meteorology; not direct satellite imagery,15.8,Minimal,61.83,High,57.7,Moderate,45.64,Moderate,1,1,0,Critical forecast hotspot,47.66,Moderate,202,Usable,"Advanced intelligence layer combines real AQI, forecasted AQI, pollutant signals, meteorological dispersion, source attribution, and intervention scoring."
gujarat__ahmedabad__chandkheda_ahmedabad_iitm,"Chandkheda, Ahmedabad - IITM",Ahmedabad,Gujarat,23.107969,72.574648,2026-07-16 05:00:00,32.0,63.0,13.0,7.0,31.0,3.0,5.0,382.43,Very Poor,CO,True,Valid AQI,32.2,58,0.0,8.7,19,65.08,High trapping,Dense urban proxy,Proxy from station/city naming,60,55,65.53,1.96875,0.5079365079365079,0.4193548387096774,0.2307692307692307,45.15,17.48,35.68,32.17,38.07,Vehicular traffic,45.15,38.07,7.08,33.73,Low confidence,elevated NO2/CO signal; road-density or urban-pressure influence; traffic/commercial land-use proxy,Aligned,"Immediate intervention: Implement traffic flow control, reduce idling zones, strengthen public transport diversion, and prioritize roadside monitoring.",2026-07-16 10:55:13,2026-07-16 04:00:00,390.170917294614,339.5971875848638,390.170917294614,440.74464700436425,Very Poor,382.43,Very Poor,Very Poor,7.7409172946140075,Stable,17.23,Minimal,Proxy derived from ground pollutants and meteorology; not direct satellite imagery,52.47,Moderate,53.32,Moderate,54.93,Moderate,46.41,Moderate,1,1,0,Critical forecast hotspot,47.61,Moderate,203,Usable,"Advanced intelligence layer combines real AQI, forecasted AQI, pollutant signals, meteorological dispersion, source attribution, and intervention scoring."
haryana__gurugram__teri_gram_gurugram_hspcb,"Teri Gram, Gurugram - HSPCB",Gurugram,Haryana,28.4275,77.1465,2026-07-16 05:00:00,106.0,86.0,28.0,13.0,30.0,11.0,6.0,376.57,Very Poor,CO,True,Valid AQI,34.7,48,0.0,14.2,7,50.25,Moderate trapping,Dense urban proxy,Proxy from station/city naming,60,55,58.8,0.8113207547169812,1.2325581395348837,0.9333333333333332,0.3928571428571428,48.77,22.21,39.11,40.13,44.89,Vehicular traffic,48.77,44.89,3.88,35.3,Low confidence,elevated NO2/CO signal; road-density or urban-pressure influence; traffic/commercial land-use proxy,Aligned,"Immediate intervention: Implement traffic flow control, reduce idling zones, strengthen public transport diversion, and prioritize roadside monitoring.",2026-07-16 10:55:13,2026-07-16 04:00:00,379.8557527751878,329.2820230654376,379.8557527751878,430.429482484938,Very Poor,376.57,Very Poor,Very Poor,3.2857527751878024,Stable,34.22,Low,Proxy derived from ground pollutants and meteorology; not direct satellite imagery,28.56,Low,58.86,Moderate,53.45,Moderate,46.25,Moderate,1,1,0,Critical forecast hotspot,47.6,Moderate,204,Usable,"Advanced intelligence layer combines real AQI, forecasted AQI, pollutant signals, meteorological dispersion, source attribution, and intervention scoring."
odisha__barbil__forest_office_barbil_ospcb,"Forest Office, Barbil - OSPCB",Barbil,Odisha,22.1166054,85.3945546,2026-07-16 05:00:00,41.0,76.0,5.0,12.0,19.0,26.0,2.0,312.13,Very Poor,CO,True,Valid AQI,28.0,76,0.0,11.9,98,73.8,High trapping,General urban / semi-urban proxy,Proxy from station/city naming,15,20,41.89,1.853658536585366,0.5394736842105263,0.2631578947368421,5.2,4.77,8.14,23.63,32.48,22.82,Biomass / fine-particle combustion,32.48,23.63,8.85,25.39,Low confidence,PM2.5-heavy fine-particle pattern; CO and stagnant-weather influence; high weather trapping,Partially aligned,"Immediate intervention: Track open burning, control biomass combustion sources, increase public alerts, and strengthen fine-particle monitoring.",2026-07-16 10:55:13,2026-07-16 04:00:00,315.3066781548555,264.73294844510525,315.3066781548555,365.8804078646057,Very Poor,312.13,Very Poor,Very Poor,3.1766781548554945,Stable,24.97,Low,Proxy derived from ground pollutants and meteorology; not direct satellite imagery,67.25,High,46.6,Moderate,49.81,Moderate,47.37,Moderate,1,1,0,Critical forecast hotspot,47.57,Moderate,205,Usable,"Advanced intelligence layer combines real AQI, forecasted AQI, pollutant signals, meteorological dispersion, source attribution, and intervention scoring."
kerala__thrissur__corporation_ground_thrissur_kerala_pcb,"Corporation Ground, Thrissur - Kerala PCB",Thrissur,Kerala,10.5324,76.2159,2026-07-16 05:00:00,47.0,59.0,8.0,0.0,22.0,29.0,0.0,329.7,Very Poor,CO,True,Valid AQI,28.7,72,0.1,9.9,99,69.8,High trapping,General urban / semi-urban proxy,Proxy from station/city naming,15,20,41.85,1.25531914893617,0.7966101694915254,0.3636363636363636,3.625,6.11,4.41,17.59,35.02,21.97,Biomass / fine-particle combustion,35.02,21.97,13.05,28.43,Low confidence,PM2.5-heavy fine-particle pattern; CO and stagnant-weather influence; high weather trapping,Partially aligned,"Immediate intervention: Track open burning, control biomass combustion sources, increase public alerts, and strengthen fine-particle monitoring.",2026-07-16 10:55:13,2026-07-16 04:00:00,322.6516990613783,272.07796935162804,322.6516990613783,373.2254287711285,Very Poor,329.7,Very Poor,Very Poor,-7.048300938621708,Stable,24.59,Low,Proxy derived from ground pollutants and meteorology; not direct satellite imagery,63.3,High,48.19,Moderate,50.23,Moderate,47.1,Moderate,1,1,0,Critical forecast hotspot,47.47,Moderate,206,Usable,"Advanced intelligence layer combines real AQI, forecasted AQI, pollutant signals, meteorological dispersion, source attribution, and intervention scoring."
odisha__rourkela__fertilizer_township_rourkela_ospcb,"Fertilizer Township, Rourkela - OSPCB",Rourkela,Odisha,22.18972222,84.86277778,2026-07-16 05:00:00,64.0,58.0,11.0,11.0,18.0,,,306.27,Very Poor,CO,True,Valid AQI,29.8,80,0.0,7.6,35,76.76,High trapping,General urban / semi-urban proxy,Proxy from station/city naming,15,20,42.58,0.90625,1.103448275862069,0.6111111111111112,,6.1,8.62,18.48,40.53,0.0,Biomass / fine-particle combustion,40.53,18.48,22.05,34.99,Low confidence,PM2.5-heavy fine-particle pattern; CO and stagnant-weather influence; high weather trapping,Partially aligned,"Immediate intervention: Track open burning, control biomass combustion sources, increase public alerts, and strengthen fine-particle monitoring.",2026-07-16 10:55:13,2026-07-16 04:00:00,306.5275799016184,255.95385019186816,306.5275799016184,357.10130961136866,Very Poor,306.27,Very Poor,Very Poor,0.2575799016184419,Stable,22.84,Low,Proxy derived from ground pollutants and meteorology; not direct satellite imagery,69.38,High,47.86,Moderate,48.44,Moderate,47.33,Moderate,1,1,0,Critical forecast hotspot,47.47,Moderate,206,Usable,"Advanced intelligence layer combines real AQI, forecasted AQI, pollutant signals, meteorological dispersion, source attribution, and intervention scoring."
assam__guwahati__railway_colony_guwahati_pcba,"Railway Colony, Guwahati - PCBA",Guwahati,Assam,26.181742,91.78063,2026-07-16 05:00:00,22.0,24.0,3.0,49.0,15.0,23.0,1.0,271.3,Poor,CO,True,Valid AQI,31.4,75,0.0,2.9,99,89.83,Very high trapping,Traffic / commercial proxy,Proxy from station/city naming,30,75,57.1,1.0909090909090908,0.9166666666666666,0.2,7.666666666666667,36.32,24.33,25.97,28.48,29.15,Vehicular traffic,36.32,29.15,7.17,27.58,Low confidence,elevated NO2/CO signal; road-density or urban-pressure influence; traffic/commercial land-use proxy,Aligned,"High-priority intervention: Implement traffic flow control, reduce idling zones, strengthen public transport diversion, and prioritize roadside monitoring.",2026-07-16 10:55:13,2026-07-16 04:00:00,265.01057777777845,214.4368480680282,265.01057777777845,315.5843074875287,Poor,271.3,Poor,Poor,-6.28942222222156,Stable,14.13,Minimal,Proxy derived from ground pollutants and meteorology; not direct satellite imagery,94.26,Critical,41.91,Moderate,45.5,Moderate,47.9,Moderate,1,1,0,High forecast hotspot,47.36,Moderate,207,Usable,"Advanced intelligence layer combines real AQI, forecasted AQI, pollutant signals, meteorological dispersion, source attribution, and intervention scoring."
odisha__keonjhar__jagamohanpur_keonjhar_ospcb,"Jagamohanpur, Keonjhar - OSPCB",Keonjhar,Odisha,21.6439,85.599355,2026-07-16 05:00:00,31.0,63.0,14.0,13.0,35.0,17.0,2.0,406.6,Severe,CO,True,Valid AQI,28.3,75,0.1,16.3,77,57.12,Moderate trapping,General urban / semi-urban proxy,Proxy from station/city naming,15,20,43.72,2.032258064516129,0.492063492063492,0.4,1.2142857142857142,10.16,12.38,21.96,29.01,21.62,Biomass / fine-particle combustion,29.01,21.96,7.05,22.42,Low confidence,PM2.5-heavy fine-particle pattern; CO and stagnant-weather influence,Partially aligned,"Immediate intervention: Track open burning, control biomass combustion sources, increase public alerts, and strengthen fine-particle monitoring.",2026-07-16 10:55:13,2026-07-16 04:00:00,408.59742522287655,358.0236955131263,408.59742522287655,459.1711549326268,Severe,406.6,Severe,Severe,1.9974252228765295,Stable,23.13,Low,Proxy derived from ground pollutants and meteorology; not direct satellite imagery,40.67,Moderate,53.63,Moderate,56.71,Moderate,45.86,Moderate,1,1,0,Critical forecast hotspot,47.33,Moderate,208,Usable,"Advanced intelligence layer combines real AQI, forecasted AQI, pollutant signals, meteorological dispersion, source attribution, and intervention scoring."
west_bengal__kolkata__bidhannagar_kolkata_wbpcb,"Bidhannagar, Kolkata - WBPCB",Kolkata,West Bengal,22.58157048,88.41002457,2026-07-16 05:00:00,22.0,39.0,13.0,8.0,24.0,40.0,6.0,341.42,Very Poor,CO,True,Valid AQI,30.3,76,0.0,12.3,89,72.18,High trapping,Dense urban proxy,Proxy from station/city naming,60,55,64.68,1.7727272727272727,0.5641025641025641,0.5416666666666666,3.076923076923077,43.79,16.85,34.45,31.12,37.38,Vehicular traffic,43.79,37.38,6.41,32.58,Low confidence,elevated NO2/CO signal; road-density or urban-pressure influence; traffic/commercial land-use proxy,Aligned,"Immediate intervention: Implement traffic flow control, reduce idling zones, strengthen public transport diversion, and prioritize roadside monitoring.",2026-07-16 10:55:13,2026-07-16 04:00:00,340.91553188203085,290.3418021722806,340.91553188203085,391.4892615917811,Very Poor,341.42,Very Poor,Very Poor,-0.5044681179691679,Stable,19.61,Minimal,Proxy derived from ground pollutants and meteorology; not direct satellite imagery,64.19,High,48.7,Moderate,51.22,Moderate,46.74,Moderate,1,1,0,Critical forecast hotspot,47.28,Moderate,209,Usable,"Advanced intelligence layer combines real AQI, forecasted AQI, pollutant signals, meteorological dispersion, source attribution, and intervention scoring."
delhi__delhi__najafgarh_delhi_dpcc,"Najafgarh, Delhi - DPCC",Delhi,Delhi,28.570173,76.933762,2026-07-16 05:00:00,49.0,132.0,21.0,6.0,33.0,13.0,6.0,394.14,Very Poor,CO,True,Valid AQI,34.5,51,0.0,12.7,1,53.47,Moderate trapping,Dense urban proxy,Proxy from station/city naming,60,55,61.78,2.693877551020408,0.3712121212121212,0.6363636363636364,0.6190476190476191,47.58,18.73,45.91,29.56,44.33,Vehicular traffic,47.58,45.91,1.67,33.81,Low confidence,elevated NO2/CO signal; road-density or urban-pressure influence; traffic/commercial land-use proxy,Aligned,"Immediate intervention: Implement traffic flow control, reduce idling zones, strengthen public transport diversion, and prioritize roadside monitoring.",2026-07-16 10:55:13,2026-07-16 04:00:00,393.6648891225794,343.09115941282914,393.6648891225794,444.2386188323296,Very Poor,394.14,Very Poor,Very Poor,-0.47511087742060454,Stable,29.66,Low,Proxy derived from ground pollutants and meteorology; not direct satellite imagery,33.32,Low,55.39,Moderate,55.03,Moderate,45.72,Moderate,1,1,0,Critical forecast hotspot,47.14,Moderate,210,Usable,"Advanced intelligence layer combines real AQI, forecasted AQI, pollutant signals, meteorological dispersion, source attribution, and intervention scoring."
tamil_nadu__chennai__kodungaiyur_chennai_tnpcb,"Kodungaiyur, Chennai - TNPCB",Chennai,Tamil Nadu,13.1278,80.2642,2026-07-16 05:00:00,65.0,80.0,13.0,6.0,31.0,30.0,4.0,382.43,Very Poor,CO,True,Valid AQI,35.4,36,0.0,12.5,99,58.11,Moderate trapping,Dense urban proxy,Proxy from station/city naming,60,55,62.62,1.2307692307692308,0.8125,0.4193548387096774,2.3076923076923075,45.15,17.09,38.25,35.27,41.96,Vehicular traffic,45.15,41.96,3.19,32.56,Low confidence,elevated NO2/CO signal; road-density or urban-pressure influence; traffic/commercial land-use proxy,Aligned,"Immediate intervention: Implement traffic flow control, reduce idling zones, strengthen public transport diversion, and prioritize roadside monitoring.",2026-07-16 10:55:13,2026-07-16 04:00:00,319.4616546740875,268.8879249643373,319.4616546740875,370.03538438383777,Very Poor,382.43,Very Poor,Very Poor,-62.96834532591248,Decreasing,28.99,Low,Proxy derived from ground pollutants and meteorology; not direct satellite imagery,46.93,Moderate,53.67,Moderate,50.27,Moderate,46.37,Moderate,1,1,0,Critical forecast hotspot,47.12,Moderate,211,Usable,"Advanced intelligence layer combines real AQI, forecasted AQI, pollutant signals, meteorological dispersion, source attribution, and intervention scoring."
rajasthan__dausa__khatikan_mohalla_dausa_rspcb,"Khatikan Mohalla, Dausa - RSPCB",Dausa,Rajasthan,26.895552,76.334753,2026-07-16 05:00:00,46.0,118.0,34.0,2.0,39.0,13.0,12.0,431.51,Severe,CO,True,Valid AQI,34.2,48,0.0,16.2,6,46.53,Moderate trapping,General urban / semi-urban proxy,Proxy from station/city naming,15,20,41.62,2.565217391304348,0.3898305084745763,0.8717948717948718,0.3823529411764705,16.02,12.07,31.06,28.01,37.17,Photochemical smog,37.17,31.06,6.11,27.85,Low confidence,O3 and temperature-related signal; urban photochemical formation likelihood,Partially aligned,"Immediate intervention: Control NOx and VOC sources, reduce peak-hour emissions, and issue ozone/smog exposure advisories.",2026-07-16 10:55:13,2026-07-16 04:00:00,433.4159273015874,382.8421975918372,433.4159273015874,483.98965701133767,Severe,431.51,Severe,Severe,1.9059273015873828,Stable,30.29,Low,Proxy derived from ground pollutants and meteorology; not direct satellite imagery,22.26,Low,56.87,Moderate,58.4,Moderate,45.09,Moderate,1,1,0,Critical forecast hotspot,47.01,Moderate,212,Usable,"Advanced intelligence layer combines real AQI, forecasted AQI, pollutant signals, meteorological dispersion, source attribution, and intervention scoring."
uttar_pradesh__meerut__pallavpuram_phase_2_meerut_uppcb,"Pallavpuram Phase 2, Meerut - UPPCB",Meerut,Uttar Pradesh,29.06351,77.709723,2026-07-16 05:00:00,106.0,,37.0,13.0,21.0,10.0,15.0,323.85,Very Poor,CO,True,Valid AQI,33.6,63,0.0,8.6,5,65.7,High trapping,Industrial / mixed urban proxy,Proxy from station/city naming,35,30,48.12,,,1.761904761904762,0.2702702702702703,21.24,37.88,0.0,0.0,40.04,Photochemical smog,40.04,37.88,2.16,28.68,Low confidence,O3 and temperature-related signal; urban photochemical formation likelihood,Partially aligned,"Immediate intervention: Control NOx and VOC sources, reduce peak-hour emissions, and issue ozone/smog exposure advisories.",2026-07-16 10:55:13,2026-07-16 04:00:00,323.32000866821954,272.7462789584693,323.32000866821954,373.8937383779698,Very Poor,323.85,Very Poor,Very Poor,-0.5299913317804794,Stable,27.45,Low,Proxy derived from ground pollutants and meteorology; not direct satellite imagery,52.25,Moderate,53.09,Moderate,48.61,Moderate,46.45,Moderate,1,1,0,Critical forecast hotspot,47.0,Moderate,213,Usable,"Advanced intelligence layer combines real AQI, forecasted AQI, pollutant signals, meteorological dispersion, source attribution, and intervention scoring."
andhra_pradesh__rajamahendravaram__anand_kala_kshetram_rajamahendravaram_appcb,"Anand Kala Kshetram, Rajamahendravaram - APPCB",Rajamahendravaram,Andhra Pradesh,16.9872867,81.7363176,2026-07-16 05:00:00,53.0,92.0,7.0,5.0,26.0,13.0,1.0,353.14,Very Poor,CO,True,Valid AQI,30.8,64,0.0,17.3,100,59.82,Moderate trapping,General urban / semi-urban proxy,Proxy from station/city naming,15,20,39.87,1.7358490566037736,0.5760869565217391,0.2692307692307692,1.8571428571428568,6.63,6.77,27.65,30.66,24.7,Biomass / fine-particle combustion,30.66,27.65,3.01,22.36,Low confidence,PM2.5-heavy fine-particle pattern; CO and stagnant-weather influence,Partially aligned,"Immediate intervention: Track open burning, control biomass combustion sources, increase public alerts, and strengthen fine-particle monitoring.",2026-07-16 10:55:13,2026-07-16 04:00:00,365.4351883044143,314.86145859466404,365.4351883044143,416.0089180141645,Very Poor,353.14,Very Poor,Very Poor,12.295188304414296,Stable,28.18,Low,Proxy derived from ground pollutants and meteorology; not direct satellite imagery,45.57,Moderate,50.93,Moderate,53.23,Moderate,46.0,Moderate,1,1,0,Critical forecast hotspot,46.97,Moderate,214,Usable,"Advanced intelligence layer combines real AQI, forecasted AQI, pollutant signals, meteorological dispersion, source attribution, and intervention scoring."
delhi__delhi__ignou_maidan_garhi_delhi_dpcc,"IGNOU_Maidan Garhi, Delhi - DPCC",Delhi,Delhi,28.493624,77.201159,2026-07-16 05:00:00,40.0,138.0,17.0,4.0,34.0,7.0,5.0,400.0,Very Poor,CO,True,Valid AQI,34.8,46,0.0,12.4,5,52.57,Moderate trapping,Dense urban proxy,Proxy from station/city naming,60,55,61.95,3.45,0.2898550724637681,0.5,0.4117647058823529,46.75,17.42,47.42,28.05,43.15,Construction / road dust,47.42,46.75,0.67,33.4,Low confidence,PM10-heavy particulate pattern; road dust / coarse-particle likelihood,Partially aligned,"Immediate intervention: Apply dust suppression, cover construction material, clean road dust, and enforce construction-site controls.",2026-07-16 10:55:13,2026-07-16 04:00:00,405.1690676777896,354.59533796803936,405.1690676777896,455.74279738753984,Severe,400.0,Very Poor,Severe,5.169067677789599,Stable,27.62,Low,Proxy derived from ground pollutants and meteorology; not direct satellite imagery,32.71,Low,55.13,Moderate,55.9,Moderate,45.38,Moderate,1,1,0,Critical forecast hotspot,46.92,Moderate,215,Usable,"Advanced intelligence layer combines real AQI, forecasted AQI, pollutant signals, meteorological dispersion, source attribution, and intervention scoring."
madhya_pradesh__jabalpur__gupteshwar_jabalpur_jmc,"Gupteshwar, Jabalpur - JMC",Jabalpur,Madhya Pradesh,23.142888,79.916147,2026-07-16 05:00:00,56.0,78.0,16.0,6.0,30.0,11.0,2.0,376.57,Very Poor,CO,True,Valid AQI,31.6,58,0.0,13.6,95,63.81,High trapping,General urban / semi-urban proxy,Proxy from station/city naming,15,20,43.72,1.3928571428571428,0.717948717948718,0.5333333333333333,0.6875,9.7,9.27,24.0,34.62,26.83,Biomass / fine-particle combustion,34.62,26.83,7.79,26.57,Low confidence,PM2.5-heavy fine-particle pattern; CO and stagnant-weather influence; high weather trapping,Partially aligned,"Immediate intervention: Track open burning, control biomass combustion sources, increase public alerts, and strengthen fine-particle monitoring.",2026-07-16 10:55:13,2026-07-16 04:00:00,306.7320325630993,256.1583028533491,306.7320325630993,357.3057622728496,Very Poor,376.57,Very Poor,Very Poor,-69.83796743690067,Decreasing,27.98,Low,Proxy derived from ground pollutants and meteorology; not direct satellite imagery,53.04,Moderate,50.74,Moderate,49.79,Moderate,46.36,Moderate,1,1,0,Critical forecast hotspot,46.92,Moderate,215,Usable,"Advanced intelligence layer combines real AQI, forecasted AQI, pollutant signals, meteorological dispersion, source attribution, and intervention scoring."
andhra_pradesh__tirupati__vaikuntapuram_tirupati_appcb,"Vaikuntapuram, Tirupati - APPCB",Tirupati,Andhra Pradesh,13.615387,79.40923,2026-07-16 05:00:00,60.0,72.0,38.0,18.0,21.0,35.0,5.0,323.85,Very Poor,CO,True,Valid AQI,34.4,35,0.0,10.3,98,61.63,High trapping,General urban / semi-urban proxy,Proxy from station/city naming,15,20,37.9,1.2,0.8333333333333334,1.809523809523809,0.9210526315789472,13.54,16.35,21.61,34.33,36.44,Photochemical smog,36.44,34.33,2.11,26.14,Low confidence,O3 and temperature-related signal; urban photochemical formation likelihood,Partially aligned,"Immediate intervention: Control NOx and VOC sources, reduce peak-hour emissions, and issue ozone/smog exposure advisories.",2026-07-16 10:55:13,2026-07-16 04:00:00,325.01646491498406,274.4427352052338,325.01646491498406,375.5901946247343,Very Poor,323.85,Very Poor,Very Poor,1.166464914984033,Stable,30.74,Low,Proxy derived from ground pollutants and meteorology; not direct satellite imagery,53.25,Moderate,48.65,Moderate,49.93,Moderate,46.37,Moderate,1,1,0,Critical forecast hotspot,46.84,Moderate,216,Usable,"Advanced intelligence layer combines real AQI, forecasted AQI, pollutant signals, meteorological dispersion, source attribution, and intervention scoring."
maharashtra__nagpur__mahal_nagpur_mpcb,"Mahal, Nagpur - MPCB",Nagpur,Maharashtra,21.14472,79.107595,2026-07-16 05:00:00,48.0,72.0,17.0,19.0,21.0,14.0,4.0,323.85,Very Poor,CO,True,Valid AQI,32.3,54,0.0,14.2,100,61.75,High trapping,Dense urban proxy,Proxy from station/city naming,60,55,58.69,1.5,0.6666666666666666,0.8095238095238095,0.8235294117647058,44.23,21.36,38.51,31.0,36.21,Vehicular traffic,44.23,38.51,5.72,32.68,Low confidence,elevated NO2/CO signal; road-density or urban-pressure influence; traffic/commercial land-use proxy,Aligned,"Immediate intervention: Implement traffic flow control, reduce idling zones, strengthen public transport diversion, and prioritize roadside monitoring.",2026-07-16 10:55:13,2026-07-16 04:00:00,361.5426918339297,310.9689621241795,361.5426918339297,412.11642154368,Very Poor,323.85,Very Poor,Very Poor,37.6926918339297,Increasing,25.19,Low,Proxy derived from ground pollutants and meteorology; not direct satellite imagery,50.36,Moderate,49.88,Moderate,52.9,Moderate,45.94,Moderate,1,1,1,Critical forecast hotspot,46.83,Moderate,217,Usable,"Advanced intelligence layer combines real AQI, forecasted AQI, pollutant signals, meteorological dispersion, source attribution, and intervention scoring."
rajasthan__jaipur__adarsh_nagar_jaipur_rspcb,"Adarsh Nagar, Jaipur - RSPCB",Jaipur,Rajasthan,26.902909,75.836858,2026-07-16 05:00:00,89.0,97.0,38.0,24.0,27.0,49.0,5.0,358.99,Very Poor,CO,True,Valid AQI,33.8,46,0.0,13.2,2,50.82,Moderate trapping,Dense urban proxy,Proxy from station/city naming,60,55,57.4,1.0898876404494382,0.9175257731958762,1.4074074074074074,1.2894736842105263,50.73,27.74,40.22,35.82,50.63,Vehicular traffic,50.73,50.63,0.1,35.54,Low confidence,elevated NO2/CO signal; road-density or urban-pressure influence; traffic/commercial land-use proxy,Aligned,"Immediate intervention: Implement traffic flow control, reduce idling zones, strengthen public transport diversion, and prioritize roadside monitoring.",2026-07-16 10:55:13,2026-07-16 04:00:00,363.4152907582861,312.8415610485359,363.4152907582861,413.9890204680364,Very Poor,358.99,Very Poor,Very Poor,4.42529075828611,Stable,36.58,Low,Proxy derived from ground pollutants and meteorology; not direct satellite imagery,29.66,Low,55.56,Moderate,52.08,Moderate,45.54,Moderate,1,1,0,Critical forecast hotspot,46.7,Moderate,218,Usable,"Advanced intelligence layer combines real AQI, forecasted AQI, pollutant signals, meteorological dispersion, source attribution, and intervention scoring."
karnataka__shivamogga__vinoba_nagara_shivamogga_kspcb,"Vinoba Nagara, Shivamogga - KSPCB",Shivamogga,Karnataka,13.94,75.555917,2026-07-16 05:00:00,38.0,50.0,24.0,5.0,28.0,47.0,3.0,364.85,Very Poor,CO,True,Valid AQI,27.9,61,0.0,15.6,98,61.59,High trapping,General urban / semi-urban proxy,Proxy from station/city naming,15,20,41.7,1.3157894736842106,0.76,0.8571428571428571,1.9583333333333333,11.34,9.94,21.78,31.62,28.07,Biomass / fine-particle combustion,31.62,28.07,3.55,23.2,Low confidence,PM2.5-heavy fine-particle pattern; CO and stagnant-weather influence; high weather trapping,Partially aligned,"Immediate intervention: Track open burning, control biomass combustion sources, increase public alerts, and strengthen fine-particle monitoring.",2026-07-16 10:55:13,2026-07-16 04:00:00,360.108963326708,309.5352336169578,360.108963326708,410.6826930364583,Very Poor,364.85,Very Poor,Very Poor,-4.741036673292001,Stable,25.69,Low,Proxy derived from ground pollutants and meteorology; not direct satellite imagery,48.95,Moderate,50.12,Moderate,52.67,Moderate,45.76,Moderate,1,1,0,Critical forecast hotspot,46.67,Moderate,219,Usable,"Advanced intelligence layer combines real AQI, forecasted AQI, pollutant signals, meteorological dispersion, source attribution, and intervention scoring."
tamil_nadu__gummidipoondi__anthoni_pillai_nagar_gummidipoondi_tnpcb,"Anthoni Pillai Nagar, Gummidipoondi - TNPCB",Gummidipoondi,Tamil Nadu,13.4127,80.1081,2026-07-16 05:00:00,108.0,119.0,20.0,20.0,,,1.0,259.03,Poor,PM2.5,True,Valid AQI,33.8,47,0.0,11.0,97,64.67,High trapping,General urban / semi-urban proxy,Proxy from station/city naming,15,20,33.13,1.101851851851852,0.907563025210084,,,0.0,0.0,26.87,0.0,0.0,Construction / road dust,26.87,0.0,26.87,26.87,Low confidence,PM10-heavy particulate pattern; road dust / coarse-particle likelihood,Partially aligned,"High-priority intervention: Apply dust suppression, cover construction material, clean road dust, and enforce construction-site controls.",2026-07-16 10:55:13,2026-07-16 04:00:00,272.78374200752427,222.21001229777403,272.78374200752427,323.3574717172745,Poor,259.03,Poor,Poor,13.753742007524295,Stable,38.16,Low,Proxy derived from ground pollutants and meteorology; not direct satellite imagery,56.24,Moderate,47.27,Moderate,45.5,Moderate,46.71,Moderate,1,1,0,High forecast hotspot,46.62,Moderate,220,Usable,"Advanced intelligence layer combines real AQI, forecasted AQI, pollutant signals, meteorological dispersion, source attribution, and intervention scoring."
uttarakhand__kashipur__govt_girls_inter_college_kashipur_ukpcb,"Govt. Girls Inter College, Kashipur - UKPCB",Kashipur,Uttarakhand,29.2124114,78.9611753,2026-07-16 05:00:00,62.0,62.0,15.0,7.0,18.0,10.0,4.0,306.27,Very Poor,CO,True,Valid AQI,33.1,69,0.0,4.8,7,74.98,High trapping,General urban / semi-urban proxy,Proxy from station/city naming,15,20,41.83,1.0,1.0,0.8333333333333334,0.6666666666666666,7.11,7.74,17.77,39.76,32.87,Biomass / fine-particle combustion,39.76,32.87,6.89,29.9,Low confidence,PM2.5-heavy fine-particle pattern; CO and stagnant-weather influence; high weather trapping,Partially aligned,"Immediate intervention: Track open burning, control biomass combustion sources, increase public alerts, and strengthen fine-particle monitoring.",2026-07-16 10:55:13,2026-07-16 04:00:00,308.5540286526297,257.9802989428795,308.5540286526297,359.12775836237995,Very Poor,306.27,Very Poor,Very Poor,2.284028652629729,Stable,22.0,Low,Proxy derived from ground pollutants and meteorology; not direct satellite imagery,67.06,High,47.26,Moderate,48.03,Moderate,46.4,Moderate,1,1,0,Critical forecast hotspot,46.61,Moderate,221,Usable,"Advanced intelligence layer combines real AQI, forecasted AQI, pollutant signals, meteorological dispersion, source attribution, and intervention scoring."
maharashtra__mumbai__shivaji_nagar_mumbai_bmc,"Shivaji Nagar, Mumbai - BMC",Mumbai,Maharashtra,19.060498,72.923356,2026-07-16 05:00:00,30.0,59.0,12.0,6.0,28.0,8.0,4.0,364.85,Very Poor,CO,True,Valid AQI,28.9,75,0.0,11.9,30,66.64,High trapping,Dense urban proxy,Proxy from station/city naming,60,55,64.55,1.9666666666666663,0.5084745762711864,0.4285714285714285,0.6666666666666666,44.32,16.48,36.69,31.04,33.89,Vehicular traffic,44.32,36.69,7.63,33.31,Low confidence,elevated NO2/CO signal; road-density or urban-pressure influence; traffic/commercial land-use proxy,Aligned,"Immediate intervention: Implement traffic flow control, reduce idling zones, strengthen public transport diversion, and prioritize roadside monitoring.",2026-07-16 10:55:13,2026-07-16 04:00:00,374.29097321028513,323.7172435005349,374.29097321028513,424.86470292003537,Very Poor,364.85,Very Poor,Very Poor,9.440973210285108,Stable,18.32,Minimal,Proxy derived from ground pollutants and meteorology; not direct satellite imagery,52.9,Moderate,51.21,Moderate,53.16,Moderate,45.56,Moderate,1,1,0,Critical forecast hotspot,46.6,Moderate,222,Usable,"Advanced intelligence layer combines real AQI, forecasted AQI, pollutant signals, meteorological dispersion, source attribution, and intervention scoring."
uttar_pradesh__lucknow__kukrail_picnic_spot_1_lucknow_uppcb,"Kukrail Picnic Spot-1, Lucknow - UPPCB",Lucknow,Uttar Pradesh,26.90723,80.98579,2026-07-16 05:00:00,61.0,82.0,35.0,8.0,16.0,14.0,6.0,285.65,Poor,CO,True,Valid AQI,33.9,61,0.0,5.4,18,72.05,High trapping,Dense urban proxy,Proxy from station/city naming,60,55,59.43,1.3442622950819672,0.7439024390243902,2.1875,0.4,47.83,19.41,35.41,36.54,44.63,Vehicular traffic,47.83,44.63,3.2,34.44,Low confidence,elevated NO2/CO signal; road-density or urban-pressure influence; traffic/commercial land-use proxy,Aligned,"High-priority intervention: Implement traffic flow control, reduce idling zones, strengthen public transport diversion, and prioritize roadside monitoring.",2026-07-16 10:55:13,2026-07-16 04:00:00,293.36343598505067,242.78970627530043,293.36343598505067,343.9371656948009,Poor,285.65,Poor,Poor,7.713435985050694,Stable,27.77,Low,Proxy derived from ground pollutants and meteorology; not direct satellite imagery,63.74,High,46.98,Moderate,46.91,Moderate,46.47,Moderate,1,1,0,High forecast hotspot,46.54,Moderate,223,Usable,"Advanced intelligence layer combines real AQI, forecasted AQI, pollutant signals, meteorological dispersion, source attribution, and intervention scoring."
gujarat__surat__science_center_surat_smc,"Science Center, Surat - SMC",Surat,Gujarat,21.170046,72.795405,2026-07-16 05:00:00,19.0,43.0,3.0,15.0,34.0,,,400.0,Very Poor,CO,True,Valid AQI,27.2,82,0.1,11.2,27,63.93,High trapping,Dense urban proxy,Proxy from station/city naming,60,55,66.69,2.263157894736842,0.4418604651162791,0.088235294117647,,43.19,19.33,32.54,30.04,0.0,Vehicular traffic,43.19,32.54,10.65,33.43,Low confidence,elevated NO2/CO signal; road-density or urban-pressure influence; traffic/commercial land-use proxy,Aligned,"Immediate intervention: Implement traffic flow control, reduce idling zones, strengthen public transport diversion, and prioritize roadside monitoring.",2026-07-16 10:55:13,2026-07-16 04:00:00,402.59224563492086,352.0185159251706,402.59224563492086,453.1659753446711,Severe,400.0,Very Poor,Severe,2.5922456349208574,Stable,13.48,Minimal,Proxy derived from ground pollutants and meteorology; not direct satellite imagery,49.3,Moderate,52.95,Moderate,54.94,Moderate,44.92,Moderate,1,1,0,Critical forecast hotspot,46.32,Moderate,224,Usable,"Advanced intelligence layer combines real AQI, forecasted AQI, pollutant signals, meteorological dispersion, source attribution, and intervention scoring."
gujarat__gandhinagar__gift_city_gandhinagar_iitm,"GIFT City, Gandhinagar - IITM",Gandhinagar,Gujarat,23.163798,72.677768,2026-07-16 05:00:00,28.0,71.0,28.0,2.0,29.0,7.0,2.0,370.71,Very Poor,CO,True,Valid AQI,32.4,58,0.0,9.6,17,63.25,High trapping,General urban / semi-urban proxy,Proxy from station/city naming,15,20,42.94,2.5357142857142856,0.3943661971830985,0.9655172413793104,0.25,12.56,9.6,22.96,29.87,32.71,Photochemical smog,32.71,29.87,2.84,23.75,Low confidence,O3 and temperature-related signal; urban photochemical formation likelihood,Partially aligned,"Immediate intervention: Control NOx and VOC sources, reduce peak-hour emissions, and issue ozone/smog exposure advisories.",2026-07-16 10:55:13,2026-07-16 04:00:00,381.0201606166055,330.44643090685526,381.0201606166055,431.5938903263557,Very Poor,370.71,Very Poor,Very Poor,10.310160616605515,Stable,20.17,Low,Proxy derived from ground pollutants and meteorology; not direct satellite imagery,49.32,Moderate,49.88,Moderate,53.88,Moderate,45.03,Moderate,1,1,0,Critical forecast hotspot,46.16,Moderate,225,Usable,"Advanced intelligence layer combines real AQI, forecasted AQI, pollutant signals, meteorological dispersion, source attribution, and intervention scoring."
madhya_pradesh__gwalior__deen_dayal_nagar_gwalior_mppcb,"Deen Dayal Nagar, Gwalior - MPPCB",Gwalior,Madhya Pradesh,26.259242,78.216432,2026-07-16 05:00:00,50.0,85.0,28.0,,38.0,12.0,6.0,425.28,Severe,CO,True,Valid AQI,34.1,53,0.0,16.2,8,48.57,Moderate trapping,General urban / semi-urban proxy,Proxy from station/city naming,15,20,41.89,1.7,0.5882352941176471,0.7368421052631579,0.4285714285714285,14.3,0.0,26.35,30.19,36.03,Photochemical smog,36.03,30.19,5.84,26.97,Low confidence,O3 and temperature-related signal; urban photochemical formation likelihood,Partially aligned,"Immediate intervention: Control NOx and VOC sources, reduce peak-hour emissions, and issue ozone/smog exposure advisories.",2026-07-16 10:55:13,2026-07-16 04:00:00,428.79583213524177,378.2221024254915,428.79583213524177,479.369561844992,Severe,425.28,Severe,Severe,3.5158321352417943,Stable,26.1,Low,Proxy derived from ground pollutants and meteorology; not direct satellite imagery,25.0,Low,56.18,Moderate,57.16,Moderate,44.22,Moderate,1,1,0,Critical forecast hotspot,46.11,Moderate,226,Usable,"Advanced intelligence layer combines real AQI, forecasted AQI, pollutant signals, meteorological dispersion, source attribution, and intervention scoring."
bihar__bhagalpur__dm_office_kachari_chowk_bhagalpur_bspcb,"DM Office_Kachari Chowk, Bhagalpur - BSPCB",Bhagalpur,Bihar,25.251013,86.989001,2026-07-16 05:00:00,34.0,79.0,11.0,16.0,21.0,19.0,4.0,323.85,Very Poor,CO,True,Valid AQI,32.5,68,0.0,11.5,69,68.69,High trapping,Traffic / commercial proxy,Proxy from station/city naming,30,75,53.17,2.323529411764706,0.430379746835443,0.5238095238095238,1.7272727272727273,39.52,13.73,37.44,20.15,32.5,Vehicular traffic,39.52,37.44,2.08,28.29,Low confidence,elevated NO2/CO signal; road-density or urban-pressure influence; traffic/commercial land-use proxy,Aligned,"Immediate intervention: Implement traffic flow control, reduce idling zones, strengthen public transport diversion, and prioritize roadside monitoring.",2026-07-16 10:55:13,2026-07-16 04:00:00,334.0209837445645,283.44725403481425,334.0209837445645,384.59471345431473,Very Poor,323.85,Very Poor,Very Poor,10.170983744564467,Stable,22.74,Low,Proxy derived from ground pollutants and meteorology; not direct satellite imagery,58.81,Moderate,47.18,Moderate,50.08,Moderate,45.49,Moderate,1,1,0,Critical forecast hotspot,46.03,Moderate,227,Usable,"Advanced intelligence layer combines real AQI, forecasted AQI, pollutant signals, meteorological dispersion, source attribution, and intervention scoring."
rajasthan__baran__bamboliya_baran_rspcb,"Bamboliya, Baran - RSPCB",Baran,Rajasthan,25.106006,76.469948,2026-07-16 05:00:00,48.0,98.0,19.0,12.0,36.0,30.0,5.0,412.83,Severe,CO,True,Valid AQI,33.5,52,0.0,14.9,9,50.65,Moderate trapping,General urban / semi-urban proxy,Proxy from station/city naming,15,20,41.6,2.0416666666666665,0.4897959183673469,0.5277777777777778,1.5789473684210529,11.63,12.98,27.62,29.69,36.62,Photochemical smog,36.62,29.69,6.93,27.71,Low confidence,O3 and temperature-related signal; urban photochemical formation likelihood,Partially aligned,"Immediate intervention: Control NOx and VOC sources, reduce peak-hour emissions, and issue ozone/smog exposure advisories.",2026-07-16 10:55:13,2026-07-16 04:00:00,412.33573329498034,361.7620035852301,412.33573329498034,462.9094630047306,Severe,412.83,Severe,Severe,-0.49426670501964054,Stable,26.92,Low,Proxy derived from ground pollutants and meteorology; not direct satellite imagery,28.7,Low,54.83,Moderate,55.89,Moderate,44.34,Moderate,1,1,0,Critical forecast hotspot,46.02,Moderate,228,Usable,"Advanced intelligence layer combines real AQI, forecasted AQI, pollutant signals, meteorological dispersion, source attribution, and intervention scoring."
rajasthan__kota__dhanmandi_kota_rspcb,"Dhanmandi, Kota - RSPCB",Kota,Rajasthan,25.16409,75.858137,2026-07-16 05:00:00,38.0,72.0,27.0,8.0,35.0,17.0,2.0,406.6,Severe,CO,True,Valid AQI,33.6,48,0.0,12.4,12,54.01,Moderate trapping,General urban / semi-urban proxy,Proxy from station/city naming,15,20,42.42,1.894736842105263,0.5277777777777778,0.7714285714285715,0.6296296296296297,13.47,12.64,23.48,30.12,35.78,Photochemical smog,35.78,30.12,5.66,26.74,Low confidence,O3 and temperature-related signal; urban photochemical formation likelihood,Partially aligned,"Immediate intervention: Control NOx and VOC sources, reduce peak-hour emissions, and issue ozone/smog exposure advisories.",2026-07-16 10:55:13,2026-07-16 04:00:00,412.70358398845207,362.1298542787018,412.70358398845207,463.2773136982023,Severe,406.6,Severe,Severe,6.103583988452044,Stable,22.06,Low,Proxy derived from ground pollutants and meteorology; not direct satellite imagery,35.08,Low,53.49,Moderate,55.87,Moderate,44.24,Moderate,1,1,0,Critical forecast hotspot,45.86,Moderate,229,Usable,"Advanced intelligence layer combines real AQI, forecasted AQI, pollutant signals, meteorological dispersion, source attribution, and intervention scoring."
madhya_pradesh__sagar__civil_lines_sagar_mppcb,"Civil Lines, Sagar - MPPCB",Sagar,Madhya Pradesh,23.838586,78.759431,2026-07-16 05:00:00,42.0,57.0,9.0,7.0,35.0,26.0,2.0,406.6,Severe,CO,True,Valid AQI,30.8,61,0.0,17.1,58,54.88,Moderate trapping,General urban / semi-urban proxy,Proxy from station/city naming,15,20,42.79,1.3571428571428572,0.7368421052631579,0.2571428571428571,2.888888888888889,8.89,9.2,23.27,31.21,28.89,Biomass / fine-particle combustion,31.21,28.89,2.32,22.54,Low confidence,PM2.5-heavy fine-particle pattern; CO and stagnant-weather influence,Partially aligned,"Immediate intervention: Track open burning, control biomass combustion sources, increase public alerts, and strengthen fine-particle monitoring.",2026-07-16 10:55:13,2026-07-16 04:00:00,407.12918888888896,356.5554591791387,407.12918888888896,457.7029185986392,Severe,406.6,Severe,Severe,0.5291888888889389,Stable,21.82,Low,Proxy derived from ground pollutants and meteorology; not direct satellite imagery,36.2,Low,53.69,Moderate,55.25,Moderate,44.29,Moderate,1,1,0,Critical forecast hotspot,45.85,Moderate,230,Usable,"Advanced intelligence layer combines real AQI, forecasted AQI, pollutant signals, meteorological dispersion, source attribution, and intervention scoring."
rajasthan__bhiwadi__riico_ind_area_iii_bhiwadi_rspcb,"RIICO Ind. Area III, Bhiwadi - RSPCB",Bhiwadi,Rajasthan,28.194909,76.862296,2026-07-16 05:00:00,104.0,129.0,36.0,12.0,28.0,10.0,10.0,364.85,Very Poor,CO,True,Valid AQI,34.5,48,0.0,15.9,0,46.47,Moderate trapping,Industrial / mixed urban proxy,Proxy from station/city naming,35,30,43.91,1.2403846153846154,0.8062015503875969,1.2857142857142858,0.2777777777777778,22.35,38.34,35.86,25.1,41.31,Photochemical smog,41.31,38.34,2.97,29.81,Low confidence,O3 and temperature-related signal; urban photochemical formation likelihood,Partially aligned,"Immediate intervention: Control NOx and VOC sources, reduce peak-hour emissions, and issue ozone/smog exposure advisories.",2026-07-16 10:55:13,2026-07-16 04:00:00,362.3014277506552,311.7276980409049,362.3014277506552,412.8751574604054,Very Poor,364.85,Very Poor,Very Poor,-2.5485722493448293,Stable,40.08,Moderate,Proxy derived from ground pollutants and meteorology; not direct satellite imagery,21.94,Low,55.84,Moderate,51.46,Moderate,44.59,Moderate,1,1,0,Critical forecast hotspot,45.84,Moderate,231,Usable,"Advanced intelligence layer combines real AQI, forecasted AQI, pollutant signals, meteorological dispersion, source attribution, and intervention scoring."
maharashtra__pimpri_chinchwad__transport_nagar_nigdi_pune_iitm,"Transport Nagar-Nigdi, Pune - IITM",Pimpri-Chinchwad,Maharashtra,18.664282,73.763966,2026-07-16 05:00:00,22.0,48.0,18.0,,39.0,9.0,,431.51,Severe,CO,True,Valid AQI,27.1,70,0.1,14.5,47,55.54,Moderate trapping,General urban / semi-urban proxy,Proxy from station/city naming,15,20,45.38,2.1818181818181817,0.4583333333333333,0.4615384615384615,0.5,11.95,0.0,19.72,28.6,20.97,Biomass / fine-particle combustion,28.6,20.97,7.63,22.31,Low confidence,PM2.5-heavy fine-particle pattern; CO and stagnant-weather influence,Partially aligned,"Immediate intervention: Track open burning, control biomass combustion sources, increase public alerts, and strengthen fine-particle monitoring.",2026-07-16 10:55:13,2026-07-16 04:00:00,413.4069603838381,362.8332306740879,413.4069603838381,463.9806900935884,Severe,431.51,Severe,Severe,-18.10303961616188,Stable,18.3,Minimal,Proxy derived from ground pollutants and meteorology; not direct satellite imagery,37.7,Low,53.57,Moderate,56.25,Moderate,44.15,Moderate,1,1,0,Critical forecast hotspot,45.83,Moderate,232,Usable,"Advanced intelligence layer combines real AQI, forecasted AQI, pollutant signals, meteorological dispersion, source attribution, and intervention scoring."
rajasthan__jaipur__mansarovar_sector_12_jaipur_rspcb,"Mansarovar Sector-12, Jaipur - RSPCB",Jaipur,Rajasthan,26.843698,75.766894,2026-07-16 05:00:00,55.0,136.0,17.0,3.0,30.0,37.0,7.0,376.57,Very Poor,CO,True,Valid AQI,32.8,53,0.0,15.0,4,50.34,Moderate trapping,Industrial / mixed urban proxy,Proxy from station/city naming,70,65,63.72,2.4727272727272727,0.4044117647058823,0.5666666666666667,2.176470588235294,36.2,38.27,50.78,18.55,46.71,Construction / road dust,50.78,46.71,4.07,36.77,Low confidence,PM10-heavy particulate pattern; road dust / coarse-particle likelihood; high road-density proxy,Partially aligned,"Immediate intervention: Apply dust suppression, cover construction material, clean road dust, and enforce construction-site controls.",2026-07-16 10:55:13,2026-07-16 04:00:00,385.3546834808398,334.7809537710896,385.3546834808398,435.9284131905901,Very Poor,376.57,Very Poor,Very Poor,8.784683480839817,Stable,32.28,Low,Proxy derived from ground pollutants and meteorology; not direct satellite imagery,27.85,Low,54.22,Moderate,53.53,Moderate,44.35,Moderate,1,1,0,Critical forecast hotspot,45.76,Moderate,233,Usable,"Advanced intelligence layer combines real AQI, forecasted AQI, pollutant signals, meteorological dispersion, source attribution, and intervention scoring."
delhi__delhi__aya_nagar_delhi_iitm,"Aya Nagar, Delhi - IITM",Delhi,Delhi,28.4706914,77.1099364,2026-07-16 05:00:00,63.0,138.0,15.0,,30.0,18.0,,376.57,Very Poor,CO,True,Valid AQI,34.3,49,0.0,14.1,5,50.6,Moderate trapping,Dense urban proxy,Proxy from station/city naming,60,55,58.94,2.1904761904761907,0.4565217391304347,0.5,1.2,45.47,0.0,46.52,30.04,43.82,Construction / road dust,46.52,45.47,1.05,32.88,Low confidence,PM10-heavy particulate pattern; road dust / coarse-particle likelihood,Partially aligned,"Immediate intervention: Apply dust suppression, cover construction material, clean road dust, and enforce construction-site controls.",2026-07-16 10:55:13,2026-07-16 04:00:00,380.48140803267466,329.9076783229244,380.48140803267466,431.0551377424249,Very Poor,376.57,Very Poor,Very Poor,3.9114080326746716,Stable,31.8,Low,Proxy derived from ground pollutants and meteorology; not direct satellite imagery,28.93,Low,54.37,Moderate,52.94,Moderate,44.34,Moderate,1,1,0,Critical forecast hotspot,45.7,Moderate,234,Usable,"Advanced intelligence layer combines real AQI, forecasted AQI, pollutant signals, meteorological dispersion, source attribution, and intervention scoring."
andhra_pradesh__chittoor__gangineni_cheruvu_chittoor_appcb,"Gangineni Cheruvu, Chittoor - APPCB",Chittoor,Andhra Pradesh,13.20488,79.097889,2026-07-16 05:00:00,70.0,64.0,31.0,21.0,21.0,39.0,6.0,323.85,Very Poor,CO,True,Valid AQI,32.6,39,0.0,12.3,100,59.68,Moderate trapping,General urban / semi-urban proxy,Proxy from station/city naming,15,20,37.09,0.9142857142857144,1.09375,1.4761904761904765,1.2580645161290325,11.76,16.33,21.27,36.34,33.72,Biomass / fine-particle combustion,36.34,33.72,2.62,26.22,Low confidence,PM2.5-heavy fine-particle pattern; CO and stagnant-weather influence,Partially aligned,"Immediate intervention: Track open burning, control biomass combustion sources, increase public alerts, and strengthen fine-particle monitoring.",2026-07-16 10:55:13,2026-07-16 04:00:00,319.2487107336162,268.67498102386594,319.2487107336162,369.8224404433664,Very Poor,323.85,Very Poor,Very Poor,-4.601289266383844,Stable,30.85,Low,Proxy derived from ground pollutants and meteorology; not direct satellite imagery,49.15,Moderate,48.69,Moderate,48.56,Moderate,45.18,Moderate,1,1,0,Critical forecast hotspot,45.69,Moderate,235,Usable,"Advanced intelligence layer combines real AQI, forecasted AQI, pollutant signals, meteorological dispersion, source attribution, and intervention scoring."
chhattisgarh__tumidih__op_jindal_industrial_park_tumidih_cecb,"OP Jindal Industrial Park, Tumidih - CECB",Tumidih,Chhattisgarh,22.06631475,83.33820077,2026-07-16 05:00:00,28.0,35.0,21.0,5.0,15.0,27.0,1.0,271.3,Poor,CO,True,Valid AQI,28.5,81,0.0,9.6,93,79.31,High trapping,Industrial / mixed urban proxy,Proxy from station/city naming,35,30,48.91,1.25,0.8,1.4,1.2857142857142858,16.01,31.18,22.87,24.12,29.52,Industrial combustion,31.18,29.52,1.66,22.32,Low confidence,SO2 and combustion-related pollutant influence; industrial land-use proxy,Aligned,"High-priority intervention: Increase industrial emission inspection, check stack compliance, enforce fuel-quality standards, and monitor nearby industrial clusters.",2026-07-16 10:55:13,2026-07-16 04:00:00,288.3501388904776,237.7764091807273,288.3501388904776,338.9238686002278,Poor,271.3,Poor,Poor,17.05013889047757,Stable,20.21,Low,Proxy derived from ground pollutants and meteorology; not direct satellite imagery,75.59,High,41.86,Moderate,46.52,Moderate,45.67,Moderate,1,1,0,High forecast hotspot,45.57,Moderate,236,Usable,"Advanced intelligence layer combines real AQI, forecasted AQI, pollutant signals, meteorological dispersion, source attribution, and intervention scoring."
rajasthan__alwar__moti_doongri_alwar_rspcb,"Moti Doongri, Alwar - RSPCB",Alwar,Rajasthan,27.554793,76.611536,2026-07-16 05:00:00,115.0,95.0,57.0,40.0,25.0,23.0,10.0,347.28,Very Poor,CO,True,Valid AQI,34.8,46,0.0,14.2,5,49.31,Moderate trapping,General urban / semi-urban proxy,Proxy from station/city naming,15,20,34.94,0.8260869565217391,1.2105263157894737,2.28,0.4035087719298245,19.15,28.71,25.36,39.71,42.32,Photochemical smog,42.32,39.71,2.61,30.41,Low confidence,O3 and temperature-related signal; urban photochemical formation likelihood,Partially aligned,"Immediate intervention: Control NOx and VOC sources, reduce peak-hour emissions, and issue ozone/smog exposure advisories.",2026-07-16 10:55:13,2026-07-16 04:00:00,324.31741815635417,273.7436884466039,324.31741815635417,374.8911478661044,Very Poor,347.28,Very Poor,Very Poor,-22.962581843645808,Stable,42.01,Moderate,Proxy derived from ground pollutants and meteorology; not direct satellite imagery,27.22,Low,53.86,Moderate,48.8,Moderate,44.64,Moderate,1,1,0,Critical forecast hotspot,45.52,Moderate,237,Usable,"Advanced intelligence layer combines real AQI, forecasted AQI, pollutant signals, meteorological dispersion, source attribution, and intervention scoring."
meghalaya__byrnihat__tamulikuchi_byrnihat_meghalaya_pcb,"Tamulikuchi, Byrnihat - Meghalaya PCB",Byrnihat,Meghalaya,26.079047,91.875185,2026-07-16 05:00:00,95.0,62.0,,,7.0,,0.0,214.66,Poor,PM2.5,True,Valid AQI,31.9,73,0.0,3.7,62,83.94,Very high trapping,General urban / semi-urban proxy,Proxy from station/city naming,15,20,37.04,0.6526315789473685,1.532258064516129,,,0.0,0.0,16.81,47.48,0.0,Biomass / fine-particle combustion,47.48,16.81,30.67,42.44,Moderate confidence,PM2.5-heavy fine-particle pattern; CO and stagnant-weather influence; high weather trapping,Partially aligned,"High-priority intervention: Track open burning, control biomass combustion sources, increase public alerts, and strengthen fine-particle monitoring.",2026-07-16 10:55:13,,214.66,214.66,214.66,214.66,,214.66,Poor,Poor,0.0,Stable,26.36,Low,Proxy derived from ground pollutants and meteorology; not direct satellite imagery,83.52,Critical,41.48,Moderate,39.72,Low,46.34,Moderate,1,1,0,High forecast hotspot,45.43,Moderate,238,Forecast unavailable; current AQI used as fallback,"Advanced intelligence layer combines real AQI, forecasted AQI, pollutant signals, meteorological dispersion, source attribution, and intervention scoring."
rajasthan__dungarpur__bhoiwada_dungarpur_rspcb,"Bhoiwada, Dungarpur - RSPCB",Dungarpur,Rajasthan,23.837789,73.714926,2026-07-16 05:00:00,42.0,47.0,12.0,9.0,30.0,31.0,12.0,376.57,Very Poor,CO,True,Valid AQI,30.6,61,0.0,11.5,26,61.81,High trapping,General urban / semi-urban proxy,Proxy from station/city naming,15,20,42.88,1.119047619047619,0.8936170212765957,0.4,2.583333333333333,8.68,9.76,19.34,34.38,31.33,Biomass / fine-particle combustion,34.38,31.33,3.05,24.98,Low confidence,PM2.5-heavy fine-particle pattern; CO and stagnant-weather influence; high weather trapping,Partially aligned,"Immediate intervention: Track open burning, control biomass combustion sources, increase public alerts, and strengthen fine-particle monitoring.",2026-07-16 10:55:13,2026-07-16 04:00:00,376.653006364549,326.0792766547988,376.653006364549,427.22673607429925,Very Poor,376.57,Very Poor,Very Poor,0.08300636454902133,Stable,19.31,Minimal,Proxy derived from ground pollutants and meteorology; not direct satellite imagery,46.76,Moderate,50.87,Moderate,52.51,Moderate,44.23,Moderate,1,1,0,Critical forecast hotspot,45.39,Moderate,239,Usable,"Advanced intelligence layer combines real AQI, forecasted AQI, pollutant signals, meteorological dispersion, source attribution, and intervention scoring."
uttar_pradesh__agra__manoharpur_agra_uppcb,"Manoharpur, Agra - UPPCB",Agra,Uttar Pradesh,27.23711,78.01936,2026-07-16 05:00:00,106.0,81.0,30.0,18.0,22.0,5.0,1.0,329.7,Very Poor,CO,True,Valid AQI,35.1,50,0.0,11.5,6,55.77,Moderate trapping,Dense urban proxy,Proxy from station/city naming,60,55,56.74,0.7641509433962265,1.308641975308642,1.3636363636363635,0.1666666666666666,47.73,23.32,37.29,41.12,44.85,Vehicular traffic,47.73,44.85,2.88,34.27,Low confidence,elevated NO2/CO signal; road-density or urban-pressure influence; traffic/commercial land-use proxy,Aligned,"Immediate intervention: Implement traffic flow control, reduce idling zones, strengthen public transport diversion, and prioritize roadside monitoring.",2026-07-16 10:55:13,2026-07-16 04:00:00,329.89496493180013,279.3212352220499,329.89496493180013,380.4686946415504,Very Poor,329.7,Very Poor,Very Poor,0.1949649318001434,Stable,32.75,Low,Proxy derived from ground pollutants and meteorology; not direct satellite imagery,37.53,Low,53.59,Moderate,48.01,Moderate,44.54,Moderate,1,1,0,Critical forecast hotspot,45.34,Moderate,240,Usable,"Advanced intelligence layer combines real AQI, forecasted AQI, pollutant signals, meteorological dispersion, source attribution, and intervention scoring."
rajasthan__rajsamand__dhoinda_rajsamand_rspcb,"Dhoinda, Rajsamand - RSPCB",Rajsamand,Rajasthan,25.03636,73.883502,2026-07-16 05:00:00,38.0,83.0,6.0,4.0,31.0,46.0,8.0,382.43,Very Poor,CO,True,Valid AQI,30.7,58,0.0,8.6,24,65.76,High trapping,General urban / semi-urban proxy,Proxy from station/city naming,15,20,45.08,2.1842105263157894,0.4578313253012048,0.1935483870967742,7.666666666666667,7.35,6.94,23.34,32.63,32.91,Photochemical smog,32.91,32.63,0.28,23.12,Low confidence,O3 and temperature-related signal; urban photochemical formation likelihood,Partially aligned,"Immediate intervention: Control NOx and VOC sources, reduce peak-hour emissions, and issue ozone/smog exposure advisories.",2026-07-16 10:55:13,2026-07-16 04:00:00,307.859256449542,257.2855267397917,307.859256449542,358.4329861592922,Very Poor,382.43,Very Poor,Very Poor,-74.57074355045802,Decreasing,23.01,Low,Proxy derived from ground pollutants and meteorology; not direct satellite imagery,53.8,Moderate,48.77,Moderate,48.93,Moderate,44.67,Moderate,1,1,0,Critical forecast hotspot,45.3,Moderate,241,Usable,"Advanced intelligence layer combines real AQI, forecasted AQI, pollutant signals, meteorological dispersion, source attribution, and intervention scoring."
madhya_pradesh__mandideep__sector_d_industrial_area_mandideep_mppcb,"Sector-D Industrial Area, Mandideep - MPPCB",Mandideep,Madhya Pradesh,23.10844,77.511428,2026-07-16 05:00:00,54.0,108.0,30.0,6.0,26.0,29.0,,353.14,Very Poor,CO,True,Valid AQI,30.4,62,0.0,14.7,32,56.99,Moderate trapping,Industrial / mixed urban proxy,Proxy from station/city naming,35,30,47.21,2.0,0.5,1.1538461538461535,0.9666666666666668,20.44,34.7,34.06,20.09,36.41,Photochemical smog,36.41,34.7,1.71,26.0,Low confidence,O3 and temperature-related signal; urban photochemical formation likelihood,Partially aligned,"Immediate intervention: Control NOx and VOC sources, reduce peak-hour emissions, and issue ozone/smog exposure advisories.",2026-07-16 10:55:13,2026-07-16 04:00:00,343.55152622173534,292.9777965119851,343.55152622173534,394.1252559314856,Very Poor,353.14,Very Poor,Very Poor,-9.588473778264643,Stable,32.0,Low,Proxy derived from ground pollutants and meteorology; not direct satellite imagery,38.68,Low,50.18,Moderate,50.33,Moderate,44.29,Moderate,1,1,0,Critical forecast hotspot,45.19,Moderate,242,Usable,"Advanced intelligence layer combines real AQI, forecasted AQI, pollutant signals, meteorological dispersion, source attribution, and intervention scoring."
maharashtra__nashik__hirawadi_nashik_mpcb,"Hirawadi, Nashik - MPCB",Nashik,Maharashtra,20.021503,73.813844,2026-07-16 05:00:00,33.0,45.0,5.0,10.0,33.0,20.0,4.0,394.14,Very Poor,CO,True,Valid AQI,26.5,74,0.0,15.4,26,59.53,Moderate trapping,Dense urban proxy,Proxy from station/city naming,60,55,64.31,1.3636363636363635,0.7333333333333333,0.1515151515151515,4.0,43.51,17.58,35.96,31.39,31.84,Vehicular traffic,43.51,35.96,7.55,32.72,Low confidence,elevated NO2/CO signal; road-density or urban-pressure influence; traffic/commercial land-use proxy,Aligned,"Immediate intervention: Implement traffic flow control, reduce idling zones, strengthen public transport diversion, and prioritize roadside monitoring.",2026-07-16 10:55:13,2026-07-16 04:00:00,399.5709857242066,348.99725601445635,399.5709857242066,450.1447154339568,Very Poor,394.14,Very Poor,Very Poor,5.430985724206607,Stable,16.98,Minimal,Proxy derived from ground pollutants and meteorology; not direct satellite imagery,40.93,Moderate,53.07,Moderate,53.84,Moderate,43.66,Moderate,1,1,0,Critical forecast hotspot,45.15,Moderate,243,Usable,"Advanced intelligence layer combines real AQI, forecasted AQI, pollutant signals, meteorological dispersion, source attribution, and intervention scoring."
bihar__begusarai__lohiyanagar_begusarai_bspcb,"Lohiyanagar, Begusarai - BSPCB",Begusarai,Bihar,25.42742023,86.13886079,2026-07-16 05:00:00,33.0,37.0,9.0,18.0,17.0,40.0,16.0,300.0,Poor,CO,True,Valid AQI,32.3,69,0.0,9.2,91,75.42,High trapping,General urban / semi-urban proxy,Proxy from station/city naming,15,20,41.43,1.121212121212121,0.8918918918918919,0.5294117647058824,4.444444444444445,5.39,10.86,17.22,34.82,31.13,Biomass / fine-particle combustion,34.82,31.13,3.69,25.48,Low confidence,PM2.5-heavy fine-particle pattern; CO and stagnant-weather influence; high weather trapping,Partially aligned,"High-priority intervention: Track open burning, control biomass combustion sources, increase public alerts, and strengthen fine-particle monitoring.",2026-07-16 10:55:13,2026-07-16 04:00:00,298.72164434179354,248.1479146320433,298.72164434179354,349.2953740515438,Poor,300.0,Poor,Poor,-1.2783556582064648,Stable,19.23,Minimal,Proxy derived from ground pollutants and meteorology; not direct satellite imagery,70.79,High,43.44,Moderate,46.72,Moderate,45.05,Moderate,1,1,0,High forecast hotspot,45.14,Moderate,244,Usable,"Advanced intelligence layer combines real AQI, forecasted AQI, pollutant signals, meteorological dispersion, source attribution, and intervention scoring."
maharashtra__boisar__khaira_boisar_mpcb,"Khaira, Boisar - MPCB",Boisar,Maharashtra,19.786089,72.757971,2026-07-16 05:00:00,40.0,53.0,18.0,15.0,16.0,20.0,4.0,285.65,Poor,CO,True,Valid AQI,28.7,74,0.0,12.1,95,72.41,High trapping,General urban / semi-urban proxy,Proxy from station/city naming,15,20,38.84,1.325,0.7547169811320755,1.125,1.1111111111111112,7.49,11.07,20.53,32.96,24.66,Biomass / fine-particle combustion,32.96,24.66,8.3,25.56,Low confidence,PM2.5-heavy fine-particle pattern; CO and stagnant-weather influence; high weather trapping,Partially aligned,"Immediate intervention: Track open burning, control biomass combustion sources, increase public alerts, and strengthen fine-particle monitoring.",2026-07-16 10:55:13,2026-07-16 04:00:00,306.5950529889644,256.02132327921413,306.5950529889644,357.1687826987146,Very Poor,285.65,Poor,Very Poor,20.94505298896445,Stable,23.05,Low,Proxy derived from ground pollutants and meteorology; not direct satellite imagery,65.09,High,43.32,Moderate,47.71,Moderate,44.94,Moderate,1,1,0,Critical forecast hotspot,45.13,Moderate,245,Usable,"Advanced intelligence layer combines real AQI, forecasted AQI, pollutant signals, meteorological dispersion, source attribution, and intervention scoring."
uttar_pradesh__kanpur__nsi_kalyanpur_kanpur_uppcb,"NSI Kalyanpur, Kanpur - UPPCB",Kanpur,Uttar Pradesh,26.509954,80.249612,2026-07-16 05:00:00,46.0,90.0,31.0,23.0,27.0,21.0,2.0,358.99,Very Poor,CO,True,Valid AQI,34.3,55,0.0,12.4,20,57.38,Moderate trapping,Dense urban proxy,Proxy from station/city naming,60,55,60.14,1.9565217391304348,0.5111111111111111,1.148148148148148,0.6774193548387096,48.95,26.17,40.25,30.14,45.52,Vehicular traffic,48.95,45.52,3.43,35.29,Low confidence,elevated NO2/CO signal; road-density or urban-pressure influence; traffic/commercial land-use proxy,Aligned,"Immediate intervention: Implement traffic flow control, reduce idling zones, strengthen public transport diversion, and prioritize roadside monitoring.",2026-07-16 10:55:13,2026-07-16 04:00:00,360.736282316033,310.1625526062828,360.736282316033,411.3100120257832,Very Poor,358.99,Very Poor,Very Poor,1.746282316032989,Stable,26.84,Low,Proxy derived from ground pollutants and meteorology; not direct satellite imagery,39.98,Low,51.07,Moderate,51.07,Moderate,44.01,Moderate,1,1,0,Critical forecast hotspot,45.07,Moderate,246,Usable,"Advanced intelligence layer combines real AQI, forecasted AQI, pollutant signals, meteorological dispersion, source attribution, and intervention scoring."
uttar_pradesh__noida__sector_116_noida_uppcb,"Sector-116, Noida - UPPCB",Noida,Uttar Pradesh,28.56923,77.393848,2026-07-16 05:00:00,94.0,188.0,45.0,11.0,15.0,14.0,13.0,271.3,Poor,CO,True,Valid AQI,35.6,45,0.0,10.2,5,56.18,Moderate trapping,Industrial / mixed urban proxy,Proxy from station/city naming,70,65,56.36,2.0,0.5,3.0,0.3111111111111111,40.41,43.94,53.59,23.01,50.54,Construction / road dust,53.59,50.54,3.05,38.43,Low confidence,PM10-heavy particulate pattern; road dust / coarse-particle likelihood; high road-density proxy,Partially aligned,"High-priority intervention: Apply dust suppression, cover construction material, clean road dust, and enforce construction-site controls.",2026-07-16 10:55:13,2026-07-16 04:00:00,276.221705909091,225.64797619934075,276.221705909091,326.7954356188412,Poor,271.3,Poor,Poor,4.921705909090974,Stable,46.31,Moderate,Proxy derived from ground pollutants and meteorology; not direct satellite imagery,38.96,Low,48.08,Moderate,44.75,Moderate,44.9,Moderate,1,1,0,High forecast hotspot,45.05,Moderate,247,Usable,"Advanced intelligence layer combines real AQI, forecasted AQI, pollutant signals, meteorological dispersion, source attribution, and intervention scoring."
gujarat__gandhinagar__iiphg_lekawada_gandhinagar_iitm,"IIPHG Lekawada, Gandhinagar - IITM",Gandhinagar,Gujarat,23.243639,72.68994,2026-07-16 05:00:00,22.0,60.0,7.0,3.0,36.0,4.0,1.0,412.83,Severe,CO,True,Valid AQI,31.8,61,0.1,9.8,15,57.54,Moderate trapping,General urban / semi-urban proxy,Proxy from station/city naming,15,20,44.48,2.727272727272727,0.3666666666666666,0.1944444444444444,0.5714285714285714,8.58,7.45,19.62,28.92,26.45,Biomass / fine-particle combustion,28.92,26.45,2.47,20.98,Low confidence,PM2.5-heavy fine-particle pattern; CO and stagnant-weather influence,Partially aligned,"Immediate intervention: Track open burning, control biomass combustion sources, increase public alerts, and strengthen fine-particle monitoring.",2026-07-16 10:55:13,2026-07-16 04:00:00,413.1909374603176,362.6172077505673,413.1909374603176,463.7646671700678,Severe,412.83,Severe,Severe,0.3609374603176434,Stable,14.8,Minimal,Proxy derived from ground pollutants and meteorology; not direct satellite imagery,41.31,Moderate,52.06,Moderate,55.15,Moderate,43.38,Moderate,1,1,0,Critical forecast hotspot,44.99,Moderate,248,Usable,"Advanced intelligence layer combines real AQI, forecasted AQI, pollutant signals, meteorological dispersion, source attribution, and intervention scoring."
karnataka__karwar__khb_colony_karwar_kspcb,"KHB Colony, Karwar - KSPCB",Karwar,Karnataka,14.816666,74.141003,2026-07-16 05:00:00,34.0,39.0,24.0,17.0,28.0,17.0,4.0,364.85,Very Poor,CO,True,Valid AQI,28.8,74,0.1,10.6,44,63.77,High trapping,General urban / semi-urban proxy,Proxy from station/city naming,15,20,42.61,1.1470588235294117,0.8717948717948718,0.8571428571428571,0.7083333333333334,11.34,14.61,15.61,33.68,25.18,Biomass / fine-particle combustion,33.68,25.18,8.5,26.13,Low confidence,PM2.5-heavy fine-particle pattern; CO and stagnant-weather influence; high weather trapping,Partially aligned,"Immediate intervention: Track open burning, control biomass combustion sources, increase public alerts, and strengthen fine-particle monitoring.",2026-07-16 10:55:13,2026-07-16 04:00:00,353.64977875642103,303.0760490466708,353.64977875642103,404.22350846617127,Very Poor,364.85,Very Poor,Very Poor,-11.200221243578994,Stable,19.84,Minimal,Proxy derived from ground pollutants and meteorology; not direct satellite imagery,50.86,Moderate,48.62,Moderate,50.84,Moderate,43.98,Moderate,1,1,0,Critical forecast hotspot,44.9,Moderate,249,Usable,"Advanced intelligence layer combines real AQI, forecasted AQI, pollutant signals, meteorological dispersion, source attribution, and intervention scoring."
maharashtra__aurangabad__rachnakar_colony_aurangabad_mpcb,"Rachnakar Colony, Aurangabad - MPCB",Aurangabad,Maharashtra,19.863756,75.321188,2026-07-16 05:00:00,52.0,64.0,19.0,5.0,27.0,8.0,1.0,358.99,Very Poor,CO,True,Valid AQI,27.8,64,0.0,14.6,26,57.31,Moderate trapping,General urban / semi-urban proxy,Proxy from station/city naming,15,20,39.37,1.2307692307692308,0.8125,0.7037037037037037,0.4210526315789473,9.88,8.95,22.73,32.44,25.4,Biomass / fine-particle combustion,32.44,25.4,7.04,24.82,Low confidence,PM2.5-heavy fine-particle pattern; CO and stagnant-weather influence,Partially aligned,"Immediate intervention: Track open burning, control biomass combustion sources, increase public alerts, and strengthen fine-particle monitoring.",2026-07-16 10:55:13,2026-07-16 04:00:00,389.1098519758243,338.5361222660741,389.1098519758243,439.68358168557455,Very Poor,358.99,Very Poor,Very Poor,30.119851975824304,Increasing,22.6,Low,Proxy derived from ground pollutants and meteorology; not direct satellite imagery,38.7,Low,50.59,Moderate,53.59,Moderate,43.51,Moderate,1,1,1,Critical forecast hotspot,44.87,Moderate,250,Usable,"Advanced intelligence layer combines real AQI, forecasted AQI, pollutant signals, meteorological dispersion, source attribution, and intervention scoring."
rajasthan__sri_ganganagar__old_city_sri_ganganagar_rspcb,"Old City, Sri Ganganagar - RSPCB",Sri Ganganagar,Rajasthan,29.931624,73.864511,2026-07-16 05:00:00,50.0,81.0,67.0,4.0,18.0,68.0,19.0,306.27,Very Poor,CO,True,Valid AQI,36.9,38,0.0,8.6,0,56.01,Moderate trapping,General urban / semi-urban proxy,Proxy from station/city naming,15,20,33.92,1.62,0.6172839506172839,3.7222222222222223,1.0149253731343284,20.33,15.39,22.37,30.1,52.87,Photochemical smog,52.87,30.1,22.77,43.84,Moderate confidence,O3 and temperature-related signal; urban photochemical formation likelihood,Partially aligned,"Immediate intervention: Control NOx and VOC sources, reduce peak-hour emissions, and issue ozone/smog exposure advisories.",2026-07-16 10:55:13,2026-07-16 04:00:00,354.19921740740733,303.6254876976571,354.19921740740733,404.7729471171576,Very Poor,306.27,Very Poor,Very Poor,47.92921740740735,Increasing,32.67,Low,Proxy derived from ground pollutants and meteorology; not direct satellite imagery,39.55,Low,46.36,Moderate,51.84,Moderate,43.9,Moderate,1,1,1,Critical forecast hotspot,44.82,Moderate,251,Usable,"Advanced intelligence layer combines real AQI, forecasted AQI, pollutant signals, meteorological dispersion, source attribution, and intervention scoring."
odisha__balasore__kalidaspur_balasore_ospcb,"Kalidaspur, Balasore - OSPCB",Balasore,Odisha,21.51161,86.89088,2026-07-16 05:00:00,24.0,32.0,12.0,4.0,33.0,38.0,3.0,394.14,Very Poor,CO,True,Valid AQI,31.0,73,0.1,13.9,55,58.53,Moderate trapping,General urban / semi-urban proxy,Proxy from station/city naming,15,20,43.15,1.3333333333333333,0.75,0.3636363636363636,3.1666666666666665,9.26,8.25,16.59,30.65,28.88,Biomass / fine-particle combustion,30.65,28.88,1.77,21.99,Low confidence,PM2.5-heavy fine-particle pattern; CO and stagnant-weather influence,Partially aligned,"Immediate intervention: Track open burning, control biomass combustion sources, increase public alerts, and strengthen fine-particle monitoring.",2026-07-16 10:55:13,2026-07-16 04:00:00,396.0133952380952,345.4396655283449,396.0133952380952,446.5871249478454,Very Poor,394.14,Very Poor,Very Poor,1.8733952380952132,Stable,17.75,Minimal,Proxy derived from ground pollutants and meteorology; not direct satellite imagery,42.57,Moderate,50.61,Moderate,53.88,Moderate,43.41,Moderate,1,1,0,Critical forecast hotspot,44.82,Moderate,251,Usable,"Advanced intelligence layer combines real AQI, forecasted AQI, pollutant signals, meteorological dispersion, source attribution, and intervention scoring."
rajasthan__tonk__shastri_nagar_tonk_rspcb,"Shastri Nagar, Tonk - RSPCB",Tonk,Rajasthan,26.159933,75.780517,2026-07-16 05:00:00,64.0,133.0,2.0,2.0,32.0,43.0,4.0,388.28,Very Poor,CO,True,Valid AQI,33.5,51,0.0,15.7,19,49.84,Moderate trapping,General urban / semi-urban proxy,Proxy from station/city naming,15,20,38.98,2.078125,0.4812030075187969,0.0625,21.5,6.53,5.63,31.81,30.16,35.8,Photochemical smog,35.8,31.81,3.99,26.26,Low confidence,O3 and temperature-related signal; urban photochemical formation likelihood,Partially aligned,"Immediate intervention: Control NOx and VOC sources, reduce peak-hour emissions, and issue ozone/smog exposure advisories.",2026-07-16 10:55:13,2026-07-16 04:00:00,367.18679436507966,316.6130646553294,367.18679436507966,417.7605240748299,Very Poor,388.28,Very Poor,Very Poor,-21.09320563492031,Stable,32.03,Low,Proxy derived from ground pollutants and meteorology; not direct satellite imagery,27.84,Low,52.75,Moderate,51.92,Moderate,43.38,Moderate,1,1,0,Critical forecast hotspot,44.7,Moderate,252,Usable,"Advanced intelligence layer combines real AQI, forecasted AQI, pollutant signals, meteorological dispersion, source attribution, and intervention scoring."
bihar__araria__kharahiya_basti_araria_bspcb,"Kharahiya Basti, Araria - BSPCB",Araria,Bihar,26.146529,87.454184,2026-07-16 05:00:00,23.0,23.0,15.0,21.0,20.0,38.0,4.0,317.99,Very Poor,CO,True,Valid AQI,30.7,77,0.0,10.8,73,73.66,High trapping,General urban / semi-urban proxy,Proxy from station/city naming,15,20,42.37,1.0,1.0,0.75,2.533333333333333,7.5,13.48,16.27,34.32,30.47,Biomass / fine-particle combustion,34.32,30.47,3.85,25.18,Low confidence,PM2.5-heavy fine-particle pattern; CO and stagnant-weather influence; high weather trapping,Partially aligned,"Immediate intervention: Track open burning, control biomass combustion sources, increase public alerts, and strengthen fine-particle monitoring.",2026-07-16 10:55:13,2026-07-16 04:00:00,323.2689008173836,272.69517110763337,323.2689008173836,373.84263052713385,Very Poor,317.99,Very Poor,Very Poor,5.278900817383601,Stable,16.81,Minimal,Proxy derived from ground pollutants and meteorology; not direct satellite imagery,65.97,High,44.08,Moderate,48.39,Moderate,44.3,Moderate,1,1,0,Critical forecast hotspot,44.7,Moderate,252,Usable,"Advanced intelligence layer combines real AQI, forecasted AQI, pollutant signals, meteorological dispersion, source attribution, and intervention scoring."
maharashtra__chandrapur__midc_khutala_chandrapur_mpcb,"MIDC Khutala, Chandrapur - MPCB",Chandrapur,Maharashtra,19.9775302,79.2337086,2026-07-16 05:00:00,21.0,57.0,,4.0,39.0,14.0,,431.51,Severe,CO,True,Valid AQI,32.3,58,0.0,18.2,87,54.68,Moderate trapping,Industrial / mixed urban proxy,Proxy from station/city naming,35,30,53.55,2.7142857142857144,0.3684210526315789,,,0.0,0.0,31.09,16.79,0.0,Construction / road dust,31.09,16.79,14.3,26.05,Low confidence,PM10-heavy particulate pattern; road dust / coarse-particle likelihood,Partially aligned,"Immediate intervention: Apply dust suppression, cover construction material, clean road dust, and enforce construction-site controls.",2026-07-16 10:55:13,2026-07-16 04:00:00,392.8104526071053,342.23672289735504,392.8104526071053,443.3841823168555,Very Poor,431.51,Severe,Very Poor,-38.699547392894715,Decreasing,17.61,Minimal,Proxy derived from ground pollutants and meteorology; not direct satellite imagery,37.36,Low,52.81,Moderate,54.12,Moderate,43.07,Moderate,1,1,0,Critical forecast hotspot,44.66,Moderate,253,Usable,"Advanced intelligence layer combines real AQI, forecasted AQI, pollutant signals, meteorological dispersion, source attribution, and intervention scoring."
delhi__delhi__jnu_delhi_dpcc,"JNU, Delhi - DPCC",Delhi,Delhi,28.540721,77.168544,2026-07-16 05:00:00,68.0,135.0,24.0,1.0,22.0,21.0,3.0,329.7,Very Poor,CO,True,Valid AQI,35.3,45,0.0,11.3,3,53.99,Moderate trapping,Dense urban proxy,Proxy from station/city naming,60,55,56.0,1.9852941176470589,0.5037037037037037,1.0909090909090908,0.875,46.2,15.7,44.65,30.84,46.76,Photochemical smog,46.76,46.2,0.56,32.9,Low confidence,O3 and temperature-related signal; urban photochemical formation likelihood,Partially aligned,"Immediate intervention: Control NOx and VOC sources, reduce peak-hour emissions, and issue ozone/smog exposure advisories.",2026-07-16 10:55:13,2026-07-16 04:00:00,346.66619319167967,296.0924634819294,346.66619319167967,397.2399229014299,Very Poor,329.7,Very Poor,Very Poor,16.96619319167968,Stable,32.74,Low,Proxy derived from ground pollutants and meteorology; not direct satellite imagery,35.19,Low,50.51,Moderate,49.88,Moderate,43.7,Moderate,1,1,0,Critical forecast hotspot,44.66,Moderate,253,Usable,"Advanced intelligence layer combines real AQI, forecasted AQI, pollutant signals, meteorological dispersion, source attribution, and intervention scoring."
delhi__delhi__sirifort_delhi_cpcb,"Sirifort, Delhi - CPCB",Delhi,Delhi,28.5504249,77.2159377,2026-07-16 05:00:00,91.0,152.0,10.0,21.0,18.0,9.0,4.0,306.27,Very Poor,CO,True,Valid AQI,35.6,44,0.0,11.3,8,54.13,Moderate trapping,Dense urban proxy,Proxy from station/city naming,60,55,53.87,1.6703296703296704,0.5986842105263158,0.5555555555555556,0.9,41.87,20.52,46.07,33.23,43.41,Construction / road dust,46.07,43.41,2.66,33.05,Low confidence,PM10-heavy particulate pattern; road dust / coarse-particle likelihood,Partially aligned,"Immediate intervention: Apply dust suppression, cover construction material, clean road dust, and enforce construction-site controls.",2026-07-16 10:55:13,2026-07-16 04:00:00,329.90523606741823,279.331506357668,329.90523606741823,380.47896577716847,Very Poor,306.27,Very Poor,Very Poor,23.635236067418248,Stable,35.15,Low,Proxy derived from ground pollutants and meteorology; not direct satellite imagery,35.75,Low,50.53,Moderate,48.39,Moderate,43.86,Moderate,1,1,0,Critical forecast hotspot,44.64,Moderate,254,Usable,"Advanced intelligence layer combines real AQI, forecasted AQI, pollutant signals, meteorological dispersion, source attribution, and intervention scoring."
uttar_pradesh__firozabad__vibhab_nagar_firozabad_uppcb,"Vibhab Nagar, Firozabad - UPPCB",Firozabad,Uttar Pradesh,27.1594,78.3953,2026-07-16 05:00:00,25.0,36.0,15.0,7.0,37.0,1.0,7.0,419.06,Severe,CO,True,Valid AQI,34.8,51,0.0,11.5,11,56.64,Moderate trapping,General urban / semi-urban proxy,Proxy from station/city naming,15,20,44.68,1.44,0.6944444444444444,0.4054054054054054,0.0666666666666666,10.8,10.51,18.58,31.2,33.57,Photochemical smog,33.57,31.2,2.37,24.21,Low confidence,O3 and temperature-related signal; urban photochemical formation likelihood,Partially aligned,"Immediate intervention: Control NOx and VOC sources, reduce peak-hour emissions, and issue ozone/smog exposure advisories.",2026-07-16 10:55:13,2026-07-16 04:00:00,424.73538843052233,374.1616587207721,424.73538843052233,475.3091181402726,Severe,419.06,Severe,Severe,5.675388430522332,Stable,12.45,Minimal,Proxy derived from ground pollutants and meteorology; not direct satellite imagery,39.02,Low,52.7,Moderate,55.64,Moderate,42.8,Moderate,1,1,0,Critical forecast hotspot,44.58,Moderate,255,Usable,"Advanced intelligence layer combines real AQI, forecasted AQI, pollutant signals, meteorological dispersion, source attribution, and intervention scoring."
delhi__delhi__bawana_delhi_dpcc,"Bawana, Delhi - DPCC",Delhi,Delhi,28.7762,77.051074,2026-07-16 05:00:00,,170.0,6.0,9.0,29.0,7.0,4.0,370.71,Very Poor,CO,True,Valid AQI,34.1,55,0.0,11.0,4,58.31,Moderate trapping,Dense urban proxy,Proxy from station/city naming,60,55,61.62,,,0.2068965517241379,1.1666666666666667,42.99,16.78,0.0,0.0,40.91,Vehicular traffic,42.99,40.91,2.08,30.72,Low confidence,elevated NO2/CO signal; road-density or urban-pressure influence; traffic/commercial land-use proxy,Aligned,"Immediate intervention: Implement traffic flow control, reduce idling zones, strengthen public transport diversion, and prioritize roadside monitoring.",2026-07-16 10:55:13,2026-07-16 04:00:00,366.6864402248677,316.11271051511744,366.6864402248677,417.2601699346179,Very Poor,370.71,Very Poor,Very Poor,-4.0235597751322985,Stable,25.12,Low,Proxy derived from ground pollutants and meteorology; not direct satellite imagery,40.98,Moderate,48.8,Moderate,51.79,Moderate,43.4,Moderate,1,1,0,Critical forecast hotspot,44.51,Moderate,256,Usable,"Advanced intelligence layer combines real AQI, forecasted AQI, pollutant signals, meteorological dispersion, source attribution, and intervention scoring."
chhattisgarh__raipur__siltara_phase_ii_raipur_cecb,"Siltara Phase-II, Raipur - CECB",Raipur,Chhattisgarh,21.371751,81.664929,2026-07-16 05:00:00,30.0,59.0,6.0,13.0,17.0,9.0,2.0,300.0,Poor,CO,True,Valid AQI,28.5,76,0.0,12.0,100,73.82,High trapping,Industrial / mixed urban proxy,Proxy from station/city naming,35,30,49.29,1.9666666666666663,0.5084745762711864,0.3529411764705882,1.5,12.59,32.04,27.5,20.68,24.72,Industrial combustion,32.04,27.5,4.54,23.79,Low confidence,SO2 and combustion-related pollutant influence; industrial land-use proxy,Aligned,"High-priority intervention: Increase industrial emission inspection, check stack compliance, enforce fuel-quality standards, and monitor nearby industrial clusters.",2026-07-16 10:55:13,2026-07-16 04:00:00,299.10031493974765,248.5265852299974,299.10031493974765,349.6740446494979,Poor,300.0,Poor,Poor,-0.8996850602523523,Stable,19.75,Minimal,Proxy derived from ground pollutants and meteorology; not direct satellite imagery,67.35,High,43.46,Moderate,46.21,Moderate,44.32,Moderate,1,1,0,High forecast hotspot,44.47,Moderate,257,Usable,"Advanced intelligence layer combines real AQI, forecasted AQI, pollutant signals, meteorological dispersion, source attribution, and intervention scoring."
maharashtra__virar__bolinj_virar_mpcb,"Bolinj, Virar - MPCB",Virar,Maharashtra,19.445821,72.7988231,2026-07-16 05:00:00,39.0,78.0,15.0,3.0,26.0,23.0,9.0,353.14,Very Poor,CO,True,Valid AQI,28.6,75,0.0,14.4,22,61.31,High trapping,General urban / semi-urban proxy,Proxy from station/city naming,15,20,40.49,2.0,0.5,0.5769230769230769,1.5333333333333334,8.67,7.35,25.17,29.65,28.23,Biomass / fine-particle combustion,29.65,28.23,1.42,21.18,Low confidence,PM2.5-heavy fine-particle pattern; CO and stagnant-weather influence; high weather trapping,Partially aligned,"Immediate intervention: Track open burning, control biomass combustion sources, increase public alerts, and strengthen fine-particle monitoring.",2026-07-16 10:55:13,2026-07-16 04:00:00,365.2499968650794,314.6762671553292,365.2499968650794,415.82372657482966,Very Poor,353.14,Very Poor,Very Poor,12.109996865079438,Stable,23.27,Low,Proxy derived from ground pollutants and meteorology; not direct satellite imagery,43.63,Moderate,48.46,Moderate,51.46,Moderate,43.36,Moderate,1,1,0,Critical forecast hotspot,44.42,Moderate,258,Usable,"Advanced intelligence layer combines real AQI, forecasted AQI, pollutant signals, meteorological dispersion, source attribution, and intervention scoring."
uttar_pradesh__greater_noida__knowledge_park_v_greater_noida_uppcb,"Knowledge Park - V, Greater Noida - UPPCB",Greater Noida,Uttar Pradesh,28.557054,77.453663,2026-07-16 05:00:00,83.0,228.0,39.0,10.0,15.0,8.0,9.0,271.3,Poor,CO,True,Valid AQI,34.9,49,0.0,10.4,7,57.49,Moderate trapping,General urban / semi-urban proxy,Proxy from station/city naming,15,20,31.28,2.746987951807229,0.3640350877192982,2.6,0.2051282051282051,12.63,12.54,40.56,31.14,37.94,Construction / road dust,40.56,37.94,2.62,29.18,Low confidence,PM10-heavy particulate pattern; road dust / coarse-particle likelihood,Partially aligned,"High-priority intervention: Apply dust suppression, cover construction material, clean road dust, and enforce construction-site controls.",2026-07-16 10:55:13,2026-07-16 04:00:00,270.8573882575768,220.2836585478265,270.8573882575768,321.431117967327,Poor,271.3,Poor,Poor,-0.4426117424231961,Stable,46.98,Moderate,Proxy derived from ground pollutants and meteorology; not direct satellite imagery,40.63,Moderate,44.98,Moderate,44.54,Moderate,44.38,Moderate,1,1,0,High forecast hotspot,44.42,Moderate,258,Usable,"Advanced intelligence layer combines real AQI, forecasted AQI, pollutant signals, meteorological dispersion, source attribution, and intervention scoring."
andhra_pradesh__eluru__district_court_eluru_appcb,"District Court, Eluru - APPCB",Eluru,Andhra Pradesh,16.711754,81.092095,2026-07-16 05:00:00,49.0,49.0,22.0,13.0,18.0,6.0,4.0,306.27,Very Poor,CO,True,Valid AQI,31.2,62,0.0,13.6,100,65.78,High trapping,General urban / semi-urban proxy,Proxy from station/city naming,15,20,37.99,1.0,1.0,1.2222222222222223,0.2727272727272727,8.89,11.26,20.35,34.09,26.13,Biomass / fine-particle combustion,34.09,26.13,7.96,26.25,Low confidence,PM2.5-heavy fine-particle pattern; CO and stagnant-weather influence; high weather trapping,Partially aligned,"Immediate intervention: Track open burning, control biomass combustion sources, increase public alerts, and strengthen fine-particle monitoring.",2026-07-16 10:55:13,2026-07-16 04:00:00,324.354062053063,273.78033234331275,324.354062053063,374.9277917628132,Very Poor,306.27,Very Poor,Very Poor,18.084062053063008,Stable,23.11,Low,Proxy derived from ground pollutants and meteorology; not direct satellite imagery,55.93,Moderate,45.32,Moderate,48.31,Moderate,43.9,Moderate,1,1,0,Critical forecast hotspot,44.41,Moderate,259,Usable,"Advanced intelligence layer combines real AQI, forecasted AQI, pollutant signals, meteorological dispersion, source attribution, and intervention scoring."
odisha__talcher__talcher_coalfields_talcher_ospcb,"Talcher Coalfields,Talcher - OSPCB",Talcher,Odisha,20.9360711,85.1707021,2026-07-16 05:00:00,,35.0,40.0,58.0,26.0,18.0,7.0,353.14,Very Poor,CO,True,Valid AQI,27.7,85,0.1,16.1,100,63.46,High trapping,General urban / semi-urban proxy,Proxy from station/city naming,15,20,41.39,,,1.5384615384615383,0.45,15.02,32.98,0.0,0.0,23.15,Industrial combustion,32.98,23.15,9.83,26.03,Low confidence,SO2 and combustion-related pollutant influence,Not strongly aligned,"Immediate intervention: Increase industrial emission inspection, check stack compliance, enforce fuel-quality standards, and monitor nearby industrial clusters.",2026-07-16 10:55:13,2026-07-16 04:00:00,351.32670500248605,300.7529752927358,351.32670500248605,401.9004347122363,Very Poor,353.14,Very Poor,Very Poor,-1.8132949975139354,Stable,21.93,Low,Proxy derived from ground pollutants and meteorology; not direct satellite imagery,50.65,Moderate,45.75,Moderate,50.64,Moderate,43.43,Moderate,1,1,0,Critical forecast hotspot,44.27,Moderate,260,Usable,"Advanced intelligence layer combines real AQI, forecasted AQI, pollutant signals, meteorological dispersion, source attribution, and intervention scoring."
telangana__hyderabad__icrisat_patancheru_hyderabad_tspcb,"ICRISAT Patancheru, Hyderabad - TSPCB",Hyderabad,Telangana,17.5184,78.278777,2026-07-16 05:00:00,33.0,67.0,13.0,9.0,34.0,21.0,2.0,400.0,Very Poor,CO,True,Valid AQI,29.3,61,0.0,18.9,94,55.22,Moderate trapping,Dense urban proxy,Proxy from station/city naming,60,55,63.05,2.0303030303030303,0.4925373134328358,0.3823529411764705,1.6153846153846154,45.74,18.69,40.81,27.97,33.17,Vehicular traffic,45.74,40.81,4.93,33.5,Low confidence,elevated NO2/CO signal; road-density or urban-pressure influence; traffic/commercial land-use proxy,Aligned,"Immediate intervention: Implement traffic flow control, reduce idling zones, strengthen public transport diversion, and prioritize roadside monitoring.",2026-07-16 10:55:13,2026-07-16 04:00:00,352.4653552883604,301.89162557861016,352.4653552883604,403.0390849981106,Very Poor,400.0,Very Poor,Very Poor,-47.5346447116396,Decreasing,23.59,Low,Proxy derived from ground pollutants and meteorology; not direct satellite imagery,38.06,Low,51.52,Moderate,50.81,Moderate,43.03,Moderate,1,1,0,Critical forecast hotspot,44.23,Moderate,261,Usable,"Advanced intelligence layer combines real AQI, forecasted AQI, pollutant signals, meteorological dispersion, source attribution, and intervention scoring."
karnataka__ramanagara__vijay_nagar_ramanagara_kspcb,"Vijay Nagar, Ramanagara - KSPCB",Ramanagara,Karnataka,12.733409,77.298051,2026-07-16 05:00:00,38.0,51.0,,17.0,23.0,21.0,,335.56,Very Poor,CO,True,Valid AQI,27.6,56,0.0,12.7,98,65.0,High trapping,General urban / semi-urban proxy,Proxy from station/city naming,15,20,40.4,1.3421052631578947,0.7450980392156863,,,0.0,0.0,20.61,32.05,0.0,Biomass / fine-particle combustion,32.05,20.61,11.44,25.87,Low confidence,PM2.5-heavy fine-particle pattern; CO and stagnant-weather influence; high weather trapping,Partially aligned,"Immediate intervention: Track open burning, control biomass combustion sources, increase public alerts, and strengthen fine-particle monitoring.",2026-07-16 10:55:13,2026-07-16 04:00:00,339.4077141176963,288.83398440794605,339.4077141176963,389.9814438274465,Very Poor,335.56,Very Poor,Very Poor,3.8477141176962846,Stable,18.87,Minimal,Proxy derived from ground pollutants and meteorology; not direct satellite imagery,55.46,Moderate,46.45,Moderate,49.06,Moderate,43.52,Moderate,1,1,0,Critical forecast hotspot,44.22,Moderate,262,Usable,"Advanced intelligence layer combines real AQI, forecasted AQI, pollutant signals, meteorological dispersion, source attribution, and intervention scoring."
haryana__panchkula__sector_6_panchkula_hspcb,"Sector-6, Panchkula - HSPCB",Panchkula,Haryana,30.7057778,76.8531805555555,2026-07-16 05:00:00,40.0,,9.0,11.0,19.0,30.0,,312.13,Very Poor,CO,True,Valid AQI,33.4,60,0.0,4.1,26,74.84,High trapping,Industrial / mixed urban proxy,Proxy from station/city naming,35,30,50.84,,,0.4736842105263157,3.333333333333333,13.74,32.06,0.0,0.0,38.01,Photochemical smog,38.01,32.06,5.95,28.39,Low confidence,O3 and temperature-related signal; urban photochemical formation likelihood,Partially aligned,"Immediate intervention: Control NOx and VOC sources, reduce peak-hour emissions, and issue ozone/smog exposure advisories.",2026-07-16 10:55:13,2026-07-16 04:00:00,310.5663988727558,259.9926691630056,310.5663988727558,361.14012858250607,Very Poor,312.13,Very Poor,Very Poor,-1.5636011272441692,Stable,13.5,Minimal,Proxy derived from ground pollutants and meteorology; not direct satellite imagery,68.87,High,45.08,Moderate,46.38,Moderate,43.91,Moderate,1,1,0,Critical forecast hotspot,44.22,Moderate,262,Usable,"Advanced intelligence layer combines real AQI, forecasted AQI, pollutant signals, meteorological dispersion, source attribution, and intervention scoring."
delhi__delhi__major_dhyan_chand_national_stadium_delhi_dpcc,"Major Dhyan Chand National Stadium, Delhi - DPCC",Delhi,Delhi,28.611281,77.237738,2026-07-16 05:00:00,38.0,129.0,34.0,19.0,25.0,8.0,10.0,347.28,Very Poor,CO,True,Valid AQI,36.2,41,0.0,10.2,4,54.61,Moderate trapping,Dense urban proxy,Proxy from station/city naming,60,55,57.89,3.3947368421052637,0.2945736434108527,1.36,0.2352941176470588,49.33,24.83,45.38,27.13,47.29,Vehicular traffic,49.33,47.29,2.04,35.14,Low confidence,elevated NO2/CO signal; road-density or urban-pressure influence; traffic/commercial land-use proxy,Aligned,"Immediate intervention: Implement traffic flow control, reduce idling zones, strengthen public transport diversion, and prioritize roadside monitoring.",2026-07-16 10:55:13,2026-07-16 04:00:00,363.0290136659809,312.4552839562307,363.0290136659809,413.6027433757312,Very Poor,347.28,Very Poor,Very Poor,15.749013665980954,Stable,27.72,Low,Proxy derived from ground pollutants and meteorology; not direct satellite imagery,36.89,Low,49.2,Moderate,51.05,Moderate,43.0,Moderate,1,1,0,Critical forecast hotspot,44.11,Moderate,263,Usable,"Advanced intelligence layer combines real AQI, forecasted AQI, pollutant signals, meteorological dispersion, source attribution, and intervention scoring."
chhattisgarh__bhilai__civic_center_bhilai_bhilai_steel_plant,"Civic Center, Bhilai - Bhilai Steel Plant",Bhilai,Chhattisgarh,21.185571,81.343175,2026-07-16 05:00:00,17.0,28.0,16.0,10.0,23.0,11.0,1.0,335.56,Very Poor,CO,True,Valid AQI,29.6,69,0.0,13.0,99,69.34,High trapping,General urban / semi-urban proxy,Proxy from station/city naming,15,20,42.21,1.6470588235294117,0.6071428571428571,0.6956521739130435,0.6875,8.34,9.8,18.67,29.84,24.08,Biomass / fine-particle combustion,29.84,24.08,5.76,22.62,Low confidence,PM2.5-heavy fine-particle pattern; CO and stagnant-weather influence; high weather trapping,Partially aligned,"Immediate intervention: Track open burning, control biomass combustion sources, increase public alerts, and strengthen fine-particle monitoring.",2026-07-16 10:55:13,2026-07-16 04:00:00,338.4148978414439,287.8411681316937,338.4148978414439,388.98862755119416,Very Poor,335.56,Very Poor,Very Poor,2.854897841443915,Stable,15.5,Minimal,Proxy derived from ground pollutants and meteorology; not direct satellite imagery,60.83,High,44.62,Moderate,49.06,Moderate,43.37,Moderate,1,1,0,Critical forecast hotspot,44.0,Moderate,264,Usable,"Advanced intelligence layer combines real AQI, forecasted AQI, pollutant signals, meteorological dispersion, source attribution, and intervention scoring."
maharashtra__mumbai__ghatkopar_mumbai_bmc,"Ghatkopar, Mumbai - BMC",Mumbai,Maharashtra,19.083694,72.920967,2026-07-16 05:00:00,27.0,74.0,11.0,1.0,23.0,30.0,6.0,335.56,Very Poor,CO,True,Valid AQI,28.9,75,0.0,11.9,30,66.64,High trapping,Dense urban proxy,Proxy from station/city naming,60,55,61.82,2.740740740740741,0.3648648648648648,0.4782608695652174,2.727272727272727,43.09,13.64,39.34,28.71,36.87,Vehicular traffic,43.09,39.34,3.75,31.29,Low confidence,elevated NO2/CO signal; road-density or urban-pressure influence; traffic/commercial land-use proxy,Aligned,"Immediate intervention: Implement traffic flow control, reduce idling zones, strengthen public transport diversion, and prioritize roadside monitoring.",2026-07-16 10:55:13,2026-07-16 04:00:00,333.6536508670453,283.0799211572951,333.6536508670453,384.2273805767956,Very Poor,335.56,Very Poor,Very Poor,-1.9063491329546878,Stable,20.64,Low,Proxy derived from ground pollutants and meteorology; not direct satellite imagery,52.9,Moderate,46.83,Moderate,48.33,Moderate,43.26,Moderate,1,1,0,Critical forecast hotspot,43.94,Moderate,265,Usable,"Advanced intelligence layer combines real AQI, forecasted AQI, pollutant signals, meteorological dispersion, source attribution, and intervention scoring."
bihar__motihari__gandak_colony_motihari_bspcb,"Gandak Colony, Motihari - BSPCB",Motihari,Bihar,26.63086,84.90051,2026-07-16 05:00:00,77.0,64.0,3.0,3.0,12.0,59.0,3.0,228.26,Poor,CO,True,Valid AQI,31.5,76,0.0,11.2,100,75.27,High trapping,General urban / semi-urban proxy,Proxy from station/city naming,15,20,34.69,0.8311688311688312,1.203125,0.25,19.666666666666668,2.9,3.28,20.66,40.28,31.59,Biomass / fine-particle combustion,40.28,31.59,8.69,30.8,Low confidence,PM2.5-heavy fine-particle pattern; CO and stagnant-weather influence; high weather trapping,Partially aligned,"High-priority intervention: Track open burning, control biomass combustion sources, increase public alerts, and strengthen fine-particle monitoring.",2026-07-16 10:55:13,2026-07-16 04:00:00,232.4637689367417,181.89003922699143,232.4637689367417,283.03749864649194,Poor,228.26,Poor,Poor,4.20376893674171,Stable,30.97,Low,Proxy derived from ground pollutants and meteorology; not direct satellite imagery,69.79,High,40.51,Moderate,40.69,Moderate,44.51,Moderate,1,1,0,High forecast hotspot,43.93,Moderate,266,Usable,"Advanced intelligence layer combines real AQI, forecasted AQI, pollutant signals, meteorological dispersion, source attribution, and intervention scoring."
andhra_pradesh__anantapur__gulzarpet_anantapur_appcb,"Gulzarpet, Anantapur - APPCB",Anantapur,Andhra Pradesh,14.675886,77.593027,2026-07-16 05:00:00,85.0,76.0,16.0,11.0,22.0,31.0,3.0,329.7,Very Poor,CO,True,Valid AQI,31.9,45,0.0,17.4,99,52.55,Moderate trapping,General urban / semi-urban proxy,Proxy from station/city naming,15,20,34.66,0.8941176470588236,1.118421052631579,0.7272727272727273,1.9375,8.15,10.05,24.84,35.37,29.84,Biomass / fine-particle combustion,35.37,29.84,5.53,26.42,Low confidence,PM2.5-heavy fine-particle pattern; CO and stagnant-weather influence,Partially aligned,"Immediate intervention: Track open burning, control biomass combustion sources, increase public alerts, and strengthen fine-particle monitoring.",2026-07-16 10:55:13,2026-07-16 04:00:00,333.9891922778277,283.4154625680775,333.9891922778277,384.562921987578,Very Poor,329.7,Very Poor,Very Poor,4.289192277827738,Stable,32.28,Low,Proxy derived from ground pollutants and meteorology; not direct satellite imagery,36.18,Low,49.71,Moderate,48.18,Moderate,43.06,Moderate,1,1,0,Critical forecast hotspot,43.9,Moderate,267,Usable,"Advanced intelligence layer combines real AQI, forecasted AQI, pollutant signals, meteorological dispersion, source attribution, and intervention scoring."
west_bengal__durgapur__pcbl_residential_complex_durgapur_wbpcb,"PCBL Residential Complex, Durgapur - WBPCB",Durgapur,West Bengal,23.508764,87.35444,2026-07-16 05:00:00,19.0,24.0,71.0,11.0,24.0,3.0,5.0,341.42,Very Poor,CO,True,Valid AQI,31.0,72,0.1,14.3,91,61.04,High trapping,General urban / semi-urban proxy,Proxy from station/city naming,15,20,39.29,1.263157894736842,0.7916666666666666,2.958333333333333,0.0422535211267605,22.52,19.66,15.82,29.21,29.63,Photochemical smog,29.63,29.21,0.42,20.87,Low confidence,O3 and temperature-related signal; urban photochemical formation likelihood,Partially aligned,"Immediate intervention: Control NOx and VOC sources, reduce peak-hour emissions, and issue ozone/smog exposure advisories.",2026-07-16 10:55:13,2026-07-16 04:00:00,345.44588604679524,294.872156337045,345.44588604679524,396.0196157565455,Very Poor,341.42,Very Poor,Very Poor,4.025886046795222,Stable,24.31,Low,Proxy derived from ground pollutants and meteorology; not direct satellite imagery,48.24,Moderate,45.32,Moderate,49.95,Moderate,43.09,Moderate,1,1,0,Critical forecast hotspot,43.89,Moderate,268,Usable,"Advanced intelligence layer combines real AQI, forecasted AQI, pollutant signals, meteorological dispersion, source attribution, and intervention scoring."
assam__nalbari__bata_chowk_nalbari_pcba,"Bata Chowk, Nalbari - PCBA",Nalbari,Assam,26.446912,91.439057,2026-07-16 05:00:00,63.0,46.0,14.0,8.0,21.0,19.0,6.0,323.85,Very Poor,CO,True,Valid AQI,32.0,74,0.0,11.4,42,68.37,High trapping,Traffic / commercial proxy,Proxy from station/city naming,30,75,53.04,0.7301587301587301,1.3695652173913044,0.6666666666666666,1.3571428571428572,40.28,11.12,31.71,29.98,33.6,Vehicular traffic,40.28,33.6,6.68,30.2,Low confidence,elevated NO2/CO signal; road-density or urban-pressure influence; traffic/commercial land-use proxy,Aligned,"Immediate intervention: Implement traffic flow control, reduce idling zones, strengthen public transport diversion, and prioritize roadside monitoring.",2026-07-16 10:55:13,2026-07-16 04:00:00,287.2769101948048,236.7031804850546,287.2769101948048,337.85063990455507,Poor,323.85,Very Poor,Poor,-36.573089805195195,Decreasing,23.16,Low,Proxy derived from ground pollutants and meteorology; not direct satellite imagery,56.4,Moderate,47.06,Moderate,44.97,Moderate,43.52,Moderate,1,1,0,Critical current hotspot,43.84,Moderate,269,Usable,"Advanced intelligence layer combines real AQI, forecasted AQI, pollutant signals, meteorological dispersion, source attribution, and intervention scoring."
andhra_pradesh__kadapa__yerramukkapalli_kadapa_appcb,"Yerramukkapalli, Kadapa - APPCB",Kadapa,Andhra Pradesh,14.465052,78.824187,2026-07-16 05:00:00,50.0,52.0,23.0,11.0,28.0,39.0,14.0,364.85,Very Poor,CO,True,Valid AQI,33.0,44,0.0,17.9,99,51.28,Moderate trapping,General urban / semi-urban proxy,Proxy from station/city naming,15,20,37.4,1.04,0.9615384615384616,0.8214285714285714,1.6956521739130437,11.09,12.11,22.67,31.25,33.26,Photochemical smog,33.26,31.25,2.01,23.88,Low confidence,O3 and temperature-related signal; urban photochemical formation likelihood,Partially aligned,"Immediate intervention: Control NOx and VOC sources, reduce peak-hour emissions, and issue ozone/smog exposure advisories.",2026-07-16 10:55:13,2026-07-16 04:00:00,376.0699529004712,325.4962231907209,376.0699529004712,426.6436826102214,Very Poor,364.85,Very Poor,Very Poor,11.219952900471185,Stable,25.72,Low,Proxy derived from ground pollutants and meteorology; not direct satellite imagery,34.19,Low,49.87,Moderate,51.73,Moderate,42.46,Moderate,1,1,0,Critical forecast hotspot,43.76,Moderate,270,Usable,"Advanced intelligence layer combines real AQI, forecasted AQI, pollutant signals, meteorological dispersion, source attribution, and intervention scoring."
bihar__kishanganj__sdm_office_khagra_kishanganj_bspcb,"SDM Office_Khagra, Kishanganj - BSPCB",Kishanganj,Bihar,26.0881305,87.93840336,2026-07-16 05:00:00,47.0,44.0,8.0,8.0,14.0,33.0,3.0,256.96,Poor,CO,True,Valid AQI,31.0,78,0.0,10.3,100,77.64,High trapping,General urban / semi-urban proxy,Proxy from station/city naming,15,20,38.35,0.9361702127659576,1.068181818181818,0.5714285714285714,4.125,4.56,6.36,18.23,37.31,27.91,Biomass / fine-particle combustion,37.31,27.91,9.4,28.94,Low confidence,PM2.5-heavy fine-particle pattern; CO and stagnant-weather influence; high weather trapping,Partially aligned,"High-priority intervention: Track open burning, control biomass combustion sources, increase public alerts, and strengthen fine-particle monitoring.",2026-07-16 10:55:13,2026-07-16 04:00:00,256.9844827098721,206.41075300012187,256.9844827098721,307.55821241962235,Poor,256.96,Poor,Poor,0.024482709872131636,Stable,22.71,Low,Proxy derived from ground pollutants and meteorology; not direct satellite imagery,73.48,High,40.24,Moderate,42.47,Moderate,44.05,Moderate,1,1,0,High forecast hotspot,43.7,Moderate,271,Usable,"Advanced intelligence layer combines real AQI, forecasted AQI, pollutant signals, meteorological dispersion, source attribution, and intervention scoring."
delhi__delhi__cantonment_area_delhi_dpcc,"Cantonment Area, Delhi - DPCC",Delhi,Delhi,28.594169,77.1251,2026-07-16 05:00:00,35.0,115.0,14.0,3.0,28.0,10.0,6.0,364.85,Very Poor,CO,True,Valid AQI,34.5,49,0.0,11.7,2,54.64,Moderate trapping,Industrial / mixed urban proxy,Proxy from station/city naming,70,65,64.43,3.2857142857142856,0.3043478260869565,0.5,0.7142857142857143,35.05,37.47,48.1,17.13,44.78,Construction / road dust,48.1,44.78,3.32,34.67,Low confidence,PM10-heavy particulate pattern; road dust / coarse-particle likelihood; high road-density proxy,Partially aligned,"Immediate intervention: Apply dust suppression, cover construction material, clean road dust, and enforce construction-site controls.",2026-07-16 10:55:13,2026-07-16 04:00:00,377.26058009852704,326.6868503887768,377.26058009852704,427.8343098082773,Very Poor,364.85,Very Poor,Very Poor,12.41058009852702,Stable,23.04,Low,Proxy derived from ground pollutants and meteorology; not direct satellite imagery,35.64,Low,50.43,Moderate,51.44,Moderate,42.3,Moderate,1,1,0,Critical forecast hotspot,43.62,Moderate,272,Usable,"Advanced intelligence layer combines real AQI, forecasted AQI, pollutant signals, meteorological dispersion, source attribution, and intervention scoring."
madhya_pradesh__indore__chhoti_gwaltoli_indore_mppcb,"Chhoti Gwaltoli, Indore - MPPCB",Indore,Madhya Pradesh,22.431,75.5213,2026-07-16 05:00:00,44.0,81.0,54.0,13.0,21.0,20.0,4.0,323.85,Very Poor,CO,True,Valid AQI,28.9,66,0.1,13.7,36,54.42,Moderate trapping,Dense urban proxy,Proxy from station/city naming,60,55,55.63,1.8409090909090908,0.5432098765432098,2.571428571428572,0.3703703703703703,53.64,25.3,37.21,27.96,38.13,Vehicular traffic,53.64,38.13,15.51,42.2,Moderate confidence,elevated NO2/CO signal; road-density or urban-pressure influence; traffic/commercial land-use proxy,Aligned,"Immediate intervention: Implement traffic flow control, reduce idling zones, strengthen public transport diversion, and prioritize roadside monitoring.",2026-07-16 10:55:13,2026-07-16 04:00:00,347.541417328042,296.96768761829173,347.541417328042,398.1151470377922,Very Poor,323.85,Very Poor,Very Poor,23.69141732804195,Stable,30.43,Low,Proxy derived from ground pollutants and meteorology; not direct satellite imagery,36.03,Low,47.51,Moderate,49.54,Moderate,42.41,Moderate,1,1,0,Critical forecast hotspot,43.38,Moderate,273,Usable,"Advanced intelligence layer combines real AQI, forecasted AQI, pollutant signals, meteorological dispersion, source attribution, and intervention scoring."
tamil_nadu__thoothukudi__meelavittan_thoothukudi_tnpcb,"Meelavittan, Thoothukudi - TNPCB",Thoothukudi,Tamil Nadu,8.816428,78.099039,2026-07-16 05:00:00,,80.0,18.0,12.0,30.0,30.0,,376.57,Very Poor,CO,True,Valid AQI,36.4,28,0.0,11.4,96,56.86,Moderate trapping,General urban / semi-urban proxy,Proxy from station/city naming,15,20,40.82,,,0.6,1.6666666666666667,10.21,11.94,0.0,0.0,35.84,Photochemical smog,35.84,11.94,23.9,32.26,Low confidence,O3 and temperature-related signal; urban photochemical formation likelihood,Partially aligned,"Immediate intervention: Control NOx and VOC sources, reduce peak-hour emissions, and issue ozone/smog exposure advisories.",2026-07-16 10:55:13,2026-07-16 04:00:00,338.68801841290684,288.1142887031566,338.68801841290684,389.2617481226571,Very Poor,376.57,Very Poor,Very Poor,-37.88198158709315,Decreasing,20.55,Low,Proxy derived from ground pollutants and meteorology; not direct satellite imagery,48.08,Moderate,45.98,Moderate,49.65,Moderate,42.42,Moderate,1,1,0,Critical forecast hotspot,43.32,Moderate,274,Usable,"Advanced intelligence layer combines real AQI, forecasted AQI, pollutant signals, meteorological dispersion, source attribution, and intervention scoring."
madhya_pradesh__bhopal__idgah_hills_bhopal_mppcb,"Idgah Hills, Bhopal - MPPCB",Bhopal,Madhya Pradesh,23.264759,77.381568,2026-07-16 05:00:00,48.0,114.0,27.0,6.0,19.0,15.0,2.0,312.13,Very Poor,CO,True,Valid AQI,29.7,64,0.0,14.2,24,57.83,Moderate trapping,Dense urban proxy,Proxy from station/city naming,60,55,55.96,2.375,0.4210526315789473,1.4210526315789471,0.5555555555555556,46.38,17.71,44.22,27.85,38.11,Vehicular traffic,46.38,44.22,2.16,33.11,Low confidence,elevated NO2/CO signal; road-density or urban-pressure influence; traffic/commercial land-use proxy,Aligned,"Immediate intervention: Implement traffic flow control, reduce idling zones, strengthen public transport diversion, and prioritize roadside monitoring.",2026-07-16 10:55:13,2026-07-16 04:00:00,336.66178500397075,286.0880552942205,336.66178500397075,387.235514713721,Very Poor,312.13,Very Poor,Very Poor,24.531785003970754,Stable,29.2,Low,Proxy derived from ground pollutants and meteorology; not direct satellite imagery,39.51,Low,46.75,Moderate,48.42,Moderate,42.29,Moderate,1,1,0,Critical forecast hotspot,43.13,Moderate,275,Usable,"Advanced intelligence layer combines real AQI, forecasted AQI, pollutant signals, meteorological dispersion, source attribution, and intervention scoring."
west_bengal__kolkata__fort_william_kolkata_wbpcb,"Fort William, Kolkata - WBPCB",Kolkata,West Bengal,22.55664,88.342674,2026-07-16 05:00:00,31.0,32.0,9.0,5.0,15.0,17.0,9.0,271.3,Poor,CO,True,Valid AQI,30.1,79,0.0,11.1,92,75.76,High trapping,Dense urban proxy,Proxy from station/city naming,60,55,59.64,1.032258064516129,0.96875,0.6,1.8888888888888888,41.03,13.69,32.17,34.43,33.21,Vehicular traffic,41.03,34.43,6.6,30.7,Low confidence,elevated NO2/CO signal; road-density or urban-pressure influence; traffic/commercial land-use proxy,Aligned,"High-priority intervention: Implement traffic flow control, reduce idling zones, strengthen public transport diversion, and prioritize roadside monitoring.",2026-07-16 10:55:13,2026-07-16 04:00:00,281.07993337895823,230.506203669208,281.07993337895823,331.65366308870847,Poor,271.3,Poor,Poor,9.77993337895822,Stable,17.27,Minimal,Proxy derived from ground pollutants and meteorology; not direct satellite imagery,69.87,High,41.32,Moderate,43.56,Moderate,42.89,Moderate,1,1,0,High forecast hotspot,42.88,Moderate,276,Usable,"Advanced intelligence layer combines real AQI, forecasted AQI, pollutant signals, meteorological dispersion, source attribution, and intervention scoring."
chhattisgarh__bhilai__32bungalows_bhilai_cecb,"32Bungalows, Bhilai - CECB",Bhilai,Chhattisgarh,21.194815,81.31477,2026-07-16 05:00:00,27.0,51.0,12.0,12.0,17.0,6.0,3.0,300.0,Poor,CO,True,Valid AQI,29.6,69,0.0,13.0,99,69.34,High trapping,General urban / semi-urban proxy,Proxy from station/city naming,15,20,38.9,1.8888888888888888,0.5294117647058824,0.7058823529411765,0.5,6.16,9.03,21.48,29.17,22.87,Biomass / fine-particle combustion,29.17,22.87,6.3,22.31,Low confidence,PM2.5-heavy fine-particle pattern; CO and stagnant-weather influence; high weather trapping,Partially aligned,"Immediate intervention: Track open burning, control biomass combustion sources, increase public alerts, and strengthen fine-particle monitoring.",2026-07-16 10:55:13,2026-07-16 04:00:00,311.7331933971094,261.1594636873592,311.7331933971094,362.3069231068597,Very Poor,300.0,Poor,Very Poor,11.733193397109403,Stable,18.38,Minimal,Proxy derived from ground pollutants and meteorology; not direct satellite imagery,60.83,High,41.91,Moderate,46.25,Moderate,42.29,Moderate,1,1,0,Critical forecast hotspot,42.67,Moderate,277,Usable,"Advanced intelligence layer combines real AQI, forecasted AQI, pollutant signals, meteorological dispersion, source attribution, and intervention scoring."
telangana__hyderabad__zoo_park_hyderabad_tspcb,"Zoo Park, Hyderabad - TSPCB",Hyderabad,Telangana,17.349694,78.451437,2026-07-16 05:00:00,37.0,38.0,9.0,7.0,33.0,4.0,2.0,394.14,Very Poor,CO,True,Valid AQI,30.8,53,0.0,16.1,75,55.45,Moderate trapping,Dense urban proxy,Proxy from station/city naming,60,55,62.6,1.027027027027027,0.9736842105263158,0.2727272727272727,0.4444444444444444,44.52,17.09,35.07,32.38,33.12,Vehicular traffic,44.52,35.07,9.45,34.0,Low confidence,elevated NO2/CO signal; road-density or urban-pressure influence; traffic/commercial land-use proxy,Aligned,"Immediate intervention: Implement traffic flow control, reduce idling zones, strengthen public transport diversion, and prioritize roadside monitoring.",2026-07-16 10:55:13,2026-07-16 04:00:00,360.635869565916,310.0621398561658,360.635869565916,411.2095992756663,Very Poor,394.14,Very Poor,Very Poor,-33.504130434084004,Decreasing,16.85,Minimal,Proxy derived from ground pollutants and meteorology; not direct satellite imagery,38.99,Low,50.81,Moderate,49.61,Moderate,41.29,Moderate,1,1,0,Critical forecast hotspot,42.6,Moderate,278,Usable,"Advanced intelligence layer combines real AQI, forecasted AQI, pollutant signals, meteorological dispersion, source attribution, and intervention scoring."
andhra_pradesh__vijayawada__kanuru_vijayawada_appcb,"Kanuru, Vijayawada - APPCB",Vijayawada,Andhra Pradesh,16.486692,80.699436,2026-07-16 05:00:00,61.0,60.0,26.0,14.0,20.0,20.0,4.0,317.99,Very Poor,CO,True,Valid AQI,32.0,55,0.0,16.6,100,57.78,Moderate trapping,General urban / semi-urban proxy,Proxy from station/city naming,15,20,35.75,0.9836065573770492,1.0166666666666666,1.3,0.7692307692307693,10.3,12.62,22.87,33.19,29.64,Biomass / fine-particle combustion,33.19,29.64,3.55,24.3,Low confidence,PM2.5-heavy fine-particle pattern; CO and stagnant-weather influence,Partially aligned,"Immediate intervention: Track open burning, control biomass combustion sources, increase public alerts, and strengthen fine-particle monitoring.",2026-07-16 10:55:13,2026-07-16 04:00:00,317.432798757516,266.85906904776573,317.432798757516,368.0065284672662,Very Poor,317.99,Very Poor,Very Poor,-0.5572012424839841,Stable,27.86,Low,Proxy derived from ground pollutants and meteorology; not direct satellite imagery,43.51,Moderate,45.91,Moderate,46.18,Moderate,41.9,Moderate,1,1,0,Critical forecast hotspot,42.53,Moderate,279,Usable,"Advanced intelligence layer combines real AQI, forecasted AQI, pollutant signals, meteorological dispersion, source attribution, and intervention scoring."
west_bengal__kolkata__rabindra_sarobar_kolkata_wbpcb,"Rabindra Sarobar, Kolkata - WBPCB",Kolkata,West Bengal,22.51106,88.35142,2026-07-16 05:00:00,19.0,24.0,18.0,7.0,15.0,25.0,7.0,271.3,Poor,CO,True,Valid AQI,30.1,79,0.0,11.1,92,75.76,High trapping,Dense urban proxy,Proxy from station/city naming,60,55,59.64,1.263157894736842,0.7916666666666666,1.2,1.3888888888888888,43.32,15.99,31.61,31.87,35.49,Vehicular traffic,43.32,35.49,7.83,32.67,Low confidence,elevated NO2/CO signal; road-density or urban-pressure influence; traffic/commercial land-use proxy,Aligned,"High-priority intervention: Implement traffic flow control, reduce idling zones, strengthen public transport diversion, and prioritize roadside monitoring.",2026-07-16 10:55:13,2026-07-16 04:00:00,281.9458983304272,231.37216862067697,281.9458983304272,332.51962804017745,Poor,271.3,Poor,Poor,10.645898330427201,Stable,16.4,Minimal,Proxy derived from ground pollutants and meteorology; not direct satellite imagery,69.87,High,40.05,Moderate,43.44,Moderate,42.3,Moderate,1,1,0,High forecast hotspot,42.3,Moderate,280,Usable,"Advanced intelligence layer combines real AQI, forecasted AQI, pollutant signals, meteorological dispersion, source attribution, and intervention scoring."
chhattisgarh__chhal__nawapara_secl_colony_chhal_cecb,"Nawapara SECL Colony, Chhal - CECB",Chhal,Chhattisgarh,22.118125,83.140608,2026-07-16 05:00:00,46.0,37.0,7.0,9.0,11.0,46.0,,213.91,Poor,CO,True,Valid AQI,28.7,82,0.0,9.8,97,79.71,High trapping,General urban / semi-urban proxy,Proxy from station/city naming,15,20,35.21,0.8043478260869565,1.2432432432432432,0.6363636363636364,6.571428571428571,3.72,6.14,17.07,38.52,26.84,Biomass / fine-particle combustion,38.52,26.84,11.68,30.47,Low confidence,PM2.5-heavy fine-particle pattern; CO and stagnant-weather influence; high weather trapping,Partially aligned,"High-priority intervention: Track open burning, control biomass combustion sources, increase public alerts, and strengthen fine-particle monitoring.",2026-07-16 10:55:13,2026-07-16 04:00:00,239.6882453880871,189.1145156783369,239.6882453880871,290.2619750978373,Poor,213.91,Poor,Poor,25.7782453880871,Increasing,22.33,Low,Proxy derived from ground pollutants and meteorology; not direct satellite imagery,76.26,High,36.28,Low,40.64,Moderate,42.79,Moderate,1,1,1,High forecast hotspot,42.25,Moderate,281,Usable,"Advanced intelligence layer combines real AQI, forecasted AQI, pollutant signals, meteorological dispersion, source attribution, and intervention scoring."
maharashtra__thane__kasarvadavali_thane_mpcb,"Kasarvadavali, Thane - MPCB",Thane,Maharashtra,19.26777,72.97182,2026-07-16 05:00:00,23.0,57.0,10.0,3.0,15.0,68.0,0.0,271.3,Poor,CO,True,Valid AQI,28.9,77,0.0,11.2,66,72.24,High trapping,General urban / semi-urban proxy,Proxy from station/city naming,15,20,37.43,2.4782608695652173,0.4035087719298245,0.6666666666666666,6.8,5.26,4.9,22.09,28.58,32.14,Photochemical smog,32.14,28.58,3.56,23.57,Low confidence,O3 and temperature-related signal; urban photochemical formation likelihood,Partially aligned,"High-priority intervention: Control NOx and VOC sources, reduce peak-hour emissions, and issue ozone/smog exposure advisories.",2026-07-16 10:55:13,2026-07-16 04:00:00,289.6547462259936,239.08101651624335,289.6547462259936,340.22847593574386,Poor,271.3,Poor,Poor,18.35474622599361,Stable,21.59,Low,Proxy derived from ground pollutants and meteorology; not direct satellite imagery,63.32,High,39.12,Low,44.64,Moderate,42.11,Moderate,1,1,0,High forecast hotspot,42.21,Moderate,282,Usable,"Advanced intelligence layer combines real AQI, forecasted AQI, pollutant signals, meteorological dispersion, source attribution, and intervention scoring."
madhya_pradesh__singrauli__suryakiran_bhawan_ncl_singrauli_mppcb,"Suryakiran Bhawan NCL, Singrauli - MPPCB",Singrauli,Madhya Pradesh,24.10897,82.64558,2026-07-16 05:00:00,,98.0,59.0,35.0,,10.0,,98.0,Satisfactory,PM10,True,Valid AQI,32.7,62,0.0,10.7,86,69.63,High trapping,General urban / semi-urban proxy,Proxy from station/city naming,15,20,20.21,,,,0.1694915254237288,0.0,0.0,0.0,0.0,34.01,Photochemical smog,34.01,0.0,34.01,34.01,Low confidence,O3 and temperature-related signal; urban photochemical formation likelihood,Partially aligned,"Immediate intervention: Control NOx and VOC sources, reduce peak-hour emissions, and issue ozone/smog exposure advisories.",2026-07-16 10:55:13,2026-07-16 04:00:00,337.39025528769866,286.8165255779484,337.39025528769866,387.9639849974489,Very Poor,98.0,Satisfactory,Very Poor,239.39025528769866,Increasing,27.46,Low,Proxy derived from ground pollutants and meteorology; not direct satellite imagery,61.92,High,28.43,Low,51.62,Moderate,41.89,Moderate,0,1,1,Critical forecast hotspot,42.19,Moderate,283,Usable,"Advanced intelligence layer combines real AQI, forecasted AQI, pollutant signals, meteorological dispersion, source attribution, and intervention scoring."
telangana__hyderabad__new_malakpet_hyderabad_tspcb,"New Malakpet, Hyderabad - TSPCB",Hyderabad,Telangana,17.37206,78.50864,2026-07-16 05:00:00,40.0,57.0,16.0,11.0,24.0,15.0,3.0,341.42,Very Poor,CO,True,Valid AQI,31.5,50,0.0,14.3,74,57.5,Moderate trapping,Dense urban proxy,Proxy from station/city naming,60,55,58.55,1.425,0.7017543859649122,0.6666666666666666,0.9375,44.56,18.52,36.84,29.9,36.5,Vehicular traffic,44.56,36.84,7.72,33.51,Low confidence,elevated NO2/CO signal; road-density or urban-pressure influence; traffic/commercial land-use proxy,Aligned,"Immediate intervention: Implement traffic flow control, reduce idling zones, strengthen public transport diversion, and prioritize roadside monitoring.",2026-07-16 10:55:13,2026-07-16 04:00:00,344.24757907407405,293.6738493643238,344.24757907407405,394.8213087838243,Very Poor,341.42,Very Poor,Very Poor,2.8275790740740376,Stable,20.51,Low,Proxy derived from ground pollutants and meteorology; not direct satellite imagery,42.88,Moderate,47.45,Moderate,47.66,Moderate,41.21,Moderate,1,1,0,Critical forecast hotspot,42.17,Moderate,284,Usable,"Advanced intelligence layer combines real AQI, forecasted AQI, pollutant signals, meteorological dispersion, source attribution, and intervention scoring."
chhattisgarh__raipur__krishak_nagar_raipur_cecb,"Krishak Nagar, Raipur - CECB",Raipur,Chhattisgarh,21.237755,81.705301,2026-07-16 05:00:00,22.0,31.0,7.0,4.0,20.0,0.0,2.0,317.99,Very Poor,CO,True,Valid AQI,28.4,76,0.1,11.1,100,69.2,High trapping,General urban / semi-urban proxy,Proxy from station/city naming,15,20,40.51,1.4090909090909092,0.7096774193548387,0.35,0.0,5.47,5.51,15.32,30.92,17.31,Biomass / fine-particle combustion,30.92,17.31,13.61,25.73,Low confidence,PM2.5-heavy fine-particle pattern; CO and stagnant-weather influence; high weather trapping,Partially aligned,"Immediate intervention: Track open burning, control biomass combustion sources, increase public alerts, and strengthen fine-particle monitoring.",2026-07-16 10:55:13,2026-07-16 04:00:00,311.99875496868344,261.4250252589332,311.99875496868344,362.5724846784337,Very Poor,317.99,Very Poor,Very Poor,-5.991245031316566,Stable,14.76,Minimal,Proxy derived from ground pollutants and meteorology; not direct satellite imagery,61.71,High,42.25,Moderate,45.7,Moderate,41.68,Moderate,1,1,0,Critical forecast hotspot,42.11,Moderate,285,Usable,"Advanced intelligence layer combines real AQI, forecasted AQI, pollutant signals, meteorological dispersion, source attribution, and intervention scoring."
west_bengal__howrah__botanical_garden_howrah_wbpcb,"Botanical Garden, Howrah - WBPCB",Howrah,West Bengal,22.554954,88.292568,2026-07-16 05:00:00,36.0,33.0,13.0,5.0,15.0,8.0,2.0,271.3,Poor,CO,True,Valid AQI,30.1,79,0.0,11.1,92,75.76,High trapping,General urban / semi-urban proxy,Proxy from station/city naming,15,20,38.9,0.9166666666666666,1.0909090909090908,0.8666666666666667,0.6153846153846154,6.02,6.19,17.38,35.85,24.27,Biomass / fine-particle combustion,35.85,24.27,11.58,28.57,Low confidence,PM2.5-heavy fine-particle pattern; CO and stagnant-weather influence; high weather trapping,Partially aligned,"High-priority intervention: Track open burning, control biomass combustion sources, increase public alerts, and strengthen fine-particle monitoring.",2026-07-16 10:55:13,2026-07-16 04:00:00,269.4873212442324,218.91359153448215,269.4873212442324,320.06105095398266,Poor,271.3,Poor,Poor,-1.8126787557675925,Stable,18.26,Minimal,Proxy derived from ground pollutants and meteorology; not direct satellite imagery,69.87,High,39.61,Low,42.31,Moderate,42.2,Moderate,1,1,0,High forecast hotspot,42.08,Moderate,286,Usable,"Advanced intelligence layer combines real AQI, forecasted AQI, pollutant signals, meteorological dispersion, source attribution, and intervention scoring."
karnataka__kalaburagi__mahatma_basaveswar_colony_kalaburgi_kspcb,"Mahatma Basaveswar Colony, Kalaburgi - KSPCB",Kalaburagi,Karnataka,17.336318,76.847397,2026-07-16 05:00:00,23.0,31.0,15.0,4.0,31.0,14.0,3.0,382.43,Very Poor,CO,True,Valid AQI,29.9,55,0.0,16.8,82,55.62,Moderate trapping,General urban / semi-urban proxy,Proxy from station/city naming,15,20,40.85,1.3478260869565215,0.7419354838709677,0.4838709677419355,0.9333333333333332,9.64,8.47,20.32,28.71,25.61,Biomass / fine-particle combustion,28.71,25.61,3.1,21.03,Low confidence,PM2.5-heavy fine-particle pattern; CO and stagnant-weather influence,Partially aligned,"Immediate intervention: Track open burning, control biomass combustion sources, increase public alerts, and strengthen fine-particle monitoring.",2026-07-16 10:55:13,2026-07-16 04:00:00,383.6742726525224,333.10054294277217,383.6742726525224,434.24800236227264,Very Poor,382.43,Very Poor,Very Poor,1.2442726525223975,Stable,15.71,Minimal,Proxy derived from ground pollutants and meteorology; not direct satellite imagery,39.22,Low,48.0,Moderate,50.97,Moderate,40.68,Moderate,1,1,0,Critical forecast hotspot,42.07,Moderate,287,Usable,"Advanced intelligence layer combines real AQI, forecasted AQI, pollutant signals, meteorological dispersion, source attribution, and intervention scoring."
uttar_pradesh__prayagraj__jhunsi_prayagraj_uppcb,"Jhunsi, Prayagraj - UPPCB",Prayagraj,Uttar Pradesh,25.425602,81.917152,2026-07-16 05:00:00,44.0,64.0,6.0,21.0,13.0,34.0,6.0,242.61,Poor,CO,True,Valid AQI,33.9,59,0.1,6.9,98,70.35,High trapping,General urban / semi-urban proxy,Proxy from station/city naming,15,20,33.97,1.4545454545454546,0.6875,0.4615384615384615,5.666666666666667,3.86,10.93,17.04,32.98,29.09,Biomass / fine-particle combustion,32.98,29.09,3.89,24.25,Low confidence,PM2.5-heavy fine-particle pattern; CO and stagnant-weather influence; high weather trapping,Partially aligned,"High-priority intervention: Track open burning, control biomass combustion sources, increase public alerts, and strengthen fine-particle monitoring.",2026-07-16 10:55:13,2026-07-16 04:00:00,266.6140404108988,216.0403107011485,266.6140404108988,317.187770120649,Poor,242.61,Poor,Poor,24.004040410898767,Stable,22.55,Low,Proxy derived from ground pollutants and meteorology; not direct satellite imagery,66.17,High,38.16,Low,42.35,Moderate,41.9,Moderate,1,1,0,High forecast hotspot,41.76,Moderate,288,Usable,"Advanced intelligence layer combines real AQI, forecasted AQI, pollutant signals, meteorological dispersion, source attribution, and intervention scoring."
rajasthan__kota__shrinath_puram_kota_rspcb,"Shrinath Puram, Kota - RSPCB",Kota,Rajasthan,25.14389,75.821256,2026-07-16 05:00:00,68.0,72.0,18.0,8.0,24.0,10.0,5.0,341.42,Very Poor,CO,True,Valid AQI,33.6,48,0.0,12.4,12,54.01,Moderate trapping,General urban / semi-urban proxy,Proxy from station/city naming,15,20,36.36,1.0588235294117647,0.9444444444444444,0.75,0.5555555555555556,9.04,9.51,22.37,34.19,33.64,Biomass / fine-particle combustion,34.19,33.64,0.55,24.1,Low confidence,PM2.5-heavy fine-particle pattern; CO and stagnant-weather influence,Partially aligned,"Immediate intervention: Track open burning, control biomass combustion sources, increase public alerts, and strengthen fine-particle monitoring.",2026-07-16 10:55:13,2026-07-16 04:00:00,349.8281964661824,299.2544667564321,349.8281964661824,400.4019261759326,Very Poor,341.42,Very Poor,Very Poor,8.408196466182403,Stable,23.83,Low,Proxy derived from ground pollutants and meteorology; not direct satellite imagery,35.08,Low,48.2,Moderate,47.8,Moderate,40.58,Moderate,1,1,0,Critical forecast hotspot,41.68,Moderate,289,Usable,"Advanced intelligence layer combines real AQI, forecasted AQI, pollutant signals, meteorological dispersion, source attribution, and intervention scoring."
maharashtra__aurangabad__midc_chilkalthana_aurangabad_mpcb,"MIDC Chilkalthana, Aurangabad - MPCB",Aurangabad,Maharashtra,19.87562,75.38731,2026-07-16 05:00:00,60.0,88.0,7.0,7.0,26.0,18.0,2.0,353.14,Very Poor,CO,True,Valid AQI,27.8,64,0.0,14.6,26,57.31,Moderate trapping,Industrial / mixed urban proxy,Proxy from station/city naming,35,30,47.35,1.4666666666666666,0.6818181818181818,0.2692307692307692,2.571428571428572,14.59,31.19,31.15,22.15,28.92,Industrial combustion,31.19,31.15,0.04,21.84,Low confidence,SO2 and combustion-related pollutant influence; industrial land-use proxy,Aligned,"Immediate intervention: Increase industrial emission inspection, check stack compliance, enforce fuel-quality standards, and monitor nearby industrial clusters.",2026-07-16 10:55:13,2026-07-16 04:00:00,310.2655720090633,259.69184229931307,310.2655720090633,360.8393017188136,Very Poor,353.14,Very Poor,Very Poor,-42.87442799093668,Decreasing,25.53,Low,Proxy derived from ground pollutants and meteorology; not direct satellite imagery,38.7,Low,47.68,Moderate,45.52,Moderate,40.81,Moderate,1,1,0,Critical forecast hotspot,41.62,Moderate,290,Usable,"Advanced intelligence layer combines real AQI, forecasted AQI, pollutant signals, meteorological dispersion, source attribution, and intervention scoring."
telangana__hyderabad__kokapet_hyderabad_tspcb,"Kokapet, Hyderabad - TSPCB",Hyderabad,Telangana,17.393559,78.339194,2026-07-16 05:00:00,47.0,60.0,13.0,9.0,23.0,17.0,3.0,335.56,Very Poor,CO,True,Valid AQI,30.4,55,0.0,17.3,95,56.01,Moderate trapping,Dense urban proxy,Proxy from station/city naming,60,55,57.38,1.2765957446808511,0.7833333333333333,0.5652173913043478,1.3076923076923077,43.6,17.09,38.32,29.99,33.95,Vehicular traffic,43.6,38.32,5.28,32.1,Low confidence,elevated NO2/CO signal; road-density or urban-pressure influence; traffic/commercial land-use proxy,Aligned,"Immediate intervention: Implement traffic flow control, reduce idling zones, strengthen public transport diversion, and prioritize roadside monitoring.",2026-07-16 10:55:13,2026-07-16 04:00:00,330.7398800721471,280.1661503623969,330.7398800721471,381.31360978189736,Very Poor,335.56,Very Poor,Very Poor,-4.820119927852886,Stable,23.08,Low,Proxy derived from ground pollutants and meteorology; not direct satellite imagery,40.35,Moderate,47.0,Moderate,46.24,Moderate,40.66,Moderate,1,1,0,Critical forecast hotspot,41.53,Moderate,291,Usable,"Advanced intelligence layer combines real AQI, forecasted AQI, pollutant signals, meteorological dispersion, source attribution, and intervention scoring."
rajasthan__ajmer__civil_lines_ajmer_rspcb,"Civil Lines,  Ajmer - RSPCB",Ajmer,Rajasthan,26.470859,74.646594,2026-07-16 05:00:00,88.0,109.0,39.0,4.0,17.0,15.0,5.0,300.0,Poor,CO,True,Valid AQI,30.9,57,0.0,16.1,5,49.92,Moderate trapping,General urban / semi-urban proxy,Proxy from station/city naming,15,20,30.79,1.2386363636363635,0.8073394495412844,2.294117647058824,0.3846153846153846,13.02,10.5,28.28,32.09,33.93,Photochemical smog,33.93,32.09,1.84,24.3,Low confidence,O3 and temperature-related signal; urban photochemical formation likelihood,Partially aligned,"Immediate intervention: Control NOx and VOC sources, reduce peak-hour emissions, and issue ozone/smog exposure advisories.",2026-07-16 10:55:13,2026-07-16 04:00:00,331.00783768194003,280.4341079721898,331.00783768194003,381.5815673916903,Very Poor,300.0,Poor,Very Poor,31.007837681940032,Increasing,35.61,Low,Proxy derived from ground pollutants and meteorology; not direct satellite imagery,26.56,Low,46.83,Moderate,46.86,Moderate,40.54,Moderate,1,1,1,Critical forecast hotspot,41.49,Moderate,292,Usable,"Advanced intelligence layer combines real AQI, forecasted AQI, pollutant signals, meteorological dispersion, source attribution, and intervention scoring."
uttar_pradesh__agra__sanjay_palace_agra_uppcb,"Sanjay Palace, Agra - UPPCB",Agra,Uttar Pradesh,27.19865833,78.00598056,2026-07-16 05:00:00,58.0,89.0,4.0,2.0,24.0,2.0,,341.42,Very Poor,CO,True,Valid AQI,35.0,49,0.0,10.9,5,56.39,Moderate trapping,Dense urban proxy,Proxy from station/city naming,60,55,58.09,1.5344827586206895,0.651685393258427,0.1666666666666666,0.5,41.51,12.99,38.9,31.94,41.05,Vehicular traffic,41.51,41.05,0.46,29.19,Low confidence,elevated NO2/CO signal; road-density or urban-pressure influence; traffic/commercial land-use proxy,Aligned,"Immediate intervention: Implement traffic flow control, reduce idling zones, strengthen public transport diversion, and prioritize roadside monitoring.",2026-07-16 10:55:13,2026-07-16 04:00:00,341.55352681772257,290.9797971079724,341.55352681772257,392.1272565274728,Very Poor,341.42,Very Poor,Very Poor,0.13352681772255437,Stable,20.99,Low,Proxy derived from ground pollutants and meteorology; not direct satellite imagery,38.69,Low,48.53,Moderate,46.58,Moderate,40.47,Moderate,1,1,0,Critical forecast hotspot,41.48,Moderate,293,Usable,"Advanced intelligence layer combines real AQI, forecasted AQI, pollutant signals, meteorological dispersion, source attribution, and intervention scoring."
madhya_pradesh__ujjain__mahashweta_nagar_ujjain_mppcb,"Mahashweta Nagar, Ujjain - MPPCB",Ujjain,Madhya Pradesh,23.1633321,75.800225,2026-07-16 05:00:00,42.0,67.0,12.0,8.0,25.0,,6.0,347.28,Very Poor,CO,True,Valid AQI,29.2,65,0.0,13.1,19,59.69,Moderate trapping,General urban / semi-urban proxy,Proxy from station/city naming,15,20,39.27,1.5952380952380951,0.6268656716417911,0.48,,7.71,8.64,22.86,30.58,0.0,Biomass / fine-particle combustion,30.58,22.86,7.72,23.72,Low confidence,PM2.5-heavy fine-particle pattern; CO and stagnant-weather influence,Partially aligned,"Immediate intervention: Track open burning, control biomass combustion sources, increase public alerts, and strengthen fine-particle monitoring.",2026-07-16 10:55:13,2026-07-16 04:00:00,348.0337324918904,297.4600027821402,348.0337324918904,398.6074622016407,Very Poor,347.28,Very Poor,Very Poor,0.753732491890446,Stable,19.07,Minimal,Proxy derived from ground pollutants and meteorology; not direct satellite imagery,42.31,Moderate,46.32,Moderate,47.66,Moderate,40.47,Moderate,1,1,0,Critical forecast hotspot,41.48,Moderate,293,Usable,"Advanced intelligence layer combines real AQI, forecasted AQI, pollutant signals, meteorological dispersion, source attribution, and intervention scoring."
madhya_pradesh__satna__bandhavgar_colony_satna_birla_cement,"Bandhavgar Colony, Satna - Birla Cement",Satna,Madhya Pradesh,24.58434363,80.8549414,2026-07-16 05:00:00,50.0,70.0,,18.0,18.0,,,306.27,Very Poor,CO,True,Valid AQI,33.1,51,0.0,12.9,93,62.3,High trapping,General urban / semi-urban proxy,Proxy from station/city naming,15,20,36.54,1.4,0.7142857142857143,,,0.0,0.0,22.83,31.4,0.0,Biomass / fine-particle combustion,31.4,22.83,8.57,24.55,Low confidence,PM2.5-heavy fine-particle pattern; CO and stagnant-weather influence; high weather trapping,Partially aligned,"Immediate intervention: Track open burning, control biomass combustion sources, increase public alerts, and strengthen fine-particle monitoring.",2026-07-16 10:55:13,2026-07-16 04:00:00,311.40336066151343,260.8296309517632,311.40336066151343,361.97709037126367,Very Poor,306.27,Very Poor,Very Poor,5.13336066151345,Stable,20.57,Low,Proxy derived from ground pollutants and meteorology; not direct satellite imagery,51.5,Moderate,43.5,Moderate,44.93,Moderate,40.94,Moderate,1,1,0,Critical forecast hotspot,41.47,Moderate,294,Usable,"Advanced intelligence layer combines real AQI, forecasted AQI, pollutant signals, meteorological dispersion, source attribution, and intervention scoring."
maharashtra__pimpri_chinchwad__thergaon_pimpri_chinchwad_mpcb,"Thergaon, Pimpri Chinchwad - MPCB",Pimpri-Chinchwad,Maharashtra,18.616318,73.765797,2026-07-16 05:00:00,52.0,74.0,7.0,1.0,20.0,10.0,5.0,317.99,Very Poor,CO,True,Valid AQI,27.2,68,0.0,14.3,41,60.82,High trapping,General urban / semi-urban proxy,Proxy from station/city naming,15,20,37.02,1.4230769230769231,0.7027027027027027,0.35,1.4285714285714286,5.47,4.34,23.93,31.23,22.64,Biomass / fine-particle combustion,31.23,23.93,7.3,24.05,Low confidence,PM2.5-heavy fine-particle pattern; CO and stagnant-weather influence; high weather trapping,Partially aligned,"Immediate intervention: Track open burning, control biomass combustion sources, increase public alerts, and strengthen fine-particle monitoring.",2026-07-16 10:55:13,2026-07-16 04:00:00,327.54587898125385,276.9721492715036,327.54587898125385,378.1196086910041,Very Poor,317.99,Very Poor,Very Poor,9.55587898125384,Stable,22.26,Low,Proxy derived from ground pollutants and meteorology; not direct satellite imagery,44.55,Moderate,44.83,Moderate,46.22,Moderate,40.68,Moderate,1,1,0,Critical forecast hotspot,41.44,Moderate,295,Usable,"Advanced intelligence layer combines real AQI, forecasted AQI, pollutant signals, meteorological dispersion, source attribution, and intervention scoring."
maharashtra__mumbai__kherwadi_bandra_east_mumbai_mpcb,"Kherwadi_Bandra East, Mumbai - MPCB",Mumbai,Maharashtra,19.0632143,72.8456324,2026-07-16 05:00:00,26.0,45.0,9.0,5.0,19.0,15.0,4.0,312.13,Very Poor,CO,True,Valid AQI,28.2,76,0.0,11.3,40,69.09,High trapping,Dense urban proxy,Proxy from station/city naming,60,55,60.66,1.7307692307692308,0.5777777777777777,0.4736842105263157,1.6666666666666667,41.81,14.27,34.59,30.12,33.11,Vehicular traffic,41.81,34.59,7.22,31.43,Low confidence,elevated NO2/CO signal; road-density or urban-pressure influence; traffic/commercial land-use proxy,Aligned,"Immediate intervention: Implement traffic flow control, reduce idling zones, strengthen public transport diversion, and prioritize roadside monitoring.",2026-07-16 10:55:13,2026-07-16 04:00:00,306.5093265949284,255.93559688517811,306.5093265949284,357.0830563046786,Very Poor,312.13,Very Poor,Very Poor,-5.620673405071614,Stable,15.49,Minimal,Proxy derived from ground pollutants and meteorology; not direct satellite imagery,57.23,Moderate,43.13,Moderate,44.24,Moderate,40.75,Moderate,1,1,0,Critical forecast hotspot,41.22,Moderate,296,Usable,"Advanced intelligence layer combines real AQI, forecasted AQI, pollutant signals, meteorological dispersion, source attribution, and intervention scoring."
maharashtra__ulhasnagar__sidhi_vinayak_nagar_ulhasnagar_mpcb,"Sidhi Vinayak Nagar, Ulhasnagar - MPCB",Ulhasnagar,Maharashtra,19.235581,73.159121,2026-07-16 05:00:00,49.0,57.0,,7.0,23.0,13.0,3.0,335.56,Very Poor,CO,True,Valid AQI,30.4,65,0.0,13.1,33,61.09,High trapping,General urban / semi-urban proxy,Proxy from station/city naming,15,20,38.76,1.163265306122449,0.8596491228070176,,,0.0,0.0,21.2,32.98,0.0,Biomass / fine-particle combustion,32.98,21.2,11.78,26.62,Low confidence,PM2.5-heavy fine-particle pattern; CO and stagnant-weather influence; high weather trapping,Partially aligned,"Immediate intervention: Track open burning, control biomass combustion sources, increase public alerts, and strengthen fine-particle monitoring.",2026-07-16 10:55:13,2026-07-16 04:00:00,335.0098827540178,284.43615304426754,335.0098827540178,385.583612463768,Very Poor,335.56,Very Poor,Very Poor,-0.5501172459822214,Stable,18.44,Minimal,Proxy derived from ground pollutants and meteorology; not direct satellite imagery,45.17,Moderate,45.68,Moderate,46.3,Moderate,40.32,Moderate,1,1,0,Critical forecast hotspot,41.18,Moderate,297,Usable,"Advanced intelligence layer combines real AQI, forecasted AQI, pollutant signals, meteorological dispersion, source attribution, and intervention scoring."
uttar_pradesh__agra__shahjahan_garden_agra_uppcb,"Shahjahan Garden, Agra - UPPCB",Agra,Uttar Pradesh,27.169338,78.03582,2026-07-16 05:00:00,70.0,58.0,31.0,90.0,21.0,5.0,1.0,323.85,Very Poor,CO,True,Valid AQI,34.9,51,0.0,11.4,6,56.32,Moderate trapping,Dense urban proxy,Proxy from station/city naming,60,55,56.42,0.8285714285714286,1.206896551724138,1.4761904761904765,0.1612903225806451,47.79,51.35,34.84,36.53,44.73,Industrial combustion,51.35,47.79,3.56,37.01,Low confidence,SO2 and combustion-related pollutant influence,Not strongly aligned,"Immediate intervention: Increase industrial emission inspection, check stack compliance, enforce fuel-quality standards, and monitor nearby industrial clusters.",2026-07-16 10:55:13,2026-07-16 04:00:00,324.4652790485844,273.8915493388342,324.4652790485844,375.03900875833466,Very Poor,323.85,Very Poor,Very Poor,0.615279048584398,Stable,23.93,Low,Proxy derived from ground pollutants and meteorology; not direct satellite imagery,38.31,Low,47.87,Moderate,45.0,Moderate,40.31,Moderate,1,1,0,Critical forecast hotspot,41.16,Moderate,298,Usable,"Advanced intelligence layer combines real AQI, forecasted AQI, pollutant signals, meteorological dispersion, source attribution, and intervention scoring."
uttar_pradesh__varanasi__bhelupur_varanasi_uppcb,"Bhelupur, Varanasi - UPPCB",Varanasi,Uttar Pradesh,25.301778,82.996789,2026-07-16 05:00:00,30.0,74.0,8.0,29.0,12.0,11.0,1.0,228.26,Poor,CO,True,Valid AQI,29.4,84,0.2,5.2,94,75.97,High trapping,General urban / semi-urban proxy,Proxy from station/city naming,15,20,34.98,2.466666666666667,0.4054054054054054,0.6666666666666666,1.375,4.17,14.24,16.2,31.04,18.06,Biomass / fine-particle combustion,31.04,18.06,12.98,25.62,Low confidence,PM2.5-heavy fine-particle pattern; CO and stagnant-weather influence; high weather trapping,Partially aligned,"High-priority intervention: Track open burning, control biomass combustion sources, increase public alerts, and strengthen fine-particle monitoring.",2026-07-16 10:55:13,2026-07-16 04:00:00,237.44631307794103,186.8725833681908,237.44631307794103,288.0200427876913,Poor,228.26,Poor,Poor,9.186313077941037,Stable,22.02,Low,Proxy derived from ground pollutants and meteorology; not direct satellite imagery,73.84,High,35.18,Low,39.72,Low,41.64,Moderate,1,1,0,High forecast hotspot,41.13,Moderate,299,Usable,"Advanced intelligence layer combines real AQI, forecasted AQI, pollutant signals, meteorological dispersion, source attribution, and intervention scoring."
west_bengal__asansol__evelyn_lodge_asansol_wbpcb,"Evelyn Lodge, Asansol - WBPCB",Asansol,West Bengal,23.697936,86.944395,2026-07-16 05:00:00,21.0,31.0,14.0,76.0,20.0,18.0,5.0,317.99,Very Poor,CO,True,Valid AQI,31.7,71,0.0,13.0,68,66.98,High trapping,General urban / semi-urban proxy,Proxy from station/city naming,15,20,39.59,1.4761904761904765,0.6774193548387096,0.7,1.2857142857142858,7.25,34.7,18.77,29.6,29.04,Industrial combustion,34.7,29.6,5.1,25.82,Low confidence,SO2 and combustion-related pollutant influence,Not strongly aligned,"Immediate intervention: Increase industrial emission inspection, check stack compliance, enforce fuel-quality standards, and monitor nearby industrial clusters.",2026-07-16 10:55:13,2026-07-16 04:00:00,323.824879299912,273.25114959016173,323.824879299912,374.3986090096622,Very Poor,317.99,Very Poor,Very Poor,5.834879299912018,Stable,15.03,Minimal,Proxy derived from ground pollutants and meteorology; not direct satellite imagery,55.43,Moderate,41.96,Moderate,45.87,Moderate,40.44,Moderate,1,1,0,Critical forecast hotspot,41.06,Moderate,300,Usable,"Advanced intelligence layer combines real AQI, forecasted AQI, pollutant signals, meteorological dispersion, source attribution, and intervention scoring."
telangana__hyderabad__nacharam_tsiic_iala_hyderabad_tspcb,"Nacharam_TSIIC IALA, Hyderabad - TSPCB",Hyderabad,Telangana,17.429398,78.569354,2026-07-16 05:00:00,41.0,65.0,13.0,12.0,22.0,16.0,6.0,329.7,Very Poor,CO,True,Valid AQI,31.5,50,0.0,14.3,74,57.5,Moderate trapping,Dense urban proxy,Proxy from station/city naming,60,55,57.46,1.5853658536585369,0.6307692307692307,0.5909090909090909,1.2307692307692308,43.41,18.11,37.92,29.1,36.26,Vehicular traffic,43.41,37.92,5.49,32.03,Low confidence,elevated NO2/CO signal; road-density or urban-pressure influence; traffic/commercial land-use proxy,Aligned,"Immediate intervention: Implement traffic flow control, reduce idling zones, strengthen public transport diversion, and prioritize roadside monitoring.",2026-07-16 10:55:13,2026-07-16 04:00:00,326.76126070590595,276.1875309961557,326.76126070590595,377.3349904156562,Very Poor,329.7,Very Poor,Very Poor,-2.9387392940940344,Stable,21.03,Low,Proxy derived from ground pollutants and meteorology; not direct satellite imagery,42.88,Moderate,45.77,Moderate,45.55,Moderate,40.18,Moderate,1,1,0,Critical forecast hotspot,41.0,Moderate,301,Usable,"Advanced intelligence layer combines real AQI, forecasted AQI, pollutant signals, meteorological dispersion, source attribution, and intervention scoring."
uttar_pradesh__agra__rohta_agra_uppcb,"Rohta, Agra - UPPCB",Agra,Uttar Pradesh,27.106972,78.000111,2026-07-16 05:00:00,37.0,137.0,15.0,13.0,22.0,12.0,5.0,329.7,Very Poor,CO,True,Valid AQI,34.7,52,0.0,12.2,4,55.04,Moderate trapping,Dense urban proxy,Proxy from station/city naming,60,55,56.43,3.702702702702703,0.2700729927007299,0.6818181818181818,0.8,43.91,18.84,47.56,25.92,43.53,Construction / road dust,47.56,43.91,3.65,34.39,Low confidence,PM10-heavy particulate pattern; road dust / coarse-particle likelihood,Partially aligned,"Immediate intervention: Apply dust suppression, cover construction material, clean road dust, and enforce construction-site controls.",2026-07-16 10:55:13,2026-07-16 04:00:00,333.3829398907784,282.80921018102816,333.3829398907784,383.95666960052864,Very Poor,329.7,Very Poor,Very Poor,3.682939890778414,Stable,26.2,Low,Proxy derived from ground pollutants and meteorology; not direct satellite imagery,35.92,Low,45.7,Moderate,46.37,Moderate,40.05,Moderate,1,1,0,Critical forecast hotspot,40.96,Moderate,302,Usable,"Advanced intelligence layer combines real AQI, forecasted AQI, pollutant signals, meteorological dispersion, source attribution, and intervention scoring."
maharashtra__pimpri_chinchwad__savta_mali_nagar_pimpri_chinchwad_iitm,"Savta Mali Nagar, Pimpri-Chinchwad - IITM",Pimpri-Chinchwad,Maharashtra,18.614767,73.799516,2026-07-16 05:00:00,21.0,,18.0,,28.0,11.0,,364.85,Very Poor,CO,True,Valid AQI,27.2,68,0.0,14.3,41,60.82,High trapping,General urban / semi-urban proxy,Proxy from station/city naming,15,20,41.38,,,0.6428571428571429,0.6111111111111112,9.82,0.0,0.0,0.0,24.18,Photochemical smog,24.18,9.82,14.36,21.23,Low confidence,O3 and temperature-related signal; urban photochemical formation likelihood,Partially aligned,"Immediate intervention: Control NOx and VOC sources, reduce peak-hour emissions, and issue ozone/smog exposure advisories.",2026-07-16 10:55:13,2026-07-16 04:00:00,362.43077085501255,311.8570411452623,362.43077085501255,413.0045005647628,Very Poor,364.85,Very Poor,Very Poor,-2.4192291449874688,Stable,12.9,Minimal,Proxy derived from ground pollutants and meteorology; not direct satellite imagery,44.55,Moderate,45.65,Moderate,48.47,Moderate,39.73,Low,1,1,0,Critical forecast hotspot,40.9,Moderate,303,Usable,"Advanced intelligence layer combines real AQI, forecasted AQI, pollutant signals, meteorological dispersion, source attribution, and intervention scoring."
maharashtra__badlapur__katrap_badlapur_mpcb,"Katrap, Badlapur - MPCB",Badlapur,Maharashtra,19.16485,73.23409,2026-07-16 05:00:00,43.0,48.0,17.0,3.0,19.0,26.0,7.0,312.13,Very Poor,CO,True,Valid AQI,29.0,74,0.0,13.6,38,63.99,High trapping,General urban / semi-urban proxy,Proxy from station/city naming,15,20,37.79,1.1162790697674418,0.8958333333333334,0.8947368421052632,1.5294117647058822,7.82,6.67,20.4,32.44,28.62,Biomass / fine-particle combustion,32.44,28.62,3.82,23.85,Low confidence,PM2.5-heavy fine-particle pattern; CO and stagnant-weather influence; high weather trapping,Partially aligned,"Immediate intervention: Track open burning, control biomass combustion sources, increase public alerts, and strengthen fine-particle monitoring.",2026-07-16 10:55:13,2026-07-16 04:00:00,313.34535597797367,262.77162626822343,313.34535597797367,363.9190856877239,Very Poor,312.13,Very Poor,Very Poor,1.2153559779736725,Stable,20.67,Low,Proxy derived from ground pollutants and meteorology; not direct satellite imagery,48.87,Moderate,43.11,Moderate,44.69,Moderate,40.25,Moderate,1,1,0,Critical forecast hotspot,40.84,Moderate,304,Usable,"Advanced intelligence layer combines real AQI, forecasted AQI, pollutant signals, meteorological dispersion, source attribution, and intervention scoring."
haryana__mandikhera__general_hospital_mandikhera_nuh_hspcb,"General Hospital, Mandikhera(Nuh) - HSPCB",Mandikhera,Haryana,27.9002,76.9938,2026-07-16 05:00:00,51.0,78.0,15.0,21.0,33.0,48.0,7.0,394.14,Very Poor,CO,True,Valid AQI,35.1,48,0.0,17.4,5,44.26,Moderate trapping,General urban / semi-urban proxy,Proxy from station/city naming,15,20,37.2,1.5294117647058822,0.6538461538461539,0.4545454545454545,3.2,10.03,15.37,25.91,28.45,40.89,Photochemical smog,40.89,28.45,12.44,32.35,Low confidence,O3 and temperature-related signal; urban photochemical formation likelihood,Partially aligned,"Immediate intervention: Control NOx and VOC sources, reduce peak-hour emissions, and issue ozone/smog exposure advisories.",2026-07-16 10:55:13,2026-07-16 04:00:00,394.0220405445043,343.44831083475407,394.0220405445043,444.59577025425455,Very Poor,394.14,Very Poor,Very Poor,-0.11795945549567932,Stable,24.66,Low,Proxy derived from ground pollutants and meteorology; not direct satellite imagery,18.39,Minimal,50.66,Moderate,50.71,Moderate,39.02,Low,1,1,0,Critical forecast hotspot,40.77,Moderate,305,Usable,"Advanced intelligence layer combines real AQI, forecasted AQI, pollutant signals, meteorological dispersion, source attribution, and intervention scoring."
madhya_pradesh__pithampur__sector_2_industrial_area_pithampur_mppcb,"Sector-2 Industrial Area, Pithampur - MPPCB",Pithampur,Madhya Pradesh,22.624758,75.675238,2026-07-16 05:00:00,76.0,67.0,8.0,,,30.0,,152.21,Moderate,PM2.5,True,Valid AQI,28.6,66,0.0,13.3,20,59.79,Moderate trapping,Industrial / mixed urban proxy,Proxy from station/city naming,35,30,29.67,0.881578947368421,1.1343283582089552,,3.75,0.0,0.0,27.51,0.0,32.07,Photochemical smog,32.07,27.51,4.56,23.82,Low confidence,O3 and temperature-related signal; urban photochemical formation likelihood,Partially aligned,"Immediate intervention: Control NOx and VOC sources, reduce peak-hour emissions, and issue ozone/smog exposure advisories.",2026-07-16 10:55:13,2026-07-16 04:00:00,358.5385571611833,307.96482745143305,358.5385571611833,409.11228687093353,Very Poor,152.21,Moderate,Very Poor,206.32855716118328,Increasing,24.1,Low,Proxy derived from ground pollutants and meteorology; not direct satellite imagery,42.37,Moderate,37.11,Low,51.06,Moderate,39.74,Low,0,1,1,Critical forecast hotspot,40.74,Moderate,306,Usable,"Advanced intelligence layer combines real AQI, forecasted AQI, pollutant signals, meteorological dispersion, source attribution, and intervention scoring."
chhattisgarh__raipur__bhatagaon_new_isbt_raipur_cecb,"Bhatagaon New ISBT, Raipur - CECB",Raipur,Chhattisgarh,21.219665,81.630094,2026-07-16 05:00:00,15.0,41.0,2.0,3.0,19.0,5.0,2.0,312.13,Very Poor,CO,True,Valid AQI,28.4,75,0.1,12.0,100,67.21,High trapping,General urban / semi-urban proxy,Proxy from station/city naming,15,20,39.14,2.7333333333333334,0.3658536585365853,0.1052631578947368,2.5,4.0,4.13,18.57,26.79,17.38,Biomass / fine-particle combustion,26.79,18.57,8.22,21.22,Low confidence,PM2.5-heavy fine-particle pattern; CO and stagnant-weather influence; high weather trapping,Partially aligned,"Immediate intervention: Track open burning, control biomass combustion sources, increase public alerts, and strengthen fine-particle monitoring.",2026-07-16 10:55:13,2026-07-16 04:00:00,315.12698637726845,264.5532566675182,315.12698637726845,365.7007160870187,Very Poor,312.13,Very Poor,Very Poor,2.996986377268456,Stable,14.07,Minimal,Proxy derived from ground pollutants and meteorology; not direct satellite imagery,58.5,Moderate,40.69,Moderate,45.03,Moderate,40.23,Moderate,1,1,0,Critical forecast hotspot,40.73,Moderate,307,Usable,"Advanced intelligence layer combines real AQI, forecasted AQI, pollutant signals, meteorological dispersion, source attribution, and intervention scoring."
maharashtra__navi_mumbai__kopripada_vashi_navi_mumbai_mpcb,"Kopripada-Vashi, Navi Mumbai - MPCB",Navi Mumbai,Maharashtra,19.090337,73.014232,2026-07-16 05:00:00,41.0,46.0,11.0,1.0,20.0,22.0,8.0,317.99,Very Poor,CO,True,Valid AQI,29.0,74,0.0,13.3,23,63.04,High trapping,General urban / semi-urban proxy,Proxy from station/city naming,15,20,37.94,1.1219512195121952,0.8913043478260869,0.55,2.0,6.49,5.02,20.05,32.22,28.04,Biomass / fine-particle combustion,32.22,28.04,4.18,23.81,Low confidence,PM2.5-heavy fine-particle pattern; CO and stagnant-weather influence; high weather trapping,Partially aligned,"Immediate intervention: Track open burning, control biomass combustion sources, increase public alerts, and strengthen fine-particle monitoring.",2026-07-16 10:55:13,2026-07-16 04:00:00,331.49627645810034,280.9225467483501,331.49627645810034,382.0700061678506,Very Poor,317.99,Very Poor,Very Poor,13.50627645810033,Stable,18.09,Minimal,Proxy derived from ground pollutants and meteorology; not direct satellite imagery,46.73,Moderate,43.6,Moderate,46.05,Moderate,39.86,Low,1,1,0,Critical forecast hotspot,40.67,Moderate,308,Usable,"Advanced intelligence layer combines real AQI, forecasted AQI, pollutant signals, meteorological dispersion, source attribution, and intervention scoring."
odisha__tensa__barsua_iron_ore_mines_tensa_ospcb,"Barsua Iron Ore Mines, Tensa - OSPCB",Tensa,Odisha,21.869985,85.167016,2026-07-16 05:00:00,27.0,55.0,,31.0,,,,55.0,Satisfactory,PM10,True,Valid AQI,26.0,80,0.0,12.3,100,74.75,High trapping,General urban / semi-urban proxy,Proxy from station/city naming,15,20,18.34,2.037037037037037,0.4909090909090909,,,0.0,0.0,21.79,0.0,0.0,Construction / road dust,21.79,0.0,21.79,21.79,Low confidence,PM10-heavy particulate pattern; road dust / coarse-particle likelihood,Partially aligned,"Immediate intervention: Apply dust suppression, cover construction material, clean road dust, and enforce construction-site controls.",2026-07-16 10:55:13,2026-07-16 04:00:00,364.563665933664,313.98993622391373,364.563665933664,415.1373956434142,Very Poor,55.0,Satisfactory,Very Poor,309.563665933664,Increasing,16.18,Minimal,Proxy derived from ground pollutants and meteorology; not direct satellite imagery,68.31,High,27.35,Low,50.41,Moderate,40.23,Moderate,0,1,1,Critical forecast hotspot,40.6,Moderate,309,Usable,"Advanced intelligence layer combines real AQI, forecasted AQI, pollutant signals, meteorological dispersion, source attribution, and intervention scoring."
telangana__hyderabad__somajiguda_hyderabad_tspcb,"Somajiguda, Hyderabad - TSPCB",Hyderabad,Telangana,17.417094,78.457437,2026-07-16 05:00:00,49.0,56.0,16.0,10.0,17.0,18.0,4.0,300.0,Poor,CO,True,Valid AQI,30.9,52,0.0,15.0,89,58.47,Moderate trapping,Dense urban proxy,Proxy from station/city naming,60,55,55.1,1.1428571428571428,0.875,0.9411764705882352,1.125,43.2,17.11,36.67,30.84,35.41,Vehicular traffic,43.2,36.67,6.53,32.2,Low confidence,elevated NO2/CO signal; road-density or urban-pressure influence; traffic/commercial land-use proxy,Aligned,"Immediate intervention: Implement traffic flow control, reduce idling zones, strengthen public transport diversion, and prioritize roadside monitoring.",2026-07-16 10:55:13,2026-07-16 04:00:00,313.2202698196355,262.6465401098853,313.2202698196355,363.79399952938576,Very Poor,300.0,Poor,Very Poor,13.220269819635519,Stable,22.29,Low,Proxy derived from ground pollutants and meteorology; not direct satellite imagery,44.74,Moderate,44.04,Moderate,44.33,Moderate,39.92,Low,1,1,0,Critical forecast hotspot,40.57,Moderate,310,Usable,"Advanced intelligence layer combines real AQI, forecasted AQI, pollutant signals, meteorological dispersion, source attribution, and intervention scoring."
uttar_pradesh__agra__sector_3b_avas_vikas_colony_agra_uppcb,"Sector-3B Avas Vikas Colony, Agra - UPPCB",Agra,Uttar Pradesh,27.19412,77.96237,2026-07-16 05:00:00,63.0,88.0,35.0,21.0,17.0,14.0,10.0,300.0,Poor,CO,True,Valid AQI,35.0,49,0.0,10.9,5,56.39,Moderate trapping,Industrial / mixed urban proxy,Proxy from station/city naming,70,65,59.12,1.3968253968253967,0.7159090909090909,2.0588235294117645,0.4,38.26,46.43,42.31,21.57,48.5,Photochemical smog,48.5,46.43,2.07,34.57,Low confidence,O3 and temperature-related signal; urban photochemical formation likelihood,Partially aligned,"Immediate intervention: Control NOx and VOC sources, reduce peak-hour emissions, and issue ozone/smog exposure advisories.",2026-07-16 10:55:13,2026-07-16 04:00:00,306.3498079881847,255.77607827843445,306.3498079881847,356.92353769793493,Very Poor,300.0,Poor,Very Poor,6.349807988184693,Stable,27.26,Low,Proxy derived from ground pollutants and meteorology; not direct satellite imagery,38.69,Low,45.44,Moderate,43.54,Moderate,39.88,Low,1,1,0,Critical forecast hotspot,40.53,Moderate,311,Usable,"Advanced intelligence layer combines real AQI, forecasted AQI, pollutant signals, meteorological dispersion, source attribution, and intervention scoring."
uttarakhand__dehradun__doon_university_dehradun_ukpcb,"Doon University, Dehradun - UKPCB",Dehradun,Uttarakhand,30.269444,78.044167,2026-07-16 05:00:00,78.0,75.0,2.0,1.0,10.0,6.0,,200.0,Moderate,CO,True,Valid AQI,30.8,66,0.0,1.9,9,79.33,High trapping,General urban / semi-urban proxy,Proxy from station/city naming,15,20,33.75,0.9615384615384616,1.04,0.2,3.0,2.26,2.04,17.81,41.94,27.63,Biomass / fine-particle combustion,41.94,27.63,14.31,33.65,Low confidence,PM2.5-heavy fine-particle pattern; CO and stagnant-weather influence; high weather trapping,Partially aligned,"High-priority intervention: Track open burning, control biomass combustion sources, increase public alerts, and strengthen fine-particle monitoring.",2026-07-16 10:55:13,2026-07-16 04:00:00,212.52031147223155,161.9465817624813,212.52031147223155,263.09404118198177,Poor,200.0,Moderate,Poor,12.520311472231555,Stable,22.74,Low,Proxy derived from ground pollutants and meteorology; not direct satellite imagery,73.89,High,36.51,Low,36.54,Low,41.24,Moderate,0,1,0,High forecast hotspot,40.53,Moderate,311,Usable,"Advanced intelligence layer combines real AQI, forecasted AQI, pollutant signals, meteorological dispersion, source attribution, and intervention scoring."
karnataka__bengaluru__sanegurava_halli_bengaluru_kspcb,"Sanegurava Halli, Bengaluru - KSPCB",Bengaluru,Karnataka,12.990328,77.5431385,2026-07-16 05:00:00,,54.0,18.0,6.0,21.0,,,323.85,Very Poor,CO,True,Valid AQI,27.5,47,0.0,12.5,97,61.96,High trapping,Dense urban proxy,Proxy from station/city naming,60,55,58.78,,,0.8571428571428571,,44.48,16.48,0.0,0.0,0.0,Vehicular traffic,44.48,16.48,28.0,39.54,Low confidence,elevated NO2/CO signal; road-density or urban-pressure influence; traffic/commercial land-use proxy,Aligned,"Immediate intervention: Implement traffic flow control, reduce idling zones, strengthen public transport diversion, and prioritize roadside monitoring.",2026-07-16 10:55:13,2026-07-16 04:00:00,325.78335190528657,275.2096221955363,325.78335190528657,376.3570816150368,Very Poor,323.85,Very Poor,Very Poor,1.9333519052865427,Stable,15.15,Minimal,Proxy derived from ground pollutants and meteorology; not direct satellite imagery,51.67,Moderate,42.64,Moderate,45.41,Moderate,39.78,Low,1,1,0,Critical forecast hotspot,40.49,Moderate,312,Usable,"Advanced intelligence layer combines real AQI, forecasted AQI, pollutant signals, meteorological dispersion, source attribution, and intervention scoring."
west_bengal__howrah__belur_math_howrah_wbpcb,"Belur Math, Howrah - WBPCB",Howrah,West Bengal,22.629801,88.352017,2026-07-16 05:00:00,19.0,36.0,18.0,7.0,14.0,8.0,4.0,256.96,Poor,CO,True,Valid AQI,30.1,78,0.0,11.4,96,75.24,High trapping,General urban / semi-urban proxy,Proxy from station/city naming,15,20,37.35,1.894736842105263,0.5277777777777778,1.2857142857142858,0.4444444444444444,7.1,7.67,19.14,29.57,24.7,Biomass / fine-particle combustion,29.57,24.7,4.87,22.16,Low confidence,PM2.5-heavy fine-particle pattern; CO and stagnant-weather influence; high weather trapping,Partially aligned,"High-priority intervention: Track open burning, control biomass combustion sources, increase public alerts, and strengthen fine-particle monitoring.",2026-07-16 10:55:13,2026-07-16 04:00:00,266.611604962117,216.03787525236675,266.611604962117,317.1853346718672,Poor,256.96,Poor,Poor,9.651604962117005,Stable,16.66,Minimal,Proxy derived from ground pollutants and meteorology; not direct satellite imagery,69.3,High,36.34,Low,41.31,Moderate,40.49,Moderate,1,1,0,High forecast hotspot,40.36,Moderate,313,Usable,"Advanced intelligence layer combines real AQI, forecasted AQI, pollutant signals, meteorological dispersion, source attribution, and intervention scoring."
andhra_pradesh__guntur__rajendra_nagar_north_guntur_appcb,"Rajendra Nagar North, Guntur - APPCB",Guntur,Andhra Pradesh,16.316553,80.413302,2026-07-16 05:00:00,52.0,52.0,42.0,14.0,15.0,25.0,9.0,271.3,Poor,CO,True,Valid AQI,31.9,54,0.0,16.5,100,57.59,Moderate trapping,General urban / semi-urban proxy,Proxy from station/city naming,15,20,31.32,1.0,1.0,2.8,0.5952380952380952,13.4,14.6,21.99,31.11,32.25,Photochemical smog,32.25,31.11,1.14,22.92,Low confidence,O3 and temperature-related signal; urban photochemical formation likelihood,Partially aligned,"Immediate intervention: Control NOx and VOC sources, reduce peak-hour emissions, and issue ozone/smog exposure advisories.",2026-07-16 10:55:13,2026-07-16 04:00:00,302.8973136534546,252.3235839437044,302.8973136534546,353.47104336320484,Very Poor,271.3,Poor,Very Poor,31.59731365345459,Increasing,27.87,Low,Proxy derived from ground pollutants and meteorology; not direct satellite imagery,43.34,Moderate,40.67,Moderate,44.23,Moderate,39.71,Low,1,1,1,Critical forecast hotspot,40.21,Moderate,314,Usable,"Advanced intelligence layer combines real AQI, forecasted AQI, pollutant signals, meteorological dispersion, source attribution, and intervention scoring."
maharashtra__mumbai__byculla_mumbai_bmc,"Byculla, Mumbai - BMC",Mumbai,Maharashtra,18.9767,72.838,2026-07-16 05:00:00,22.0,37.0,13.0,7.0,19.0,7.0,2.0,312.13,Very Poor,CO,True,Valid AQI,28.1,76,0.0,13.4,41,65.39,High trapping,Dense urban proxy,Proxy from station/city naming,60,55,59.12,1.681818181818182,0.5945945945945946,0.6842105263157895,0.5384615384615384,42.82,15.73,34.61,28.42,32.31,Vehicular traffic,42.82,34.61,8.21,32.44,Low confidence,elevated NO2/CO signal; road-density or urban-pressure influence; traffic/commercial land-use proxy,Aligned,"Immediate intervention: Implement traffic flow control, reduce idling zones, strengthen public transport diversion, and prioritize roadside monitoring.",2026-07-16 10:55:13,2026-07-16 04:00:00,328.4092961551809,277.8355664454307,328.4092961551809,378.9830258649312,Very Poor,312.13,Very Poor,Very Poor,16.27929615518093,Stable,13.95,Minimal,Proxy derived from ground pollutants and meteorology; not direct satellite imagery,51.03,Moderate,42.76,Moderate,45.35,Moderate,39.43,Low,1,1,0,Critical forecast hotspot,40.19,Moderate,315,Usable,"Advanced intelligence layer combines real AQI, forecasted AQI, pollutant signals, meteorological dispersion, source attribution, and intervention scoring."
maharashtra__pune__savitribai_phule_pune_university_pune_mpcb,"Savitribai Phule Pune University, Pune - MPCB",Pune,Maharashtra,18.547056,73.826908,2026-07-16 05:00:00,21.0,33.0,8.0,4.0,26.0,9.0,1.0,353.14,Very Poor,CO,True,Valid AQI,27.4,67,0.0,13.7,30,60.44,High trapping,Dense urban proxy,Proxy from station/city naming,60,55,60.87,1.5714285714285714,0.6363636363636364,0.3076923076923077,1.125,42.91,14.73,34.17,28.67,31.61,Vehicular traffic,42.91,34.17,8.74,32.66,Low confidence,elevated NO2/CO signal; road-density or urban-pressure influence; traffic/commercial land-use proxy,Aligned,"Immediate intervention: Implement traffic flow control, reduce idling zones, strengthen public transport diversion, and prioritize roadside monitoring.",2026-07-16 10:55:13,2026-07-16 04:00:00,353.55763953207304,302.9839098223228,353.55763953207304,404.1313692418233,Very Poor,353.14,Very Poor,Very Poor,0.4176395320730535,Stable,11.96,Minimal,Proxy derived from ground pollutants and meteorology; not direct satellite imagery,43.66,Moderate,45.67,Moderate,46.72,Moderate,38.84,Low,1,1,0,Critical forecast hotspot,39.97,Low,316,Usable,"Advanced intelligence layer combines real AQI, forecasted AQI, pollutant signals, meteorological dispersion, source attribution, and intervention scoring."
delhi__delhi__dr_karni_singh_shooting_range_delhi_dpcc,"Dr. Karni Singh Shooting Range, Delhi - DPCC",Delhi,Delhi,28.498571,77.26484,2026-07-16 05:00:00,56.0,,24.0,11.0,25.0,15.0,6.0,347.28,Very Poor,CO,True,Valid AQI,35.3,45,0.0,11.5,5,53.83,Moderate trapping,Dense urban proxy,Proxy from station/city naming,60,55,57.57,,,0.96,0.625,46.78,20.02,0.0,0.0,45.81,Vehicular traffic,46.78,45.81,0.97,33.04,Low confidence,elevated NO2/CO signal; road-density or urban-pressure influence; traffic/commercial land-use proxy,Aligned,"Immediate intervention: Implement traffic flow control, reduce idling zones, strengthen public transport diversion, and prioritize roadside monitoring.",2026-07-16 10:55:13,2026-07-16 04:00:00,356.4521557462863,305.87842603653604,356.4521557462863,407.0258854560365,Very Poor,347.28,Very Poor,Very Poor,9.172155746286307,Stable,15.96,Minimal,Proxy derived from ground pollutants and meteorology; not direct satellite imagery,34.99,Low,48.12,Moderate,46.51,Moderate,38.58,Low,1,1,0,Critical forecast hotspot,39.85,Low,317,Usable,"Advanced intelligence layer combines real AQI, forecasted AQI, pollutant signals, meteorological dispersion, source attribution, and intervention scoring."
maharashtra__nanded__sneh_nagar_nanded_mpcb,"Sneh Nagar, Nanded - MPCB",Nanded,Maharashtra,19.173852,77.296291,2026-07-16 05:00:00,26.0,55.0,23.0,6.0,21.0,44.0,4.0,323.85,Very Poor,CO,True,Valid AQI,31.0,56,0.0,16.0,83,57.53,Moderate trapping,General urban / semi-urban proxy,Proxy from station/city naming,15,20,36.19,2.1153846153846154,0.4727272727272727,1.0952380952380951,1.9130434782608696,9.73,9.14,23.57,25.79,32.22,Photochemical smog,32.22,25.79,6.43,24.48,Low confidence,O3 and temperature-related signal; urban photochemical formation likelihood,Partially aligned,"Immediate intervention: Control NOx and VOC sources, reduce peak-hour emissions, and issue ozone/smog exposure advisories.",2026-07-16 10:55:13,2026-07-16 04:00:00,322.8233945087797,272.24966479902946,322.8233945087797,373.39712421852994,Very Poor,323.85,Very Poor,Very Poor,-1.026605491220323,Stable,21.95,Low,Proxy derived from ground pollutants and meteorology; not direct satellite imagery,42.33,Moderate,42.04,Moderate,45.07,Moderate,38.99,Low,1,1,0,Critical forecast hotspot,39.75,Low,318,Usable,"Advanced intelligence layer combines real AQI, forecasted AQI, pollutant signals, meteorological dispersion, source attribution, and intervention scoring."
rajasthan__karauli__satyawati_vihar_karauli_rspcb,"Satyawati Vihar, Karauli - RSPCB",Karauli,Rajasthan,26.506177,77.025989,2026-07-16 05:00:00,82.0,83.0,47.0,8.0,18.0,16.0,9.0,306.27,Very Poor,CO,True,Valid AQI,33.4,52,0.0,17.1,17,47.47,Moderate trapping,General urban / semi-urban proxy,Proxy from station/city naming,15,20,30.35,1.0121951219512195,0.9879518072289156,2.611111111111111,0.3404255319148936,15.25,13.55,25.62,32.12,37.67,Photochemical smog,37.67,32.12,5.55,28.03,Low confidence,O3 and temperature-related signal; urban photochemical formation likelihood,Partially aligned,"Immediate intervention: Control NOx and VOC sources, reduce peak-hour emissions, and issue ozone/smog exposure advisories.",2026-07-16 10:55:13,2026-07-16 04:00:00,329.7768274144495,279.20309770469925,329.7768274144495,380.3505571241997,Very Poor,306.27,Very Poor,Very Poor,23.506827414449504,Stable,33.04,Low,Proxy derived from ground pollutants and meteorology; not direct satellite imagery,23.62,Low,45.71,Moderate,45.37,Moderate,38.66,Low,1,1,0,Critical forecast hotspot,39.68,Low,319,Usable,"Advanced intelligence layer combines real AQI, forecasted AQI, pollutant signals, meteorological dispersion, source attribution, and intervention scoring."
tripura__agartala__bardowali_agartala_tripura_spcb,"Bardowali, Agartala - Tripura SPCB",Agartala,Tripura,23.8175497,91.2726974,2026-07-16 05:00:00,51.0,81.0,19.0,9.0,24.0,13.0,0.0,341.42,Very Poor,CO,True,Valid AQI,32.2,68,0.0,17.3,10,52.29,Moderate trapping,General urban / semi-urban proxy,Proxy from station/city naming,15,20,35.64,1.588235294117647,0.6296296296296297,0.7916666666666666,0.6842105263157895,9.3,10.07,26.26,28.56,32.51,Photochemical smog,32.51,28.56,3.95,23.94,Low confidence,O3 and temperature-related signal; urban photochemical formation likelihood,Partially aligned,"Immediate intervention: Control NOx and VOC sources, reduce peak-hour emissions, and issue ozone/smog exposure advisories.",2026-07-16 10:55:13,2026-07-16 04:00:00,346.637438778878,296.0637090691277,346.637438778878,397.2111684886282,Very Poor,341.42,Very Poor,Very Poor,5.217438778877977,Stable,24.18,Low,Proxy derived from ground pollutants and meteorology; not direct satellite imagery,29.06,Low,45.59,Moderate,46.25,Moderate,38.2,Low,1,1,0,Critical forecast hotspot,39.37,Low,320,Usable,"Advanced intelligence layer combines real AQI, forecasted AQI, pollutant signals, meteorological dispersion, source attribution, and intervention scoring."
bihar__muzaffarpur__muzaffarpur_collectorate_muzaffarpur_bspcb,"Muzaffarpur Collectorate, Muzaffarpur - BSPCB",Muzaffarpur,Bihar,26.1209,85.3647,2026-07-16 05:00:00,44.0,,20.0,4.0,13.0,7.0,,242.61,Poor,CO,True,Valid AQI,30.8,76,0.0,11.5,98,74.53,High trapping,General urban / semi-urban proxy,Proxy from station/city naming,15,20,35.72,,,1.5384615384615383,0.35,7.41,6.69,0.0,0.0,25.61,Photochemical smog,25.61,7.41,18.2,23.39,Low confidence,O3 and temperature-related signal; urban photochemical formation likelihood,Partially aligned,"High-priority intervention: Control NOx and VOC sources, reduce peak-hour emissions, and issue ozone/smog exposure advisories.",2026-07-16 10:55:13,2026-07-16 04:00:00,236.7562589112743,186.1825292015241,236.7562589112743,287.32998862102454,Poor,242.61,Poor,Poor,-5.853741088725712,Stable,18.76,Minimal,Proxy derived from ground pollutants and meteorology; not direct satellite imagery,68.47,High,36.21,Low,37.89,Low,39.68,Low,1,1,0,High forecast hotspot,39.33,Low,321,Usable,"Advanced intelligence layer combines real AQI, forecasted AQI, pollutant signals, meteorological dispersion, source attribution, and intervention scoring."
uttar_pradesh__firozabad__nagla_bhau_firozabad_uppcb,"Nagla Bhau, Firozabad - UPPCB",Firozabad,Uttar Pradesh,27.168897,78.37696,2026-07-16 05:00:00,51.0,73.0,17.0,36.0,21.0,9.0,2.0,323.85,Very Poor,CO,True,Valid AQI,34.8,51,0.0,11.5,11,56.64,Moderate trapping,General urban / semi-urban proxy,Proxy from station/city naming,15,20,35.82,1.431372549019608,0.6986301369863014,0.8095238095238095,0.5294117647058824,8.21,19.79,22.57,30.88,34.95,Photochemical smog,34.95,30.88,4.07,25.69,Low confidence,O3 and temperature-related signal; urban photochemical formation likelihood,Partially aligned,"Immediate intervention: Control NOx and VOC sources, reduce peak-hour emissions, and issue ozone/smog exposure advisories.",2026-07-16 10:55:13,2026-07-16 04:00:00,323.70098141737867,273.12725170762843,323.70098141737867,374.2747111271289,Very Poor,323.85,Very Poor,Very Poor,-0.14901858262135192,Stable,20.73,Low,Proxy derived from ground pollutants and meteorology; not direct satellite imagery,39.02,Low,43.8,Moderate,44.15,Moderate,38.34,Low,1,1,0,Critical forecast hotspot,39.19,Low,322,Usable,"Advanced intelligence layer combines real AQI, forecasted AQI, pollutant signals, meteorological dispersion, source attribution, and intervention scoring."
telangana__hyderabad__ramachandrapuram_hyderabad_tspcb,"Ramachandrapuram, Hyderabad - TSPCB",Hyderabad,Telangana,17.528544,78.286195,2026-07-16 05:00:00,44.0,76.0,12.0,16.0,18.0,29.0,3.0,306.27,Very Poor,CO,True,Valid AQI,29.3,61,0.0,18.9,94,55.22,Moderate trapping,Dense urban proxy,Proxy from station/city naming,60,55,54.33,1.7272727272727273,0.5789473684210527,0.6666666666666666,2.4166666666666665,42.37,18.91,41.38,26.66,34.17,Vehicular traffic,42.37,41.38,0.99,29.96,Low confidence,elevated NO2/CO signal; road-density or urban-pressure influence; traffic/commercial land-use proxy,Aligned,"Immediate intervention: Implement traffic flow control, reduce idling zones, strengthen public transport diversion, and prioritize roadside monitoring.",2026-07-16 10:55:13,2026-07-16 04:00:00,306.4581969079328,255.88446719818256,306.4581969079328,357.03192661768304,Very Poor,306.27,Very Poor,Very Poor,0.18819690793282007,Stable,25.27,Low,Proxy derived from ground pollutants and meteorology; not direct satellite imagery,38.06,Low,43.19,Moderate,42.86,Moderate,38.48,Low,1,1,0,Critical forecast hotspot,39.15,Low,323,Usable,"Advanced intelligence layer combines real AQI, forecasted AQI, pollutant signals, meteorological dispersion, source attribution, and intervention scoring."
madhya_pradesh__gwalior__city_center_gwalior_mppcb,"City Center, Gwalior - MPPCB",Gwalior,Madhya Pradesh,26.203442,78.193251,2026-07-16 05:00:00,58.0,66.0,29.0,24.0,24.0,50.0,1.0,341.42,Very Poor,CO,True,Valid AQI,33.4,56,0.0,16.9,7,48.3,Moderate trapping,General urban / semi-urban proxy,Proxy from station/city naming,15,20,33.97,1.137931034482759,0.8787878787878788,1.2083333333333333,1.7241379310344829,11.84,17.6,23.86,30.2,40.69,Photochemical smog,40.69,30.2,10.49,31.63,Low confidence,O3 and temperature-related signal; urban photochemical formation likelihood,Partially aligned,"Immediate intervention: Control NOx and VOC sources, reduce peak-hour emissions, and issue ozone/smog exposure advisories.",2026-07-16 10:55:13,2026-07-16 04:00:00,349.05843756516845,298.4847078554182,349.05843756516845,399.6321672749187,Very Poor,341.42,Very Poor,Very Poor,7.638437565168431,Stable,26.75,Low,Proxy derived from ground pollutants and meteorology; not direct satellite imagery,24.06,Low,46.07,Moderate,46.3,Moderate,37.87,Low,1,1,0,Critical forecast hotspot,39.12,Low,324,Usable,"Advanced intelligence layer combines real AQI, forecasted AQI, pollutant signals, meteorological dispersion, source attribution, and intervention scoring."
haryana__narnaul__shastri_nagar_narnaul_hspcb,"Shastri Nagar, Narnaul - HSPCB",Narnaul,Haryana,28.060249,76.113115,2026-07-16 05:00:00,125.0,111.0,28.0,10.0,15.0,17.0,6.0,304.07,Very Poor,PM2.5,True,Valid AQI,34.7,46,0.0,18.2,1,41.67,Moderate trapping,General urban / semi-urban proxy,Proxy from station/city naming,15,20,27.73,0.888,1.1261261261261262,1.8666666666666667,0.6071428571428571,9.84,10.67,28.98,35.4,37.85,Photochemical smog,37.85,35.4,2.45,27.23,Low confidence,O3 and temperature-related signal; urban photochemical formation likelihood,Partially aligned,"Immediate intervention: Control NOx and VOC sources, reduce peak-hour emissions, and issue ozone/smog exposure advisories.",2026-07-16 10:55:13,2026-07-16 04:00:00,305.0617058292992,254.48797611954893,305.0617058292992,355.6354355390494,Very Poor,304.07,Very Poor,Very Poor,0.9917058292992351,Stable,38.93,Low,Proxy derived from ground pollutants and meteorology; not direct satellite imagery,15.12,Minimal,48.46,Moderate,42.53,Moderate,38.11,Low,1,1,0,Critical forecast hotspot,39.07,Low,325,Usable,"Advanced intelligence layer combines real AQI, forecasted AQI, pollutant signals, meteorological dispersion, source attribution, and intervention scoring."
karnataka__chamarajanagar__urban_chamarajanagar_kspcb,"Urban, Chamarajanagar - KSPCB",Chamarajanagar,Karnataka,11.55358,76.55521,2026-07-16 05:00:00,29.0,42.0,25.0,4.0,22.0,25.0,2.0,329.7,Very Poor,CO,True,Valid AQI,27.4,47,0.0,16.4,100,55.2,Moderate trapping,General urban / semi-urban proxy,Proxy from station/city naming,15,20,35.76,1.4482758620689655,0.6904761904761905,1.1363636363636365,1.0,10.43,8.85,21.46,27.21,24.35,Biomass / fine-particle combustion,27.21,24.35,2.86,19.9,Low confidence,PM2.5-heavy fine-particle pattern; CO and stagnant-weather influence,Partially aligned,"Immediate intervention: Track open burning, control biomass combustion sources, increase public alerts, and strengthen fine-particle monitoring.",2026-07-16 10:55:13,2026-07-16 04:00:00,326.5241282823438,275.95039857259354,326.5241282823438,377.097857992094,Very Poor,329.7,Very Poor,Very Poor,-3.1758717176562072,Stable,19.89,Minimal,Proxy derived from ground pollutants and meteorology; not direct satellite imagery,40.38,Moderate,42.26,Moderate,44.71,Moderate,38.15,Low,1,1,0,Critical forecast hotspot,39.01,Low,326,Usable,"Advanced intelligence layer combines real AQI, forecasted AQI, pollutant signals, meteorological dispersion, source attribution, and intervention scoring."
andhra_pradesh__machilipatnam__srinivas_nagar_colony_machilipatnam_appcb,"Srinivas Nagar Colony, Machilipatnam - APPCB",Machilipatnam,Andhra Pradesh,16.186555,81.13219,2026-07-16 05:00:00,54.0,52.0,20.0,18.0,20.0,19.0,4.0,317.99,Very Poor,CO,True,Valid AQI,33.6,48,0.0,20.8,100,47.6,Moderate trapping,General urban / semi-urban proxy,Proxy from station/city naming,15,20,31.5,0.9629629629629628,1.0384615384615383,1.0,0.95,8.77,13.16,23.88,29.1,30.77,Photochemical smog,30.77,29.1,1.67,22.04,Low confidence,O3 and temperature-related signal; urban photochemical formation likelihood,Partially aligned,"Immediate intervention: Control NOx and VOC sources, reduce peak-hour emissions, and issue ozone/smog exposure advisories.",2026-07-16 10:55:13,2026-07-16 04:00:00,343.04371110270046,292.4699813929502,343.04371110270046,393.6174408124507,Very Poor,317.99,Very Poor,Very Poor,25.053711102700447,Increasing,23.92,Low,Proxy derived from ground pollutants and meteorology; not direct satellite imagery,30.5,Low,43.89,Moderate,46.03,Moderate,37.86,Low,1,1,1,Critical forecast hotspot,38.98,Low,327,Usable,"Advanced intelligence layer combines real AQI, forecasted AQI, pollutant signals, meteorological dispersion, source attribution, and intervention scoring."
maharashtra__mumbai__chembur_mumbai_mpcb,"Chembur, Mumbai - MPCB",Mumbai,Maharashtra,19.0364585,72.8954371,2026-07-16 05:00:00,19.0,48.0,9.0,1.0,19.0,5.0,4.0,312.13,Very Poor,CO,True,Valid AQI,28.1,76,0.0,13.4,41,65.39,High trapping,Dense urban proxy,Proxy from station/city naming,60,55,59.12,2.526315789473684,0.3958333333333333,0.4736842105263157,0.5555555555555556,41.81,12.72,36.93,26.66,31.52,Vehicular traffic,41.81,36.93,4.88,30.73,Low confidence,elevated NO2/CO signal; road-density or urban-pressure influence; traffic/commercial land-use proxy,Aligned,"Immediate intervention: Implement traffic flow control, reduce idling zones, strengthen public transport diversion, and prioritize roadside monitoring.",2026-07-16 10:55:13,2026-07-16 04:00:00,309.6133898529771,259.03966014322685,309.6133898529771,360.18711956272733,Very Poor,312.13,Very Poor,Very Poor,-2.5166101470229023,Stable,13.99,Minimal,Proxy derived from ground pollutants and meteorology; not direct satellite imagery,51.03,Moderate,41.41,Moderate,42.87,Moderate,38.29,Low,1,1,0,Critical forecast hotspot,38.9,Low,328,Usable,"Advanced intelligence layer combines real AQI, forecasted AQI, pollutant signals, meteorological dispersion, source attribution, and intervention scoring."
odisha__rairangpur__divisional_forest_office_rairangpur_ospcb,"Divisional Forest Office, Rairangpur - OSPCB",Rairangpur,Odisha,22.265816,86.174829,2026-07-16 05:00:00,22.0,38.0,6.0,7.0,15.0,7.0,3.0,271.3,Poor,CO,True,Valid AQI,29.4,77,0.1,11.0,93,69.05,High trapping,General urban / semi-urban proxy,Proxy from station/city naming,15,20,36.1,1.7272727272727273,0.5789473684210527,0.4,1.1666666666666667,4.24,5.78,16.45,28.99,19.79,Biomass / fine-particle combustion,28.99,19.79,9.2,23.05,Low confidence,PM2.5-heavy fine-particle pattern; CO and stagnant-weather influence; high weather trapping,Partially aligned,"High-priority intervention: Track open burning, control biomass combustion sources, increase public alerts, and strengthen fine-particle monitoring.",2026-07-16 10:55:13,2026-07-16 04:00:00,280.69233700287305,230.1186072931228,280.69233700287305,331.2660667126233,Poor,271.3,Poor,Poor,9.392337002873035,Stable,15.11,Minimal,Proxy derived from ground pollutants and meteorology; not direct satellite imagery,61.05,High,36.91,Low,41.15,Moderate,38.65,Low,1,1,0,High forecast hotspot,38.81,Low,329,Usable,"Advanced intelligence layer combines real AQI, forecasted AQI, pollutant signals, meteorological dispersion, source attribution, and intervention scoring."
maharashtra__nashik__gangapur_road_nashik_mpcb,"Gangapur Road, Nashik - MPCB",Nashik,Maharashtra,20.0073285,73.7762427,2026-07-16 05:00:00,37.0,36.0,5.0,5.0,22.0,21.0,3.0,329.7,Very Poor,CO,True,Valid AQI,26.5,74,0.0,15.4,26,59.53,Moderate trapping,Traffic / commercial proxy,Proxy from station/city naming,65,100,65.75,0.972972972972973,1.0277777777777777,0.2272727272727272,4.2,53.99,14.94,43.81,21.82,32.89,Vehicular traffic,53.99,43.81,10.18,40.85,Moderate confidence,elevated NO2/CO signal; road-density or urban-pressure influence; traffic/commercial land-use proxy,Aligned,"Immediate intervention: Implement traffic flow control, reduce idling zones, strengthen public transport diversion, and prioritize roadside monitoring.",2026-07-16 10:55:13,2026-07-16 04:00:00,328.4747491486644,277.90101943891415,328.4747491486644,379.0484788584146,Very Poor,329.7,Very Poor,Very Poor,-1.225250851335602,Stable,15.4,Minimal,Proxy derived from ground pollutants and meteorology; not direct satellite imagery,40.93,Moderate,44.87,Moderate,43.76,Moderate,37.85,Low,1,1,0,Critical forecast hotspot,38.79,Low,330,Usable,"Advanced intelligence layer combines real AQI, forecasted AQI, pollutant signals, meteorological dispersion, source attribution, and intervention scoring."
maharashtra__mumbai__sion_mumbai_mpcb,"Sion, Mumbai - MPCB",Mumbai,Maharashtra,19.047,72.8746,2026-07-16 05:00:00,15.0,20.0,42.0,,18.0,,6.0,306.27,Very Poor,CO,True,Valid AQI,28.1,76,0.0,13.4,41,65.39,High trapping,Dense urban proxy,Proxy from station/city naming,60,55,58.57,1.3333333333333333,0.75,2.333333333333333,,50.0,0.0,32.31,28.61,0.0,Vehicular traffic,50.0,32.31,17.69,40.31,Moderate confidence,elevated NO2/CO signal; road-density or urban-pressure influence; traffic/commercial land-use proxy,Aligned,"Immediate intervention: Implement traffic flow control, reduce idling zones, strengthen public transport diversion, and prioritize roadside monitoring.",2026-07-16 10:55:13,2026-07-16 04:00:00,305.52490922341013,254.9511795136599,305.52490922341013,356.0986389331604,Very Poor,306.27,Very Poor,Very Poor,-0.7450907765898478,Stable,15.13,Minimal,Proxy derived from ground pollutants and meteorology; not direct satellite imagery,51.03,Moderate,40.56,Moderate,42.55,Moderate,38.17,Low,1,1,0,Critical forecast hotspot,38.72,Low,331,Usable,"Advanced intelligence layer combines real AQI, forecasted AQI, pollutant signals, meteorological dispersion, source attribution, and intervention scoring."
west_bengal__asansol__asansol_court_area_asansol_wbpcb,"Asansol Court Area, Asansol - WBPCB",Asansol,West Bengal,23.685297,86.945968,2026-07-16 05:00:00,42.0,37.0,31.0,13.0,16.0,29.0,3.0,285.65,Poor,CO,True,Valid AQI,31.6,70,0.0,12.6,30,63.53,High trapping,Industrial / mixed urban proxy,Proxy from station/city naming,35,30,43.66,0.8809523809523809,1.135135135135135,1.9375,0.935483870967742,18.75,36.13,23.95,23.6,38.17,Photochemical smog,38.17,36.13,2.04,27.33,Low confidence,O3 and temperature-related signal; urban photochemical formation likelihood,Partially aligned,"High-priority intervention: Control NOx and VOC sources, reduce peak-hour emissions, and issue ozone/smog exposure advisories.",2026-07-16 10:55:13,2026-07-16 04:00:00,289.0545722117665,238.4808425020163,289.0545722117665,339.6283019215168,Poor,285.65,Poor,Poor,3.404572211766549,Stable,20.7,Low,Proxy derived from ground pollutants and meteorology; not direct satellite imagery,48.42,Moderate,40.26,Moderate,41.3,Moderate,38.29,Low,1,1,0,High forecast hotspot,38.69,Low,332,Usable,"Advanced intelligence layer combines real AQI, forecasted AQI, pollutant signals, meteorological dispersion, source attribution, and intervention scoring."
maharashtra__belapur__cbd_belapur_belapur_mpcb,"CBD Belapur, Belapur - MPCB",Belapur,Maharashtra,19.0243902,73.0406721,2026-07-16 05:00:00,45.0,67.0,22.0,9.0,16.0,19.0,3.0,285.65,Poor,CO,True,Valid AQI,28.9,76,0.0,14.7,20,60.94,High trapping,General urban / semi-urban proxy,Proxy from station/city naming,15,20,34.06,1.488888888888889,0.6716417910447762,1.375,0.8636363636363636,8.51,9.41,23.44,29.43,29.04,Biomass / fine-particle combustion,29.43,29.04,0.39,20.72,Low confidence,PM2.5-heavy fine-particle pattern; CO and stagnant-weather influence; high weather trapping,Partially aligned,"Immediate intervention: Track open burning, control biomass combustion sources, increase public alerts, and strengthen fine-particle monitoring.",2026-07-16 10:55:13,2026-07-16 04:00:00,303.5581784585227,252.98444874877248,303.5581784585227,354.13190816827296,Very Poor,285.65,Poor,Very Poor,17.90817845852274,Stable,22.72,Low,Proxy derived from ground pollutants and meteorology; not direct satellite imagery,42.78,Moderate,40.21,Moderate,42.75,Moderate,37.99,Low,1,1,0,Critical forecast hotspot,38.58,Low,333,Usable,"Advanced intelligence layer combines real AQI, forecasted AQI, pollutant signals, meteorological dispersion, source attribution, and intervention scoring."
karnataka__chikkaballapur__chikkaballapur_rural_chikkaballapur_kspcb,"Chikkaballapur Rural, Chikkaballapur - KSPCB",Chikkaballapur,Karnataka,13.428828,77.731418,2026-07-16 05:00:00,19.0,68.0,3.0,11.0,25.0,50.0,1.0,347.28,Very Poor,CO,True,Valid AQI,27.1,51,0.0,17.4,78,52.66,Moderate trapping,General urban / semi-urban proxy,Proxy from station/city naming,15,20,36.34,3.5789473684210527,0.2794117647058823,0.12,16.666666666666668,5.42,8.28,27.55,22.89,25.81,Construction / road dust,27.55,25.81,1.74,19.81,Low confidence,PM10-heavy particulate pattern; road dust / coarse-particle likelihood,Partially aligned,"Immediate intervention: Apply dust suppression, cover construction material, clean road dust, and enforce construction-site controls.",2026-07-16 10:55:13,2026-07-16 04:00:00,344.65174623936315,294.0780165296129,344.65174623936315,395.2254759491134,Very Poor,347.28,Very Poor,Very Poor,-2.6282537606368237,Stable,19.11,Minimal,Proxy derived from ground pollutants and meteorology; not direct satellite imagery,34.7,Low,42.67,Moderate,45.81,Moderate,37.31,Low,1,1,0,Critical forecast hotspot,38.43,Low,334,Usable,"Advanced intelligence layer combines real AQI, forecasted AQI, pollutant signals, meteorological dispersion, source attribution, and intervention scoring."
west_bengal__durgapur__mahishkapur_road_b_zone_durgapur_wbpcb,"Mahishkapur Road_B-Zone, Durgapur - WBPCB",Durgapur,West Bengal,23.567923,87.306843,2026-07-16 05:00:00,18.0,27.0,4.0,12.0,,27.0,1.0,30.0,Good,PM2.5,True,Valid AQI,31.1,72,0.2,13.8,94,56.0,Moderate trapping,Traffic / commercial proxy,Proxy from station/city naming,30,75,20.52,1.5,0.6666666666666666,,6.75,0.0,0.0,26.77,0.0,24.71,Construction / road dust,26.77,24.71,2.06,19.36,Low confidence,PM10-heavy particulate pattern; road dust / coarse-particle likelihood; high road-density proxy,Partially aligned,"Immediate intervention: Apply dust suppression, cover construction material, clean road dust, and enforce construction-site controls.",2026-07-16 10:55:13,2026-07-16 04:00:00,490.0747070296515,439.50097731990127,490.0747070296515,500.0,Severe,30.0,Good,Severe,460.0747070296515,Increasing,12.57,Minimal,Proxy derived from ground pollutants and meteorology; not direct satellite imagery,41.99,Moderate,29.65,Low,55.59,Moderate,36.48,Low,0,1,1,Critical forecast hotspot,38.05,Low,335,Usable,"Advanced intelligence layer combines real AQI, forecasted AQI, pollutant signals, meteorological dispersion, source attribution, and intervention scoring."
maharashtra__nagpur__ambazari_nagpur_mpcb,"Ambazari, Nagpur - MPCB",Nagpur,Maharashtra,21.121801,79.04952,2026-07-16 05:00:00,40.0,63.0,10.0,7.0,15.0,10.0,4.0,271.3,Poor,CO,True,Valid AQI,31.7,59,0.0,15.1,98,61.76,High trapping,Dense urban proxy,Proxy from station/city naming,60,55,53.8,1.575,0.6349206349206349,0.6666666666666666,1.0,41.28,14.64,38.05,28.55,34.09,Vehicular traffic,41.28,38.05,3.23,29.86,Low confidence,elevated NO2/CO signal; road-density or urban-pressure influence; traffic/commercial land-use proxy,Aligned,"High-priority intervention: Implement traffic flow control, reduce idling zones, strengthen public transport diversion, and prioritize roadside monitoring.",2026-07-16 10:55:13,2026-07-16 04:00:00,274.25774388286817,223.68401417311796,274.25774388286817,324.8314735926184,Poor,271.3,Poor,Poor,2.957743882868158,Stable,20.88,Low,Proxy derived from ground pollutants and meteorology; not direct satellite imagery,49.54,Moderate,39.28,Low,39.56,Low,37.74,Low,1,1,0,High forecast hotspot,38.0,Low,336,Usable,"Advanced intelligence layer combines real AQI, forecasted AQI, pollutant signals, meteorological dispersion, source attribution, and intervention scoring."
gujarat__gandhinagar__sector_10_gandhinagar_gpcb,"Sector-10, Gandhinagar - GPCB",Gandhinagar,Gujarat,23.221714,72.654328,2026-07-16 05:00:00,30.0,40.0,7.0,5.0,20.0,2.0,1.0,317.99,Very Poor,CO,True,Valid AQI,32.0,60,0.0,10.0,15,63.06,High trapping,Industrial / mixed urban proxy,Proxy from station/city naming,35,30,46.47,1.3333333333333333,0.75,0.35,0.2857142857142857,13.42,29.53,23.7,20.78,32.56,Photochemical smog,32.56,29.53,3.03,23.7,Low confidence,O3 and temperature-related signal; urban photochemical formation likelihood,Partially aligned,"Immediate intervention: Control NOx and VOC sources, reduce peak-hour emissions, and issue ozone/smog exposure advisories.",2026-07-16 10:55:13,2026-07-16 04:00:00,314.1439420781877,263.57021236843747,314.1439420781877,364.717671787938,Very Poor,317.99,Very Poor,Very Poor,-3.846057921812303,Stable,11.64,Minimal,Proxy derived from ground pollutants and meteorology; not direct satellite imagery,48.62,Moderate,41.32,Moderate,42.42,Moderate,37.17,Low,1,1,0,Critical forecast hotspot,37.9,Low,337,Usable,"Advanced intelligence layer combines real AQI, forecasted AQI, pollutant signals, meteorological dispersion, source attribution, and intervention scoring."
jammu_and_kashmir__srinagar__rajbagh_srinagar_jkpcc,"Rajbagh, Srinagar - JKPCC",Srinagar,Jammu and Kashmir,34.066206,74.81982,2026-07-16 05:00:00,28.0,45.0,19.0,3.0,15.0,1.0,9.0,271.3,Poor,CO,True,Valid AQI,26.9,51,0.0,2.6,0,71.65,High trapping,General urban / semi-urban proxy,Proxy from station/city naming,15,20,37.19,1.6071428571428572,0.6222222222222222,1.2666666666666666,0.0526315789473684,7.55,6.43,15.75,32.49,24.56,Biomass / fine-particle combustion,32.49,24.56,7.93,25.12,Low confidence,PM2.5-heavy fine-particle pattern; CO and stagnant-weather influence; high weather trapping,Partially aligned,"High-priority intervention: Track open burning, control biomass combustion sources, increase public alerts, and strengthen fine-particle monitoring.",2026-07-16 10:55:13,2026-07-16 04:00:00,265.5073091540362,214.93357944428595,265.5073091540362,316.08103886378643,Poor,271.3,Poor,Poor,-5.7926908459638184,Stable,11.86,Minimal,Proxy derived from ground pollutants and meteorology; not direct satellite imagery,63.94,High,36.5,Low,39.0,Low,37.81,Low,1,1,0,High forecast hotspot,37.86,Low,338,Usable,"Advanced intelligence layer combines real AQI, forecasted AQI, pollutant signals, meteorological dispersion, source attribution, and intervention scoring."
uttar_pradesh__baghpat__sardar_patel_inter_college_baghpat_uppcb,"Sardar Patel Inter College, Baghpat - UPPCB",Baghpat,Uttar Pradesh,28.964949,77.278761,2026-07-16 05:00:00,51.0,108.0,20.0,6.0,14.0,17.0,2.0,256.96,Poor,CO,True,Valid AQI,33.7,60,0.0,9.7,6,62.7,High trapping,General urban / semi-urban proxy,Proxy from station/city naming,15,20,32.12,2.117647058823529,0.4722222222222222,1.4285714285714286,0.85,7.61,7.62,26.45,29.8,35.31,Photochemical smog,35.31,29.8,5.51,26.37,Low confidence,O3 and temperature-related signal; urban photochemical formation likelihood,Partially aligned,"High-priority intervention: Control NOx and VOC sources, reduce peak-hour emissions, and issue ozone/smog exposure advisories.",2026-07-16 10:55:13,2026-07-16 04:00:00,262.0436489368969,211.46991922714665,262.0436489368969,312.6173786466471,Poor,256.96,Poor,Poor,5.083648936896907,Stable,26.08,Low,Proxy derived from ground pollutants and meteorology; not direct satellite imagery,47.7,Moderate,37.59,Low,38.97,Low,37.72,Low,1,1,0,High forecast hotspot,37.84,Low,339,Usable,"Advanced intelligence layer combines real AQI, forecasted AQI, pollutant signals, meteorological dispersion, source attribution, and intervention scoring."
maharashtra__ulhasnagar__vithalwadi_ulhasnagar_mpcb,"Vithalwadi, Ulhasnagar - MPCB",Ulhasnagar,Maharashtra,19.2307571,73.155192,2026-07-16 05:00:00,20.0,40.0,10.0,12.0,22.0,10.0,0.0,329.7,Very Poor,CO,True,Valid AQI,30.4,65,0.0,13.1,33,61.09,High trapping,General urban / semi-urban proxy,Proxy from station/city naming,15,20,38.22,2.0,0.5,0.4545454545454545,1.0,6.62,9.42,20.48,27.1,27.5,Photochemical smog,27.5,27.1,0.4,19.37,Low confidence,O3 and temperature-related signal; urban photochemical formation likelihood,Partially aligned,"Immediate intervention: Control NOx and VOC sources, reduce peak-hour emissions, and issue ozone/smog exposure advisories.",2026-07-16 10:55:13,2026-07-16 04:00:00,327.261847064223,276.68811735447275,327.261847064223,377.8355767739732,Very Poor,329.7,Very Poor,Very Poor,-2.4381529357769978,Stable,12.64,Minimal,Proxy derived from ground pollutants and meteorology; not direct satellite imagery,45.17,Moderate,40.94,Moderate,43.73,Moderate,36.96,Low,1,1,0,Critical forecast hotspot,37.84,Low,339,Usable,"Advanced intelligence layer combines real AQI, forecasted AQI, pollutant signals, meteorological dispersion, source attribution, and intervention scoring."
haryana__bhiwani__h_b_colony_bhiwani_hspcb,"H.B. Colony, Bhiwani - HSPCB",Bhiwani,Haryana,28.806223,76.141105,2026-07-16 05:00:00,103.0,73.0,9.0,13.0,19.0,15.0,2.0,312.13,Very Poor,CO,True,Valid AQI,35.5,45,0.0,14.8,3,47.66,Moderate trapping,General urban / semi-urban proxy,Proxy from station/city naming,15,20,30.98,0.7087378640776699,1.4109589041095891,0.4736842105263157,1.6666666666666667,5.78,9.2,23.1,38.18,36.08,Biomass / fine-particle combustion,38.18,36.08,2.1,27.36,Low confidence,PM2.5-heavy fine-particle pattern; CO and stagnant-weather influence,Partially aligned,"Immediate intervention: Track open burning, control biomass combustion sources, increase public alerts, and strengthen fine-particle monitoring.",2026-07-16 10:55:13,2026-07-16 04:00:00,314.02529784214244,263.4515681323922,314.02529784214244,364.5990275518927,Very Poor,312.13,Very Poor,Very Poor,1.8952978421424405,Stable,27.39,Low,Proxy derived from ground pollutants and meteorology; not direct satellite imagery,24.51,Low,46.36,Moderate,41.78,Moderate,36.82,Low,1,1,0,Critical forecast hotspot,37.79,Low,340,Usable,"Advanced intelligence layer combines real AQI, forecasted AQI, pollutant signals, meteorological dispersion, source attribution, and intervention scoring."
maharashtra__mira_bhayandar__bhayandar_west_mira_bhayandar_mpcb,"Bhayandar West, Mira-Bhayandar - MPCB",Mira-Bhayandar,Maharashtra,19.296481,72.840923,2026-07-16 05:00:00,26.0,30.0,3.0,4.0,17.0,8.0,4.0,300.0,Poor,CO,True,Valid AQI,29.2,74,0.0,11.5,20,65.99,High trapping,General urban / semi-urban proxy,Proxy from station/city naming,15,20,37.5,1.1538461538461535,0.8666666666666667,0.1764705882352941,2.6666666666666665,3.87,4.39,17.55,31.01,25.45,Biomass / fine-particle combustion,31.01,25.45,5.56,23.38,Low confidence,PM2.5-heavy fine-particle pattern; CO and stagnant-weather influence; high weather trapping,Partially aligned,"Immediate intervention: Track open burning, control biomass combustion sources, increase public alerts, and strengthen fine-particle monitoring.",2026-07-16 10:55:13,2026-07-16 04:00:00,314.92356893585105,264.3498392261008,314.92356893585105,365.4972986456013,Very Poor,300.0,Poor,Very Poor,14.923568935851051,Stable,10.63,Minimal,Proxy derived from ground pollutants and meteorology; not direct satellite imagery,51.6,Moderate,39.23,Low,42.71,Moderate,37.03,Low,1,1,0,Critical forecast hotspot,37.71,Low,341,Usable,"Advanced intelligence layer combines real AQI, forecasted AQI, pollutant signals, meteorological dispersion, source attribution, and intervention scoring."
madhya_pradesh__bhopal__t_t_nagar_bhopal_mppcb,"T T Nagar, Bhopal - MPPCB",Bhopal,Madhya Pradesh,23.233584,77.400574,2026-07-16 05:00:00,43.0,91.0,22.0,,,30.0,6.0,91.0,Satisfactory,PM10,True,Valid AQI,29.7,64,0.0,14.2,24,57.83,Moderate trapping,Dense urban proxy,Proxy from station/city naming,60,55,35.37,2.116279069767442,0.4725274725274725,,1.3636363636363635,0.0,0.0,41.39,0.0,39.59,Construction / road dust,41.39,39.59,1.8,29.51,Low confidence,PM10-heavy particulate pattern; road dust / coarse-particle likelihood,Partially aligned,"Immediate intervention: Apply dust suppression, cover construction material, clean road dust, and enforce construction-site controls.",2026-07-16 10:55:13,2026-07-16 04:00:00,374.6895245899469,324.1157948801967,374.6895245899469,425.2632542996972,Very Poor,91.0,Satisfactory,Very Poor,283.6895245899469,Increasing,24.04,Low,Proxy derived from ground pollutants and meteorology; not direct satellite imagery,39.51,Low,30.79,Low,49.29,Moderate,36.73,Low,0,1,1,Critical forecast hotspot,37.69,Low,342,Usable,"Advanced intelligence layer combines real AQI, forecasted AQI, pollutant signals, meteorological dispersion, source attribution, and intervention scoring."
west_bengal__durgapur__womens_college_city_center_durgapur_wbpcb,"Womens College_City Center, Durgapur - WBPCB",Durgapur,West Bengal,23.549395,87.300496,2026-07-16 05:00:00,21.0,44.0,36.0,12.0,18.0,12.0,2.0,306.27,Very Poor,CO,True,Valid AQI,31.1,72,0.2,13.8,94,56.0,Moderate trapping,General urban / semi-urban proxy,Proxy from station/city naming,15,20,33.91,2.095238095238096,0.4772727272727273,2.0,0.3333333333333333,12.45,13.24,16.36,24.83,23.93,Biomass / fine-particle combustion,24.83,23.93,0.9,17.65,Low confidence,PM2.5-heavy fine-particle pattern; CO and stagnant-weather influence,Partially aligned,"Immediate intervention: Track open burning, control biomass combustion sources, increase public alerts, and strengthen fine-particle monitoring.",2026-07-16 10:55:13,2026-07-16 04:00:00,303.5302371253072,252.95650741555696,303.5302371253072,354.10396683505746,Very Poor,306.27,Very Poor,Very Poor,-2.739762874692758,Stable,21.24,Low,Proxy derived from ground pollutants and meteorology; not direct satellite imagery,41.99,Moderate,38.9,Low,42.26,Moderate,36.99,Low,1,1,0,Critical forecast hotspot,37.61,Low,343,Usable,"Advanced intelligence layer combines real AQI, forecasted AQI, pollutant signals, meteorological dispersion, source attribution, and intervention scoring."
uttar_pradesh__mathura__pali_dungra_mathura_uppcb,"Pali Dungra, Mathura - UPPCB",Mathura,Uttar Pradesh,27.410954,77.550619,2026-07-16 05:00:00,67.0,92.0,3.0,1.0,17.0,19.0,1.0,300.0,Poor,CO,True,Valid AQI,34.8,51,0.0,12.8,4,53.58,Moderate trapping,General urban / semi-urban proxy,Proxy from station/city naming,15,20,32.32,1.373134328358209,0.7282608695652174,0.1764705882352941,6.333333333333333,3.87,3.23,25.13,30.95,34.94,Photochemical smog,34.94,30.95,3.99,25.65,Low confidence,O3 and temperature-related signal; urban photochemical formation likelihood,Partially aligned,"Immediate intervention: Control NOx and VOC sources, reduce peak-hour emissions, and issue ozone/smog exposure advisories.",2026-07-16 10:55:13,2026-07-16 04:00:00,308.47676254488,257.9030328351297,308.47676254488,359.0504922546302,Very Poor,300.0,Poor,Very Poor,8.476762544879989,Stable,23.35,Low,Proxy derived from ground pollutants and meteorology; not direct satellite imagery,33.62,Low,42.33,Moderate,41.74,Moderate,36.62,Low,1,1,0,Critical forecast hotspot,37.42,Low,344,Usable,"Advanced intelligence layer combines real AQI, forecasted AQI, pollutant signals, meteorological dispersion, source attribution, and intervention scoring."
telangana__hyderabad__ecil_kapra_hyderabad_tspcb,"ECIL Kapra, Hyderabad - TSPCB",Hyderabad,Telangana,17.470431,78.566959,2026-07-16 05:00:00,42.0,57.0,6.0,17.0,15.0,20.0,2.0,271.3,Poor,CO,True,Valid AQI,30.7,53,0.0,15.4,89,58.11,Moderate trapping,Dense urban proxy,Proxy from station/city naming,60,55,52.28,1.3571428571428572,0.7368421052631579,0.4,3.333333333333333,40.27,17.85,37.25,28.52,34.17,Vehicular traffic,40.27,37.25,3.02,29.1,Low confidence,elevated NO2/CO signal; road-density or urban-pressure influence; traffic/commercial land-use proxy,Aligned,"High-priority intervention: Implement traffic flow control, reduce idling zones, strengthen public transport diversion, and prioritize roadside monitoring.",2026-07-16 10:55:13,2026-07-16 04:00:00,294.76243973757164,244.1887100278214,294.76243973757164,345.3361694473219,Poor,271.3,Poor,Poor,23.46243973757163,Stable,19.52,Minimal,Proxy derived from ground pollutants and meteorology; not direct satellite imagery,43.98,Moderate,39.52,Low,40.92,Moderate,36.83,Low,1,1,0,High forecast hotspot,37.37,Low,345,Usable,"Advanced intelligence layer combines real AQI, forecasted AQI, pollutant signals, meteorological dispersion, source attribution, and intervention scoring."
uttar_pradesh__hapur__anand_vihar_hapur_uppcb,"Anand Vihar, Hapur - UPPCB",Hapur,Uttar Pradesh,28.725645,77.749675,2026-07-16 05:00:00,65.0,117.0,12.0,17.0,,,1.0,114.66,Moderate,PM2.5,True,Valid AQI,33.8,57,0.0,10.0,0,60.46,High trapping,General urban / semi-urban proxy,Proxy from station/city naming,15,20,17.94,1.8,0.5555555555555556,,,0.0,0.0,27.13,0.0,0.0,Construction / road dust,27.13,0.0,27.13,27.13,Low confidence,PM10-heavy particulate pattern; road dust / coarse-particle likelihood,Partially aligned,"Immediate intervention: Apply dust suppression, cover construction material, clean road dust, and enforce construction-site controls.",2026-07-16 10:55:13,2026-07-16 04:00:00,314.114328634383,263.5405989246328,314.114328634383,364.68805834413325,Very Poor,114.66,Moderate,Very Poor,199.45432863438302,Increasing,25.31,Low,Proxy derived from ground pollutants and meteorology; not direct satellite imagery,44.16,Moderate,30.47,Low,45.68,Moderate,36.74,Low,0,1,1,Critical forecast hotspot,37.32,Low,346,Usable,"Advanced intelligence layer combines real AQI, forecasted AQI, pollutant signals, meteorological dispersion, source attribution, and intervention scoring."
uttar_pradesh__prayagraj__nagar_nigam_prayagraj_uppcb,"Nagar Nigam, Prayagraj - UPPCB",Prayagraj,Uttar Pradesh,25.44919916,81.82735986,2026-07-16 05:00:00,26.0,23.0,5.0,48.0,14.0,24.0,15.0,256.96,Poor,CO,True,Valid AQI,34.0,57,0.1,8.0,98,67.63,High trapping,General urban / semi-urban proxy,Proxy from station/city naming,15,20,34.18,0.8846153846153846,1.1304347826086956,0.3571428571428571,4.8,3.8,21.41,12.35,33.55,27.68,Biomass / fine-particle combustion,33.55,27.68,5.87,25.25,Low confidence,PM2.5-heavy fine-particle pattern; CO and stagnant-weather influence; high weather trapping,Partially aligned,"High-priority intervention: Track open burning, control biomass combustion sources, increase public alerts, and strengthen fine-particle monitoring.",2026-07-16 10:55:13,2026-07-16 04:00:00,265.3049953571436,214.73126564739331,265.3049953571436,315.8787250668938,Poor,256.96,Poor,Poor,8.344995357143603,Stable,13.34,Minimal,Proxy derived from ground pollutants and meteorology; not direct satellite imagery,61.89,High,35.08,Low,38.73,Low,37.19,Low,1,1,0,High forecast hotspot,37.24,Low,347,Usable,"Advanced intelligence layer combines real AQI, forecasted AQI, pollutant signals, meteorological dispersion, source attribution, and intervention scoring."
rajasthan__khairthal__new_anaj_mandi_khairthal_rspcb,"New Anaj Mandi, Khairthal - RSPCB",Khairthal,Rajasthan,27.8015617,76.6365217,2026-07-16 05:00:00,94.0,122.0,6.0,4.0,18.0,18.0,3.0,306.27,Very Poor,CO,True,Valid AQI,34.2,49,0.0,16.8,1,45.31,Moderate trapping,General urban / semi-urban proxy,Proxy from station/city naming,15,20,29.45,1.297872340425532,0.7704918032786885,0.3333333333333333,3.0,4.83,5.05,30.08,31.34,34.56,Photochemical smog,34.56,31.34,3.22,25.16,Low confidence,O3 and temperature-related signal; urban photochemical formation likelihood,Partially aligned,"Immediate intervention: Control NOx and VOC sources, reduce peak-hour emissions, and issue ozone/smog exposure advisories.",2026-07-16 10:55:13,2026-07-16 04:00:00,309.2670146538914,258.6932849441412,309.2670146538914,359.84074436364165,Very Poor,306.27,Very Poor,Very Poor,2.9970146538914264,Stable,31.93,Low,Proxy derived from ground pollutants and meteorology; not direct satellite imagery,19.87,Minimal,44.92,Moderate,41.47,Moderate,36.28,Low,1,1,0,Critical forecast hotspot,37.23,Low,348,Usable,"Advanced intelligence layer combines real AQI, forecasted AQI, pollutant signals, meteorological dispersion, source attribution, and intervention scoring."
maharashtra__bhiwandi__gokul_nagar_bhiwandi_mpcb,"Gokul Nagar, Bhiwandi - MPCB",Bhiwandi,Maharashtra,19.309073,73.057223,2026-07-16 05:00:00,35.0,57.0,26.0,3.0,12.0,13.0,7.0,228.26,Poor,CO,True,Valid AQI,29.3,75,0.0,12.4,45,67.23,High trapping,General urban / semi-urban proxy,Proxy from station/city naming,15,20,31.34,1.6285714285714286,0.6140350877192983,2.1666666666666665,0.5,8.75,7.18,21.51,29.27,27.96,Biomass / fine-particle combustion,29.27,27.96,1.31,20.88,Low confidence,PM2.5-heavy fine-particle pattern; CO and stagnant-weather influence; high weather trapping,Partially aligned,"High-priority intervention: Track open burning, control biomass combustion sources, increase public alerts, and strengthen fine-particle monitoring.",2026-07-16 10:55:13,2026-07-16 04:00:00,264.2608022996484,213.68707258989812,264.2608022996484,314.83453200939863,Poor,228.26,Poor,Poor,36.0008022996484,Increasing,20.75,Low,Proxy derived from ground pollutants and meteorology; not direct satellite imagery,54.43,Moderate,34.08,Low,39.23,Low,37.03,Low,1,1,1,High forecast hotspot,37.1,Low,349,Usable,"Advanced intelligence layer combines real AQI, forecasted AQI, pollutant signals, meteorological dispersion, source attribution, and intervention scoring."
karnataka__chikkamagaluru__kalyana_nagara_chikkamagaluru_kspcb,"Kalyana Nagara, Chikkamagaluru - KSPCB",Chikkamagaluru,Karnataka,13.328028,75.797056,2026-07-16 05:00:00,32.0,41.0,25.0,1.0,15.0,41.0,3.0,271.3,Poor,CO,True,Valid AQI,23.8,68,0.0,17.4,100,61.11,High trapping,General urban / semi-urban proxy,Proxy from station/city naming,15,20,32.79,1.28125,0.7804878048780488,1.6666666666666667,1.64,9.07,6.67,21.58,28.08,22.03,Biomass / fine-particle combustion,28.08,22.03,6.05,21.47,Low confidence,PM2.5-heavy fine-particle pattern; CO and stagnant-weather influence; high weather trapping,Partially aligned,"High-priority intervention: Track open burning, control biomass combustion sources, increase public alerts, and strengthen fine-particle monitoring.",2026-07-16 10:55:13,2026-07-16 04:00:00,272.6648683507349,222.09113864098464,272.6648683507349,323.2385980604851,Poor,271.3,Poor,Poor,1.3648683507348665,Stable,22.58,Low,Proxy derived from ground pollutants and meteorology; not direct satellite imagery,47.14,Moderate,36.67,Low,39.33,Low,36.74,Low,1,1,0,High forecast hotspot,37.0,Low,350,Usable,"Advanced intelligence layer combines real AQI, forecasted AQI, pollutant signals, meteorological dispersion, source attribution, and intervention scoring."
madhya_pradesh__damoh__shrivastav_colony_damoh_mppcb,"Shrivastav Colony, Damoh - MPPCB",Damoh,Madhya Pradesh,23.81748678,79.446246,2026-07-16 05:00:00,36.0,50.0,,51.0,21.0,,,323.85,Very Poor,CO,True,Valid AQI,32.4,55,0.0,17.0,100,57.05,Moderate trapping,General urban / semi-urban proxy,Proxy from station/city naming,15,20,35.99,1.3888888888888888,0.72,,,0.0,0.0,22.51,28.3,0.0,Biomass / fine-particle combustion,28.3,22.51,5.79,21.55,Low confidence,PM2.5-heavy fine-particle pattern; CO and stagnant-weather influence,Partially aligned,"Immediate intervention: Track open burning, control biomass combustion sources, increase public alerts, and strengthen fine-particle monitoring.",2026-07-16 10:55:13,2026-07-16 04:00:00,296.22681087577115,245.6530811660209,296.22681087577115,346.8005405855214,Poor,323.85,Very Poor,Poor,-27.623189124228873,Decreasing,16.71,Minimal,Proxy derived from ground pollutants and meteorology; not direct satellite imagery,42.28,Moderate,40.5,Moderate,41.19,Moderate,36.3,Low,1,1,0,Critical current hotspot,37.0,Low,350,Usable,"Advanced intelligence layer combines real AQI, forecasted AQI, pollutant signals, meteorological dispersion, source attribution, and intervention scoring."
maharashtra__nashik__midc_ambad_nashik_mpcb,"MIDC Ambad, Nashik - MPCB",Nashik,Maharashtra,19.95022,73.73148,2026-07-16 05:00:00,41.0,63.0,5.0,2.0,15.0,19.0,3.0,271.3,Poor,CO,True,Valid AQI,26.0,77,0.0,16.5,53,61.35,High trapping,Industrial / mixed urban proxy,Proxy from station/city naming,70,65,58.52,1.5365853658536586,0.6507936507936508,0.3333333333333333,3.8,30.24,33.66,42.33,18.35,31.53,Construction / road dust,42.33,33.66,8.67,32.23,Low confidence,PM10-heavy particulate pattern; road dust / coarse-particle likelihood; high road-density proxy,Partially aligned,"High-priority intervention: Apply dust suppression, cover construction material, clean road dust, and enforce construction-site controls.",2026-07-16 10:55:13,2026-07-16 04:00:00,278.7355308110518,228.16180110130156,278.7355308110518,329.309260520802,Poor,271.3,Poor,Poor,7.435530811051763,Stable,20.2,Low,Proxy derived from ground pollutants and meteorology; not direct satellite imagery,44.49,Moderate,39.23,Low,38.99,Low,36.4,Low,1,1,0,High forecast hotspot,36.8,Low,351,Usable,"Advanced intelligence layer combines real AQI, forecasted AQI, pollutant signals, meteorological dispersion, source attribution, and intervention scoring."
madhya_pradesh__maihar__sahilara_maihar_kjs_cements,"Sahilara, Maihar - KJS Cements",Maihar,Madhya Pradesh,24.2613009,80.7231783,2026-07-16 05:00:00,,52.0,,15.0,22.0,,,329.7,Very Poor,CO,True,Valid AQI,32.0,54,0.1,14.0,99,55.77,Moderate trapping,General urban / semi-urban proxy,Proxy from station/city naming,15,20,36.0,,,,,0.0,0.0,0.0,0.0,0.0,Insufficient pollutant signal,0.0,0.0,0.0,0.0,Low confidence,insufficient source signal,Unknown,Immediate intervention: Improve pollutant data completeness and continue monitoring before assigning a source-specific intervention.,2026-07-16 10:55:13,2026-07-16 04:00:00,326.8073201819459,276.23359047219566,326.8073201819459,377.38104989169614,Very Poor,329.7,Very Poor,Very Poor,-2.8926798180540914,Stable,12.76,Minimal,Proxy derived from ground pollutants and meteorology; not direct satellite imagery,42.38,Moderate,39.54,Low,43.17,Moderate,35.84,Low,1,1,0,Critical forecast hotspot,36.76,Low,352,Usable,"Advanced intelligence layer combines real AQI, forecasted AQI, pollutant signals, meteorological dispersion, source attribution, and intervention scoring."
jammu_and_kashmir__srinagar__khunmoh_srinagar_jkpcc,"Khunmoh, Srinagar - JKPCC",Srinagar,Jammu and Kashmir,34.06313,74.96017,2026-07-16 05:00:00,91.0,72.0,13.0,5.0,,,,201.0,Poor,PM2.5,True,Valid AQI,26.1,56,0.0,4.2,1,70.69,High trapping,General urban / semi-urban proxy,Proxy from station/city naming,15,20,30.24,0.7912087912087912,1.2638888888888888,,,0.0,0.0,18.3,0.0,0.0,Construction / road dust,18.3,0.0,18.3,18.3,Low confidence,PM10-heavy particulate pattern; road dust / coarse-particle likelihood,Partially aligned,"High-priority intervention: Apply dust suppression, cover construction material, clean road dust, and enforce construction-site controls.",2026-07-16 10:55:13,2026-07-16 04:00:00,193.91129472228988,143.33756501253964,193.91129472228988,244.4850244320401,Moderate,201.0,Poor,Moderate,-7.088705277710119,Stable,24.12,Low,Proxy derived from ground pollutants and meteorology; not direct satellite imagery,61.59,High,35.1,Low,32.22,Low,37.34,Low,1,0,0,High current hotspot,36.72,Low,353,Usable,"Advanced intelligence layer combines real AQI, forecasted AQI, pollutant signals, meteorological dispersion, source attribution, and intervention scoring."
rajasthan__churu__subash_chowk_churu_rspcb,"Subash Chowk, Churu - RSPCB",Churu,Rajasthan,28.296139,74.961696,2026-07-16 05:00:00,37.0,163.0,4.0,3.0,19.0,25.0,6.0,312.13,Very Poor,CO,True,Valid AQI,35.2,44,0.0,15.3,3,46.39,Moderate trapping,Traffic / commercial proxy,Proxy from station/city naming,30,75,42.78,4.405405405405405,0.2269938650306748,0.2105263157894736,6.25,37.35,7.19,51.0,12.16,39.2,Construction / road dust,51.0,39.2,11.8,39.24,Low confidence,PM10-heavy particulate pattern; road dust / coarse-particle likelihood; high road-density proxy,Partially aligned,"Immediate intervention: Apply dust suppression, cover construction material, clean road dust, and enforce construction-site controls.",2026-07-16 10:55:13,2026-07-16 04:00:00,327.30680871712565,276.7330790073754,327.30680871712565,377.8805384268759,Very Poor,312.13,Very Poor,Very Poor,15.176808717125652,Stable,27.45,Low,Proxy derived from ground pollutants and meteorology; not direct satellite imagery,22.52,Low,41.48,Moderate,43.25,Moderate,35.41,Low,1,1,0,Critical forecast hotspot,36.5,Low,354,Usable,"Advanced intelligence layer combines real AQI, forecasted AQI, pollutant signals, meteorological dispersion, source attribution, and intervention scoring."
chhattisgarh__milupara__govt_higher_secondary_school_milupara_cecb,"Govt. Higher Secondary School, Milupara - CECB",Milupara,Chhattisgarh,22.1910172,83.5197009,2026-07-16 05:00:00,29.0,37.0,25.0,14.0,7.0,4.0,1.0,162.41,Moderate,CO,True,Valid AQI,29.7,72,0.0,6.8,95,81.26,Very high trapping,General urban / semi-urban proxy,Proxy from station/city naming,15,20,31.06,1.2758620689655171,0.7837837837837838,3.571428571428572,0.16,7.52,10.56,16.34,33.67,24.57,Biomass / fine-particle combustion,33.67,24.57,9.1,26.3,Low confidence,PM2.5-heavy fine-particle pattern; CO and stagnant-weather influence; high weather trapping,Partially aligned,"Routine monitoring: Track open burning, control biomass combustion sources, increase public alerts, and strengthen fine-particle monitoring.",2026-07-16 10:55:13,2026-07-16 04:00:00,180.46555466934404,129.8918249595938,180.46555466934404,231.03928437909428,Moderate,162.41,Moderate,Moderate,18.055554669344048,Stable,18.05,Minimal,Proxy derived from ground pollutants and meteorology; not direct satellite imagery,80.33,Critical,27.19,Low,32.18,Low,37.49,Low,0,0,0,Watchlist,36.44,Low,355,Usable,"Advanced intelligence layer combines real AQI, forecasted AQI, pollutant signals, meteorological dispersion, source attribution, and intervention scoring."
bihar__patna__igsc_planetarium_complex_patna_bspcb,"IGSC Planetarium Complex, Patna - BSPCB",Patna,Bihar,25.610369,85.132568,2026-07-16 05:00:00,61.0,,1.0,1.0,6.0,60.0,,149.87,Moderate,CO,True,Valid AQI,32.2,71,0.0,7.2,100,80.67,Very high trapping,Dense urban proxy,Proxy from station/city naming,60,55,50.38,,,0.1666666666666666,60.0,37.25,9.47,0.0,0.0,40.55,Photochemical smog,40.55,37.25,3.3,29.37,Low confidence,O3 and temperature-related signal; urban photochemical formation likelihood,Partially aligned,"Routine monitoring: Control NOx and VOC sources, reduce peak-hour emissions, and issue ozone/smog exposure advisories.",2026-07-16 10:55:13,2026-07-16 04:00:00,149.97088888888933,99.39715917913912,149.97088888888933,200.54461859863957,Moderate,149.87,Moderate,Moderate,0.10088888888932956,Stable,21.16,Low,Proxy derived from ground pollutants and meteorology; not direct satellite imagery,79.67,High,29.77,Low,28.7,Low,37.71,Low,0,0,0,Watchlist,36.41,Low,356,Usable,"Advanced intelligence layer combines real AQI, forecasted AQI, pollutant signals, meteorological dispersion, source attribution, and intervention scoring."
madhya_pradesh__dewas__bhopal_chauraha_dewas_mppcb,"Bhopal Chauraha, Dewas - MPPCB",Dewas,Madhya Pradesh,22.9682591,76.064118,2026-07-16 05:00:00,32.0,79.0,89.0,22.0,,14.0,,109.0,Moderate,NO2,True,Valid AQI,29.2,64,0.0,15.5,44,57.48,Moderate trapping,General urban / semi-urban proxy,Proxy from station/city naming,15,20,16.16,2.46875,0.4050632911392405,,0.1573033707865168,0.0,0.0,26.4,0.0,36.03,Photochemical smog,36.03,26.4,9.63,28.11,Low confidence,O3 and temperature-related signal; urban photochemical formation likelihood,Partially aligned,"Immediate intervention: Control NOx and VOC sources, reduce peak-hour emissions, and issue ozone/smog exposure advisories.",2026-07-16 10:55:13,2026-07-16 04:00:00,301.5443426042629,250.97061289451267,301.5443426042629,352.11807231401315,Very Poor,109.0,Moderate,Very Poor,192.5443426042629,Increasing,31.81,Low,Proxy derived from ground pollutants and meteorology; not direct satellite imagery,39.63,Low,26.77,Low,44.85,Moderate,35.77,Low,0,1,1,Critical forecast hotspot,36.23,Low,357,Usable,"Advanced intelligence layer combines real AQI, forecasted AQI, pollutant signals, meteorological dispersion, source attribution, and intervention scoring."
maharashtra__pune__revenue_colony_shivajinagar_pune_iitm,"Revenue Colony-Shivajinagar, Pune - IITM",Pune,Maharashtra,18.530085,73.849598,2026-07-16 05:00:00,28.0,34.0,,19.0,17.0,13.0,,300.0,Poor,CO,True,Valid AQI,27.4,67,0.0,13.7,30,60.44,High trapping,Dense urban proxy,Proxy from station/city naming,60,55,55.92,1.2142857142857142,0.8235294117647058,,,0.0,0.0,33.8,29.02,0.0,Construction / road dust,33.8,29.02,4.78,25.09,Low confidence,PM10-heavy particulate pattern; road dust / coarse-particle likelihood,Partially aligned,"Immediate intervention: Apply dust suppression, cover construction material, clean road dust, and enforce construction-site controls.",2026-07-16 10:55:13,2026-07-16 04:00:00,312.54200181273285,261.9682721029826,312.54200181273285,363.1157315224831,Very Poor,300.0,Poor,Very Poor,12.542001812732849,Stable,11.37,Minimal,Proxy derived from ground pollutants and meteorology; not direct satellite imagery,43.66,Moderate,39.89,Low,41.0,Moderate,35.27,Low,1,1,0,Critical forecast hotspot,36.08,Low,358,Usable,"Advanced intelligence layer combines real AQI, forecasted AQI, pollutant signals, meteorological dispersion, source attribution, and intervention scoring."
maharashtra__solapur__ratandeep_housing_society_solapur_mpcb,"Ratandeep Housing Society, Solapur - MPCB",Solapur,Maharashtra,17.65439,75.90649,2026-07-16 05:00:00,33.0,45.0,,3.0,18.0,7.0,4.0,306.27,Very Poor,CO,True,Valid AQI,30.2,52,0.1,14.1,78,52.75,Moderate trapping,General urban / semi-urban proxy,Proxy from station/city naming,15,20,32.56,1.3636363636363635,0.7333333333333333,,,0.0,0.0,18.13,27.08,0.0,Biomass / fine-particle combustion,27.08,18.13,8.95,21.64,Low confidence,PM2.5-heavy fine-particle pattern; CO and stagnant-weather influence,Partially aligned,"Immediate intervention: Track open burning, control biomass combustion sources, increase public alerts, and strengthen fine-particle monitoring.",2026-07-16 10:55:13,2026-07-16 04:00:00,328.745514006599,278.1717842968488,328.745514006599,379.31924371634926,Very Poor,306.27,Very Poor,Very Poor,22.47551400659904,Stable,14.32,Minimal,Proxy derived from ground pollutants and meteorology; not direct satellite imagery,36.85,Low,39.42,Low,42.69,Moderate,34.87,Low,1,1,0,Critical forecast hotspot,35.88,Low,359,Usable,"Advanced intelligence layer combines real AQI, forecasted AQI, pollutant signals, meteorological dispersion, source attribution, and intervention scoring."
uttar_pradesh__gorakhpur__madan_mohan_malaviya_university_of_technology_gorakhpur_uppcb,"Madan Mohan Malaviya University of Technology, Gorakhpur - UPPCB",Gorakhpur,Uttar Pradesh,26.730136,83.433859,2026-07-16 05:00:00,,75.0,11.0,42.0,5.0,36.0,1.0,137.34,Moderate,CO,True,Valid AQI,29.0,87,0.0,6.9,100,87.1,Very high trapping,General urban / semi-urban proxy,Proxy from station/city naming,15,20,31.16,,,2.2,3.272727272727273,3.57,18.78,0.0,0.0,26.17,Photochemical smog,26.17,18.78,7.39,20.54,Low confidence,O3 and temperature-related signal; urban photochemical formation likelihood,Partially aligned,"Routine monitoring: Control NOx and VOC sources, reduce peak-hour emissions, and issue ozone/smog exposure advisories.",2026-07-16 10:55:13,2026-07-16 04:00:00,138.27884019841227,87.70511048866204,138.27884019841227,188.85256990816248,Moderate,137.34,Moderate,Moderate,0.9388401984122652,Stable,21.18,Low,Proxy derived from ground pollutants and meteorology; not direct satellite imagery,88.06,Critical,22.99,Low,28.79,Low,37.38,Low,0,0,0,Watchlist,35.8,Low,360,Usable,"Advanced intelligence layer combines real AQI, forecasted AQI, pollutant signals, meteorological dispersion, source attribution, and intervention scoring."
maharashtra__nagpur__ram_nagar_nagpur_mpcb,"Ram Nagar, Nagpur - MPCB",Nagpur,Maharashtra,21.143383,79.048912,2026-07-16 05:00:00,44.0,59.0,10.0,9.0,13.0,9.0,4.0,242.61,Poor,CO,True,Valid AQI,31.7,59,0.0,15.1,98,61.76,High trapping,Dense urban proxy,Proxy from station/city naming,60,55,51.13,1.3409090909090908,0.7457627118644068,0.7692307692307693,0.9,40.9,15.12,37.31,29.39,33.95,Vehicular traffic,40.9,37.31,3.59,29.71,Low confidence,elevated NO2/CO signal; road-density or urban-pressure influence; traffic/commercial land-use proxy,Aligned,"High-priority intervention: Implement traffic flow control, reduce idling zones, strengthen public transport diversion, and prioritize roadside monitoring.",2026-07-16 10:55:13,2026-07-16 04:00:00,248.1972163419917,197.62348663224145,248.1972163419917,298.770946051742,Poor,242.61,Poor,Poor,5.587216341991677,Stable,20.75,Low,Proxy derived from ground pollutants and meteorology; not direct satellite imagery,49.54,Moderate,35.99,Low,35.98,Low,35.65,Low,1,1,0,High forecast hotspot,35.7,Low,361,Usable,"Advanced intelligence layer combines real AQI, forecasted AQI, pollutant signals, meteorological dispersion, source attribution, and intervention scoring."
karnataka__madikeri__stuart_hill_madikeri_kspcb,"Stuart Hill, Madikeri - KSPCB",Madikeri,Karnataka,12.415911,75.73505,2026-07-16 05:00:00,22.0,30.0,2.0,7.0,13.0,3.0,1.0,242.61,Poor,CO,True,Valid AQI,21.4,83,0.1,12.3,100,69.6,High trapping,General urban / semi-urban proxy,Proxy from station/city naming,15,20,33.66,1.3636363636363635,0.7333333333333333,0.1538461538461538,1.5,2.84,4.81,15.69,29.57,8.18,Biomass / fine-particle combustion,29.57,15.69,13.88,24.86,Low confidence,PM2.5-heavy fine-particle pattern; CO and stagnant-weather influence; high weather trapping,Partially aligned,"High-priority intervention: Track open burning, control biomass combustion sources, increase public alerts, and strengthen fine-particle monitoring.",2026-07-16 10:55:13,2026-07-16 04:00:00,238.2640498015876,187.6903200918374,238.2640498015876,288.8377795113378,Poor,242.61,Poor,Poor,-4.3459501984124245,Stable,13.77,Minimal,Proxy derived from ground pollutants and meteorology; not direct satellite imagery,61.32,High,32.14,Low,35.23,Low,35.23,Low,1,1,0,High forecast hotspot,35.08,Low,362,Usable,"Advanced intelligence layer combines real AQI, forecasted AQI, pollutant signals, meteorological dispersion, source attribution, and intervention scoring."
maharashtra__malegaon__mahesh_nagar_malegaon_mpcb,"Mahesh Nagar, Malegaon - MPCB",Malegaon,Maharashtra,20.555712,74.529236,2026-07-16 05:00:00,71.0,78.0,,,15.0,13.0,1.0,271.3,Poor,CO,True,Valid AQI,29.8,61,0.0,14.9,14,54.46,Moderate trapping,General urban / semi-urban proxy,Proxy from station/city naming,15,20,30.02,1.0985915492957747,0.9102564102564102,,,0.0,0.0,24.2,32.06,0.0,Biomass / fine-particle combustion,32.06,24.2,7.86,24.8,Low confidence,PM2.5-heavy fine-particle pattern; CO and stagnant-weather influence,Partially aligned,"High-priority intervention: Track open burning, control biomass combustion sources, increase public alerts, and strengthen fine-particle monitoring.",2026-07-16 10:55:13,2026-07-16 04:00:00,279.2868423757853,228.71311266603504,279.2868423757853,329.8605720855355,Poor,271.3,Poor,Poor,7.9868423757852725,Stable,22.63,Low,Proxy derived from ground pollutants and meteorology; not direct satellite imagery,33.93,Low,38.83,Low,37.63,Low,34.25,Low,1,1,0,High forecast hotspot,34.82,Low,363,Usable,"Advanced intelligence layer combines real AQI, forecasted AQI, pollutant signals, meteorological dispersion, source attribution, and intervention scoring."
maharashtra__navi_mumbai__tondare_taloja_navi_mumbai_mpcb,"Tondare-Taloja, Navi Mumbai - MPCB",Navi Mumbai,Maharashtra,19.063,73.1209,2026-07-16 05:00:00,25.0,64.0,5.0,21.0,14.0,36.0,5.0,256.96,Poor,CO,True,Valid AQI,28.5,76,0.0,14.0,37,63.9,High trapping,General urban / semi-urban proxy,Proxy from station/city naming,15,20,32.62,2.56,0.390625,0.3571428571428571,7.2,3.8,10.91,24.23,25.78,27.92,Photochemical smog,27.92,25.78,2.14,20.19,Low confidence,O3 and temperature-related signal; urban photochemical formation likelihood,Partially aligned,"High-priority intervention: Control NOx and VOC sources, reduce peak-hour emissions, and issue ozone/smog exposure advisories.",2026-07-16 10:55:13,2026-07-16 04:00:00,264.7357357407414,214.1620060309912,264.7357357407414,315.30946545049164,Poor,256.96,Poor,Poor,7.775735740741425,Stable,17.9,Minimal,Proxy derived from ground pollutants and meteorology; not direct satellite imagery,48.38,Moderate,33.87,Low,37.22,Low,34.58,Low,1,1,0,High forecast hotspot,34.81,Low,364,Usable,"Advanced intelligence layer combines real AQI, forecasted AQI, pollutant signals, meteorological dispersion, source attribution, and intervention scoring."
assam__guwahati__iitg_guwahati_pcba,"IITG, Guwahati - PCBA",Guwahati,Assam,26.2028636,91.70046436,2026-07-16 05:00:00,16.0,16.0,2.0,41.0,7.0,1.0,5.0,162.41,Moderate,CO,True,Valid AQI,30.8,81,0.0,4.5,84,87.64,Very high trapping,General urban / semi-urban proxy,Proxy from station/city naming,15,20,33.72,1.0,1.0,0.2857142857142857,0.5,1.67,17.16,12.67,35.98,23.17,Biomass / fine-particle combustion,35.98,23.17,12.81,29.03,Low confidence,PM2.5-heavy fine-particle pattern; CO and stagnant-weather influence; high weather trapping,Partially aligned,"Routine monitoring: Track open burning, control biomass combustion sources, increase public alerts, and strengthen fine-particle monitoring.",2026-07-16 10:55:13,2026-07-16 04:00:00,160.60596489418035,110.03223518443016,160.60596489418035,211.1796946039306,Moderate,162.41,Moderate,Moderate,-1.8040351058196507,Stable,9.55,Minimal,Proxy derived from ground pollutants and meteorology; not direct satellite imagery,89.31,Critical,24.66,Low,28.95,Low,35.86,Low,0,0,0,Watchlist,34.61,Low,365,Usable,"Advanced intelligence layer combines real AQI, forecasted AQI, pollutant signals, meteorological dispersion, source attribution, and intervention scoring."
nagaland__kohima__pwd_junction_kohima_npcb,"PWD Junction, Kohima - NPCB",Kohima,Nagaland,25.6635413,94.0989878,2026-07-16 05:00:00,1.0,,4.0,53.0,4.0,,1.0,124.81,Moderate,CO,True,Valid AQI,22.9,96,0.0,3.9,98,95.64,Very high trapping,Traffic / commercial proxy,Proxy from station/city naming,30,75,45.89,,,1.0,,34.44,24.45,0.0,0.0,0.0,Vehicular traffic,34.44,24.45,9.99,27.1,Low confidence,elevated NO2/CO signal; road-density or urban-pressure influence; traffic/commercial land-use proxy,Aligned,"Routine monitoring: Implement traffic flow control, reduce idling zones, strengthen public transport diversion, and prioritize roadside monitoring.",2026-07-16 10:55:13,2026-07-16 04:00:00,138.8727958333329,88.29906612358268,138.8727958333329,189.4465255430831,Moderate,124.81,Moderate,Moderate,14.062795833332899,Stable,10.45,Minimal,Proxy derived from ground pollutants and meteorology; not direct satellite imagery,96.59,Critical,22.17,Low,27.06,Low,36.18,Low,0,0,0,Watchlist,34.57,Low,366,Usable,"Advanced intelligence layer combines real AQI, forecasted AQI, pollutant signals, meteorological dispersion, source attribution, and intervention scoring."
rajasthan__sawai_madhopur__sahu_nagar_sawai_madhopur_rspcb,"Sahu Nagar, Sawai Madhopur - RSPCB",Sawai Madhopur,Rajasthan,26.031443,76.359327,2026-07-16 05:00:00,39.0,116.0,17.0,5.0,16.0,55.0,4.0,285.65,Poor,CO,True,Valid AQI,34.1,48,0.0,16.4,29,48.47,Moderate trapping,General urban / semi-urban proxy,Proxy from station/city naming,15,20,28.85,2.9743589743589745,0.3362068965517241,1.0625,3.235294117647059,7.23,7.01,31.48,22.85,39.66,Photochemical smog,39.66,31.48,8.18,30.22,Low confidence,O3 and temperature-related signal; urban photochemical formation likelihood,Partially aligned,"High-priority intervention: Control NOx and VOC sources, reduce peak-hour emissions, and issue ozone/smog exposure advisories.",2026-07-16 10:55:13,2026-07-16 04:00:00,292.6371889055057,242.0634591957555,292.6371889055057,343.210918615256,Poor,285.65,Poor,Poor,6.987188905505718,Stable,27.68,Low,Proxy derived from ground pollutants and meteorology; not direct satellite imagery,26.34,Low,37.31,Low,39.33,Low,33.8,Low,1,1,0,High forecast hotspot,34.53,Low,367,Usable,"Advanced intelligence layer combines real AQI, forecasted AQI, pollutant signals, meteorological dispersion, source attribution, and intervention scoring."
maharashtra__amravati__shri_shivaji_science_college_amravati_mpcb,"Shri Shivaji Science College, Amravati - MPCB",Amravati,Maharashtra,20.939198,77.765701,2026-07-16 05:00:00,33.0,67.0,4.0,5.0,18.0,15.0,2.0,306.27,Very Poor,CO,True,Valid AQI,31.1,58,0.0,15.7,31,53.61,Moderate trapping,General urban / semi-urban proxy,Proxy from station/city naming,15,20,32.92,2.0303030303030303,0.4925373134328358,0.2222222222222222,3.75,4.32,5.1,24.61,25.18,28.44,Photochemical smog,28.44,25.18,3.26,20.89,Low confidence,O3 and temperature-related signal; urban photochemical formation likelihood,Partially aligned,"Immediate intervention: Control NOx and VOC sources, reduce peak-hour emissions, and issue ozone/smog exposure advisories.",2026-07-16 10:55:13,2026-07-16 04:00:00,310.09352031283373,259.5197906030835,310.09352031283373,360.667250022584,Very Poor,306.27,Very Poor,Very Poor,3.8235203128337503,Stable,16.42,Minimal,Proxy derived from ground pollutants and meteorology; not direct satellite imagery,33.56,Low,38.34,Low,40.03,Moderate,33.51,Low,1,1,0,Critical forecast hotspot,34.4,Low,368,Usable,"Advanced intelligence layer combines real AQI, forecasted AQI, pollutant signals, meteorological dispersion, source attribution, and intervention scoring."
karnataka__bengaluru__hebbal_bengaluru_kspcb,"Hebbal, Bengaluru - KSPCB",Bengaluru,Karnataka,13.029152,77.585901,2026-07-16 05:00:00,,49.0,18.0,11.0,16.0,3.0,2.0,285.65,Poor,CO,True,Valid AQI,27.3,49,0.0,13.3,93,60.84,High trapping,Dense urban proxy,Proxy from station/city naming,60,55,54.75,,,1.125,0.1666666666666666,43.51,17.69,0.0,0.0,28.76,Vehicular traffic,43.51,28.76,14.75,34.88,Low confidence,elevated NO2/CO signal; road-density or urban-pressure influence; traffic/commercial land-use proxy,Aligned,"High-priority intervention: Implement traffic flow control, reduce idling zones, strengthen public transport diversion, and prioritize roadside monitoring.",2026-07-16 10:55:13,2026-07-16 04:00:00,253.7699428896108,203.1962131798605,253.7699428896108,304.343672599361,Poor,285.65,Poor,Poor,-31.880057110389174,Decreasing,14.1,Minimal,Proxy derived from ground pollutants and meteorology; not direct satellite imagery,49.34,Moderate,35.12,Low,36.29,Low,34.11,Low,1,1,0,High forecast hotspot,34.38,Low,369,Usable,"Advanced intelligence layer combines real AQI, forecasted AQI, pollutant signals, meteorological dispersion, source attribution, and intervention scoring."
maharashtra__mumbai__kandivali_west_mumbai_bmc,"Kandivali West, Mumbai - BMC",Mumbai,Maharashtra,19.215859,72.831718,2026-07-16 05:00:00,25.0,24.0,17.0,1.0,12.0,6.0,2.0,228.26,Poor,CO,True,Valid AQI,28.3,76,0.0,12.2,29,66.36,High trapping,Dense urban proxy,Proxy from station/city naming,60,55,51.71,0.96,1.0416666666666667,1.4166666666666667,0.3529411764705882,42.48,13.05,31.71,31.14,33.53,Vehicular traffic,42.48,33.53,8.95,32.42,Low confidence,elevated NO2/CO signal; road-density or urban-pressure influence; traffic/commercial land-use proxy,Aligned,"High-priority intervention: Implement traffic flow control, reduce idling zones, strengthen public transport diversion, and prioritize roadside monitoring.",2026-07-16 10:55:13,2026-07-16 04:00:00,271.63888952380955,221.0651598140593,271.63888952380955,322.2126192335598,Poor,228.26,Poor,Poor,43.37888952380956,Increasing,12.08,Minimal,Proxy derived from ground pollutants and meteorology; not direct satellite imagery,52.24,Moderate,33.33,Low,37.42,Low,34.09,Low,1,1,1,High forecast hotspot,34.38,Low,369,Usable,"Advanced intelligence layer combines real AQI, forecasted AQI, pollutant signals, meteorological dispersion, source attribution, and intervention scoring."
rajasthan__bhiwadi__vasundhara_nagar_uit_bhiwadi_rspcb,"Vasundhara Nagar_UIT, Bhiwadi - RSPCB",Bhiwadi,Rajasthan,28.207266,76.829265,2026-07-16 05:00:00,69.0,100.0,17.0,8.0,17.0,25.0,7.0,300.0,Poor,CO,True,Valid AQI,34.5,48,0.0,15.9,0,46.47,Moderate trapping,General urban / semi-urban proxy,Proxy from station/city naming,15,20,29.35,1.4492753623188406,0.69,1.0,1.4705882352941178,7.43,8.32,27.5,28.41,37.38,Photochemical smog,37.38,28.41,8.97,28.86,Low confidence,O3 and temperature-related signal; urban photochemical formation likelihood,Partially aligned,"High-priority intervention: Control NOx and VOC sources, reduce peak-hour emissions, and issue ozone/smog exposure advisories.",2026-07-16 10:55:13,2026-07-16 04:00:00,291.7498271739674,241.17609746421715,291.7498271739674,342.32355688371763,Poor,300.0,Poor,Poor,-8.25017282603261,Stable,27.13,Low,Proxy derived from ground pollutants and meteorology; not direct satellite imagery,21.94,Low,40.47,Moderate,38.53,Low,33.51,Low,1,1,0,High forecast hotspot,34.36,Low,370,Usable,"Advanced intelligence layer combines real AQI, forecasted AQI, pollutant signals, meteorological dispersion, source attribution, and intervention scoring."
rajasthan__hanumangarh__housing_board_hanumangarh_rspcb,"Housing Board, Hanumangarh - RSPCB",Hanumangarh,Rajasthan,29.61075,74.283608,2026-07-16 05:00:00,29.0,96.0,5.0,5.0,17.0,54.0,10.0,300.0,Poor,CO,True,Valid AQI,36.4,41,0.0,11.5,0,51.86,Moderate trapping,General urban / semi-urban proxy,Proxy from station/city naming,15,20,31.6,3.310344827586207,0.3020833333333333,0.2941176470588235,10.8,4.38,5.12,27.55,23.7,42.38,Photochemical smog,42.38,27.55,14.83,34.12,Low confidence,O3 and temperature-related signal; urban photochemical formation likelihood,Partially aligned,"Immediate intervention: Control NOx and VOC sources, reduce peak-hour emissions, and issue ozone/smog exposure advisories.",2026-07-16 10:55:13,2026-07-16 04:00:00,302.8302089026638,252.2564791929136,302.8302089026638,353.40393861241404,Very Poor,300.0,Poor,Very Poor,2.8302089026637987,Stable,19.32,Minimal,Proxy derived from ground pollutants and meteorology; not direct satellite imagery,32.1,Low,37.35,Low,39.54,Low,33.35,Low,1,1,0,Critical forecast hotspot,34.17,Low,371,Usable,"Advanced intelligence layer combines real AQI, forecasted AQI, pollutant signals, meteorological dispersion, source attribution, and intervention scoring."
rajasthan__bundi__new_colony_bundi_rspcb,"New Colony, Bundi - RSPCB",Bundi,Rajasthan,25.435774,75.644272,2026-07-16 05:00:00,34.0,80.0,30.0,5.0,14.0,40.0,,256.96,Poor,CO,True,Valid AQI,33.1,53,0.0,13.4,28,55.63,Moderate trapping,General urban / semi-urban proxy,Proxy from station/city naming,15,20,29.17,2.3529411764705883,0.425,2.142857142857143,1.3333333333333333,10.15,8.92,25.41,25.05,37.97,Photochemical smog,37.97,25.41,12.56,30.35,Low confidence,O3 and temperature-related signal; urban photochemical formation likelihood,Partially aligned,"High-priority intervention: Control NOx and VOC sources, reduce peak-hour emissions, and issue ozone/smog exposure advisories.",2026-07-16 10:55:13,2026-07-16 04:00:00,269.5198265800869,218.94609687033665,269.5198265800869,320.0935562898371,Poor,256.96,Poor,Poor,12.559826580086906,Stable,23.61,Low,Proxy derived from ground pollutants and meteorology; not direct satellite imagery,37.63,Low,34.34,Low,37.32,Low,33.75,Low,1,1,0,High forecast hotspot,34.13,Low,372,Usable,"Advanced intelligence layer combines real AQI, forecasted AQI, pollutant signals, meteorological dispersion, source attribution, and intervention scoring."
karnataka__vijayapura__ibrahimpur_vijayapura_kspcb,"Ibrahimpur, Vijayapura - KSPCB",Vijayapura,Karnataka,16.802639,75.722694,2026-07-16 05:00:00,27.0,43.0,12.0,3.0,22.0,16.0,4.0,329.7,Very Poor,CO,True,Valid AQI,29.4,54,0.0,17.3,31,49.24,Moderate trapping,General urban / semi-urban proxy,Proxy from station/city naming,15,20,33.27,1.5925925925925926,0.627906976744186,0.5454545454545454,1.3333333333333333,7.13,6.26,22.16,24.85,27.43,Photochemical smog,27.43,24.85,2.58,19.97,Low confidence,O3 and temperature-related signal; urban photochemical formation likelihood,Partially aligned,"Immediate intervention: Control NOx and VOC sources, reduce peak-hour emissions, and issue ozone/smog exposure advisories.",2026-07-16 10:55:13,2026-07-16 04:00:00,336.24721395607526,285.673484246325,336.24721395607526,386.8209436658255,Very Poor,329.7,Very Poor,Very Poor,6.547213956075268,Stable,13.91,Minimal,Proxy derived from ground pollutants and meteorology; not direct satellite imagery,26.81,Low,39.51,Low,41.56,Moderate,32.47,Low,1,1,0,Critical forecast hotspot,33.73,Low,373,Usable,"Advanced intelligence layer combines real AQI, forecasted AQI, pollutant signals, meteorological dispersion, source attribution, and intervention scoring."
maharashtra__ambernath__chinchpada_ambernath_mpcb,"Chinchpada, Ambernath - MPCB",Ambernath,Maharashtra,19.215784,73.199781,2026-07-16 05:00:00,36.0,67.0,4.0,2.0,13.0,3.0,4.0,242.61,Poor,CO,True,Valid AQI,30.4,65,0.0,13.1,33,61.09,High trapping,General urban / semi-urban proxy,Proxy from station/city naming,15,20,30.11,1.8611111111111112,0.5373134328358209,0.3076923076923077,0.75,3.35,3.2,23.21,27.32,25.75,Biomass / fine-particle combustion,27.32,25.75,1.57,19.6,Low confidence,PM2.5-heavy fine-particle pattern; CO and stagnant-weather influence; high weather trapping,Partially aligned,"High-priority intervention: Track open burning, control biomass combustion sources, increase public alerts, and strengthen fine-particle monitoring.",2026-07-16 10:55:13,2026-07-16 04:00:00,268.8752053371663,218.30147562741604,268.8752053371663,319.4489350469165,Poor,242.61,Poor,Poor,26.265205337166265,Increasing,16.21,Minimal,Proxy derived from ground pollutants and meteorology; not direct satellite imagery,45.17,Moderate,33.24,Low,36.73,Low,33.27,Low,1,1,1,High forecast hotspot,33.61,Low,374,Usable,"Advanced intelligence layer combines real AQI, forecasted AQI, pollutant signals, meteorological dispersion, source attribution, and intervention scoring."
karnataka__bagalkot__vidayagiri_bagalkot_kspcb,"Vidayagiri, Bagalkot - KSPCB",Bagalkot,Karnataka,16.172806,75.659694,2026-07-16 05:00:00,32.0,51.0,10.0,10.0,24.0,18.0,1.0,341.42,Very Poor,CO,True,Valid AQI,29.7,54,0.0,17.5,23,48.08,Moderate trapping,General urban / semi-urban proxy,Proxy from station/city naming,15,20,33.88,1.59375,0.6274509803921569,0.4166666666666667,1.8,7.01,8.93,23.12,25.43,28.24,Photochemical smog,28.24,25.43,2.81,20.61,Low confidence,O3 and temperature-related signal; urban photochemical formation likelihood,Partially aligned,"Immediate intervention: Control NOx and VOC sources, reduce peak-hour emissions, and issue ozone/smog exposure advisories.",2026-07-16 10:55:13,2026-07-16 04:00:00,324.2126415410329,273.63891183128266,324.2126415410329,374.78637125078313,Very Poor,341.42,Very Poor,Very Poor,-17.20735845896712,Stable,15.39,Minimal,Proxy derived from ground pollutants and meteorology; not direct satellite imagery,24.56,Low,40.12,Moderate,40.64,Moderate,32.22,Low,1,1,0,Critical forecast hotspot,33.46,Low,375,Usable,"Advanced intelligence layer combines real AQI, forecasted AQI, pollutant signals, meteorological dispersion, source attribution, and intervention scoring."
uttar_pradesh__bareilly__rajendra_nagar_bareilly_uppcb,"Rajendra Nagar, Bareilly - UPPCB",Bareilly,Uttar Pradesh,28.38910936,79.42963708,2026-07-16 05:00:00,20.0,48.0,9.0,9.0,8.0,,1.0,174.94,Moderate,CO,True,Valid AQI,33.4,69,0.0,2.3,17,80.51,Very high trapping,General urban / semi-urban proxy,Proxy from station/city naming,15,20,31.91,2.4,0.4166666666666667,1.125,,3.65,6.04,16.99,31.08,0.0,Biomass / fine-particle combustion,31.08,16.99,14.09,25.98,Low confidence,PM2.5-heavy fine-particle pattern; CO and stagnant-weather influence; high weather trapping,Partially aligned,"Routine monitoring: Track open burning, control biomass combustion sources, increase public alerts, and strengthen fine-particle monitoring.",2026-07-16 10:55:13,2026-07-16 04:00:00,185.48219254606747,134.90846283631726,185.48219254606747,236.05592225581768,Moderate,174.94,Moderate,Moderate,10.542192546067469,Stable,10.85,Minimal,Proxy derived from ground pollutants and meteorology; not direct satellite imagery,76.53,High,25.7,Low,30.1,Low,34.22,Low,0,0,0,Watchlist,33.38,Low,376,Usable,"Advanced intelligence layer combines real AQI, forecasted AQI, pollutant signals, meteorological dispersion, source attribution, and intervention scoring."
maharashtra__beed__bir_beed_mpcb,"Bir, Beed - MPCB",Beed,Maharashtra,18.988474,75.753873,2026-07-16 05:00:00,26.0,62.0,13.0,3.0,14.0,10.0,3.0,256.96,Poor,CO,True,Valid AQI,30.0,54,0.0,15.7,65,55.54,Moderate trapping,General urban / semi-urban proxy,Proxy from station/city naming,15,20,29.13,2.3846153846153846,0.4193548387096774,0.9285714285714286,0.7692307692307693,5.83,5.26,24.55,23.62,25.77,Photochemical smog,25.77,24.55,1.22,18.4,Low confidence,O3 and temperature-related signal; urban photochemical formation likelihood,Partially aligned,"High-priority intervention: Control NOx and VOC sources, reduce peak-hour emissions, and issue ozone/smog exposure advisories.",2026-07-16 10:55:13,2026-07-16 04:00:00,290.8056960303483,240.23196632059808,290.8056960303483,341.3794257400985,Poor,256.96,Poor,Poor,33.845696030348336,Increasing,16.71,Minimal,Proxy derived from ground pollutants and meteorology; not direct satellite imagery,38.64,Low,33.64,Low,38.57,Low,32.73,Low,1,1,1,High forecast hotspot,33.36,Low,377,Usable,"Advanced intelligence layer combines real AQI, forecasted AQI, pollutant signals, meteorological dispersion, source attribution, and intervention scoring."
uttar_pradesh__khurja__kalindi_kunj_khurja_uppcb,"Kalindi Kunj, Khurja - UPPCB",Khurja,Uttar Pradesh,28.2348927,77.8683002,2026-07-16 05:00:00,35.0,60.0,13.0,10.0,15.0,23.0,1.0,271.3,Poor,CO,True,Valid AQI,34.0,57,0.0,12.1,8,57.46,Moderate trapping,General urban / semi-urban proxy,Proxy from station/city naming,15,20,31.27,1.7142857142857142,0.5833333333333334,0.8666666666666667,1.7692307692307692,6.02,8.13,21.81,27.25,35.55,Photochemical smog,35.55,27.25,8.3,27.38,Low confidence,O3 and temperature-related signal; urban photochemical formation likelihood,Partially aligned,"High-priority intervention: Control NOx and VOC sources, reduce peak-hour emissions, and issue ozone/smog exposure advisories.",2026-07-16 10:55:13,2026-07-16 04:00:00,279.8182113494917,229.24448163974148,279.8182113494917,330.391941059242,Poor,271.3,Poor,Poor,8.518211349491708,Stable,16.47,Minimal,Proxy derived from ground pollutants and meteorology; not direct satellite imagery,39.38,Low,35.09,Low,37.09,Low,32.82,Low,1,1,0,High forecast hotspot,33.36,Low,377,Usable,"Advanced intelligence layer combines real AQI, forecasted AQI, pollutant signals, meteorological dispersion, source attribution, and intervention scoring."
rajasthan__dholpur__raja_ganj_dholpur_rspcb,"Raja Ganj, Dholpur - RSPCB",Dholpur,Rajasthan,26.699557,77.898881,2026-07-16 05:00:00,49.0,40.0,12.0,5.0,21.0,19.0,5.0,323.85,Very Poor,CO,True,Valid AQI,35.2,47,0.0,15.9,5,46.6,Moderate trapping,General urban / semi-urban proxy,Proxy from station/city naming,15,20,31.63,0.8163265306122449,1.225,0.5714285714285714,1.5833333333333333,6.93,6.89,20.17,30.98,36.54,Photochemical smog,36.54,30.98,5.56,27.25,Low confidence,O3 and temperature-related signal; urban photochemical formation likelihood,Partially aligned,"Immediate intervention: Control NOx and VOC sources, reduce peak-hour emissions, and issue ozone/smog exposure advisories.",2026-07-16 10:55:13,2026-07-16 04:00:00,333.56107268553103,282.9873429757808,333.56107268553103,384.13480239528127,Very Poor,323.85,Very Poor,Very Poor,9.711072685531008,Stable,15.43,Minimal,Proxy derived from ground pollutants and meteorology; not direct satellite imagery,22.5,Low,40.65,Moderate,40.76,Moderate,32.01,Low,1,1,0,Critical forecast hotspot,33.32,Low,378,Usable,"Advanced intelligence layer combines real AQI, forecasted AQI, pollutant signals, meteorological dispersion, source attribution, and intervention scoring."
rajasthan__nagaur__karni_colony_nagaur_rspcb,"Karni Colony, Nagaur - RSPCB",Nagaur,Rajasthan,27.213494,73.734444,2026-07-16 05:00:00,39.0,93.0,8.0,6.0,18.0,21.0,3.0,306.27,Very Poor,CO,True,Valid AQI,34.2,47,0.0,14.7,15,49.77,Moderate trapping,General urban / semi-urban proxy,Proxy from station/city naming,15,20,31.31,2.3846153846153846,0.4193548387096774,0.4444444444444444,2.625,5.33,6.16,27.44,24.55,34.54,Photochemical smog,34.54,27.44,7.1,26.31,Low confidence,O3 and temperature-related signal; urban photochemical formation likelihood,Partially aligned,"Immediate intervention: Control NOx and VOC sources, reduce peak-hour emissions, and issue ozone/smog exposure advisories.",2026-07-16 10:55:13,2026-07-16 04:00:00,292.53737979954843,241.9636500897982,292.53737979954843,343.1111095092987,Poor,306.27,Very Poor,Poor,-13.73262020045155,Stable,20.08,Low,Proxy derived from ground pollutants and meteorology; not direct satellite imagery,28.2,Low,37.75,Low,38.19,Low,32.44,Low,1,1,0,Critical current hotspot,33.28,Low,379,Usable,"Advanced intelligence layer combines real AQI, forecasted AQI, pollutant signals, meteorological dispersion, source attribution, and intervention scoring."
rajasthan__bikaner__mm_ground_bikaner_rspcb,"MM Ground, Bikaner - RSPCB",Bikaner,Rajasthan,28.018792,73.292658,2026-07-16 05:00:00,29.0,141.0,12.0,6.0,14.0,35.0,5.0,256.96,Poor,CO,True,Valid AQI,35.9,40,0.0,12.4,1,49.96,Moderate trapping,General urban / semi-urban proxy,Proxy from station/city naming,15,20,26.8,4.862068965517241,0.2056737588652482,0.8571428571428571,2.9166666666666665,5.58,6.26,34.88,21.73,39.89,Photochemical smog,39.89,34.88,5.01,29.43,Low confidence,O3 and temperature-related signal; urban photochemical formation likelihood,Partially aligned,"High-priority intervention: Control NOx and VOC sources, reduce peak-hour emissions, and issue ozone/smog exposure advisories.",2026-07-16 10:55:13,2026-07-16 04:00:00,290.9112428328691,240.33751312311887,290.9112428328691,341.48497254261935,Poor,256.96,Poor,Poor,33.95124283286913,Increasing,24.46,Low,Proxy derived from ground pollutants and meteorology; not direct satellite imagery,29.09,Low,33.9,Low,38.83,Low,32.53,Low,1,1,1,High forecast hotspot,33.23,Low,380,Usable,"Advanced intelligence layer combines real AQI, forecasted AQI, pollutant signals, meteorological dispersion, source attribution, and intervention scoring."
rajasthan__pratapgarh__pragati_nagar_pratapgarh_rspcb,"Pragati Nagar, Pratapgarh - RSPCB",Pratapgarh,Rajasthan,24.041198,74.780702,2026-07-16 05:00:00,31.0,67.0,10.0,1.0,17.0,41.0,4.0,300.0,Poor,CO,True,Valid AQI,29.2,64,0.1,15.9,35,49.6,Moderate trapping,General urban / semi-urban proxy,Proxy from station/city naming,15,20,30.66,2.161290322580645,0.4626865671641791,0.5882352941176471,4.1,5.65,4.41,22.38,23.51,27.75,Photochemical smog,27.75,23.51,4.24,20.7,Low confidence,O3 and temperature-related signal; urban photochemical formation likelihood,Partially aligned,"Immediate intervention: Control NOx and VOC sources, reduce peak-hour emissions, and issue ozone/smog exposure advisories.",2026-07-16 10:55:13,2026-07-16 04:00:00,302.5617433842314,251.9880136744812,302.5617433842314,353.13547309398166,Very Poor,300.0,Poor,Very Poor,2.56174338423142,Stable,19.69,Minimal,Proxy derived from ground pollutants and meteorology; not direct satellite imagery,28.18,Low,37.0,Low,38.83,Low,32.32,Low,1,1,0,Critical forecast hotspot,33.21,Low,381,Usable,"Advanced intelligence layer combines real AQI, forecasted AQI, pollutant signals, meteorological dispersion, source attribution, and intervention scoring."
maharashtra__thane__upvan_fort_thane_mpcb,"Upvan Fort, Thane - MPCB",Thane,Maharashtra,19.222279,72.957979,2026-07-16 05:00:00,23.0,33.0,,3.0,12.0,0.0,,228.26,Poor,CO,True,Valid AQI,29.1,75,0.0,11.1,31,68.18,High trapping,General urban / semi-urban proxy,Proxy from station/city naming,15,20,31.73,1.434782608695652,0.696969696969697,,,0.0,0.0,18.07,29.13,0.0,Biomass / fine-particle combustion,29.13,18.07,11.06,23.71,Low confidence,PM2.5-heavy fine-particle pattern; CO and stagnant-weather influence; high weather trapping,Partially aligned,"High-priority intervention: Track open burning, control biomass combustion sources, increase public alerts, and strengthen fine-particle monitoring.",2026-07-16 10:55:13,2026-07-16 04:00:00,256.05026324074106,205.4765335309908,256.05026324074106,306.6239929504913,Poor,228.26,Poor,Poor,27.79026324074107,Increasing,9.73,Minimal,Proxy derived from ground pollutants and meteorology; not direct satellite imagery,55.54,Moderate,30.61,Low,35.26,Low,32.82,Low,1,1,1,High forecast hotspot,32.95,Low,382,Usable,"Advanced intelligence layer combines real AQI, forecasted AQI, pollutant signals, meteorological dispersion, source attribution, and intervention scoring."
madhya_pradesh__indore__maguda_nagar_indore_imc,"Maguda Nagar, Indore - IMC",Indore,Madhya Pradesh,22.7524,75.8872,2026-07-16 05:00:00,23.0,35.0,3.0,18.0,17.0,12.0,,300.0,Poor,CO,True,Valid AQI,29.4,58,0.1,12.1,39,54.67,Moderate trapping,Dense urban proxy,Proxy from station/city naming,60,55,53.51,1.5217391304347827,0.6571428571428571,0.1764705882352941,4.0,39.89,18.02,31.1,26.2,31.0,Vehicular traffic,39.89,31.1,8.79,30.56,Low confidence,elevated NO2/CO signal; road-density or urban-pressure influence; traffic/commercial land-use proxy,Aligned,"High-priority intervention: Implement traffic flow control, reduce idling zones, strengthen public transport diversion, and prioritize roadside monitoring.",2026-07-16 10:55:13,2026-07-16 04:00:00,291.8027314907124,241.22900178096216,291.8027314907124,342.37646120046264,Poor,300.0,Poor,Poor,-8.197268509287596,Stable,10.57,Minimal,Proxy derived from ground pollutants and meteorology; not direct satellite imagery,37.79,Low,37.1,Low,37.12,Low,31.94,Low,1,1,0,High forecast hotspot,32.72,Low,383,Usable,"Advanced intelligence layer combines real AQI, forecasted AQI, pollutant signals, meteorological dispersion, source attribution, and intervention scoring."
odisha__suakati__omc_colony_suakati_ospcb,"OMC Colony, Suakati - OSPCB",Suakati,Odisha,21.606865,85.510538,2026-07-16 05:00:00,42.0,88.0,18.0,3.0,8.0,16.0,3.0,174.94,Moderate,CO,True,Valid AQI,26.9,79,0.0,16.4,98,66.76,High trapping,General urban / semi-urban proxy,Proxy from station/city naming,15,20,26.18,2.095238095238096,0.4772727272727273,2.25,0.8888888888888888,5.94,5.24,27.29,27.22,21.66,Construction / road dust,27.29,27.22,0.07,19.12,Low confidence,PM10-heavy particulate pattern; road dust / coarse-particle likelihood,Partially aligned,"Routine monitoring: Apply dust suppression, cover construction material, clean road dust, and enforce construction-site controls.",2026-07-16 10:55:13,2026-07-16 04:00:00,178.48759826797448,127.91386855822424,178.48759826797448,229.06132797772472,Moderate,174.94,Moderate,Moderate,3.547598267974479,Stable,27.25,Low,Proxy derived from ground pollutants and meteorology; not direct satellite imagery,54.92,Moderate,27.09,Low,29.35,Low,33.37,Low,0,0,0,Watchlist,32.65,Low,384,Usable,"Advanced intelligence layer combines real AQI, forecasted AQI, pollutant signals, meteorological dispersion, source attribution, and intervention scoring."
maharashtra__mumbai__bandra_kurla_complex_mumbai_iitm,"Bandra Kurla Complex, Mumbai - IITM",Mumbai,Maharashtra,19.053536,72.84643,2026-07-16 05:00:00,18.0,60.0,10.0,4.0,10.0,15.0,4.0,200.0,Moderate,CO,True,Valid AQI,28.2,76,0.0,11.3,40,69.09,High trapping,Dense urban proxy,Proxy from station/city naming,60,55,50.22,3.333333333333333,0.3,1.0,1.5,40.31,12.74,38.35,25.51,33.24,Vehicular traffic,40.31,38.35,1.96,28.8,Low confidence,elevated NO2/CO signal; road-density or urban-pressure influence; traffic/commercial land-use proxy,Aligned,"High-priority intervention: Implement traffic flow control, reduce idling zones, strengthen public transport diversion, and prioritize roadside monitoring.",2026-07-16 10:55:13,2026-07-16 04:00:00,220.6758862831232,170.102156573373,220.6758862831232,271.24961599287343,Poor,200.0,Moderate,Poor,20.67588628312319,Stable,15.24,Minimal,Proxy derived from ground pollutants and meteorology; not direct satellite imagery,57.23,Moderate,28.97,Low,32.28,Low,32.87,Low,0,1,0,High forecast hotspot,32.62,Low,385,Usable,"Advanced intelligence layer combines real AQI, forecasted AQI, pollutant signals, meteorological dispersion, source attribution, and intervention scoring."
uttar_pradesh__prayagraj__motilal_nehru_nit_prayagraj_uppcb,"Motilal Nehru NIT, Prayagraj - UPPCB",Prayagraj,Uttar Pradesh,25.494,81.863,2026-07-16 05:00:00,32.0,32.0,12.0,43.0,6.0,14.0,8.0,149.87,Moderate,CO,True,Valid AQI,33.8,59,0.0,6.1,99,78.15,High trapping,General urban / semi-urban proxy,Proxy from station/city naming,15,20,28.59,1.0,1.0,2.0,1.1666666666666667,4.02,19.48,15.12,34.75,29.35,Biomass / fine-particle combustion,34.75,29.35,5.4,25.94,Low confidence,PM2.5-heavy fine-particle pattern; CO and stagnant-weather influence; high weather trapping,Partially aligned,"Routine monitoring: Track open burning, control biomass combustion sources, increase public alerts, and strengthen fine-particle monitoring.",2026-07-16 10:55:13,2026-07-16 04:00:00,152.73981746031785,102.16608775056764,152.73981746031785,203.3135471700681,Moderate,149.87,Moderate,Moderate,2.8698174603178472,Stable,15.33,Minimal,Proxy derived from ground pollutants and meteorology; not direct satellite imagery,77.21,High,23.93,Low,26.99,Low,33.78,Low,0,0,0,Watchlist,32.61,Low,386,Usable,"Advanced intelligence layer combines real AQI, forecasted AQI, pollutant signals, meteorological dispersion, source attribution, and intervention scoring."
telangana__hyderabad__kompally_municipal_office_hyderabad_tspcb,"Kompally Municipal Office, Hyderabad - TSPCB",Hyderabad,Telangana,17.544899,78.486949,2026-07-16 05:00:00,38.0,57.0,13.0,9.0,13.0,12.0,3.0,242.61,Poor,CO,True,Valid AQI,29.3,60,0.0,17.7,98,57.42,Moderate trapping,Dense urban proxy,Proxy from station/city naming,60,55,49.32,1.5,0.6666666666666666,1.0,0.9230769230769232,41.66,15.63,38.48,26.51,31.69,Vehicular traffic,41.66,38.48,3.18,30.12,Low confidence,elevated NO2/CO signal; road-density or urban-pressure influence; traffic/commercial land-use proxy,Aligned,"High-priority intervention: Implement traffic flow control, reduce idling zones, strengthen public transport diversion, and prioritize roadside monitoring.",2026-07-16 10:55:13,2026-07-16 04:00:00,236.0032904557485,185.4295607459983,236.0032904557485,286.5770201654987,Poor,242.61,Poor,Poor,-6.606709544251515,Stable,20.33,Low,Proxy derived from ground pollutants and meteorology; not direct satellite imagery,42.07,Moderate,33.5,Low,33.0,Low,32.43,Low,1,1,0,High forecast hotspot,32.54,Low,387,Usable,"Advanced intelligence layer combines real AQI, forecasted AQI, pollutant signals, meteorological dispersion, source attribution, and intervention scoring."
rajasthan__banswara__rati_talai_banswara_rspcb,"Rati Talai, Banswara - RSPCB",Banswara,Rajasthan,23.55519,74.44001,2026-07-16 05:00:00,63.0,96.0,24.0,4.0,9.0,23.0,2.0,187.47,Moderate,CO,True,Valid AQI,30.5,63,0.0,11.4,16,61.73,High trapping,General urban / semi-urban proxy,Proxy from station/city naming,15,20,25.24,1.5238095238095235,0.65625,2.6666666666666665,0.9583333333333334,7.66,6.79,25.13,30.81,32.09,Photochemical smog,32.09,30.81,1.28,22.85,Low confidence,O3 and temperature-related signal; urban photochemical formation likelihood,Partially aligned,"Routine monitoring: Control NOx and VOC sources, reduce peak-hour emissions, and issue ozone/smog exposure advisories.",2026-07-16 10:55:13,2026-07-16 04:00:00,198.33889672584465,147.76516701609438,198.33889672584465,248.9126264355949,Moderate,187.47,Moderate,Moderate,10.86889672584465,Stable,27.95,Low,Proxy derived from ground pollutants and meteorology; not direct satellite imagery,45.95,Moderate,29.95,Low,30.48,Low,32.91,Low,0,0,0,Watchlist,32.52,Low,388,Usable,"Advanced intelligence layer combines real AQI, forecasted AQI, pollutant signals, meteorological dispersion, source attribution, and intervention scoring."
karnataka__bengaluru__jayanagar_5th_block_bengaluru_kspcb,"Jayanagar 5th Block, Bengaluru - KSPCB",Bengaluru,Karnataka,12.920984,77.584908,2026-07-16 05:00:00,39.0,70.0,8.0,15.0,9.0,49.0,1.0,187.47,Moderate,CO,True,Valid AQI,26.8,54,0.0,12.8,97,63.99,High trapping,Dense urban proxy,Proxy from station/city naming,60,55,46.93,1.794871794871795,0.5571428571428572,0.8888888888888888,6.125,39.61,16.54,38.06,27.8,33.15,Vehicular traffic,39.61,38.06,1.55,28.19,Low confidence,elevated NO2/CO signal; road-density or urban-pressure influence; traffic/commercial land-use proxy,Aligned,"Routine monitoring: Implement traffic flow control, reduce idling zones, strengthen public transport diversion, and prioritize roadside monitoring.",2026-07-16 10:55:13,2026-07-16 04:00:00,183.64816878709465,133.07443907734438,183.64816878709465,234.2218984968449,Moderate,187.47,Moderate,Moderate,-3.8218312129053515,Stable,23.01,Low,Proxy derived from ground pollutants and meteorology; not direct satellite imagery,54.02,Moderate,28.77,Low,28.86,Low,32.7,Low,0,0,0,Watchlist,32.12,Low,389,Usable,"Advanced intelligence layer combines real AQI, forecasted AQI, pollutant signals, meteorological dispersion, source attribution, and intervention scoring."
karnataka__mangalore__kadri_mangalore_kspcb,"Kadri, Mangalore - KSPCB",Mangalore,Karnataka,12.88925,74.853,2026-07-16 05:00:00,50.0,62.0,3.0,,,37.0,1.0,83.1,Satisfactory,PM2.5,True,Valid AQI,28.7,75,0.0,5.8,98,84.48,Very high trapping,General urban / semi-urban proxy,Proxy from station/city naming,15,20,25.02,1.24,0.8064516129032258,,12.333333333333334,0.0,0.0,18.54,0.0,25.01,Photochemical smog,25.01,18.54,6.47,19.45,Low confidence,O3 and temperature-related signal; urban photochemical formation likelihood,Partially aligned,"Routine monitoring: Control NOx and VOC sources, reduce peak-hour emissions, and issue ozone/smog exposure advisories.",2026-07-16 10:55:13,2026-07-16 04:00:00,83.67969777777766,33.10596806802744,83.67969777777766,134.2534274875279,Satisfactory,83.1,Satisfactory,Satisfactory,0.5796977777776675,Stable,23.44,Low,Proxy derived from ground pollutants and meteorology; not direct satellite imagery,85.4,Critical,19.5,Minimal,21.45,Low,34.05,Low,0,0,0,Watchlist,32.06,Low,390,Usable,"Advanced intelligence layer combines real AQI, forecasted AQI, pollutant signals, meteorological dispersion, source attribution, and intervention scoring."
uttar_pradesh__agra__shastripuram_agra_uppcb,"Shastripuram, Agra - UPPCB",Agra,Uttar Pradesh,27.19862,77.92066,2026-07-16 05:00:00,45.0,,26.0,11.0,14.0,34.0,3.0,256.96,Poor,CO,True,Valid AQI,34.4,54,0.0,11.5,3,56.94,Moderate trapping,Dense urban proxy,Proxy from station/city naming,60,55,50.45,,,1.8571428571428568,1.3076923076923077,45.16,18.76,0.0,0.0,47.7,Photochemical smog,47.7,45.16,2.54,34.15,Low confidence,O3 and temperature-related signal; urban photochemical formation likelihood,Partially aligned,"High-priority intervention: Control NOx and VOC sources, reduce peak-hour emissions, and issue ozone/smog exposure advisories.",2026-07-16 10:55:13,2026-07-16 04:00:00,259.040390569986,208.46666086023575,259.040390569986,309.61412027973626,Poor,256.96,Poor,Poor,2.0803905699860366,Stable,15.39,Minimal,Proxy derived from ground pollutants and meteorology; not direct satellite imagery,38.79,Low,35.21,Low,33.83,Low,31.55,Low,1,1,0,High forecast hotspot,31.96,Low,391,Usable,"Advanced intelligence layer combines real AQI, forecasted AQI, pollutant signals, meteorological dispersion, source attribution, and intervention scoring."
puducherry__puducherry__jawahar_nagar_puducherry_ppcc,"Jawahar Nagar, Puducherry - PPCC",Puducherry,Puducherry,11.9309,79.8027,2026-07-16 05:00:00,29.0,54.0,10.0,8.0,16.0,33.0,3.0,285.65,Poor,CO,True,Valid AQI,34.3,43,0.0,13.8,33,51.73,Moderate trapping,General urban / semi-urban proxy,Proxy from station/city naming,15,20,30.21,1.862068965517241,0.5370370370370371,0.625,3.3,5.45,6.99,22.13,24.65,35.72,Photochemical smog,35.72,24.65,11.07,28.32,Low confidence,O3 and temperature-related signal; urban photochemical formation likelihood,Partially aligned,"High-priority intervention: Control NOx and VOC sources, reduce peak-hour emissions, and issue ozone/smog exposure advisories.",2026-07-16 10:55:13,2026-07-16 04:00:00,291.0697894257713,240.49605971602108,291.0697894257713,341.6435191355216,Poor,285.65,Poor,Poor,5.4197894257713415,Stable,15.03,Minimal,Proxy derived from ground pollutants and meteorology; not direct satellite imagery,32.76,Low,34.89,Low,36.9,Low,31.1,Low,1,1,0,High forecast hotspot,31.87,Low,392,Usable,"Advanced intelligence layer combines real AQI, forecasted AQI, pollutant signals, meteorological dispersion, source attribution, and intervention scoring."
rajasthan__jalore__mudtra_sili_jalore_rspcb,"Mudtra Sili, Jalore - RSPCB",Jalore,Rajasthan,25.344694,72.626208,2026-07-16 05:00:00,36.0,85.0,11.0,2.0,14.0,36.0,3.0,256.96,Poor,CO,True,Valid AQI,32.3,55,0.0,14.5,2,51.78,Moderate trapping,General urban / semi-urban proxy,Proxy from station/city naming,15,20,27.56,2.361111111111111,0.4235294117647059,0.7857142857142857,3.272727272727273,5.32,4.54,26.46,24.04,35.27,Photochemical smog,35.27,26.46,8.81,27.33,Low confidence,O3 and temperature-related signal; urban photochemical formation likelihood,Partially aligned,"High-priority intervention: Control NOx and VOC sources, reduce peak-hour emissions, and issue ozone/smog exposure advisories.",2026-07-16 10:55:13,2026-07-16 04:00:00,284.34954630680056,233.77581659705032,284.34954630680056,334.9232760165508,Poor,256.96,Poor,Poor,27.389546306800582,Increasing,19.84,Minimal,Proxy derived from ground pollutants and meteorology; not direct satellite imagery,29.9,Low,33.52,Low,36.8,Low,31.04,Low,1,1,1,High forecast hotspot,31.74,Low,393,Usable,"Advanced intelligence layer combines real AQI, forecasted AQI, pollutant signals, meteorological dispersion, source attribution, and intervention scoring."
maharashtra__mumbai__siddharth_nagar_worli_mumbai_iitm,"Siddharth Nagar-Worli, Mumbai - IITM",Mumbai,Maharashtra,19.000083,72.813993,2026-07-16 05:00:00,30.0,62.0,15.0,,11.0,23.0,1.0,213.91,Poor,CO,True,Valid AQI,28.0,76,0.0,13.4,41,65.39,High trapping,Dense urban proxy,Proxy from station/city naming,60,55,49.97,2.066666666666667,0.4838709677419355,1.3636363636363635,1.5333333333333334,41.78,0.0,37.83,26.91,34.7,Vehicular traffic,41.78,37.83,3.95,30.43,Low confidence,elevated NO2/CO signal; road-density or urban-pressure influence; traffic/commercial land-use proxy,Aligned,"High-priority intervention: Implement traffic flow control, reduce idling zones, strengthen public transport diversion, and prioritize roadside monitoring.",2026-07-16 10:55:13,2026-07-16 04:00:00,201.29391927538137,150.72018956563113,201.29391927538137,251.8676489851316,Poor,213.91,Poor,Poor,-12.616080724618627,Stable,19.14,Minimal,Proxy derived from ground pollutants and meteorology; not direct satellite imagery,51.03,Moderate,29.84,Low,30.0,Low,31.99,Low,1,1,0,High forecast hotspot,31.68,Low,394,Usable,"Advanced intelligence layer combines real AQI, forecasted AQI, pollutant signals, meteorological dispersion, source attribution, and intervention scoring."
rajasthan__sikar__radhakishan_pura_sikar_rspcb,"Radhakishan Pura, Sikar - RSPCB",Sikar,Rajasthan,27.608912,75.153302,2026-07-16 05:00:00,52.0,108.0,10.0,3.0,13.0,33.0,6.0,242.61,Poor,CO,True,Valid AQI,32.7,52,0.0,15.0,5,50.07,Moderate trapping,General urban / semi-urban proxy,Proxy from station/city naming,15,20,25.51,2.076923076923077,0.4814814814814814,0.7692307692307693,3.3,4.87,4.61,28.79,25.42,35.08,Photochemical smog,35.08,28.79,6.29,26.44,Low confidence,O3 and temperature-related signal; urban photochemical formation likelihood,Partially aligned,"High-priority intervention: Control NOx and VOC sources, reduce peak-hour emissions, and issue ozone/smog exposure advisories.",2026-07-16 10:55:13,2026-07-16 04:00:00,260.8900854689758,210.3163557592256,260.8900854689758,311.46381517872607,Poor,242.61,Poor,Poor,18.280085468975813,Stable,24.82,Low,Proxy derived from ground pollutants and meteorology; not direct satellite imagery,27.58,Low,33.2,Low,34.49,Low,30.79,Low,1,1,0,High forecast hotspot,31.28,Low,395,Usable,"Advanced intelligence layer combines real AQI, forecasted AQI, pollutant signals, meteorological dispersion, source attribution, and intervention scoring."
chhattisgarh__korba__rampur_korba_cecb,"Rampur, Korba - CECB",Korba,Chhattisgarh,22.368195,82.746431,2026-07-16 05:00:00,23.0,39.0,14.0,4.0,5.0,9.0,1.0,137.34,Moderate,CO,True,Valid AQI,31.6,65,0.0,8.5,100,76.11,High trapping,General urban / semi-urban proxy,Proxy from station/city naming,15,20,26.58,1.6956521739130437,0.5897435897435898,2.8,0.6428571428571429,4.34,4.51,17.89,29.57,26.05,Biomass / fine-particle combustion,29.57,26.05,3.52,21.76,Low confidence,PM2.5-heavy fine-particle pattern; CO and stagnant-weather influence; high weather trapping,Partially aligned,"Routine monitoring: Track open burning, control biomass combustion sources, increase public alerts, and strengthen fine-particle monitoring.",2026-07-16 10:55:13,2026-07-16 04:00:00,156.96631880952418,106.39258909977396,156.96631880952418,207.5400485192744,Moderate,137.34,Moderate,Moderate,19.62631880952418,Stable,15.15,Minimal,Proxy derived from ground pollutants and meteorology; not direct satellite imagery,72.89,High,21.68,Low,26.7,Low,32.12,Low,0,0,0,Watchlist,31.06,Low,396,Usable,"Advanced intelligence layer combines real AQI, forecasted AQI, pollutant signals, meteorological dispersion, source attribution, and intervention scoring."
andhra_pradesh__tirumala__toll_gate_tirumala_appcb,"Toll Gate, Tirumala - APPCB",Tirumala,Andhra Pradesh,13.67,79.35,2026-07-16 05:00:00,44.0,68.0,66.0,7.0,7.0,21.0,3.0,162.41,Moderate,CO,True,Valid AQI,28.7,39,0.0,14.0,99,56.5,Moderate trapping,General urban / semi-urban proxy,Proxy from station/city naming,15,20,20.73,1.5454545454545454,0.6470588235294118,9.428571428571429,0.3181818181818182,17.94,14.78,23.31,26.44,30.71,Photochemical smog,30.71,26.44,4.27,22.78,Low confidence,O3 and temperature-related signal; urban photochemical formation likelihood,Partially aligned,"Preventive intervention: Control NOx and VOC sources, reduce peak-hour emissions, and issue ozone/smog exposure advisories.",2026-07-16 10:55:13,2026-07-16 04:00:00,192.23700955618023,141.66327984643,192.23700955618023,242.8107392659305,Moderate,162.41,Moderate,Moderate,29.82700955618023,Increasing,30.18,Low,Proxy derived from ground pollutants and meteorology; not direct satellite imagery,43.76,Moderate,25.83,Low,29.88,Low,31.5,Low,0,0,1,Emerging hotspot,31.06,Low,396,Usable,"Advanced intelligence layer combines real AQI, forecasted AQI, pollutant signals, meteorological dispersion, source attribution, and intervention scoring."
maharashtra__akola__ramdaspeth_akola_mpcb,"Ramdaspeth, Akola - MPCB",Akola,Maharashtra,20.719516,77.000253,2026-07-16 05:00:00,45.0,77.0,11.0,5.0,16.0,10.0,8.0,285.65,Poor,CO,True,Valid AQI,32.0,56,0.0,19.3,22,45.46,Moderate trapping,General urban / semi-urban proxy,Proxy from station/city naming,15,20,27.6,1.711111111111111,0.5844155844155844,0.6875,0.9090909090909092,5.71,5.99,26.9,23.88,30.21,Photochemical smog,30.21,26.9,3.31,22.14,Low confidence,O3 and temperature-related signal; urban photochemical formation likelihood,Partially aligned,"Immediate intervention: Control NOx and VOC sources, reduce peak-hour emissions, and issue ozone/smog exposure advisories.",2026-07-16 10:55:13,2026-07-16 04:00:00,303.76434743148207,253.19061772173183,303.76434743148207,354.3380771412323,Very Poor,285.65,Poor,Very Poor,18.114347431482088,Stable,19.71,Minimal,Proxy derived from ground pollutants and meteorology; not direct satellite imagery,19.8,Minimal,36.08,Low,37.37,Low,29.94,Low,1,1,0,Critical forecast hotspot,30.99,Low,397,Usable,"Advanced intelligence layer combines real AQI, forecasted AQI, pollutant signals, meteorological dispersion, source attribution, and intervention scoring."
bihar__samastipur__dm_office_kasipur_samastipur_bspcb,"DM Office_Kasipur, Samastipur - BSPCB",Samastipur,Bihar,25.859655,85.77944,2026-07-16 05:00:00,45.0,41.0,8.0,,4.0,8.0,1.0,124.81,Moderate,CO,True,Valid AQI,31.1,75,0.0,10.3,99,76.43,High trapping,General urban / semi-urban proxy,Proxy from station/city naming,15,20,25.54,0.9111111111111112,1.0975609756097562,2.0,1.0,2.62,0.0,17.87,35.06,24.55,Biomass / fine-particle combustion,35.06,24.55,10.51,27.7,Low confidence,PM2.5-heavy fine-particle pattern; CO and stagnant-weather influence; high weather trapping,Partially aligned,"Routine monitoring: Track open burning, control biomass combustion sources, increase public alerts, and strengthen fine-particle monitoring.",2026-07-16 10:55:13,2026-07-16 04:00:00,134.72188738095235,84.14815767120213,134.72188738095235,185.2956170907026,Moderate,124.81,Moderate,Moderate,9.91188738095235,Stable,18.72,Minimal,Proxy derived from ground pollutants and meteorology; not direct satellite imagery,71.87,High,22.12,Low,24.43,Low,32.08,Low,0,0,0,Watchlist,30.82,Low,398,Usable,"Advanced intelligence layer combines real AQI, forecasted AQI, pollutant signals, meteorological dispersion, source attribution, and intervention scoring."
maharashtra__mumbai__chakala_andheri_east_mumbai_iitm,"Chakala-Andheri East, Mumbai - IITM",Mumbai,Maharashtra,19.11074,72.86084,2026-07-16 05:00:00,22.0,46.0,13.0,4.0,10.0,10.0,6.0,200.0,Moderate,CO,True,Valid AQI,28.2,76,0.0,11.3,40,69.09,High trapping,Dense urban proxy,Proxy from station/city naming,60,55,50.22,2.090909090909091,0.4782608695652174,1.3,0.7692307692307693,41.08,13.25,35.18,27.23,32.91,Vehicular traffic,41.08,35.18,5.9,30.53,Low confidence,elevated NO2/CO signal; road-density or urban-pressure influence; traffic/commercial land-use proxy,Aligned,"Routine monitoring: Implement traffic flow control, reduce idling zones, strengthen public transport diversion, and prioritize roadside monitoring.",2026-07-16 10:55:13,2026-07-16 04:00:00,194.3608338974116,143.78710418766138,194.3608338974116,244.93456360716183,Moderate,200.0,Moderate,Moderate,-5.639166102588405,Stable,14.29,Minimal,Proxy derived from ground pollutants and meteorology; not direct satellite imagery,57.23,Moderate,27.68,Low,28.64,Low,31.2,Low,0,0,0,Watchlist,30.77,Low,399,Usable,"Advanced intelligence layer combines real AQI, forecasted AQI, pollutant signals, meteorological dispersion, source attribution, and intervention scoring."
rajasthan__jodhpur__mandor_jodhpur_rspcb,"Mandor, Jodhpur - RSPCB",Jodhpur,Rajasthan,26.358805,73.047444,2026-07-16 05:00:00,38.0,89.0,5.0,3.0,14.0,47.0,,256.96,Poor,CO,True,Valid AQI,33.2,51,0.0,13.9,1,51.29,Moderate trapping,General urban / semi-urban proxy,Proxy from station/city naming,15,20,27.36,2.3421052631578947,0.4269662921348314,0.3571428571428571,9.4,3.8,3.91,26.59,24.29,37.26,Photochemical smog,37.26,26.59,10.67,29.28,Low confidence,O3 and temperature-related signal; urban photochemical formation likelihood,Partially aligned,"High-priority intervention: Control NOx and VOC sources, reduce peak-hour emissions, and issue ozone/smog exposure advisories.",2026-07-16 10:55:13,2026-07-16 04:00:00,268.3489474443279,217.77521773457767,268.3489474443279,318.92267715407814,Poor,256.96,Poor,Poor,11.388947444327925,Stable,20.05,Low,Proxy derived from ground pollutants and meteorology; not direct satellite imagery,29.65,Low,32.79,Low,34.59,Low,30.15,Low,1,1,0,High forecast hotspot,30.73,Low,400,Usable,"Advanced intelligence layer combines real AQI, forecasted AQI, pollutant signals, meteorological dispersion, source attribution, and intervention scoring."
madhya_pradesh__bhopal__paryavaran_parisar_bhopal_mppcb,"Paryavaran Parisar, Bhopal - MPPCB",Bhopal,Madhya Pradesh,23.210494,77.425409,2026-07-16 05:00:00,33.0,78.0,16.0,6.0,15.0,22.0,5.0,271.3,Poor,CO,True,Valid AQI,30.3,60,0.0,14.0,33,57.62,Moderate trapping,Dense urban proxy,Proxy from station/city naming,60,55,52.07,2.363636363636364,0.4230769230769231,1.0666666666666669,1.375,42.81,15.27,40.22,25.49,38.01,Vehicular traffic,42.81,40.22,2.59,30.74,Low confidence,elevated NO2/CO signal; road-density or urban-pressure influence; traffic/commercial land-use proxy,Aligned,"High-priority intervention: Implement traffic flow control, reduce idling zones, strengthen public transport diversion, and prioritize roadside monitoring.",2026-07-16 10:55:13,2026-07-16 04:00:00,190.23084499628385,139.6571152865336,190.23084499628385,240.80457470603403,Moderate,271.3,Poor,Moderate,-81.06915500371616,Decreasing,20.38,Low,Proxy derived from ground pollutants and meteorology; not direct satellite imagery,40.09,Moderate,32.34,Low,29.75,Low,30.72,Low,1,0,0,High current hotspot,30.7,Low,401,Usable,"Advanced intelligence layer combines real AQI, forecasted AQI, pollutant signals, meteorological dispersion, source attribution, and intervention scoring."
maharashtra__ahmednagar__tarakpur_ahmednagar_mpcb,"Tarakpur, Ahmednagar - MPCB",Ahmednagar,Maharashtra,19.10122,74.73339,2026-07-16 05:00:00,31.0,42.0,16.0,19.0,13.0,7.0,6.0,242.61,Poor,CO,True,Valid AQI,27.4,63,0.1,12.9,38,54.97,Moderate trapping,General urban / semi-urban proxy,Proxy from station/city naming,15,20,27.56,1.3548387096774193,0.7380952380952381,1.2307692307692308,0.4375,6.4,11.85,17.25,26.76,21.27,Biomass / fine-particle combustion,26.76,21.27,5.49,20.38,Low confidence,PM2.5-heavy fine-particle pattern; CO and stagnant-weather influence,Partially aligned,"High-priority intervention: Track open burning, control biomass combustion sources, increase public alerts, and strengthen fine-particle monitoring.",2026-07-16 10:55:13,2026-07-16 04:00:00,266.2162253282832,215.64249561853296,266.2162253282832,316.78995503803344,Poor,242.61,Poor,Poor,23.606225328283188,Stable,14.67,Minimal,Proxy derived from ground pollutants and meteorology; not direct satellite imagery,37.48,Low,31.09,Low,34.4,Low,30.08,Low,1,1,0,High forecast hotspot,30.56,Low,402,Usable,"Advanced intelligence layer combines real AQI, forecasted AQI, pollutant signals, meteorological dispersion, source attribution, and intervention scoring."
madhya_pradesh__jabalpur__govindh_bhavan_colony_jabalpur_jmc,"Govindh Bhavan Colony, Jabalpur - JMC",Jabalpur,Madhya Pradesh,23.163174,79.973061,2026-07-16 05:00:00,33.0,37.0,10.0,3.0,12.0,15.0,3.0,228.26,Poor,CO,True,Valid AQI,31.6,59,0.0,13.6,92,63.88,High trapping,General urban / semi-urban proxy,Proxy from station/city naming,15,20,29.94,1.121212121212121,0.8918918918918919,0.8333333333333334,1.5,4.68,4.46,19.21,29.96,26.78,Biomass / fine-particle combustion,29.96,26.78,3.18,21.93,Low confidence,PM2.5-heavy fine-particle pattern; CO and stagnant-weather influence; high weather trapping,Partially aligned,"High-priority intervention: Track open burning, control biomass combustion sources, increase public alerts, and strengthen fine-particle monitoring.",2026-07-16 10:55:13,2026-07-16 04:00:00,184.4027626984129,133.82903298866262,184.4027626984129,234.9764924081631,Moderate,228.26,Poor,Moderate,-43.857237301587105,Decreasing,16.15,Minimal,Proxy derived from ground pollutants and meteorology; not direct satellite imagery,52.9,Moderate,28.18,Low,28.66,Low,30.86,Low,1,0,0,High current hotspot,30.51,Low,403,Usable,"Advanced intelligence layer combines real AQI, forecasted AQI, pollutant signals, meteorological dispersion, source attribution, and intervention scoring."
rajasthan__chittorgarh__shastri_nagar_chittorgarh_rspcb,"Shastri Nagar, Chittorgarh - RSPCB",Chittorgarh,Rajasthan,24.892047,74.623527,2026-07-16 05:00:00,61.0,84.0,58.0,11.0,5.0,28.0,5.0,137.34,Moderate,CO,True,Valid AQI,30.7,59,0.0,10.6,18,61.91,High trapping,General urban / semi-urban proxy,Proxy from station/city naming,15,20,20.65,1.3770491803278688,0.7261904761904762,11.6,0.4827586206896552,15.52,14.69,23.27,30.56,37.28,Photochemical smog,37.28,30.56,6.72,28.11,Low confidence,O3 and temperature-related signal; urban photochemical formation likelihood,Partially aligned,"Routine monitoring: Control NOx and VOC sources, reduce peak-hour emissions, and issue ozone/smog exposure advisories.",2026-07-16 10:55:13,2026-07-16 04:00:00,161.4618628703709,110.88813316062068,161.4618628703709,212.03559258012115,Moderate,137.34,Moderate,Moderate,24.121862870370904,Stable,31.71,Low,Proxy derived from ground pollutants and meteorology; not direct satellite imagery,46.94,Moderate,24.71,Low,26.73,Low,31.16,Low,0,0,0,Watchlist,30.4,Low,404,Usable,"Advanced intelligence layer combines real AQI, forecasted AQI, pollutant signals, meteorological dispersion, source attribution, and intervention scoring."
rajasthan__kota__nayapura_kota_rspcb,"Nayapura, Kota - RSPCB",Kota,Rajasthan,25.196024,75.855668,2026-07-16 05:00:00,39.0,100.0,18.0,12.0,11.0,43.0,4.0,213.91,Poor,CO,True,Valid AQI,33.7,49,0.0,12.2,6,54.14,Moderate trapping,General urban / semi-urban proxy,Proxy from station/city naming,15,20,24.54,2.5641025641025643,0.39,1.6363636363636365,2.388888888888889,6.52,9.17,27.31,24.64,38.73,Photochemical smog,38.73,27.31,11.42,30.54,Low confidence,O3 and temperature-related signal; urban photochemical formation likelihood,Partially aligned,"High-priority intervention: Control NOx and VOC sources, reduce peak-hour emissions, and issue ozone/smog exposure advisories.",2026-07-16 10:55:13,2026-07-16 04:00:00,230.24893407441007,179.67520436465986,230.24893407441007,280.8226637841603,Poor,213.91,Poor,Poor,16.338934074410076,Stable,23.33,Low,Proxy derived from ground pollutants and meteorology; not direct satellite imagery,34.93,Low,28.88,Low,31.37,Low,29.73,Low,1,1,0,High forecast hotspot,29.85,Low,405,Usable,"Advanced intelligence layer combines real AQI, forecasted AQI, pollutant signals, meteorological dispersion, source attribution, and intervention scoring."
karnataka__bengaluru__hombegowda_nagar_bengaluru_kspcb,"Hombegowda Nagar, Bengaluru - KSPCB",Bengaluru,Karnataka,12.938539,77.5901,2026-07-16 05:00:00,36.0,60.0,18.0,5.0,8.0,20.0,1.0,174.94,Moderate,CO,True,Valid AQI,27.5,47,0.0,12.5,97,61.96,High trapping,Dense urban proxy,Proxy from station/city naming,60,55,44.91,1.6666666666666667,0.6,2.25,1.1111111111111112,41.96,14.2,36.67,27.15,31.22,Vehicular traffic,41.96,36.67,5.29,30.96,Low confidence,elevated NO2/CO signal; road-density or urban-pressure influence; traffic/commercial land-use proxy,Aligned,"Routine monitoring: Implement traffic flow control, reduce idling zones, strengthen public transport diversion, and prioritize roadside monitoring.",2026-07-16 10:55:13,2026-07-16 04:00:00,180.18697877680387,129.61324906705363,180.18697877680387,230.7607084865541,Moderate,174.94,Moderate,Moderate,5.246978776803871,Stable,20.09,Low,Proxy derived from ground pollutants and meteorology; not direct satellite imagery,51.67,Moderate,26.41,Low,26.96,Low,30.36,Low,0,0,0,Watchlist,29.82,Low,406,Usable,"Advanced intelligence layer combines real AQI, forecasted AQI, pollutant signals, meteorological dispersion, source attribution, and intervention scoring."
jharkhand__dhanbad__sardar_patel_nagar_dhanbad_jspcb,"Sardar Patel Nagar, Dhanbad - JSPCB",Dhanbad,Jharkhand,23.80569,86.44268,2026-07-16 05:00:00,,54.0,99.0,,4.0,26.0,,124.81,Moderate,CO,True,Valid AQI,30.6,71,0.0,11.6,66,69.31,High trapping,General urban / semi-urban proxy,Proxy from station/city naming,15,20,22.57,,,24.75,0.2626262626262626,25.75,0.0,0.0,0.0,39.68,Photochemical smog,39.68,25.75,13.93,31.96,Low confidence,O3 and temperature-related signal; urban photochemical formation likelihood,Partially aligned,"Routine monitoring: Control NOx and VOC sources, reduce peak-hour emissions, and issue ozone/smog exposure advisories.",2026-07-16 10:55:13,2026-07-16 04:00:00,142.91368694444446,92.33995723469424,142.91368694444446,193.4874166541947,Moderate,124.81,Moderate,Moderate,18.103686944444462,Stable,27.8,Low,Proxy derived from ground pollutants and meteorology; not direct satellite imagery,59.29,Moderate,19.09,Minimal,25.57,Low,30.82,Low,0,0,0,Watchlist,29.71,Low,407,Usable,"Advanced intelligence layer combines real AQI, forecasted AQI, pollutant signals, meteorological dispersion, source attribution, and intervention scoring."
maharashtra__parbhani__masoom_colony_parbhani_mpcb,"Masoom Colony, Parbhani - MPCB",Parbhani,Maharashtra,19.265594,76.761463,2026-07-16 05:00:00,40.0,58.0,28.0,2.0,12.0,7.0,4.0,228.26,Poor,CO,True,Valid AQI,30.2,59,0.0,17.1,63,54.64,Moderate trapping,General urban / semi-urban proxy,Proxy from station/city naming,15,20,26.08,1.45,0.6896551724137931,2.333333333333333,0.25,9.25,7.13,23.5,26.13,27.61,Photochemical smog,27.61,26.13,1.48,19.77,Low confidence,O3 and temperature-related signal; urban photochemical formation likelihood,Partially aligned,"High-priority intervention: Control NOx and VOC sources, reduce peak-hour emissions, and issue ozone/smog exposure advisories.",2026-07-16 10:55:13,2026-07-16 04:00:00,227.8591012205977,177.28537151084748,227.8591012205977,278.4328309303479,Poor,228.26,Poor,Poor,-0.4008987794022971,Stable,21.09,Low,Proxy derived from ground pollutants and meteorology; not direct satellite imagery,36.29,Low,29.71,Low,30.67,Low,29.59,Low,1,1,0,High forecast hotspot,29.7,Low,408,Usable,"Advanced intelligence layer combines real AQI, forecasted AQI, pollutant signals, meteorological dispersion, source attribution, and intervention scoring."
tamil_nadu__coimbatore__sidco_kurichi_coimbatore_tnpcb,"SIDCO Kurichi, Coimbatore - TNPCB",Coimbatore,Tamil Nadu,10.942451,76.978996,2026-07-16 05:00:00,43.0,34.0,23.0,26.0,9.0,20.0,1.0,187.47,Moderate,CO,True,Valid AQI,29.7,59,0.0,15.8,100,60.7,High trapping,General urban / semi-urban proxy,Proxy from station/city naming,15,20,24.81,0.7906976744186046,1.2647058823529411,2.555555555555556,0.8695652173913043,7.4,15.17,19.45,31.85,26.32,Biomass / fine-particle combustion,31.85,26.32,5.53,23.95,Low confidence,PM2.5-heavy fine-particle pattern; CO and stagnant-weather influence; high weather trapping,Partially aligned,"Routine monitoring: Track open burning, control biomass combustion sources, increase public alerts, and strengthen fine-particle monitoring.",2026-07-16 10:55:13,2026-07-16 04:00:00,192.77174309816283,142.19801338841262,192.77174309816283,243.34547280791304,Moderate,187.47,Moderate,Moderate,5.301743098162831,Stable,20.18,Low,Proxy derived from ground pollutants and meteorology; not direct satellite imagery,47.82,Moderate,26.49,Low,27.93,Low,29.93,Low,0,0,0,Watchlist,29.56,Low,409,Usable,"Advanced intelligence layer combines real AQI, forecasted AQI, pollutant signals, meteorological dispersion, source attribution, and intervention scoring."
karnataka__koppal__diwator_nagar_koppal_kspcb,"Diwator Nagar, Koppal - KSPCB",Koppal,Karnataka,15.34763,76.181767,2026-07-16 05:00:00,,31.0,30.0,15.0,21.0,6.0,8.0,323.85,Very Poor,CO,True,Valid AQI,31.1,48,0.0,18.3,25,44.63,Moderate trapping,General urban / semi-urban proxy,Proxy from station/city naming,15,20,30.81,,,1.4285714285714286,0.2,11.51,13.83,0.0,0.0,30.77,Photochemical smog,30.77,13.83,16.94,26.62,Low confidence,O3 and temperature-related signal; urban photochemical formation likelihood,Partially aligned,"Immediate intervention: Control NOx and VOC sources, reduce peak-hour emissions, and issue ozone/smog exposure advisories.",2026-07-16 10:55:13,2026-07-16 04:00:00,325.555653095762,274.9819233860118,325.555653095762,376.12938280551225,Very Poor,323.85,Very Poor,Very Poor,1.7056530957619884,Stable,11.19,Minimal,Proxy derived from ground pollutants and meteorology; not direct satellite imagery,19.73,Minimal,35.34,Low,37.93,Low,28.17,Low,1,1,0,Critical forecast hotspot,29.5,Low,410,Usable,"Advanced intelligence layer combines real AQI, forecasted AQI, pollutant signals, meteorological dispersion, source attribution, and intervention scoring."
tamil_nadu__chennai__velachery_res_area_chennai_cpcb,"Velachery Res. Area, Chennai - CPCB",Chennai,Tamil Nadu,13.0052189,80.2398125,2026-07-16 05:00:00,74.0,113.0,11.0,6.0,,9.0,3.0,145.38,Moderate,PM2.5,True,Valid AQI,35.7,35,0.0,13.2,98,56.38,Moderate trapping,Industrial / mixed urban proxy,Proxy from station/city naming,70,65,44.72,1.527027027027027,0.6548672566371682,,0.8181818181818182,0.0,0.0,46.22,0.0,40.99,Construction / road dust,46.22,40.99,5.23,33.92,Low confidence,PM10-heavy particulate pattern; road dust / coarse-particle likelihood; high road-density proxy,Partially aligned,"Routine monitoring: Apply dust suppression, cover construction material, clean road dust, and enforce construction-site controls.",2026-07-16 10:55:13,2026-07-16 03:00:00,146.665566984127,96.09183727437676,146.665566984127,197.23929669387724,Moderate,145.38,Moderate,Moderate,1.2855669841270014,Stable,29.76,Low,Proxy derived from ground pollutants and meteorology; not direct satellite imagery,44.4,Moderate,26.96,Low,23.61,Low,30.0,Low,0,0,0,Watchlist,29.21,Low,411,Usable,"Advanced intelligence layer combines real AQI, forecasted AQI, pollutant signals, meteorological dispersion, source attribution, and intervention scoring."
sikkim__gangtok__zero_point_gici_gangtok_sspcb,"Zero Point GICI, Gangtok - SSPCB",Gangtok,Sikkim,27.33853,88.614099,2026-07-16 05:00:00,16.0,12.0,8.0,1.0,4.0,1.0,1.0,124.81,Moderate,CO,True,Valid AQI,22.4,77,0.0,4.2,44,82.71,Very high trapping,General urban / semi-urban proxy,Proxy from station/city naming,15,20,28.16,0.75,1.3333333333333333,2.0,0.125,2.62,2.18,11.77,36.65,15.23,Biomass / fine-particle combustion,36.65,15.23,21.42,32.08,Low confidence,PM2.5-heavy fine-particle pattern; CO and stagnant-weather influence; high weather trapping,Partially aligned,"Routine monitoring: Track open burning, control biomass combustion sources, increase public alerts, and strengthen fine-particle monitoring.",2026-07-16 10:55:13,2026-07-16 04:00:00,139.44028620370366,88.86655649395344,139.44028620370366,190.01401591345387,Moderate,124.81,Moderate,Moderate,14.630286203703662,Stable,7.91,Minimal,Proxy derived from ground pollutants and meteorology; not direct satellite imagery,80.19,Critical,18.93,Minimal,23.75,Low,30.42,Low,0,0,0,Watchlist,29.18,Low,412,Usable,"Advanced intelligence layer combines real AQI, forecasted AQI, pollutant signals, meteorological dispersion, source attribution, and intervention scoring."
maharashtra__latur__sawe_wadi_latur_mpcb,"Sawe Wadi, Latur - MPCB",Latur,Maharashtra,18.39963,76.57452,2026-07-16 05:00:00,32.0,42.0,9.0,5.0,12.0,21.0,3.0,228.26,Poor,CO,True,Valid AQI,29.5,56,0.0,15.9,52,54.61,Moderate trapping,General urban / semi-urban proxy,Proxy from station/city naming,15,20,26.07,1.3125,0.7619047619047619,0.75,2.333333333333333,4.42,5.07,21.05,26.07,26.83,Photochemical smog,26.83,26.07,0.76,19.01,Low confidence,O3 and temperature-related signal; urban photochemical formation likelihood,Partially aligned,"High-priority intervention: Control NOx and VOC sources, reduce peak-hour emissions, and issue ozone/smog exposure advisories.",2026-07-16 10:55:13,2026-07-16 04:00:00,251.01272380230904,200.4389940925588,251.01272380230904,301.5864535120593,Poor,228.26,Poor,Poor,22.75272380230905,Stable,14.62,Minimal,Proxy derived from ground pollutants and meteorology; not direct satellite imagery,36.3,Low,29.06,Low,32.08,Low,28.53,Low,1,1,0,High forecast hotspot,28.91,Low,413,Usable,"Advanced intelligence layer combines real AQI, forecasted AQI, pollutant signals, meteorological dispersion, source attribution, and intervention scoring."
uttar_pradesh__varanasi__iesd_banaras_hindu_university_varanasi_uppcb,"IESD Banaras Hindu University, Varanasi - UPPCB",Varanasi,Uttar Pradesh,25.262326,82.995408,2026-07-16 05:00:00,23.0,51.0,2.0,39.0,3.0,8.0,7.0,112.28,Moderate,CO,True,Valid AQI,29.4,84,0.2,5.2,94,75.97,High trapping,General urban / semi-urban proxy,Proxy from station/city naming,15,20,24.18,2.217391304347826,0.4509803921568627,0.6666666666666666,4.0,0.9,15.8,13.38,28.88,16.88,Biomass / fine-particle combustion,28.88,16.88,12.0,23.82,Low confidence,PM2.5-heavy fine-particle pattern; CO and stagnant-weather influence; high weather trapping,Partially aligned,"Routine monitoring: Track open burning, control biomass combustion sources, increase public alerts, and strengthen fine-particle monitoring.",2026-07-16 10:55:13,2026-07-16 04:00:00,124.50555793650813,73.9318282267579,124.50555793650813,175.07928764625836,Moderate,112.28,Moderate,Moderate,12.225557936508125,Stable,15.76,Minimal,Proxy derived from ground pollutants and meteorology; not direct satellite imagery,73.84,High,18.18,Minimal,22.62,Low,30.16,Low,0,0,0,Watchlist,28.81,Low,414,Usable,"Advanced intelligence layer combines real AQI, forecasted AQI, pollutant signals, meteorological dispersion, source attribution, and intervention scoring."
maharashtra__dombivli__kalu_nagar_dombivli_mpcb,"Kalu Nagar, Dombivli - MPCB",Dombivli,Maharashtra,19.2268427,73.0788456,2026-07-16 05:00:00,8.0,26.0,11.0,6.0,13.0,5.0,1.0,242.61,Poor,CO,True,Valid AQI,29.4,74,0.1,12.6,34,59.15,Moderate trapping,General urban / semi-urban proxy,Proxy from station/city naming,15,20,29.3,3.25,0.3076923076923077,0.8461538461538461,0.4545454545454545,5.13,5.95,17.91,22.31,23.1,Photochemical smog,23.1,22.31,0.79,16.41,Low confidence,O3 and temperature-related signal; urban photochemical formation likelihood,Partially aligned,"High-priority intervention: Control NOx and VOC sources, reduce peak-hour emissions, and issue ozone/smog exposure advisories.",2026-07-16 10:55:13,2026-07-16 04:00:00,252.4045040740745,201.83077436432427,252.4045040740745,302.97823378382475,Poor,242.61,Poor,Poor,9.794504074074496,Stable,9.07,Minimal,Proxy derived from ground pollutants and meteorology; not direct satellite imagery,42.72,Moderate,28.21,Low,31.98,Low,28.42,Low,1,1,0,High forecast hotspot,28.76,Low,415,Usable,"Advanced intelligence layer combines real AQI, forecasted AQI, pollutant signals, meteorological dispersion, source attribution, and intervention scoring."
karnataka__bengaluru__silk_board_bengaluru_kspcb,"Silk Board, Bengaluru - KSPCB",Bengaluru,Karnataka,12.917348,77.622813,2026-07-16 05:00:00,48.0,99.0,12.0,4.0,,22.0,4.0,99.0,Satisfactory,PM10,True,Valid AQI,26.7,55,0.0,13.9,97,62.36,High trapping,Dense urban proxy,Proxy from station/city naming,60,55,38.01,2.0625,0.4848484848484848,,1.8333333333333333,0.0,0.0,42.04,0.0,29.72,Construction / road dust,42.04,29.72,12.32,33.12,Low confidence,PM10-heavy particulate pattern; road dust / coarse-particle likelihood,Partially aligned,"Preventive intervention: Apply dust suppression, cover construction material, clean road dust, and enforce construction-site controls.",2026-07-16 10:55:13,2026-07-16 04:00:00,154.9385989294079,104.36486921965768,154.9385989294079,205.5123286391581,Moderate,99.0,Satisfactory,Moderate,55.9385989294079,Increasing,26.4,Low,Proxy derived from ground pollutants and meteorology; not direct satellite imagery,51.13,Moderate,21.51,Low,25.3,Low,29.55,Low,0,0,1,Emerging hotspot,28.72,Low,416,Usable,"Advanced intelligence layer combines real AQI, forecasted AQI, pollutant signals, meteorological dispersion, source attribution, and intervention scoring."
karnataka__mysuru__hebbal_1st_stage_mysuru_kspcb,"Hebbal 1st Stage, Mysuru - KSPCB",Mysuru,Karnataka,12.21041,76.37376,2026-07-16 05:00:00,27.0,64.0,18.0,,,10.0,4.0,64.0,Satisfactory,PM10,True,Valid AQI,28.0,55,0.0,18.7,100,53.98,Moderate trapping,General urban / semi-urban proxy,Proxy from station/city naming,15,20,10.51,2.3703703703703702,0.421875,,0.5555555555555556,0.0,0.0,26.1,0.0,22.11,Construction / road dust,26.1,22.11,3.99,19.47,Low confidence,PM10-heavy particulate pattern; road dust / coarse-particle likelihood,Partially aligned,"High-priority intervention: Apply dust suppression, cover construction material, clean road dust, and enforce construction-site controls.",2026-07-16 10:55:13,2026-07-16 04:00:00,279.8406411742943,229.26691146454408,279.8406411742943,330.41437088404456,Poor,64.0,Satisfactory,Poor,215.84064117429432,Increasing,18.73,Minimal,Proxy derived from ground pollutants and meteorology; not direct satellite imagery,37.1,Low,19.26,Minimal,37.49,Low,28.19,Low,0,1,1,High forecast hotspot,28.67,Low,417,Usable,"Advanced intelligence layer combines real AQI, forecasted AQI, pollutant signals, meteorological dispersion, source attribution, and intervention scoring."
maharashtra__sangli__vijay_nagar_sangli_mpcb,"Vijay Nagar, Sangli - MPCB",Sangli,Maharashtra,16.5038,74.3623,2026-07-16 05:00:00,32.0,55.0,2.0,7.0,13.0,17.0,0.0,242.61,Poor,CO,True,Valid AQI,27.0,70,0.0,16.8,30,55.93,Moderate trapping,General urban / semi-urban proxy,Proxy from station/city naming,15,20,27.96,1.71875,0.5818181818181818,0.1538461538461538,8.5,2.84,4.81,23.4,25.09,23.29,Biomass / fine-particle combustion,25.09,23.4,1.69,18.07,Low confidence,PM2.5-heavy fine-particle pattern; CO and stagnant-weather influence,Partially aligned,"High-priority intervention: Track open burning, control biomass combustion sources, increase public alerts, and strengthen fine-particle monitoring.",2026-07-16 10:55:13,2026-07-16 04:00:00,237.1925134523813,186.61878374263108,237.1925134523813,287.7662431621315,Poor,242.61,Poor,Poor,-5.417486547618722,Stable,15.01,Minimal,Proxy derived from ground pollutants and meteorology; not direct satellite imagery,35.6,Low,29.38,Low,30.35,Low,28.04,Low,1,1,0,High forecast hotspot,28.34,Low,418,Usable,"Advanced intelligence layer combines real AQI, forecasted AQI, pollutant signals, meteorological dispersion, source attribution, and intervention scoring."
uttar_pradesh__jhansi__shivaji_nagar_jhansi_uppcb,"Shivaji Nagar, Jhansi - UPPCB",Jhansi,Uttar Pradesh,25.4547,78.6039,2026-07-16 05:00:00,27.0,58.0,6.0,22.0,8.0,6.0,4.0,174.94,Moderate,CO,True,Valid AQI,33.5,56,0.0,14.4,100,62.13,High trapping,General urban / semi-urban proxy,Proxy from station/city naming,15,20,24.24,2.1481481481481484,0.4655172413793103,0.75,1.0,2.88,10.59,23.21,24.84,27.02,Photochemical smog,27.02,24.84,2.18,19.57,Low confidence,O3 and temperature-related signal; urban photochemical formation likelihood,Partially aligned,"Routine monitoring: Control NOx and VOC sources, reduce peak-hour emissions, and issue ozone/smog exposure advisories.",2026-07-16 10:55:13,2026-07-16 04:00:00,192.45255157391784,141.8788218641676,192.45255157391784,243.02628128366808,Moderate,174.94,Moderate,Moderate,17.512551573917847,Stable,16.13,Minimal,Proxy derived from ground pollutants and meteorology; not direct satellite imagery,50.69,Moderate,23.67,Low,27.37,Low,28.68,Low,0,0,0,Watchlist,28.3,Low,419,Usable,"Advanced intelligence layer combines real AQI, forecasted AQI, pollutant signals, meteorological dispersion, source attribution, and intervention scoring."
maharashtra__navi_mumbai__sector_2e_kalamboli_navi_mumbai_mpcb,"Sector-2E Kalamboli, Navi Mumbai - MPCB",Navi Mumbai,Maharashtra,19.02579,73.10297,2026-07-16 05:00:00,20.0,44.0,8.0,5.0,12.0,13.0,6.0,228.26,Poor,CO,True,Valid AQI,28.9,76,0.0,14.7,20,60.94,High trapping,Industrial / mixed urban proxy,Proxy from station/city naming,35,30,37.23,2.2,0.4545454545454545,0.6666666666666666,1.625,12.12,28.54,27.41,14.43,30.04,Photochemical smog,30.04,28.54,1.5,21.48,Low confidence,O3 and temperature-related signal; urban photochemical formation likelihood,Partially aligned,"High-priority intervention: Control NOx and VOC sources, reduce peak-hour emissions, and issue ozone/smog exposure advisories.",2026-07-16 10:55:13,2026-07-16 04:00:00,225.62591794125663,175.05218823150642,225.62591794125663,276.19964765100684,Poor,228.26,Poor,Poor,-2.6340820587433598,Stable,12.27,Minimal,Proxy derived from ground pollutants and meteorology; not direct satellite imagery,42.78,Moderate,27.82,Low,29.32,Low,28.15,Low,1,1,0,High forecast hotspot,28.25,Low,420,Usable,"Advanced intelligence layer combines real AQI, forecasted AQI, pollutant signals, meteorological dispersion, source attribution, and intervention scoring."
rajasthan__barmer__railway_colony_barmer_rspcb,"Railway Colony, Barmer - RSPCB",Barmer,Rajasthan,25.747299,71.393989,2026-07-16 05:00:00,25.0,96.0,8.0,3.0,10.0,29.0,6.0,200.0,Moderate,CO,True,Valid AQI,32.2,54,0.0,13.3,7,54.08,Moderate trapping,Traffic / commercial proxy,Proxy from station/city naming,30,75,35.55,3.84,0.2604166666666667,0.8,3.625,36.62,6.56,42.11,11.76,36.25,Construction / road dust,42.11,36.62,5.49,31.12,Low confidence,PM10-heavy particulate pattern; road dust / coarse-particle likelihood; high road-density proxy,Partially aligned,"High-priority intervention: Apply dust suppression, cover construction material, clean road dust, and enforce construction-site controls.",2026-07-16 10:55:13,2026-07-16 04:00:00,240.81660911824585,190.2428794084956,240.81660911824585,291.39033882799606,Poor,200.0,Moderate,Poor,40.81660911824585,Increasing,18.06,Minimal,Proxy derived from ground pollutants and meteorology; not direct satellite imagery,34.11,Low,27.02,Low,31.26,Low,27.92,Low,0,1,1,High forecast hotspot,28.21,Low,421,Usable,"Advanced intelligence layer combines real AQI, forecasted AQI, pollutant signals, meteorological dispersion, source attribution, and intervention scoring."
uttar_pradesh__vrindavan__omex_eternity_vrindavan_uppcb,"Omex Eternity, Vrindavan - UPPCB",Vrindavan,Uttar Pradesh,27.571409,77.655757,2026-07-16 05:00:00,61.0,67.0,27.0,30.0,10.0,15.0,8.0,200.0,Moderate,CO,True,Valid AQI,34.8,51,0.0,12.4,2,54.11,Moderate trapping,General urban / semi-urban proxy,Proxy from station/city naming,15,20,23.23,1.098360655737705,0.9104477611940298,2.7,0.5555555555555556,8.61,17.55,21.88,30.5,37.52,Photochemical smog,37.52,30.5,7.02,28.37,Low confidence,O3 and temperature-related signal; urban photochemical formation likelihood,Partially aligned,"High-priority intervention: Control NOx and VOC sources, reduce peak-hour emissions, and issue ozone/smog exposure advisories.",2026-07-16 10:55:13,2026-07-16 04:00:00,202.13950514822287,151.5657754384727,202.13950514822287,252.71323485797316,Poor,200.0,Moderate,Poor,2.1395051482228666,Stable,22.21,Low,Proxy derived from ground pollutants and meteorology; not direct satellite imagery,34.44,Low,28.07,Low,27.09,Low,27.88,Low,0,1,0,High forecast hotspot,27.81,Low,422,Usable,"Advanced intelligence layer combines real AQI, forecasted AQI, pollutant signals, meteorological dispersion, source attribution, and intervention scoring."
karnataka__hubballi__lingaraj_nagar_hubballi_kspcb,"Lingaraj Nagar, Hubballi - KSPCB",Hubballi,Karnataka,15.3714823,75.1160168,2026-07-16 05:00:00,46.0,66.0,11.0,2.0,14.0,26.0,2.0,256.96,Poor,CO,True,Valid AQI,27.7,62,0.1,18.3,25,43.52,Moderate trapping,General urban / semi-urban proxy,Proxy from station/city naming,15,20,24.12,1.434782608695652,0.696969696969697,0.7857142857142857,2.363636363636364,5.32,4.54,22.39,24.16,24.35,Photochemical smog,24.35,24.16,0.19,17.1,Low confidence,O3 and temperature-related signal; urban photochemical formation likelihood,Partially aligned,"High-priority intervention: Control NOx and VOC sources, reduce peak-hour emissions, and issue ozone/smog exposure advisories.",2026-07-16 10:55:13,2026-07-16 04:00:00,268.8591363560424,218.28540664629213,268.8591363560424,319.4328660657926,Poor,256.96,Poor,Poor,11.899136356042447,Stable,20.15,Low,Proxy derived from ground pollutants and meteorology; not direct satellite imagery,17.87,Minimal,31.85,Low,32.44,Low,26.89,Low,1,1,0,High forecast hotspot,27.69,Low,423,Usable,"Advanced intelligence layer combines real AQI, forecasted AQI, pollutant signals, meteorological dispersion, source attribution, and intervention scoring."
gujarat__vapi__phase_1_gidc_vapi_gpcb,"Phase-1 GIDC, Vapi - GPCB",Vapi,Gujarat,20.362421,72.918013,2026-07-16 05:00:00,67.0,67.0,19.0,24.0,,5.0,3.0,121.48,Moderate,PM2.5,True,Valid AQI,29.3,73,0.0,12.1,47,67.24,High trapping,Industrial / mixed urban proxy,Proxy from station/city naming,35,30,29.92,1.0,1.0,,0.2631578947368421,0.0,0.0,27.13,0.0,29.47,Photochemical smog,29.47,27.13,2.34,21.33,Low confidence,O3 and temperature-related signal; urban photochemical formation likelihood,Partially aligned,"Routine monitoring: Control NOx and VOC sources, reduce peak-hour emissions, and issue ozone/smog exposure advisories.",2026-07-16 10:55:13,2026-07-16 04:00:00,118.86102673280422,68.287297023054,118.86102673280422,169.43475644255443,Moderate,121.48,Moderate,Moderate,-2.618973267195784,Stable,24.61,Low,Proxy derived from ground pollutants and meteorology; not direct satellite imagery,54.82,Moderate,22.3,Low,20.59,Low,28.75,Low,0,0,0,Watchlist,27.61,Low,424,Usable,"Advanced intelligence layer combines real AQI, forecasted AQI, pollutant signals, meteorological dispersion, source attribution, and intervention scoring."
rajasthan__jaisalmer__sadar_bazar_jaisalmer_rspcb,"Sadar Bazar, Jaisalmer - RSPCB",Jaisalmer,Rajasthan,26.912329,70.909168,2026-07-16 05:00:00,43.0,127.0,11.0,2.0,12.0,26.0,15.0,228.26,Poor,CO,True,Valid AQI,33.3,49,0.0,14.9,1,48.75,Moderate trapping,General urban / semi-urban proxy,Proxy from station/city naming,15,20,23.63,2.953488372093023,0.3385826771653543,0.9166666666666666,2.363636363636364,4.93,4.24,31.96,22.93,35.18,Photochemical smog,35.18,31.96,3.22,25.59,Low confidence,O3 and temperature-related signal; urban photochemical formation likelihood,Partially aligned,"High-priority intervention: Control NOx and VOC sources, reduce peak-hour emissions, and issue ozone/smog exposure advisories.",2026-07-16 10:55:13,2026-07-16 04:00:00,219.6439659241458,169.07023621439555,219.6439659241458,270.217695633896,Poor,228.26,Poor,Poor,-8.616034075854202,Stable,24.79,Low,Proxy derived from ground pollutants and meteorology; not direct satellite imagery,25.67,Low,28.6,Low,28.83,Low,27.32,Low,1,1,0,High forecast hotspot,27.54,Low,425,Usable,"Advanced intelligence layer combines real AQI, forecasted AQI, pollutant signals, meteorological dispersion, source attribution, and intervention scoring."
rajasthan__jodhpur__digari_kalan_jodhpur_rspcb,"Digari Kalan, Jodhpur - RSPCB",Jodhpur,Rajasthan,26.29581,73.082283,2026-07-16 05:00:00,33.0,76.0,22.0,2.0,12.0,42.0,6.0,228.26,Poor,CO,True,Valid AQI,33.3,48,0.0,13.0,0,51.72,Moderate trapping,General urban / semi-urban proxy,Proxy from station/city naming,15,20,24.87,2.303030303030303,0.4342105263157895,1.8333333333333333,1.9090909090909087,7.73,6.11,24.73,23.73,38.89,Photochemical smog,38.89,24.73,14.16,31.47,Low confidence,O3 and temperature-related signal; urban photochemical formation likelihood,Partially aligned,"High-priority intervention: Control NOx and VOC sources, reduce peak-hour emissions, and issue ozone/smog exposure advisories.",2026-07-16 10:55:13,2026-07-16 04:00:00,227.30352393921711,176.7297942294669,227.30352393921711,277.8772536489673,Poor,228.26,Poor,Poor,-0.956476060782876,Stable,19.62,Minimal,Proxy derived from ground pollutants and meteorology; not direct satellite imagery,30.8,Low,27.9,Low,29.12,Low,27.19,Low,1,1,0,High forecast hotspot,27.42,Low,426,Usable,"Advanced intelligence layer combines real AQI, forecasted AQI, pollutant signals, meteorological dispersion, source attribution, and intervention scoring."
madhya_pradesh__indore__residency_area_indore_imc,"Residency Area, Indore - IMC",Indore,Madhya Pradesh,22.7084,75.8815,2026-07-16 05:00:00,40.0,48.0,7.0,3.0,9.0,6.0,0.0,187.47,Moderate,CO,True,Valid AQI,28.5,64,0.0,12.9,21,59.88,Moderate trapping,Industrial / mixed urban proxy,Proxy from station/city naming,70,65,50.1,1.2,0.8333333333333334,0.7777777777777778,0.8571428571428571,29.58,33.52,38.63,18.85,34.73,Construction / road dust,38.63,34.73,3.9,28.21,Low confidence,PM10-heavy particulate pattern; road dust / coarse-particle likelihood; high road-density proxy,Partially aligned,"Routine monitoring: Apply dust suppression, cover construction material, clean road dust, and enforce construction-site controls.",2026-07-16 10:55:13,2026-07-16 04:00:00,197.71781781839235,147.1440881086421,197.71781781839235,248.2915475281426,Moderate,187.47,Moderate,Moderate,10.247817818392349,Stable,14.1,Minimal,Proxy derived from ground pollutants and meteorology; not direct satellite imagery,42.86,Moderate,26.8,Low,25.95,Low,27.22,Low,0,0,0,Watchlist,27.07,Low,427,Usable,"Advanced intelligence layer combines real AQI, forecasted AQI, pollutant signals, meteorological dispersion, source attribution, and intervention scoring."
rajasthan__jhunjhunu__indra_nagar_jhunjhunu_rspcb,"Indra Nagar, Jhunjhunu - RSPCB",Jhunjhunu,Rajasthan,28.108988,75.386577,2026-07-16 05:00:00,58.0,131.0,6.0,3.0,10.0,33.0,7.0,200.0,Moderate,CO,True,Valid AQI,34.5,45,0.0,14.9,4,47.58,Moderate trapping,General urban / semi-urban proxy,Proxy from station/city naming,15,20,20.51,2.2586206896551726,0.4427480916030534,0.6,5.5,3.27,3.49,31.47,24.59,36.91,Photochemical smog,36.91,31.47,5.44,27.47,Low confidence,O3 and temperature-related signal; urban photochemical formation likelihood,Partially aligned,"High-priority intervention: Control NOx and VOC sources, reduce peak-hour emissions, and issue ozone/smog exposure advisories.",2026-07-16 10:55:13,2026-07-16 04:00:00,211.66915226518088,161.09542255543067,211.66915226518088,262.2428819749311,Poor,200.0,Moderate,Poor,11.669152265180884,Stable,27.05,Low,Proxy derived from ground pollutants and meteorology; not direct satellite imagery,24.41,Low,27.66,Low,27.76,Low,26.92,Low,0,1,0,High forecast hotspot,27.04,Low,428,Usable,"Advanced intelligence layer combines real AQI, forecasted AQI, pollutant signals, meteorological dispersion, source attribution, and intervention scoring."
rajasthan__bharatpur__krishna_nagar_bharatpur_rspcb,"Krishna Nagar, Bharatpur - RSPCB",Bharatpur,Rajasthan,27.215415,77.50873,2026-07-16 05:00:00,28.0,69.0,16.0,,12.0,26.0,8.0,228.26,Poor,CO,True,Valid AQI,34.9,50,0.0,12.8,4,53.22,Moderate trapping,General urban / semi-urban proxy,Proxy from station/city naming,15,20,25.49,2.4642857142857144,0.4057971014492754,1.3333333333333333,1.625,6.2,0.0,24.1,23.42,37.71,Photochemical smog,37.71,24.1,13.61,30.48,Low confidence,O3 and temperature-related signal; urban photochemical formation likelihood,Partially aligned,"High-priority intervention: Control NOx and VOC sources, reduce peak-hour emissions, and issue ozone/smog exposure advisories.",2026-07-16 10:55:13,2026-07-16 04:00:00,230.0567777163428,179.48304800659253,230.0567777163428,280.630507426093,Poor,228.26,Poor,Poor,1.7967777163428025,Stable,16.03,Minimal,Proxy derived from ground pollutants and meteorology; not direct satellite imagery,33.16,Low,27.28,Low,28.93,Low,26.7,Low,1,1,0,High forecast hotspot,26.95,Low,429,Usable,"Advanced intelligence layer combines real AQI, forecasted AQI, pollutant signals, meteorological dispersion, source attribution, and intervention scoring."
bihar__aurangabad__gurdeo_nagar_aurangabad_bspcb,"Gurdeo Nagar, Aurangabad - BSPCB",Aurangabad,Bihar,24.75746,84.366208,2026-07-16 05:00:00,,,8.0,8.0,103.0,7.0,2.0,,Unknown,,False,Insufficient pollutants,33.0,65,0.0,4.9,100,82.63,Very high trapping,General urban / semi-urban proxy,Proxy from station/city naming,15,20,,,,0.0776699029126213,0.875,21.84,19.32,0.0,0.0,26.78,Photochemical smog,26.78,21.84,4.94,20.23,Low confidence,O3 and temperature-related signal; urban photochemical formation likelihood,Partially aligned,"Routine monitoring: Control NOx and VOC sources, reduce peak-hour emissions, and issue ozone/smog exposure advisories.",2026-07-16 10:55:13,,,,,,,,Unknown,Unknown,,Stable,19.26,Minimal,Proxy derived from ground pollutants and meteorology; not direct satellite imagery,83.88,Critical,11.13,Minimal,16.69,Minimal,28.97,Low,0,0,0,Watchlist,26.85,Low,430,Missing current AQI,"Advanced intelligence layer combines real AQI, forecasted AQI, pollutant signals, meteorological dispersion, source attribution, and intervention scoring."
maharashtra__amravati__shivneri_colony_amravati_mpcb,"Shivneri Colony, Amravati - MPCB",Amravati,Maharashtra,20.9402359,77.7895248,2026-07-16 05:00:00,36.0,52.0,6.0,8.0,11.0,14.0,2.0,213.91,Poor,CO,True,Valid AQI,31.1,58,0.0,15.7,31,53.61,Moderate trapping,General urban / semi-urban proxy,Proxy from station/city naming,15,20,24.32,1.4444444444444444,0.6923076923076923,0.5454545454545454,2.333333333333333,3.47,5.58,22.21,25.59,28.55,Photochemical smog,28.55,25.59,2.96,20.87,Low confidence,O3 and temperature-related signal; urban photochemical formation likelihood,Partially aligned,"High-priority intervention: Control NOx and VOC sources, reduce peak-hour emissions, and issue ozone/smog exposure advisories.",2026-07-16 10:55:13,2026-07-16 04:00:00,233.05684778633704,182.4831180765868,233.05684778633704,283.63057749608726,Poor,213.91,Poor,Poor,19.146847786337048,Stable,14.54,Minimal,Proxy derived from ground pollutants and meteorology; not direct satellite imagery,33.56,Low,26.93,Low,29.06,Low,26.42,Low,1,1,0,High forecast hotspot,26.71,Low,431,Usable,"Advanced intelligence layer combines real AQI, forecasted AQI, pollutant signals, meteorological dispersion, source attribution, and intervention scoring."
delhi__delhi__dwarka_sector_8_delhi_dpcc,"Dwarka-Sector 8, Delhi - DPCC",Delhi,Delhi,28.5710274,77.0719006,2026-07-16 05:00:00,47.0,170.0,36.0,,,,6.0,146.85,Moderate,PM10,True,Valid AQI,34.5,49,0.0,11.7,2,54.64,Moderate trapping,Industrial / mixed urban proxy,Proxy from station/city naming,70,65,44.13,3.617021276595745,0.2764705882352941,,,0.0,0.0,54.48,0.0,0.0,Construction / road dust,54.48,0.0,54.48,54.48,Moderate confidence,PM10-heavy particulate pattern; road dust / coarse-particle likelihood; high road-density proxy,Partially aligned,"Routine monitoring: Apply dust suppression, cover construction material, clean road dust, and enforce construction-site controls.",2026-07-16 10:55:13,2026-07-16 04:00:00,143.05941382275134,92.48568411300111,143.05941382275134,193.63314353250155,Moderate,146.85,Moderate,Moderate,-3.790586177248656,Stable,32.56,Low,Proxy derived from ground pollutants and meteorology; not direct satellite imagery,35.64,Low,23.56,Low,22.31,Low,27.4,Low,0,0,0,Watchlist,26.7,Low,432,Usable,"Advanced intelligence layer combines real AQI, forecasted AQI, pollutant signals, meteorological dispersion, source attribution, and intervention scoring."
maharashtra__nashik__pandav_nagari_nashik_mpcb,"Pandav Nagari, Nashik - MPCB",Nashik,Maharashtra,19.9591346,73.7788008,2026-07-16 05:00:00,25.0,53.0,4.0,2.0,10.0,17.0,1.0,200.0,Moderate,CO,True,Valid AQI,26.5,74,0.0,15.4,26,59.53,Moderate trapping,Dense urban proxy,Proxy from station/city naming,60,55,46.23,2.12,0.4716981132075472,0.4,4.25,38.79,10.95,37.83,24.18,31.29,Vehicular traffic,38.79,37.83,0.96,27.44,Low confidence,elevated NO2/CO signal; road-density or urban-pressure influence; traffic/commercial land-use proxy,Aligned,"High-priority intervention: Implement traffic flow control, reduce idling zones, strengthen public transport diversion, and prioritize roadside monitoring.",2026-07-16 10:55:13,2026-07-16 04:00:00,202.58992763366825,152.016197923918,202.58992763366825,253.1636573434185,Poor,200.0,Moderate,Poor,2.5899276336682533,Stable,13.76,Minimal,Proxy derived from ground pollutants and meteorology; not direct satellite imagery,40.93,Moderate,25.85,Low,26.11,Low,26.53,Low,0,1,0,High forecast hotspot,26.45,Low,433,Usable,"Advanced intelligence layer combines real AQI, forecasted AQI, pollutant signals, meteorological dispersion, source attribution, and intervention scoring."
delhi__delhi__mandir_marg_delhi_dpcc,"Mandir Marg, Delhi - DPCC",Delhi,Delhi,28.636429,77.201067,2026-07-16 05:00:00,43.0,147.0,44.0,,,,6.0,131.56,Moderate,PM10,True,Valid AQI,35.3,46,0.0,10.3,4,56.27,Moderate trapping,Dense urban proxy,Proxy from station/city naming,60,55,38.5,3.4186046511627906,0.2925170068027211,,,0.0,0.0,47.4,0.0,0.0,Construction / road dust,47.4,0.0,47.4,47.4,Moderate confidence,PM10-heavy particulate pattern; road dust / coarse-particle likelihood,Partially aligned,"Routine monitoring: Apply dust suppression, cover construction material, clean road dust, and enforce construction-site controls.",2026-07-16 10:55:13,2026-07-16 04:00:00,137.98275273809526,87.40902302834503,137.98275273809526,188.5564824478455,Moderate,131.56,Moderate,Moderate,6.422752738095255,Stable,30.2,Low,Proxy derived from ground pollutants and meteorology; not direct satellite imagery,38.92,Low,21.39,Low,21.47,Low,26.68,Low,0,0,0,Watchlist,25.9,Low,434,Usable,"Advanced intelligence layer combines real AQI, forecasted AQI, pollutant signals, meteorological dispersion, source attribution, and intervention scoring."
gujarat__ahmedabad__sac_isro_bopal_ahmedabad_iitm,"SAC ISRO Bopal, Ahmedabad - IITM",Ahmedabad,Gujarat,23.041137,72.456691,2026-07-16 05:00:00,43.0,50.0,4.0,1.0,3.0,12.0,2.0,112.28,Moderate,CO,True,Valid AQI,31.8,62,0.0,10.3,66,68.35,High trapping,Dense urban proxy,Proxy from station/city naming,60,55,41.74,1.162790697674419,0.86,1.3333333333333333,3.0,37.43,9.54,33.92,30.91,35.33,Vehicular traffic,37.43,35.33,2.1,26.83,Low confidence,elevated NO2/CO signal; road-density or urban-pressure influence; traffic/commercial land-use proxy,Aligned,"Routine monitoring: Implement traffic flow control, reduce idling zones, strengthen public transport diversion, and prioritize roadside monitoring.",2026-07-16 10:55:13,2026-07-16 04:00:00,121.29649301587304,70.72276330612283,121.29649301587304,171.87022272562328,Moderate,112.28,Moderate,Moderate,9.016493015873039,Stable,16.28,Minimal,Proxy derived from ground pollutants and meteorology; not direct satellite imagery,59.05,Moderate,19.51,Minimal,19.37,Minimal,26.73,Low,0,0,0,Watchlist,25.63,Low,435,Usable,"Advanced intelligence layer combines real AQI, forecasted AQI, pollutant signals, meteorological dispersion, source attribution, and intervention scoring."
odisha__baripada__meher_colony_baripada_ospcb,"Meher Colony, Baripada - OSPCB",Baripada,Odisha,21.941841,86.728318,2026-07-16 05:00:00,29.0,36.0,15.0,10.0,4.0,25.0,2.0,124.81,Moderate,CO,True,Valid AQI,30.7,73,0.1,11.3,90,66.74,High trapping,General urban / semi-urban proxy,Proxy from station/city naming,15,20,21.5,1.2413793103448276,0.8055555555555556,3.75,1.6666666666666667,4.4,6.87,15.73,28.59,25.29,Biomass / fine-particle combustion,28.59,25.29,3.3,21.0,Low confidence,PM2.5-heavy fine-particle pattern; CO and stagnant-weather influence; high weather trapping,Partially aligned,"Routine monitoring: Track open burning, control biomass combustion sources, increase public alerts, and strengthen fine-particle monitoring.",2026-07-16 10:55:13,2026-07-16 04:00:00,131.646146547619,81.07241683786877,131.646146547619,182.2198762573692,Moderate,124.81,Moderate,Moderate,6.836146547618995,Stable,17.26,Minimal,Proxy derived from ground pollutants and meteorology; not direct satellite imagery,57.66,Moderate,17.92,Minimal,20.76,Low,26.59,Low,0,0,0,Watchlist,25.57,Low,436,Usable,"Advanced intelligence layer combines real AQI, forecasted AQI, pollutant signals, meteorological dispersion, source attribution, and intervention scoring."
maharashtra__hingoli__ashta_vinayak_nagar_hingoli_mpcb,"Ashta Vinayak Nagar, Hingoli - MPCB",Hingoli,Maharashtra,19.710842,77.151824,2026-07-16 05:00:00,21.0,37.0,9.0,4.0,9.0,33.0,2.0,187.47,Moderate,CO,True,Valid AQI,29.5,60,0.0,17.1,72,55.91,Moderate trapping,General urban / semi-urban proxy,Proxy from station/city naming,15,20,22.82,1.761904761904762,0.5675675675675675,1.0,3.6666666666666665,3.84,4.25,21.65,22.97,27.53,Photochemical smog,27.53,22.97,4.56,20.64,Low confidence,O3 and temperature-related signal; urban photochemical formation likelihood,Partially aligned,"High-priority intervention: Control NOx and VOC sources, reduce peak-hour emissions, and issue ozone/smog exposure advisories.",2026-07-16 10:55:13,2026-07-16 04:00:00,212.1290414380182,161.55531172826795,212.1290414380182,262.70277114776843,Poor,187.47,Moderate,Poor,24.659041438018193,Stable,14.07,Minimal,Proxy derived from ground pollutants and meteorology; not direct satellite imagery,38.59,Low,22.96,Low,27.09,Low,25.55,Low,0,1,0,High forecast hotspot,25.57,Low,436,Usable,"Advanced intelligence layer combines real AQI, forecasted AQI, pollutant signals, meteorological dispersion, source attribution, and intervention scoring."
maharashtra__jalna__old_midc_jalna_mpcb,"Old MIDC, Jalna - MPCB",Jalna,Maharashtra,19.854616,75.905894,2026-07-16 05:00:00,25.0,36.0,19.0,8.0,11.0,1.0,4.0,213.91,Poor,CO,True,Valid AQI,29.8,58,0.0,16.3,62,55.62,Moderate trapping,Industrial / mixed urban proxy,Proxy from station/city naming,35,30,33.68,1.44,0.6944444444444444,1.7272727272727273,0.0526315789473684,14.73,31.42,26.26,14.81,28.79,Industrial combustion,31.42,28.79,2.63,22.78,Low confidence,SO2 and combustion-related pollutant influence; industrial land-use proxy,Aligned,"High-priority intervention: Increase industrial emission inspection, check stack compliance, enforce fuel-quality standards, and monitor nearby industrial clusters.",2026-07-16 10:55:13,2026-07-16 04:00:00,195.6773905340437,145.10366082429346,195.6773905340437,246.25112024379396,Moderate,213.91,Poor,Moderate,-18.2326094659563,Stable,13.51,Minimal,Proxy derived from ground pollutants and meteorology; not direct satellite imagery,38.06,Low,24.93,Low,25.35,Low,25.4,Low,1,0,0,High current hotspot,25.37,Low,437,Usable,"Advanced intelligence layer combines real AQI, forecasted AQI, pollutant signals, meteorological dispersion, source attribution, and intervention scoring."
maharashtra__pimpri_chinchwad__gavalinagar_pimpri_chinchwad_mpcb,"Gavalinagar, Pimpri Chinchwad - MPCB",Pimpri-Chinchwad,Maharashtra,18.63673,73.82487,2026-07-16 05:00:00,20.0,40.0,,1.0,9.0,7.0,,187.47,Moderate,CO,True,Valid AQI,27.4,67,0.0,14.2,43,60.83,High trapping,General urban / semi-urban proxy,Proxy from station/city naming,15,20,24.87,2.0,0.5,,,0.0,0.0,20.98,24.26,0.0,Biomass / fine-particle combustion,24.26,20.98,3.28,17.97,Low confidence,PM2.5-heavy fine-particle pattern; CO and stagnant-weather influence; high weather trapping,Partially aligned,"Routine monitoring: Track open burning, control biomass combustion sources, increase public alerts, and strengthen fine-particle monitoring.",2026-07-16 10:55:13,2026-07-16 04:00:00,195.81190081671485,145.2381711069646,195.81190081671485,246.3856305264651,Moderate,187.47,Moderate,Moderate,8.341900816714855,Stable,10.12,Minimal,Proxy derived from ground pollutants and meteorology; not direct satellite imagery,44.79,Moderate,22.2,Low,24.97,Low,25.13,Low,0,0,0,Watchlist,24.97,Low,438,Usable,"Advanced intelligence layer combines real AQI, forecasted AQI, pollutant signals, meteorological dispersion, source attribution, and intervention scoring."
telangana__hyderabad__ida_pashamylaram_hyderabad_tspcb,"IDA Pashamylaram, Hyderabad - TSPCB",Hyderabad,Telangana,17.5316895,78.218939,2026-07-16 05:00:00,32.0,53.0,30.0,14.0,7.0,19.0,2.0,162.41,Moderate,CO,True,Valid AQI,29.3,61,0.0,18.9,94,55.22,Moderate trapping,Dense urban proxy,Proxy from station/city naming,60,55,40.93,1.65625,0.6037735849056604,4.285714285714286,0.6333333333333333,44.81,19.58,38.8,23.43,35.04,Vehicular traffic,44.81,38.8,6.01,33.17,Low confidence,elevated NO2/CO signal; road-density or urban-pressure influence; traffic/commercial land-use proxy,Aligned,"Routine monitoring: Implement traffic flow control, reduce idling zones, strengthen public transport diversion, and prioritize roadside monitoring.",2026-07-16 10:55:13,2026-07-16 04:00:00,161.42801436507983,110.8542846553296,161.42801436507983,212.00174407483007,Moderate,162.41,Moderate,Moderate,-0.9819856349201643,Stable,21.54,Low,Proxy derived from ground pollutants and meteorology; not direct satellite imagery,38.06,Low,22.24,Low,22.12,Low,25.23,Low,0,0,0,Watchlist,24.77,Low,439,Usable,"Advanced intelligence layer combines real AQI, forecasted AQI, pollutant signals, meteorological dispersion, source attribution, and intervention scoring."
maharashtra__pimpri_chinchwad__park_street_wakad_pimpri_chinchwad_mpcb,"Park Street Wakad, Pimpri Chinchwad - MPCB",Pimpri-Chinchwad,Maharashtra,18.59051,73.77946,2026-07-16 05:00:00,17.0,29.0,13.0,,8.0,12.0,,174.94,Moderate,CO,True,Valid AQI,27.2,68,0.0,14.3,41,60.82,High trapping,General urban / semi-urban proxy,Proxy from station/city naming,15,20,23.7,1.7058823529411764,0.5862068965517241,1.625,0.9230769230769232,4.66,0.0,19.44,24.35,23.69,Biomass / fine-particle combustion,24.35,23.69,0.66,17.24,Low confidence,PM2.5-heavy fine-particle pattern; CO and stagnant-weather influence; high weather trapping,Partially aligned,"Routine monitoring: Track open burning, control biomass combustion sources, increase public alerts, and strengthen fine-particle monitoring.",2026-07-16 10:55:13,2026-07-16 04:00:00,196.81846314212083,146.2447334323706,196.81846314212083,247.39219285187107,Moderate,174.94,Moderate,Moderate,21.878463142120836,Stable,10.57,Minimal,Proxy derived from ground pollutants and meteorology; not direct satellite imagery,44.55,Moderate,21.08,Low,25.22,Low,24.91,Low,0,0,0,Watchlist,24.75,Low,440,Usable,"Advanced intelligence layer combines real AQI, forecasted AQI, pollutant signals, meteorological dispersion, source attribution, and intervention scoring."
jammu_and_kashmir__pampore__khrew_pampore_jkpcc,"Khrew, Pampore - JKPCC",Pampore,Jammu and Kashmir,34.031606,75.009712,2026-07-16 05:00:00,61.0,78.0,,,,,,,Unknown,,False,Insufficient pollutants,26.1,51,0.0,2.4,0,72.01,High trapping,General urban / semi-urban proxy,Proxy from station/city naming,15,20,,1.278688524590164,0.782051282051282,,,0.0,0.0,18.78,0.0,0.0,Construction / road dust,18.78,0.0,18.78,18.78,Low confidence,PM10-heavy particulate pattern; road dust / coarse-particle likelihood,Partially aligned,"Routine monitoring: Apply dust suppression, cover construction material, clean road dust, and enforce construction-site controls.",2026-07-16 10:55:13,2026-07-16 03:00:00,94.68949996031756,44.11577025056732,94.68949996031756,145.26322967006777,Satisfactory,,Unknown,Satisfactory,,Stable,17.24,Minimal,Proxy derived from ground pollutants and meteorology; not direct satellite imagery,64.55,High,14.92,Minimal,15.39,Minimal,25.45,Low,0,0,0,Watchlist,23.92,Low,441,Missing current AQI,"Advanced intelligence layer combines real AQI, forecasted AQI, pollutant signals, meteorological dispersion, source attribution, and intervention scoring."
maharashtra__kolhapur__sinchan_bhavan_kolhapur_mpcb,"Sinchan Bhavan, Kolhapur - MPCB",Kolhapur,Maharashtra,16.7143745,74.2426398,2026-07-16 05:00:00,29.0,52.0,16.0,2.0,8.0,19.0,2.0,174.94,Moderate,CO,True,Valid AQI,26.3,73,0.0,16.2,30,58.12,Moderate trapping,General urban / semi-urban proxy,Proxy from station/city naming,15,20,22.57,1.793103448275862,0.5576923076923077,2.0,1.1875,5.43,4.51,22.9,24.31,24.46,Photochemical smog,24.46,24.31,0.15,17.17,Low confidence,O3 and temperature-related signal; urban photochemical formation likelihood,Partially aligned,"Routine monitoring: Control NOx and VOC sources, reduce peak-hour emissions, and issue ozone/smog exposure advisories.",2026-07-16 10:55:13,2026-07-16 04:00:00,172.92195963130632,122.3482299215561,172.92195963130632,223.49568934105656,Moderate,174.94,Moderate,Moderate,-2.0180403686936756,Stable,16.44,Minimal,Proxy derived from ground pollutants and meteorology; not direct satellite imagery,38.84,Low,21.1,Low,22.48,Low,24.13,Low,0,0,0,Watchlist,23.81,Low,442,Usable,"Advanced intelligence layer combines real AQI, forecasted AQI, pollutant signals, meteorological dispersion, source attribution, and intervention scoring."
bihar__siwan__chitragupta_nagar_siwan_bspcb,"Chitragupta Nagar, Siwan - BSPCB",Siwan,Bihar,26.2271665,84.3570427,2026-07-16 05:00:00,,,2.0,8.0,77.0,8.0,1.0,,Unknown,,False,Insufficient pollutants,29.3,85,0.1,7.9,93,77.6,High trapping,General urban / semi-urban proxy,Proxy from station/city naming,15,20,,,,0.0259740259740259,4.0,15.27,14.52,0.0,0.0,19.3,Photochemical smog,19.3,15.27,4.03,14.72,Low confidence,O3 and temperature-related signal; urban photochemical formation likelihood,Partially aligned,"Routine monitoring: Control NOx and VOC sources, reduce peak-hour emissions, and issue ozone/smog exposure advisories.",2026-07-16 10:55:13,,,,,,,,Unknown,Unknown,,Stable,17.66,Minimal,Proxy derived from ground pollutants and meteorology; not direct satellite imagery,74.25,High,9.55,Minimal,14.33,Minimal,25.55,Low,0,0,0,Watchlist,23.63,Low,443,Missing current AQI,"Advanced intelligence layer combines real AQI, forecasted AQI, pollutant signals, meteorological dispersion, source attribution, and intervention scoring."
bihar__manguraha__forest_rest_house_manguraha_bspcb,"Forest Rest House, Manguraha - BSPCB",Manguraha,Bihar,27.308328,84.531742,2026-07-16 05:00:00,,,,,31.0,29.0,1.0,,Unknown,,False,Insufficient pollutants,29.4,82,0.0,9.4,100,80.74,Very high trapping,General urban / semi-urban proxy,Proxy from station/city naming,15,20,,,,,,0.0,0.0,0.0,0.0,0.0,Insufficient pollutant signal,0.0,0.0,0.0,0.0,Low confidence,insufficient source signal,Unknown,Routine monitoring: Improve pollutant data completeness and continue monitoring before assigning a source-specific intervention.,2026-07-16 10:55:13,,,,,,,,Unknown,Unknown,,Stable,14.15,Minimal,Proxy derived from ground pollutants and meteorology; not direct satellite imagery,78.09,High,9.42,Minimal,14.12,Minimal,25.51,Low,0,0,0,Watchlist,23.57,Low,444,Missing current AQI,"Advanced intelligence layer combines real AQI, forecasted AQI, pollutant signals, meteorological dispersion, source attribution, and intervention scoring."
odisha__byasanagar__ferro_chrome_colony_byasanagar_ospcb,"Ferro Chrome Colony, Byasanagar - OSPCB",Byasanagar,Odisha,20.94185,86.1151,2026-07-16 05:00:00,,,,,23.0,31.0,,,Unknown,,False,Insufficient pollutants,28.1,92,0.0,10.6,95,81.74,Very high trapping,General urban / semi-urban proxy,Proxy from station/city naming,15,20,,,,,,0.0,0.0,0.0,0.0,0.0,Insufficient pollutant signal,0.0,0.0,0.0,0.0,Low confidence,insufficient source signal,Unknown,Routine monitoring: Improve pollutant data completeness and continue monitoring before assigning a source-specific intervention.,2026-07-16 10:55:13,,,,,,,,Unknown,Unknown,,Stable,14.08,Minimal,Proxy derived from ground pollutants and meteorology; not direct satellite imagery,78.08,High,9.4,Minimal,14.1,Minimal,25.48,Low,0,0,0,Watchlist,23.54,Low,445,Missing current AQI,"Advanced intelligence layer combines real AQI, forecasted AQI, pollutant signals, meteorological dispersion, source attribution, and intervention scoring."
tamil_nadu__chennai__arumbakkam_chennai_tnpcb,"Arumbakkam, Chennai - TNPCB",Chennai,Tamil Nadu,13.0664,80.2112,2026-07-16 05:00:00,47.0,99.0,19.0,4.0,,,4.0,99.0,Satisfactory,PM10,True,Valid AQI,34.9,39,0.0,12.6,99,59.03,Moderate trapping,Dense urban proxy,Proxy from station/city naming,60,55,36.62,2.106382978723404,0.4747474747474747,,,0.0,0.0,41.51,0.0,0.0,Construction / road dust,41.51,0.0,41.51,41.51,Moderate confidence,PM10-heavy particulate pattern; road dust / coarse-particle likelihood,Partially aligned,"Routine monitoring: Apply dust suppression, cover construction material, clean road dust, and enforce construction-site controls.",2026-07-16 10:55:13,2026-07-16 04:00:00,99.65054227513232,49.076812565382085,99.65054227513232,150.2242719848825,Satisfactory,99.0,Satisfactory,Satisfactory,0.6505422751323238,Stable,24.56,Low,Proxy derived from ground pollutants and meteorology; not direct satellite imagery,48.03,Moderate,17.4,Minimal,16.49,Minimal,24.68,Low,0,0,0,Watchlist,23.5,Low,446,Usable,"Advanced intelligence layer combines real AQI, forecasted AQI, pollutant signals, meteorological dispersion, source attribution, and intervention scoring."
andhra_pradesh__kurnool__sita_rama_nagar_kurnool_appcb,"Sita Rama Nagar, Kurnool - APPCB",Kurnool,Andhra Pradesh,15.83411,78.028546,2026-07-16 05:00:00,58.0,59.0,29.0,10.0,8.0,19.0,5.0,174.94,Moderate,CO,True,Valid AQI,33.0,46,0.0,18.5,38,44.83,Moderate trapping,General urban / semi-urban proxy,Proxy from station/city naming,15,20,17.03,1.0172413793103448,0.9830508474576272,3.625,0.6551724137931034,8.73,9.82,23.67,26.62,34.25,Photochemical smog,34.25,26.62,7.63,26.26,Low confidence,O3 and temperature-related signal; urban photochemical formation likelihood,Partially aligned,"High-priority intervention: Control NOx and VOC sources, reduce peak-hour emissions, and issue ozone/smog exposure advisories.",2026-07-16 10:55:13,2026-07-16 04:00:00,202.273559168346,151.6998294585958,202.273559168346,252.8472888780962,Poor,174.94,Moderate,Poor,27.333559168346,Increasing,22.47,Low,Proxy derived from ground pollutants and meteorology; not direct satellite imagery,20.84,Low,23.88,Low,24.54,Low,23.19,Low,0,1,1,High forecast hotspot,23.36,Low,447,Usable,"Advanced intelligence layer combines real AQI, forecasted AQI, pollutant signals, meteorological dispersion, source attribution, and intervention scoring."
bihar__sasaram__dada_peer_sasaram_bspcb,"Dada Peer, Sasaram - BSPCB",Sasaram,Bihar,24.952822,84.002396,2026-07-16 05:00:00,,,,4.0,53.0,17.0,,,Unknown,,False,Insufficient pollutants,32.0,71,0.1,4.5,77,77.01,High trapping,General urban / semi-urban proxy,Proxy from station/city naming,15,20,,,,,,0.0,0.0,0.0,0.0,0.0,Insufficient pollutant signal,0.0,0.0,0.0,0.0,Low confidence,insufficient source signal,Unknown,Routine monitoring: Improve pollutant data completeness and continue monitoring before assigning a source-specific intervention.,2026-07-16 10:55:13,,,,,,,,Unknown,Unknown,,Stable,13.51,Minimal,Proxy derived from ground pollutants and meteorology; not direct satellite imagery,74.82,High,8.86,Minimal,13.3,Minimal,24.31,Low,0,0,0,Watchlist,22.44,Low,448,Missing current AQI,"Advanced intelligence layer combines real AQI, forecasted AQI, pollutant signals, meteorological dispersion, source attribution, and intervention scoring."
telangana__hyderabad__central_university_hyderabad_tspcb,"Central University, Hyderabad - TSPCB",Hyderabad,Telangana,17.460103,78.334361,2026-07-16 05:00:00,21.0,23.0,24.0,8.0,2.0,10.0,4.0,100.0,Satisfactory,CO,True,Valid AQI,30.1,56,0.0,17.6,98,56.13,Moderate trapping,Dense urban proxy,Proxy from station/city naming,60,55,35.5,1.0952380952380951,0.9130434782608696,12.0,0.4166666666666667,42.32,15.51,34.22,24.06,33.83,Vehicular traffic,42.32,34.22,8.1,32.05,Low confidence,elevated NO2/CO signal; road-density or urban-pressure influence; traffic/commercial land-use proxy,Aligned,"Preventive intervention: Implement traffic flow control, reduce idling zones, strengthen public transport diversion, and prioritize roadside monitoring.",2026-07-16 10:55:13,2026-07-16 04:00:00,178.65357757310005,128.0798478633498,178.65357757310005,229.2273072828503,Moderate,100.0,Satisfactory,Moderate,78.65357757310005,Increasing,13.57,Minimal,Proxy derived from ground pollutants and meteorology; not direct satellite imagery,40.51,Moderate,16.34,Minimal,22.93,Low,22.6,Low,0,0,1,Emerging hotspot,22.32,Low,449,Usable,"Advanced intelligence layer combines real AQI, forecasted AQI, pollutant signals, meteorological dispersion, source attribution, and intervention scoring."
rajasthan__jodhpur__jhalamand_jodhpur_rspcb,"Jhalamand, Jodhpur - RSPCB",Jodhpur,Rajasthan,26.215415,73.070156,2026-07-16 05:00:00,34.0,70.0,6.0,4.0,9.0,30.0,5.0,187.47,Moderate,CO,True,Valid AQI,33.0,50,0.0,13.9,0,50.83,Moderate trapping,General urban / semi-urban proxy,Proxy from station/city naming,15,20,20.7,2.0588235294117645,0.4857142857142857,0.6666666666666666,5.0,3.08,3.74,24.16,23.2,34.78,Photochemical smog,34.78,24.16,10.62,27.53,Low confidence,O3 and temperature-related signal; urban photochemical formation likelihood,Partially aligned,"Routine monitoring: Control NOx and VOC sources, reduce peak-hour emissions, and issue ozone/smog exposure advisories.",2026-07-16 10:55:13,2026-07-16 04:00:00,192.0306840884492,141.45695437869898,192.0306840884492,242.60441379819943,Moderate,187.47,Moderate,Moderate,4.560684088449193,Stable,15.19,Minimal,Proxy derived from ground pollutants and meteorology; not direct satellite imagery,28.99,Low,21.82,Low,22.7,Low,22.19,Low,0,0,0,Watchlist,22.22,Low,450,Usable,"Advanced intelligence layer combines real AQI, forecasted AQI, pollutant signals, meteorological dispersion, source attribution, and intervention scoring."
maharashtra__mumbai__borivali_east_mumbai_iitm,"Borivali East, Mumbai - IITM",Mumbai,Maharashtra,19.23241,72.86895,2026-07-16 05:00:00,33.0,58.0,21.0,,1.0,17.0,3.0,58.0,Satisfactory,PM10,True,Valid AQI,28.9,74,0.0,10.7,29,68.34,High trapping,Dense urban proxy,Proxy from station/city naming,60,55,36.69,1.7575757575757576,0.5689655172413793,21.0,0.8095238095238095,41.36,0.0,35.76,27.26,36.36,Vehicular traffic,41.36,36.36,5.0,30.45,Low confidence,elevated NO2/CO signal; road-density or urban-pressure influence; traffic/commercial land-use proxy,Aligned,"Preventive intervention: Implement traffic flow control, reduce idling zones, strengthen public transport diversion, and prioritize roadside monitoring.",2026-07-16 10:55:13,2026-07-16 04:00:00,90.0735376984127,39.49980798866247,90.0735376984127,140.64726740816292,Satisfactory,58.0,Satisfactory,Satisfactory,32.07353769841269,Increasing,18.17,Minimal,Proxy derived from ground pollutants and meteorology; not direct satellite imagery,55.88,Moderate,12.6,Minimal,15.07,Minimal,23.11,Low,0,0,0,Watchlist,21.78,Low,451,Usable,"Advanced intelligence layer combines real AQI, forecasted AQI, pollutant signals, meteorological dispersion, source attribution, and intervention scoring."
west_bengal__howrah__dasnagar_howrah_wbpcb,"Dasnagar, Howrah - WBPCB",Howrah,West Bengal,22.6025571,88.3105664,2026-07-16 05:00:00,,,4.0,7.0,38.0,40.0,1.0,,Unknown,,False,Insufficient pollutants,30.1,78,0.0,11.4,96,75.24,High trapping,General urban / semi-urban proxy,Proxy from station/city naming,15,20,,,,0.1052631578947368,10.0,8.2,8.79,0.0,0.0,27.44,Photochemical smog,27.44,8.79,18.65,24.8,Low confidence,O3 and temperature-related signal; urban photochemical formation likelihood,Partially aligned,"Routine monitoring: Control NOx and VOC sources, reduce peak-hour emissions, and issue ozone/smog exposure advisories.",2026-07-16 10:55:13,,,,,,,,Unknown,Unknown,,Stable,15.7,Minimal,Proxy derived from ground pollutants and meteorology; not direct satellite imagery,69.3,High,8.53,Minimal,12.8,Minimal,23.4,Low,0,0,0,Watchlist,21.6,Low,452,Missing current AQI,"Advanced intelligence layer combines real AQI, forecasted AQI, pollutant signals, meteorological dispersion, source attribution, and intervention scoring."
maharashtra__kolhapur__shivaji_university_kolhapur_mpcb,"Shivaji University, Kolhapur - MPCB",Kolhapur,Maharashtra,16.6870449,74.2505872,2026-07-16 05:00:00,39.0,51.0,11.0,1.0,6.0,12.0,3.0,149.87,Moderate,CO,True,Valid AQI,26.3,73,0.0,16.2,30,58.12,Moderate trapping,General urban / semi-urban proxy,Proxy from station/city naming,15,20,20.24,1.3076923076923077,0.7647058823529411,1.8333333333333333,1.0909090909090908,3.77,2.98,22.15,26.48,22.84,Biomass / fine-particle combustion,26.48,22.84,3.64,19.63,Low confidence,PM2.5-heavy fine-particle pattern; CO and stagnant-weather influence,Partially aligned,"Routine monitoring: Track open burning, control biomass combustion sources, increase public alerts, and strengthen fine-particle monitoring.",2026-07-16 10:55:13,2026-07-16 04:00:00,137.8024294444444,87.22869973469416,137.8024294444444,188.37615915419465,Moderate,149.87,Moderate,Moderate,-12.06757055555559,Stable,16.39,Minimal,Proxy derived from ground pollutants and meteorology; not direct satellite imagery,38.84,Low,18.16,Minimal,18.14,Minimal,21.94,Low,0,0,0,Watchlist,21.37,Low,453,Usable,"Advanced intelligence layer combines real AQI, forecasted AQI, pollutant signals, meteorological dispersion, source attribution, and intervention scoring."
maharashtra__solapur__dnyaneshwar_nagar_solapur_mpcb,"Dnyaneshwar Nagar, Solapur - MPCB",Solapur,Maharashtra,17.6336264,75.9132495,2026-07-16 05:00:00,33.0,43.0,10.0,2.0,7.0,8.0,9.0,162.41,Moderate,CO,True,Valid AQI,30.3,53,0.1,14.4,62,50.97,Moderate trapping,General urban / semi-urban proxy,Proxy from station/city naming,15,20,18.42,1.303030303030303,0.7674418604651163,1.4285714285714286,0.8,3.71,3.35,17.97,24.68,23.14,Biomass / fine-particle combustion,24.68,23.14,1.54,17.74,Low confidence,PM2.5-heavy fine-particle pattern; CO and stagnant-weather influence,Partially aligned,"Routine monitoring: Track open burning, control biomass combustion sources, increase public alerts, and strengthen fine-particle monitoring.",2026-07-16 10:55:13,2026-07-16 04:00:00,175.43558383158566,124.86185412183544,175.43558383158566,226.00931354133587,Moderate,162.41,Moderate,Moderate,13.025583831585664,Stable,13.81,Minimal,Proxy derived from ground pollutants and meteorology; not direct satellite imagery,33.13,Low,19.19,Minimal,20.91,Low,21.42,Low,0,0,0,Watchlist,21.26,Low,454,Usable,"Advanced intelligence layer combines real AQI, forecasted AQI, pollutant signals, meteorological dispersion, source attribution, and intervention scoring."
mizoram__aizawl__sikulpuikawn_aizawl_mizoram_pcb,"Sikulpuikawn, Aizawl - Mizoram PCB",Aizawl,Mizoram,23.7176342,92.7192841,2026-07-16 05:00:00,,13.0,1.0,15.0,3.0,6.0,0.0,112.28,Moderate,CO,True,Valid AQI,26.5,64,0.0,7.7,34,70.59,High trapping,General urban / semi-urban proxy,Proxy from station/city naming,15,20,21.94,,,0.3333333333333333,6.0,0.64,6.29,0.0,0.0,20.77,Photochemical smog,20.77,6.29,14.48,18.88,Low confidence,O3 and temperature-related signal; urban photochemical formation likelihood,Partially aligned,"Routine monitoring: Control NOx and VOC sources, reduce peak-hour emissions, and issue ozone/smog exposure advisories.",2026-07-16 10:55:13,2026-07-16 04:00:00,112.26290555555512,61.6891758458049,112.26290555555512,162.83663526530535,Moderate,112.28,Moderate,Moderate,-0.017094444444879286,Stable,4.57,Minimal,Proxy derived from ground pollutants and meteorology; not direct satellite imagery,61.39,High,12.73,Minimal,15.76,Minimal,21.74,Low,0,0,0,Watchlist,20.69,Low,455,Usable,"Advanced intelligence layer combines real AQI, forecasted AQI, pollutant signals, meteorological dispersion, source attribution, and intervention scoring."
maharashtra__navi_mumbai__sanpada_navi_mumbai_mpcb,"Sanpada, Navi Mumbai - MPCB",Navi Mumbai,Maharashtra,19.0575752,73.0151367,2026-07-16 05:00:00,25.0,37.0,3.0,5.0,4.0,10.0,1.0,124.81,Moderate,CO,True,Valid AQI,29.0,74,0.0,13.3,23,63.04,High trapping,General urban / semi-urban proxy,Proxy from station/city naming,15,20,19.96,1.48,0.6756756756756757,0.75,3.333333333333333,1.35,2.89,19.56,25.85,25.33,Biomass / fine-particle combustion,25.85,25.33,0.52,18.25,Low confidence,PM2.5-heavy fine-particle pattern; CO and stagnant-weather influence; high weather trapping,Partially aligned,"Routine monitoring: Track open burning, control biomass combustion sources, increase public alerts, and strengthen fine-particle monitoring.",2026-07-16 10:55:13,2026-07-16 04:00:00,140.889089074074,90.31535936432378,140.889089074074,191.46281878382425,Moderate,124.81,Moderate,Moderate,16.079089074074005,Stable,10.23,Minimal,Proxy derived from ground pollutants and meteorology; not direct satellite imagery,46.73,Moderate,15.18,Minimal,17.93,Minimal,21.32,Low,0,0,0,Watchlist,20.68,Low,456,Usable,"Advanced intelligence layer combines real AQI, forecasted AQI, pollutant signals, meteorological dispersion, source attribution, and intervention scoring."
bihar__bettiah__kamalnath_nagar_bettiah_bspcb,"Kamalnath Nagar, Bettiah - BSPCB",Bettiah,Bihar,26.80365,84.51954,2026-07-16 05:00:00,,,,14.0,29.0,22.0,,,Unknown,,False,Insufficient pollutants,29.8,82,0.1,9.7,99,73.84,High trapping,General urban / semi-urban proxy,Proxy from station/city naming,15,20,,,,,,0.0,0.0,0.0,0.0,0.0,Insufficient pollutant signal,0.0,0.0,0.0,0.0,Low confidence,insufficient source signal,Unknown,Routine monitoring: Improve pollutant data completeness and continue monitoring before assigning a source-specific intervention.,2026-07-16 10:55:13,,,,,,,,Unknown,Unknown,,Stable,13.36,Minimal,Proxy derived from ground pollutants and meteorology; not direct satellite imagery,68.58,High,8.01,Minimal,12.01,Minimal,22.39,Low,0,0,0,Watchlist,20.64,Low,457,Missing current AQI,"Advanced intelligence layer combines real AQI, forecasted AQI, pollutant signals, meteorological dispersion, source attribution, and intervention scoring."
karnataka__gadag__panchal_nagar_gadag_kspcb,"Panchal Nagar, Gadag - KSPCB",Gadag,Karnataka,15.411456,75.638133,2026-07-16 05:00:00,20.0,30.0,0.0,24.0,13.0,17.0,4.0,242.61,Poor,CO,True,Valid AQI,27.7,59,0.1,18.4,23,42.04,Moderate trapping,General urban / semi-urban proxy,Proxy from station/city naming,15,20,22.16,1.5,0.6666666666666666,0.0,,2.33,11.08,18.63,20.59,21.78,Photochemical smog,21.78,20.59,1.19,15.6,Low confidence,O3 and temperature-related signal; urban photochemical formation likelihood,Partially aligned,"High-priority intervention: Control NOx and VOC sources, reduce peak-hour emissions, and issue ozone/smog exposure advisories.",2026-07-16 10:55:13,2026-07-16 04:00:00,235.55385974867764,184.98013003892743,235.55385974867764,286.12758945842785,Poor,242.61,Poor,Poor,-7.056140251322375,Stable,8.31,Minimal,Proxy derived from ground pollutants and meteorology; not direct satellite imagery,16.49,Minimal,24.14,Low,24.92,Low,19.68,Minimal,1,1,0,High forecast hotspot,20.43,Low,458,Usable,"Advanced intelligence layer combines real AQI, forecasted AQI, pollutant signals, meteorological dispersion, source attribution, and intervention scoring."
uttar_pradesh__raebareli__indira_nagar_raebareli_ntpc_unchahar,"Indira Nagar, Raebareli - NTPC Unchahar",Raebareli,Uttar Pradesh,26.207781,81.245571,2026-07-16 05:00:00,,,19.0,,,,9.0,,Unknown,,False,Insufficient pollutants,33.9,61,0.0,8.5,99,74.54,High trapping,General urban / semi-urban proxy,Proxy from station/city naming,15,20,,,,,,0.0,0.0,0.0,0.0,0.0,Insufficient pollutant signal,0.0,0.0,0.0,0.0,Low confidence,insufficient source signal,Unknown,Routine monitoring: Improve pollutant data completeness and continue monitoring before assigning a source-specific intervention.,2026-07-16 10:55:13,,,,,,,,Unknown,Unknown,,Stable,10.32,Minimal,Proxy derived from ground pollutants and meteorology; not direct satellite imagery,70.82,High,7.75,Minimal,11.62,Minimal,22.04,Low,0,0,0,Watchlist,20.28,Low,459,Missing current AQI,"Advanced intelligence layer combines real AQI, forecasted AQI, pollutant signals, meteorological dispersion, source attribution, and intervention scoring."
chhattisgarh__raipur__aiims_raipur_cecb,"AIIMS, Raipur - CECB",Raipur,Chhattisgarh,21.258815,81.578979,2026-07-16 05:00:00,,,,,18.0,9.0,,,Unknown,,False,Insufficient pollutants,28.9,72,0.0,10.3,100,75.43,High trapping,General urban / semi-urban proxy,Proxy from station/city naming,15,20,,,,,,0.0,0.0,0.0,0.0,0.0,Insufficient pollutant signal,0.0,0.0,0.0,0.0,Low confidence,insufficient source signal,Unknown,Routine monitoring: Improve pollutant data completeness and continue monitoring before assigning a source-specific intervention.,2026-07-16 10:55:13,,,,,,,,Unknown,Unknown,,Stable,10.36,Minimal,Proxy derived from ground pollutants and meteorology; not direct satellite imagery,70.67,High,7.73,Minimal,11.6,Minimal,22.0,Low,0,0,0,Watchlist,20.25,Low,460,Missing current AQI,"Advanced intelligence layer combines real AQI, forecasted AQI, pollutant signals, meteorological dispersion, source attribution, and intervention scoring."
karnataka__bengaluru__btm_layout_bengaluru_cpcb,"BTM Layout, Bengaluru - CPCB",Bengaluru,Karnataka,12.9135218,77.5950804,2026-07-16 05:00:00,30.0,59.0,24.0,19.0,,25.0,4.0,59.0,Satisfactory,PM10,True,Valid AQI,26.8,54,0.0,12.8,97,63.99,High trapping,Dense urban proxy,Proxy from station/city naming,60,55,34.96,1.9666666666666663,0.5084745762711864,,1.0416666666666667,0.0,0.0,37.1,0.0,31.8,Construction / road dust,37.1,31.8,5.3,27.56,Low confidence,PM10-heavy particulate pattern; road dust / coarse-particle likelihood,Partially aligned,"Routine monitoring: Apply dust suppression, cover construction material, clean road dust, and enforce construction-site controls.",2026-07-16 10:55:13,2026-07-16 04:00:00,59.60613150793653,9.032401798186308,59.60613150793653,110.17986121768676,Satisfactory,59.0,Satisfactory,Satisfactory,0.6061315079365315,Stable,20.53,Low,Proxy derived from ground pollutants and meteorology; not direct satellite imagery,54.02,Moderate,10.74,Minimal,11.2,Minimal,21.49,Low,0,0,0,Watchlist,19.92,Minimal,461,Usable,"Advanced intelligence layer combines real AQI, forecasted AQI, pollutant signals, meteorological dispersion, source attribution, and intervention scoring."
west_bengal__asansol__trivenidevi_bhalotia_college_asansol_wbpcb,"Trivenidevi Bhalotia College, Asansol - WBPCB",Asansol,West Bengal,23.616515,87.119133,2026-07-16 05:00:00,,,8.0,33.0,32.0,6.0,8.0,,Unknown,,False,Insufficient pollutants,31.1,73,0.0,12.2,100,72.36,High trapping,General urban / semi-urban proxy,Proxy from station/city naming,15,20,,,,0.25,0.75,8.05,18.7,0.0,0.0,24.22,Photochemical smog,24.22,18.7,5.52,18.61,Low confidence,O3 and temperature-related signal; urban photochemical formation likelihood,Partially aligned,"Routine monitoring: Control NOx and VOC sources, reduce peak-hour emissions, and issue ozone/smog exposure advisories.",2026-07-16 10:55:13,,,,,,,,Unknown,Unknown,,Stable,12.96,Minimal,Proxy derived from ground pollutants and meteorology; not direct satellite imagery,65.34,High,7.5,Minimal,11.26,Minimal,21.29,Low,0,0,0,Watchlist,19.6,Minimal,462,Missing current AQI,"Advanced intelligence layer combines real AQI, forecasted AQI, pollutant signals, meteorological dispersion, source attribution, and intervention scoring."
karnataka__bengaluru__bapuji_nagar_bengaluru_kspcb,"Bapuji Nagar, Bengaluru - KSPCB",Bengaluru,Karnataka,12.951913,77.539784,2026-07-16 05:00:00,32.0,52.0,26.0,29.0,,34.0,3.0,52.69,Satisfactory,PM2.5,True,Valid AQI,27.5,47,0.0,12.5,97,61.96,High trapping,Dense urban proxy,Proxy from station/city naming,60,55,33.53,1.625,0.6153846153846154,,1.3076923076923077,0.0,0.0,35.75,0.0,34.21,Construction / road dust,35.75,34.21,1.54,25.49,Low confidence,PM10-heavy particulate pattern; road dust / coarse-particle likelihood,Partially aligned,"Routine monitoring: Apply dust suppression, cover construction material, clean road dust, and enforce construction-site controls.",2026-07-16 10:55:13,2026-07-16 04:00:00,58.586362433862405,8.01263272411218,58.586362433862405,109.16009214361264,Satisfactory,52.69,Satisfactory,Satisfactory,5.896362433862407,Stable,20.38,Low,Proxy derived from ground pollutants and meteorology; not direct satellite imagery,51.67,Moderate,10.36,Minimal,10.86,Minimal,20.78,Low,0,0,0,Watchlist,19.26,Minimal,463,Usable,"Advanced intelligence layer combines real AQI, forecasted AQI, pollutant signals, meteorological dispersion, source attribution, and intervention scoring."
karnataka__yadgir__collector_office_yadgir_kspcb,"Collector Office, Yadgir - KSPCB",Yadgir,Karnataka,16.7602,77.1428,2026-07-16 05:00:00,12.0,48.0,18.0,15.0,11.0,24.0,0.0,213.91,Poor,CO,True,Valid AQI,30.6,56,0.0,16.5,75,55.83,Moderate trapping,General urban / semi-urban proxy,Proxy from station/city naming,15,20,25.24,4.0,0.25,1.6363636363636365,1.3333333333333333,6.52,10.34,25.55,20.21,28.65,Photochemical smog,28.65,25.55,3.1,20.98,Low confidence,O3 and temperature-related signal; urban photochemical formation likelihood,Partially aligned,"High-priority intervention: Control NOx and VOC sources, reduce peak-hour emissions, and issue ozone/smog exposure advisories.",2026-07-16 10:55:13,2026-07-16 04:00:00,60.78433469696969,10.210604987219462,60.78433469696969,111.3580644067199,Satisfactory,213.91,Poor,Satisfactory,-153.1256653030303,Decreasing,14.85,Minimal,Proxy derived from ground pollutants and meteorology; not direct satellite imagery,39.17,Low,15.7,Minimal,13.66,Minimal,19.61,Minimal,1,0,0,High current hotspot,18.82,Minimal,464,Usable,"Advanced intelligence layer combines real AQI, forecasted AQI, pollutant signals, meteorological dispersion, source attribution, and intervention scoring."
bihar__bhagalpur__mayaganj_bhagalpur_bspcb,"Mayaganj, Bhagalpur - BSPCB",Bhagalpur,Bihar,25.265194,87.012947,2026-07-16 05:00:00,,,8.0,28.0,41.0,22.0,3.0,,Unknown,,False,Insufficient pollutants,32.5,68,0.0,11.5,69,68.69,High trapping,General urban / semi-urban proxy,Proxy from station/city naming,15,20,,,,0.1951219512195122,2.75,9.8,18.07,0.0,0.0,29.82,Photochemical smog,29.82,18.07,11.75,24.4,Low confidence,O3 and temperature-related signal; urban photochemical formation likelihood,Partially aligned,"Routine monitoring: Control NOx and VOC sources, reduce peak-hour emissions, and issue ozone/smog exposure advisories.",2026-07-16 10:55:13,,,,,,,,Unknown,Unknown,,Stable,13.14,Minimal,Proxy derived from ground pollutants and meteorology; not direct satellite imagery,58.81,Moderate,6.67,Minimal,10.0,Minimal,19.39,Minimal,0,0,0,Watchlist,17.82,Minimal,465,Missing current AQI,"Advanced intelligence layer combines real AQI, forecasted AQI, pollutant signals, meteorological dispersion, source attribution, and intervention scoring."
meghalaya__shillong__lumpyngngad_shillong_meghalaya_pcb,"Lumpyngngad, Shillong - Meghalaya PCB",Shillong,Meghalaya,25.5586,91.8985,2026-07-16 05:00:00,,,0.0,10.0,14.0,15.0,0.0,,Unknown,,False,Insufficient pollutants,23.8,70,0.1,9.0,75,68.3,High trapping,General urban / semi-urban proxy,Proxy from station/city naming,15,20,,,,0.0,,2.52,5.78,0.0,0.0,13.93,Photochemical smog,13.93,5.78,8.15,12.2,Low confidence,O3 and temperature-related signal; urban photochemical formation likelihood,Partially aligned,"Routine monitoring: Control NOx and VOC sources, reduce peak-hour emissions, and issue ozone/smog exposure advisories.",2026-07-16 10:55:13,,,,,,,,Unknown,Unknown,,Stable,8.94,Minimal,Proxy derived from ground pollutants and meteorology; not direct satellite imagery,60.21,High,6.08,Minimal,9.12,Minimal,18.39,Minimal,0,0,0,Watchlist,16.85,Minimal,466,Missing current AQI,"Advanced intelligence layer combines real AQI, forecasted AQI, pollutant signals, meteorological dispersion, source attribution, and intervention scoring."
tamil_nadu__cuddalore__kudikadu_cuddalore_tnpcb,"Kudikadu, Cuddalore - TNPCB",Cuddalore,Tamil Nadu,11.6829898,79.7532099,2026-07-16 05:00:00,,,,,,9.0,,,Unknown,,False,Insufficient pollutants,33.6,48,0.0,4.8,28,69.36,High trapping,General urban / semi-urban proxy,Proxy from station/city naming,15,20,,,,,,0.0,0.0,0.0,0.0,0.0,Insufficient pollutant signal,0.0,0.0,0.0,0.0,Low confidence,insufficient source signal,Unknown,Routine monitoring: Improve pollutant data completeness and continue monitoring before assigning a source-specific intervention.,2026-07-16 10:55:13,,,,,,,,Unknown,Unknown,,Stable,3.07,Minimal,Proxy derived from ground pollutants and meteorology; not direct satellite imagery,61.54,High,5.73,Minimal,8.6,Minimal,17.22,Minimal,0,0,0,Watchlist,15.78,Minimal,467,Missing current AQI,"Advanced intelligence layer combines real AQI, forecasted AQI, pollutant signals, meteorological dispersion, source attribution, and intervention scoring."
tamil_nadu__madurai__uchapatti_madurai_tnpcb,"Uchapatti, Madurai - TNPCB",Madurai,Tamil Nadu,9.865935,78.022669,2026-07-16 05:00:00,,,,56.0,46.0,1.0,9.0,,Unknown,,False,Insufficient pollutants,35.2,35,0.0,9.7,99,62.81,High trapping,General urban / semi-urban proxy,Proxy from station/city naming,15,20,,,,,,0.0,0.0,0.0,0.0,0.0,Insufficient pollutant signal,0.0,0.0,0.0,0.0,Low confidence,insufficient source signal,Unknown,Routine monitoring: Improve pollutant data completeness and continue monitoring before assigning a source-specific intervention.,2026-07-16 10:55:13,,,,,,,,Unknown,Unknown,,Stable,9.53,Minimal,Proxy derived from ground pollutants and meteorology; not direct satellite imagery,55.28,Moderate,5.54,Minimal,8.3,Minimal,17.11,Minimal,0,0,0,Watchlist,15.65,Minimal,468,Missing current AQI,"Advanced intelligence layer combines real AQI, forecasted AQI, pollutant signals, meteorological dispersion, source attribution, and intervention scoring."
maharashtra__mumbai__powai_mumbai_mpcb,"Powai, Mumbai - MPCB",Mumbai,Maharashtra,19.1375,72.915056,2026-07-16 05:00:00,,18.0,7.0,16.0,,,,20.0,Good,SO2,True,Valid AQI,29.0,75,0.0,10.6,31,69.09,High trapping,Dense urban proxy,Proxy from station/city naming,60,55,33.46,,,,,0.0,0.0,0.0,0.0,0.0,Insufficient pollutant signal,0.0,0.0,0.0,0.0,Low confidence,insufficient source signal,Unknown,Routine monitoring: Improve pollutant data completeness and continue monitoring before assigning a source-specific intervention.,2026-07-16 10:55:13,2026-07-16 04:00:00,19.986125,0.0,19.986125,70.55985470975023,Good,20.0,Good,Good,-0.01387499999999875,Stable,6.08,Minimal,Proxy derived from ground pollutants and meteorology; not direct satellite imagery,57.07,Moderate,6.44,Minimal,7.71,Minimal,16.88,Minimal,0,0,0,Watchlist,15.44,Minimal,469,Usable,"Advanced intelligence layer combines real AQI, forecasted AQI, pollutant signals, meteorological dispersion, source attribution, and intervention scoring."
haryana__kaithal__rishi_nagar_kaithal_hspcb,"Rishi Nagar, Kaithal - HSPCB",Kaithal,Haryana,29.8006,76.4155,2026-07-16 05:00:00,,,,,21.0,69.0,,,Unknown,,False,Insufficient pollutants,34.6,57,0.0,7.6,14,66.2,High trapping,General urban / semi-urban proxy,Proxy from station/city naming,15,20,,,,,,0.0,0.0,0.0,0.0,0.0,Insufficient pollutant signal,0.0,0.0,0.0,0.0,Low confidence,insufficient source signal,Unknown,Routine monitoring: Improve pollutant data completeness and continue monitoring before assigning a source-specific intervention.,2026-07-16 10:55:13,,,,,,,,Unknown,Unknown,,Stable,9.45,Minimal,Proxy derived from ground pollutants and meteorology; not direct satellite imagery,54.34,Moderate,5.4,Minimal,8.09,Minimal,16.81,Minimal,0,0,0,Watchlist,15.36,Minimal,470,Missing current AQI,"Advanced intelligence layer combines real AQI, forecasted AQI, pollutant signals, meteorological dispersion, source attribution, and intervention scoring."
kerala__thiruvananthapuram__kariavattom_thiruvananthapuram_kerala_pcb,"Kariavattom, Thiruvananthapuram - Kerala PCB",Thiruvananthapuram,Kerala,8.5637,76.8865,2026-07-16 05:00:00,,,,,22.0,30.0,,,Unknown,,False,Insufficient pollutants,28.9,73,0.0,17.5,94,62.17,High trapping,General urban / semi-urban proxy,Proxy from station/city naming,15,20,,,,,,0.0,0.0,0.0,0.0,0.0,Insufficient pollutant signal,0.0,0.0,0.0,0.0,Low confidence,insufficient source signal,Unknown,Routine monitoring: Improve pollutant data completeness and continue monitoring before assigning a source-specific intervention.,2026-07-16 10:55:13,,,,,,,,Unknown,Unknown,,Stable,12.15,Minimal,Proxy derived from ground pollutants and meteorology; not direct satellite imagery,47.94,Moderate,5.04,Minimal,7.57,Minimal,15.8,Minimal,0,0,0,Watchlist,14.44,Minimal,471,Missing current AQI,"Advanced intelligence layer combines real AQI, forecasted AQI, pollutant signals, meteorological dispersion, source attribution, and intervention scoring."
tamil_nadu__cuddalore__semmandalam_cuddalore_tnpcb,"Semmandalam, Cuddalore - TNPCB",Cuddalore,Tamil Nadu,11.7637683,79.7499835,2026-07-16 05:00:00,,59.0,,,,2.0,6.0,59.0,Satisfactory,PM10,True,Valid AQI,33.4,49,0.0,9.0,35,62.83,High trapping,General urban / semi-urban proxy,Proxy from station/city naming,15,20,13.74,,,,,0.0,0.0,0.0,0.0,0.0,Insufficient pollutant signal,0.0,0.0,0.0,0.0,Low confidence,insufficient source signal,Unknown,Routine monitoring: Improve pollutant data completeness and continue monitoring before assigning a source-specific intervention.,2026-07-16 10:55:13,2026-07-16 04:00:00,58.85538809523811,8.281658385487887,58.85538809523811,109.42911780498834,Satisfactory,59.0,Satisfactory,Satisfactory,-0.1446119047618879,Stable,8.09,Minimal,Proxy derived from ground pollutants and meteorology; not direct satellite imagery,50.62,Moderate,4.77,Minimal,7.05,Minimal,15.29,Minimal,0,0,0,Watchlist,13.94,Minimal,472,Usable,"Advanced intelligence layer combines real AQI, forecasted AQI, pollutant signals, meteorological dispersion, source attribution, and intervention scoring."
maharashtra__mumbai__sewri_mumbai_bmc,"Sewri, Mumbai - BMC",Mumbai,Maharashtra,19.000084,72.85673,2026-07-16 05:00:00,,,,,16.0,14.0,,,Unknown,,False,Insufficient pollutants,28.1,76,0.0,13.4,41,65.39,High trapping,Dense urban proxy,Proxy from station/city naming,60,55,,,,,,0.0,0.0,0.0,0.0,0.0,Insufficient pollutant signal,0.0,0.0,0.0,0.0,Low confidence,insufficient source signal,Unknown,Routine monitoring: Improve pollutant data completeness and continue monitoring before assigning a source-specific intervention.,2026-07-16 10:55:13,,,,,,,,Unknown,Unknown,,Stable,7.92,Minimal,Proxy derived from ground pollutants and meteorology; not direct satellite imagery,51.03,Moderate,4.67,Minimal,7.01,Minimal,15.29,Minimal,0,0,0,Watchlist,13.93,Minimal,473,Missing current AQI,"Advanced intelligence layer combines real AQI, forecasted AQI, pollutant signals, meteorological dispersion, source attribution, and intervention scoring."
uttar_pradesh__modinagar__srm_university_modinagar_uppcb,"SRM University, Modinagar - UPPCB",Modinagar,Uttar Pradesh,28.798171,77.540243,2026-07-16 05:00:00,,,28.0,12.0,29.0,,3.0,,Unknown,,False,Insufficient pollutants,33.5,59,0.0,10.4,2,60.67,High trapping,General urban / semi-urban proxy,Proxy from station/city naming,15,20,,,,0.9655172413793104,,12.56,13.49,0.0,0.0,0.0,Industrial combustion,13.49,12.56,0.93,9.72,Low confidence,SO2 and combustion-related pollutant influence,Not strongly aligned,"Routine monitoring: Increase industrial emission inspection, check stack compliance, enforce fuel-quality standards, and monitor nearby industrial clusters.",2026-07-16 10:55:13,,,,,,,,Unknown,Unknown,,Stable,9.61,Minimal,Proxy derived from ground pollutants and meteorology; not direct satellite imagery,44.28,Moderate,4.09,Minimal,6.13,Minimal,13.84,Minimal,0,0,0,Watchlist,12.58,Minimal,474,Missing current AQI,"Advanced intelligence layer combines real AQI, forecasted AQI, pollutant signals, meteorological dispersion, source attribution, and intervention scoring."
maharashtra__pimpri_chinchwad__bhosari_pune_iitm,"Bhosari, Pune - IITM",Pimpri-Chinchwad,Maharashtra,18.640051,73.848956,2026-07-16 05:00:00,,,,,21.0,8.0,,,Unknown,,False,Insufficient pollutants,27.4,67,0.0,14.2,43,60.83,High trapping,General urban / semi-urban proxy,Proxy from station/city naming,15,20,,,,,,0.0,0.0,0.0,0.0,0.0,Insufficient pollutant signal,0.0,0.0,0.0,0.0,Low confidence,insufficient source signal,Unknown,Routine monitoring: Improve pollutant data completeness and continue monitoring before assigning a source-specific intervention.,2026-07-16 10:55:13,,,,,,,,Unknown,Unknown,,Stable,7.31,Minimal,Proxy derived from ground pollutants and meteorology; not direct satellite imagery,44.79,Moderate,3.73,Minimal,5.6,Minimal,13.22,Minimal,0,0,0,Watchlist,11.98,Minimal,475,Missing current AQI,"Advanced intelligence layer combines real AQI, forecasted AQI, pollutant signals, meteorological dispersion, source attribution, and intervention scoring."
maharashtra__kalyan__khadakpada_kalyan_mpcb,"Khadakpada, Kalyan - MPCB",Kalyan,Maharashtra,19.25292,73.142019,2026-07-16 05:00:00,,,,,,8.0,,,Unknown,,False,Insufficient pollutants,30.4,65,0.0,13.1,33,61.09,High trapping,General urban / semi-urban proxy,Proxy from station/city naming,15,20,,,,,,0.0,0.0,0.0,0.0,0.0,Insufficient pollutant signal,0.0,0.0,0.0,0.0,Low confidence,insufficient source signal,Unknown,Routine monitoring: Improve pollutant data completeness and continue monitoring before assigning a source-specific intervention.,2026-07-16 10:55:13,,,,,,,,Unknown,Unknown,,Stable,4.76,Minimal,Proxy derived from ground pollutants and meteorology; not direct satellite imagery,45.17,Moderate,3.56,Minimal,5.34,Minimal,12.66,Minimal,0,0,0,Watchlist,11.47,Minimal,476,Missing current AQI,"Advanced intelligence layer combines real AQI, forecasted AQI, pollutant signals, meteorological dispersion, source attribution, and intervention scoring."
maharashtra__navi_mumbai__nerul_navi_mumbai_mpcb,"Nerul, Navi Mumbai - MPCB",Navi Mumbai,Maharashtra,19.008751,73.01662,2026-07-16 05:00:00,10.0,,9.0,,,,1.0,16.67,Good,PM2.5,True,Valid AQI,28.9,76,0.0,14.7,20,60.94,High trapping,General urban / semi-urban proxy,Proxy from station/city naming,15,20,9.01,,,,,0.0,0.0,0.0,0.0,0.0,Insufficient pollutant signal,0.0,0.0,0.0,0.0,Low confidence,insufficient source signal,Unknown,Routine monitoring: Improve pollutant data completeness and continue monitoring before assigning a source-specific intervention.,2026-07-16 10:55:13,2026-07-16 04:00:00,16.45580633838388,0.0,16.45580633838388,67.0295360481341,Good,16.67,Good,Good,-0.21419366161612174,Stable,5.97,Minimal,Proxy derived from ground pollutants and meteorology; not direct satellite imagery,42.78,Moderate,3.24,Minimal,4.86,Minimal,12.18,Minimal,0,0,0,Watchlist,11.0,Minimal,477,Usable,"Advanced intelligence layer combines real AQI, forecasted AQI, pollutant signals, meteorological dispersion, source attribution, and intervention scoring."
rajasthan__jodhpur__samrat_ashok_udhyan_jodhpur_rspcb,"Samrat Ashok Udhyan, Jodhpur - RSPCB",Jodhpur,Rajasthan,26.253384,72.976571,2026-07-16 05:00:00,,,5.0,2.0,12.0,23.0,,,Unknown,,False,Insufficient pollutants,33.3,48,0.0,13.3,0,51.18,Moderate trapping,General urban / semi-urban proxy,Proxy from station/city naming,15,20,,,,0.4166666666666667,4.6,3.41,3.23,0.0,0.0,34.05,Photochemical smog,34.05,3.41,30.64,33.03,Low confidence,O3 and temperature-related signal; urban photochemical formation likelihood,Partially aligned,"Routine monitoring: Control NOx and VOC sources, reduce peak-hour emissions, and issue ozone/smog exposure advisories.",2026-07-16 10:55:13,,,,,,,,Unknown,Unknown,,Stable,4.31,Minimal,Proxy derived from ground pollutants and meteorology; not direct satellite imagery,29.88,Low,1.53,Minimal,2.29,Minimal,7.98,Minimal,0,0,0,Watchlist,7.09,Minimal,478,Missing current AQI,"Advanced intelligence layer combines real AQI, forecasted AQI, pollutant signals, meteorological dispersion, source attribution, and intervention scoring."
