station_id,station_name,city,state,lat,lon,timestamp,snapshot_fetch_time,PM2.5,PM10,NO2,SO2,CO,O3,NH3,aqi,aqi_category,dominant_pollutant,aqi_is_valid,aqi_quality_flag,reported_aqi,reported_aqi_category,reported_dominant_pollutant,weather_time,temperature_2m,relative_humidity_2m,precipitation,rain,wind_speed_10m,wind_direction_10m,surface_pressure,cloud_cover,weather_trapping_score,weather_trapping_category,weather_data_available,geo_region_proxy,landuse_type_proxy,landuse_data_source,urban_pressure_score,urban_pressure_category,road_density_proxy,road_density_category,road_density_data_source,geospatial_data_level,environmental_risk_score,environmental_risk_category,notebook_02_processed_time
andhra_pradesh__amaravati__secretariat_amaravati_appcb,"Secretariat, Amaravati - APPCB",Amaravati,Andhra Pradesh,16.5150833,80.5181667,2026-07-16 05:00:00,2026-07-16 05:38:19,54.0,172.0,32.0,16.0,61.0,13.0,3.0,500.0,Severe,CO,True,Valid AQI,500.0,Severe,CO,2026-07-16T10:30,31.9,55,0.0,0.0,17.7,298,1004.7,100,55.79,Moderate trapping,True,Central India,General urban / semi-urban proxy,Proxy from station/city naming,15,Low urban pressure,20,Low road density proxy,Proxy from city/station naming,Proxy geospatial features,51.86,High,2026-07-16 10:51:20
andhra_pradesh__anantapur__gulzarpet_anantapur_appcb,"Gulzarpet, Anantapur - APPCB",Anantapur,Andhra Pradesh,14.675886,77.593027,2026-07-16 05:00:00,2026-07-16 05:38:19,85.0,76.0,16.0,11.0,22.0,31.0,3.0,329.7,Very Poor,CO,True,Valid AQI,329.7,Very Poor,CO,2026-07-16T10:30,31.9,45,0.0,0.0,17.4,280,970.8,99,52.55,Moderate trapping,True,South India,General urban / semi-urban proxy,Proxy from station/city naming,15,Low urban pressure,20,Low road density proxy,Proxy from city/station naming,Proxy geospatial features,34.66,Moderate,2026-07-16 10:51:20
andhra_pradesh__chittoor__gangineni_cheruvu_chittoor_appcb,"Gangineni Cheruvu, Chittoor - APPCB",Chittoor,Andhra Pradesh,13.20488,79.097889,2026-07-16 05:00:00,2026-07-16 05:38:19,70.0,64.0,31.0,21.0,21.0,39.0,6.0,323.85,Very Poor,CO,True,Valid AQI,323.85,Very Poor,CO,2026-07-16T10:30,32.6,39,0.0,0.0,12.3,284,974.2,100,59.68,Moderate trapping,True,South India,General urban / semi-urban proxy,Proxy from station/city naming,15,Low urban pressure,20,Low road density proxy,Proxy from city/station naming,Proxy geospatial features,37.09,Moderate,2026-07-16 10:51:20
andhra_pradesh__eluru__district_court_eluru_appcb,"District Court, Eluru - APPCB",Eluru,Andhra Pradesh,16.711754,81.092095,2026-07-16 05:00:00,2026-07-16 05:38:19,49.0,49.0,22.0,13.0,18.0,6.0,4.0,306.27,Very Poor,CO,True,Valid AQI,306.27,Very Poor,CO,2026-07-16T10:30,31.2,62,0.0,0.0,13.6,294,1004.6,100,65.78,High trapping,True,Central India,General urban / semi-urban proxy,Proxy from station/city naming,15,Low urban pressure,20,Low road density proxy,Proxy from city/station naming,Proxy geospatial features,37.99,Moderate,2026-07-16 10:51:20
andhra_pradesh__guntur__rajendra_nagar_north_guntur_appcb,"Rajendra Nagar North, Guntur - APPCB",Guntur,Andhra Pradesh,16.316553,80.413302,2026-07-16 05:00:00,2026-07-16 05:38:19,52.0,52.0,42.0,14.0,15.0,25.0,9.0,271.3,Poor,CO,True,Valid AQI,271.3,Poor,CO,2026-07-16T10:30,31.9,54,0.0,0.0,16.5,295,1001.9,100,57.59,Moderate trapping,True,Central India,General urban / semi-urban proxy,Proxy from station/city naming,15,Low urban pressure,20,Low road density proxy,Proxy from city/station naming,Proxy geospatial features,31.32,Moderate,2026-07-16 10:51:20
andhra_pradesh__kadapa__yerramukkapalli_kadapa_appcb,"Yerramukkapalli, Kadapa - APPCB",Kadapa,Andhra Pradesh,14.465052,78.824187,2026-07-16 05:00:00,2026-07-16 05:38:19,50.0,52.0,23.0,11.0,28.0,39.0,14.0,364.85,Very Poor,CO,True,Valid AQI,364.85,Very Poor,CO,2026-07-16T10:30,33.0,44,0.0,0.0,17.9,287,994.2,99,51.28,Moderate trapping,True,South India,General urban / semi-urban proxy,Proxy from station/city naming,15,Low urban pressure,20,Low road density proxy,Proxy from city/station naming,Proxy geospatial features,37.4,Moderate,2026-07-16 10:51:20
andhra_pradesh__kurnool__sita_rama_nagar_kurnool_appcb,"Sita Rama Nagar, Kurnool - APPCB",Kurnool,Andhra Pradesh,15.83411,78.028546,2026-07-16 05:00:00,2026-07-16 05:38:19,58.0,59.0,29.0,10.0,8.0,19.0,5.0,174.94,Moderate,CO,True,Valid AQI,174.94,Moderate,CO,2026-07-16T10:30,33.0,46,0.0,0.0,18.5,286,976.7,38,44.83,Moderate trapping,True,Central India,General urban / semi-urban proxy,Proxy from station/city naming,15,Low urban pressure,20,Low road density proxy,Proxy from city/station naming,Proxy geospatial features,17.03,Low,2026-07-16 10:51:20
andhra_pradesh__machilipatnam__srinivas_nagar_colony_machilipatnam_appcb,"Srinivas Nagar Colony, Machilipatnam - APPCB",Machilipatnam,Andhra Pradesh,16.186555,81.13219,2026-07-16 05:00:00,2026-07-16 05:38:19,54.0,52.0,20.0,18.0,20.0,19.0,4.0,317.99,Very Poor,CO,True,Valid AQI,317.99,Very Poor,CO,2026-07-16T10:30,33.6,48,0.0,0.0,20.8,298,1005.9,100,47.6,Moderate trapping,True,Central India,General urban / semi-urban proxy,Proxy from station/city naming,15,Low urban pressure,20,Low road density proxy,Proxy from city/station naming,Proxy geospatial features,31.5,Moderate,2026-07-16 10:51:20
andhra_pradesh__nellore__ambedkar_nagar_nellore_appcb,"Ambedkar Nagar, Nellore - APPCB",Nellore,Andhra Pradesh,14.438164,79.966814,2026-07-16 05:00:00,2026-07-16 05:38:19,53.0,65.0,29.0,15.0,36.0,38.0,7.0,412.83,Severe,CO,True,Valid AQI,412.83,Severe,CO,2026-07-16T10:30,34.7,42,0.0,0.0,18.3,285,1005.1,100,49.92,Moderate trapping,True,South India,General urban / semi-urban proxy,Proxy from station/city naming,15,Low urban pressure,20,Low road density proxy,Proxy from city/station naming,Proxy geospatial features,41.3,Moderate,2026-07-16 10:51:20
andhra_pradesh__rajamahendravaram__anand_kala_kshetram_rajamahendravaram_appcb,"Anand Kala Kshetram, Rajamahendravaram - APPCB",Rajamahendravaram,Andhra Pradesh,16.9872867,81.7363176,2026-07-16 05:00:00,2026-07-16 05:38:19,53.0,92.0,7.0,5.0,26.0,13.0,1.0,353.14,Very Poor,CO,True,Valid AQI,353.14,Very Poor,CO,2026-07-16T10:30,30.8,64,0.0,0.0,17.3,291,1004.5,100,59.82,Moderate trapping,True,Central India,General urban / semi-urban proxy,Proxy from station/city naming,15,Low urban pressure,20,Low road density proxy,Proxy from city/station naming,Proxy geospatial features,39.87,Moderate,2026-07-16 10:51:20
andhra_pradesh__tirumala__toll_gate_tirumala_appcb,"Toll Gate, Tirumala - APPCB",Tirumala,Andhra Pradesh,13.67,79.35,2026-07-16 05:00:00,2026-07-16 05:38:19,44.0,68.0,66.0,7.0,7.0,21.0,3.0,162.41,Moderate,CO,True,Valid AQI,162.41,Moderate,CO,2026-07-16T10:30,28.7,39,0.0,0.0,14.0,290,910.3,99,56.5,Moderate trapping,True,South India,General urban / semi-urban proxy,Proxy from station/city naming,15,Low urban pressure,20,Low road density proxy,Proxy from city/station naming,Proxy geospatial features,20.73,Low,2026-07-16 10:51:20
andhra_pradesh__tirupati__vaikuntapuram_tirupati_appcb,"Vaikuntapuram, Tirupati - APPCB",Tirupati,Andhra Pradesh,13.615387,79.40923,2026-07-16 05:00:00,2026-07-16 05:38:19,60.0,72.0,38.0,18.0,21.0,35.0,5.0,323.85,Very Poor,CO,True,Valid AQI,323.85,Very Poor,CO,2026-07-16T10:30,34.4,35,0.0,0.0,10.3,281,991.5,98,61.63,High trapping,True,South India,General urban / semi-urban proxy,Proxy from station/city naming,15,Low urban pressure,20,Low road density proxy,Proxy from city/station naming,Proxy geospatial features,37.9,Moderate,2026-07-16 10:51:20
andhra_pradesh__vijayawada__hb_colony_vijayawada_appcb,"HB Colony, Vijayawada - APPCB",Vijayawada,Andhra Pradesh,16.536107,80.594233,2026-07-16 05:00:00,2026-07-16 05:38:19,66.0,67.0,15.0,12.0,34.0,16.0,3.0,400.0,Very Poor,CO,True,Valid AQI,400.0,Very Poor,CO,2026-07-16T10:30,31.0,61,0.0,0.0,15.2,296,1004.7,100,62.52,High trapping,True,Central India,General urban / semi-urban proxy,Proxy from station/city naming,15,Low urban pressure,20,Low road density proxy,Proxy from city/station naming,Proxy geospatial features,45.36,Moderate,2026-07-16 10:51:20
andhra_pradesh__vijayawada__kanuru_vijayawada_appcb,"Kanuru, Vijayawada - APPCB",Vijayawada,Andhra Pradesh,16.486692,80.699436,2026-07-16 05:00:00,2026-07-16 05:38:19,61.0,60.0,26.0,14.0,20.0,20.0,4.0,317.99,Very Poor,CO,True,Valid AQI,317.99,Very Poor,CO,2026-07-16T10:30,32.0,55,0.0,0.0,16.6,296,1005.2,100,57.78,Moderate trapping,True,Central India,General urban / semi-urban proxy,Proxy from station/city naming,15,Low urban pressure,20,Low road density proxy,Proxy from city/station naming,Proxy geospatial features,35.75,Moderate,2026-07-16 10:51:20
andhra_pradesh__vijayawada__rajiv_gandhi_park_vijayawada_appcb,"Rajiv Gandhi Park, Vijayawada - APPCB",Vijayawada,Andhra Pradesh,16.509717,80.612222,2026-07-16 05:00:00,2026-07-16 05:38:19,61.0,69.0,25.0,11.0,47.0,22.0,5.0,481.32,Severe,CO,True,Valid AQI,481.32,Severe,CO,2026-07-16T10:30,31.4,59,0.0,0.0,16.9,297,1004.2,100,58.7,Moderate trapping,True,Central India,General urban / semi-urban proxy,Proxy from station/city naming,15,Low urban pressure,20,Low road density proxy,Proxy from city/station naming,Proxy geospatial features,51.34,High,2026-07-16 10:51:20
andhra_pradesh__vijayawada__rajiv_nagar_vijayawada_appcb,"Rajiv Nagar, Vijayawada - APPCB",Vijayawada,Andhra Pradesh,16.554731,80.64911,2026-07-16 05:00:00,2026-07-16 05:38:19,65.0,67.0,17.0,15.0,28.0,17.0,4.0,364.85,Very Poor,CO,True,Valid AQI,364.85,Very Poor,CO,2026-07-16T10:30,31.5,57,0.0,0.0,15.1,295,1004.8,100,61.23,High trapping,True,Central India,General urban / semi-urban proxy,Proxy from station/city naming,15,Low urban pressure,20,Low road density proxy,Proxy from city/station naming,Proxy geospatial features,41.55,Moderate,2026-07-16 10:51:20
andhra_pradesh__visakhapatnam__gvm_corporation_visakhapatnam_appcb,"GVM Corporation, Visakhapatnam - APPCB",Visakhapatnam,Andhra Pradesh,17.72,83.3,2026-07-16 05:00:00,2026-07-16 05:38:19,67.0,140.0,93.0,34.0,12.0,6.0,4.0,228.26,Poor,CO,True,Valid AQI,228.26,Poor,CO,2026-07-16T10:30,32.3,52,0.0,0.0,5.7,235,1002.6,100,76.4,High trapping,True,Central India,General urban / semi-urban proxy,Proxy from station/city naming,15,Low urban pressure,20,Low road density proxy,Proxy from city/station naming,Proxy geospatial features,35.16,Moderate,2026-07-16 10:51:20
assam__byrnihat__central_academy_for_sfs_byrnihat_pcba,"Central Academy for SFS, Byrnihat - PCBA",Byrnihat,Assam,26.071318,91.87488,2026-07-16 05:00:00,2026-07-16 05:38:19,79.0,75.0,7.0,31.0,50.0,21.0,4.0,500.0,Severe,CO,True,Valid AQI,500.0,Severe,CO,2026-07-16T10:30,32.0,73,0.0,0.0,4.0,342,995.7,64,83.6,Very high trapping,True,East India,General urban / semi-urban proxy,Proxy from station/city naming,15,Low urban pressure,20,Low road density proxy,Proxy from city/station naming,Proxy geospatial features,63.47,High,2026-07-16 10:51:20
assam__guwahati__iitg_guwahati_pcba,"IITG, Guwahati - PCBA",Guwahati,Assam,26.2028636,91.70046436,2026-07-16 05:00:00,2026-07-16 05:38:19,16.0,16.0,2.0,41.0,7.0,1.0,5.0,162.41,Moderate,CO,True,Valid AQI,162.41,Moderate,CO,2026-07-16T10:30,30.8,81,0.1,0.0,4.5,203,998.4,84,87.64,Very high trapping,True,East India,General urban / semi-urban proxy,Proxy from station/city naming,15,Low urban pressure,20,Low road density proxy,Proxy from city/station naming,Proxy geospatial features,33.72,Moderate,2026-07-16 10:51:20
assam__guwahati__lgbi_airport_guwahati_pcba,"LGBI Airport, Guwahati - PCBA",Guwahati,Assam,26.10887,91.589544,2026-07-16 05:00:00,2026-07-16 05:38:19,46.0,36.0,15.0,11.0,35.0,35.0,4.0,406.6,Severe,CO,True,Valid AQI,406.6,Severe,CO,2026-07-16T10:30,29.3,86,0.2,0.1,3.3,167,998.6,84,85.4,Very high trapping,True,East India,General urban / semi-urban proxy,Proxy from station/city naming,15,Low urban pressure,20,Low road density proxy,Proxy from city/station naming,Proxy geospatial features,55.52,High,2026-07-16 10:51:20
assam__guwahati__pan_bazaar_guwahati_pcba,"Pan Bazaar, Guwahati - PCBA",Guwahati,Assam,26.1875,91.744194,2026-07-16 05:00:00,2026-07-16 05:38:19,186.0,173.0,0.0,35.0,23.0,11.0,1.0,350.88,Very Poor,PM2.5,True,Valid AQI,350.88,Very Poor,PM2.5,2026-07-16T10:30,31.4,75,0.0,0.0,2.9,259,996.7,99,89.83,Very high trapping,True,East India,General urban / semi-urban proxy,Proxy from station/city naming,15,Low urban pressure,20,Low road density proxy,Proxy from city/station naming,Proxy geospatial features,52.18,High,2026-07-16 10:51:20
assam__guwahati__railway_colony_guwahati_pcba,"Railway Colony, Guwahati - PCBA",Guwahati,Assam,26.181742,91.78063,2026-07-16 05:00:00,2026-07-16 05:38:19,22.0,24.0,3.0,49.0,15.0,23.0,1.0,271.3,Poor,CO,True,Valid AQI,271.3,Poor,CO,2026-07-16T10:30,31.4,75,0.0,0.0,2.9,259,997.5,99,89.83,Very high trapping,True,East India,Traffic / commercial proxy,Proxy from station/city naming,30,Moderate urban pressure,75,High road density proxy,Proxy from city/station naming,Proxy geospatial features,57.1,High,2026-07-16 10:51:20
assam__nagaon__christianpatty_nagaon_pcba,"Christianpatty, Nagaon - PCBA",Nagaon,Assam,26.349082,92.68449,2026-07-16 05:00:00,2026-07-16 05:38:19,62.0,55.0,1.0,12.0,22.0,11.0,4.0,329.7,Very Poor,CO,True,Valid AQI,329.7,Very Poor,CO,2026-07-16T10:30,31.2,74,0.0,0.0,2.4,17,996.1,90,89.46,Very high trapping,True,East India,General urban / semi-urban proxy,Proxy from station/city naming,15,Low urban pressure,20,Low road density proxy,Proxy from city/station naming,Proxy geospatial features,50.06,High,2026-07-16 10:51:20
assam__nalbari__bata_chowk_nalbari_pcba,"Bata Chowk, Nalbari - PCBA",Nalbari,Assam,26.446912,91.439057,2026-07-16 05:00:00,2026-07-16 05:38:19,63.0,46.0,14.0,8.0,21.0,19.0,6.0,323.85,Very Poor,CO,True,Valid AQI,323.85,Very Poor,CO,2026-07-16T10:30,32.0,74,0.0,0.0,11.4,266,997.9,42,68.37,High trapping,True,East India,Traffic / commercial proxy,Proxy from station/city naming,30,Moderate urban pressure,75,High road density proxy,Proxy from city/station naming,Proxy geospatial features,53.04,High,2026-07-16 10:51:20
assam__silchar__tarapur_silchar_pcba,"Tarapur, Silchar - PCBA",Silchar,Assam,24.82827,92.79525,2026-07-16 05:00:00,2026-07-16 05:38:19,25.0,55.0,19.0,5.0,32.0,4.0,1.0,388.28,Very Poor,CO,True,Valid AQI,388.28,Very Poor,CO,2026-07-16T10:30,32.2,70,0.0,0.0,6.1,294,1001.4,12,73.5,High trapping,True,East India,General urban / semi-urban proxy,Proxy from station/city naming,15,Low urban pressure,20,Low road density proxy,Proxy from city/station naming,Proxy geospatial features,48.85,Moderate,2026-07-16 10:51:20
assam__sivasagar__girls_college_sivasagar_pcba,"Girls College, Sivasagar - PCBA",Sivasagar,Assam,26.987634,94.636574,2026-07-16 05:00:00,2026-07-16 05:38:19,15.0,21.0,12.0,7.0,19.0,29.0,6.0,312.13,Very Poor,CO,True,Valid AQI,312.13,Very Poor,CO,2026-07-16T10:30,26.9,94,0.2,0.0,1.6,333,992.9,100,99.26,Very high trapping,True,East India,General urban / semi-urban proxy,Proxy from station/city naming,15,Low urban pressure,20,Low road density proxy,Proxy from city/station naming,Proxy geospatial features,52.51,High,2026-07-16 10:51:20
bihar__araria__kharahiya_basti_araria_bspcb,"Kharahiya Basti, Araria - BSPCB",Araria,Bihar,26.146529,87.454184,2026-07-16 05:00:00,2026-07-16 05:38:19,23.0,23.0,15.0,21.0,20.0,38.0,4.0,317.99,Very Poor,CO,True,Valid AQI,317.99,Very Poor,CO,2026-07-16T10:30,30.7,77,0.0,0.0,10.8,90,997.3,73,73.66,High trapping,True,East India,General urban / semi-urban proxy,Proxy from station/city naming,15,Low urban pressure,20,Low road density proxy,Proxy from city/station naming,Proxy geospatial features,42.37,Moderate,2026-07-16 10:51:20
bihar__arrah__new_dm_office_arrah_bspcb,"New DM Office, Arrah - BSPCB",Arrah,Bihar,25.5626095,84.663264,2026-07-16 05:00:00,2026-07-16 05:38:19,37.0,33.0,7.0,5.0,48.0,8.0,2.0,487.55,Severe,CO,True,Valid AQI,487.55,Severe,CO,2026-07-16T10:30,32.3,71,0.1,0.0,7.9,123,995.8,100,79.41,High trapping,True,Central India,General urban / semi-urban proxy,Proxy from station/city naming,15,Low urban pressure,20,Low road density proxy,Proxy from city/station naming,Proxy geospatial features,60.56,High,2026-07-16 10:51:20
bihar__aurangabad__gurdeo_nagar_aurangabad_bspcb,"Gurdeo Nagar, Aurangabad - BSPCB",Aurangabad,Bihar,24.75746,84.366208,2026-07-16 05:00:00,2026-07-16 05:38:19,,,8.0,8.0,103.0,7.0,2.0,500.0,Severe,CO,False,Insufficient pollutants,,Unknown,,2026-07-16T10:30,33.0,65,0.0,0.0,4.9,107,990.2,100,82.63,Very high trapping,True,Central India,General urban / semi-urban proxy,Proxy from station/city naming,15,Low urban pressure,20,Low road density proxy,Proxy from city/station naming,Proxy geospatial features,,Unknown,2026-07-16 10:51:20
bihar__begusarai__lohiyanagar_begusarai_bspcb,"Lohiyanagar, Begusarai - BSPCB",Begusarai,Bihar,25.42742023,86.13886079,2026-07-16 05:00:00,2026-07-16 05:38:19,33.0,37.0,9.0,18.0,17.0,40.0,16.0,300.0,Poor,CO,True,Valid AQI,300.0,Poor,CO,2026-07-16T10:30,32.3,69,0.0,0.0,9.2,78,998.1,91,75.42,High trapping,True,East India,General urban / semi-urban proxy,Proxy from station/city naming,15,Low urban pressure,20,Low road density proxy,Proxy from city/station naming,Proxy geospatial features,41.43,Moderate,2026-07-16 10:51:20
bihar__bettiah__kamalnath_nagar_bettiah_bspcb,"Kamalnath Nagar, Bettiah - BSPCB",Bettiah,Bihar,26.80365,84.51954,2026-07-16 05:00:00,2026-07-16 05:38:19,,,,14.0,29.0,22.0,,370.71,Very Poor,CO,False,Insufficient pollutants,,Unknown,,2026-07-16T10:30,29.8,82,0.1,0.1,9.7,114,994.9,99,73.84,High trapping,True,Central India,General urban / semi-urban proxy,Proxy from station/city naming,15,Low urban pressure,20,Low road density proxy,Proxy from city/station naming,Proxy geospatial features,,Unknown,2026-07-16 10:51:20
bihar__bhagalpur__dm_office_kachari_chowk_bhagalpur_bspcb,"DM Office_Kachari Chowk, Bhagalpur - BSPCB",Bhagalpur,Bihar,25.251013,86.989001,2026-07-16 05:00:00,2026-07-16 05:38:19,34.0,79.0,11.0,16.0,21.0,19.0,4.0,323.85,Very Poor,CO,True,Valid AQI,323.85,Very Poor,CO,2026-07-16T10:30,32.5,68,0.0,0.0,11.5,86,996.7,69,68.69,High trapping,True,East India,Traffic / commercial proxy,Proxy from station/city naming,30,Moderate urban pressure,75,High road density proxy,Proxy from city/station naming,Proxy geospatial features,53.17,High,2026-07-16 10:51:20
bihar__bhagalpur__mayaganj_bhagalpur_bspcb,"Mayaganj, Bhagalpur - BSPCB",Bhagalpur,Bihar,25.265194,87.012947,2026-07-16 05:00:00,2026-07-16 05:38:19,,,8.0,28.0,41.0,22.0,3.0,443.96,Severe,CO,False,Insufficient pollutants,,Unknown,,2026-07-16T10:30,32.5,68,0.0,0.0,11.5,86,997.0,69,68.69,High trapping,True,East India,General urban / semi-urban proxy,Proxy from station/city naming,15,Low urban pressure,20,Low road density proxy,Proxy from city/station naming,Proxy geospatial features,,Unknown,2026-07-16 10:51:20
bihar__bihar_sharif__d_m_colony_bihar_sharif_bspcb,"D M Colony, Bihar Sharif - BSPCB",Bihar Sharif,Bihar,25.204762,85.51496,2026-07-16 05:00:00,2026-07-16 05:38:19,29.0,22.0,9.0,7.0,104.0,2.0,3.0,500.0,Severe,CO,True,Valid AQI,500.0,Severe,CO,2026-07-16T10:30,33.0,68,0.0,0.0,5.6,94,996.0,100,82.47,Very high trapping,True,East India,General urban / semi-urban proxy,Proxy from station/city naming,15,Low urban pressure,20,Low road density proxy,Proxy from city/station naming,Proxy geospatial features,62.99,High,2026-07-16 10:51:20
bihar__buxar__charitra_van_buxar_bspcb,"Charitra Van, Buxar - BSPCB",Buxar,Bihar,25.56752,83.966379,2026-07-16 05:00:00,2026-07-16 05:38:19,51.0,44.0,9.0,30.0,25.0,41.0,3.0,347.28,Very Poor,CO,True,Valid AQI,347.28,Very Poor,CO,2026-07-16T10:30,32.3,72,0.1,0.0,3.5,99,995.0,98,87.54,Very high trapping,True,Central India,General urban / semi-urban proxy,Proxy from station/city naming,15,Low urban pressure,20,Low road density proxy,Proxy from city/station naming,Proxy geospatial features,50.89,High,2026-07-16 10:51:20
bihar__chhapra__darshan_nagar_chhapra_bspcb,"Darshan Nagar, Chhapra - BSPCB",Chhapra,Bihar,25.7808257,84.7446768,2026-07-16 05:00:00,2026-07-16 05:38:19,72.0,111.0,2.0,21.0,85.0,3.0,11.0,500.0,Severe,CO,True,Valid AQI,500.0,Severe,CO,2026-07-16T10:30,32.4,68,0.0,0.0,11.5,135,996.2,100,71.79,High trapping,True,Central India,General urban / semi-urban proxy,Proxy from station/city naming,15,Low urban pressure,20,Low road density proxy,Proxy from city/station naming,Proxy geospatial features,58.54,High,2026-07-16 10:51:20
bihar__gaya__kareemganj_gaya_bspcb,"Kareemganj, Gaya - BSPCB",Gaya,Bihar,24.792403,84.992416,2026-07-16 05:00:00,2026-07-16 05:38:19,60.0,97.0,12.0,41.0,38.0,29.0,1.0,425.28,Severe,CO,True,Valid AQI,425.28,Severe,CO,2026-07-16T10:30,32.0,69,0.0,0.0,3.6,233,990.1,20,78.45,High trapping,True,Central India,General urban / semi-urban proxy,Proxy from station/city naming,15,Low urban pressure,20,Low road density proxy,Proxy from city/station naming,Proxy geospatial features,54.36,High,2026-07-16 10:51:20
bihar__gaya__sfti_kusdihra_gaya_bspcb,"SFTI Kusdihra, Gaya - BSPCB",Gaya,Bihar,24.762518,84.982348,2026-07-16 05:00:00,2026-07-16 05:38:19,41.0,51.0,24.0,8.0,23.0,27.0,6.0,335.56,Very Poor,CO,True,Valid AQI,335.56,Very Poor,CO,2026-07-16T10:30,32.0,69,0.0,0.0,3.6,233,988.4,20,78.45,High trapping,True,Central India,General urban / semi-urban proxy,Proxy from station/city naming,15,Low urban pressure,20,Low road density proxy,Proxy from city/station naming,Proxy geospatial features,46.01,Moderate,2026-07-16 10:51:20
bihar__hajipur__industrial_area_hajipur_bspcb,"Industrial Area, Hajipur - BSPCB",Hajipur,Bihar,25.697189,85.2459,2026-07-16 05:00:00,2026-07-16 05:38:19,74.0,71.0,13.0,4.0,35.0,208.0,15.0,406.6,Severe,CO,True,Valid AQI,406.6,Severe,CO,2026-07-16T10:30,32.0,73,0.1,0.0,7.2,118,997.3,94,80.81,Very high trapping,True,East India,Industrial / mixed urban proxy,Proxy from station/city naming,35,Moderate urban pressure,30,Moderate road density proxy,Proxy from city/station naming,Proxy geospatial features,62.13,High,2026-07-16 10:51:20
bihar__katihar__mirchaibari_katihar_bspcb,"Mirchaibari, Katihar - BSPCB",Katihar,Bihar,25.560083,87.553265,2026-07-16 05:00:00,2026-07-16 05:38:19,9.0,10.0,2.0,22.0,90.0,27.0,1.0,500.0,Severe,CO,True,Valid AQI,500.0,Severe,CO,2026-07-16T10:30,31.8,74,0.1,0.0,11.5,93,998.5,100,73.99,High trapping,True,East India,General urban / semi-urban proxy,Proxy from station/city naming,15,Low urban pressure,20,Low road density proxy,Proxy from city/station naming,Proxy geospatial features,59.46,High,2026-07-16 10:51:20
bihar__kishanganj__sdm_office_khagra_kishanganj_bspcb,"SDM Office_Khagra, Kishanganj - BSPCB",Kishanganj,Bihar,26.0881305,87.93840336,2026-07-16 05:00:00,2026-07-16 05:38:19,47.0,44.0,8.0,8.0,14.0,33.0,3.0,256.96,Poor,CO,True,Valid AQI,256.96,Poor,CO,2026-07-16T10:30,31.0,78,0.0,0.0,10.3,77,998.0,100,77.64,High trapping,True,East India,General urban / semi-urban proxy,Proxy from station/city naming,15,Low urban pressure,20,Low road density proxy,Proxy from city/station naming,Proxy geospatial features,38.35,Moderate,2026-07-16 10:51:20
bihar__manguraha__forest_rest_house_manguraha_bspcb,"Forest Rest House, Manguraha - BSPCB",Manguraha,Bihar,27.308328,84.531742,2026-07-16 05:00:00,2026-07-16 05:38:19,,,,,31.0,29.0,1.0,382.43,Very Poor,CO,False,Insufficient pollutants,,Unknown,,2026-07-16T10:30,29.4,82,0.0,0.0,9.4,114,990.3,100,80.74,Very high trapping,True,Central India,General urban / semi-urban proxy,Proxy from station/city naming,15,Low urban pressure,20,Low road density proxy,Proxy from city/station naming,Proxy geospatial features,,Unknown,2026-07-16 10:51:20
bihar__motihari__gandak_colony_motihari_bspcb,"Gandak Colony, Motihari - BSPCB",Motihari,Bihar,26.63086,84.90051,2026-07-16 05:00:00,2026-07-16 05:38:19,77.0,64.0,3.0,3.0,12.0,59.0,3.0,228.26,Poor,CO,True,Valid AQI,228.26,Poor,CO,2026-07-16T10:30,31.5,76,0.1,0.0,11.2,123,995.4,100,75.27,High trapping,True,Central India,General urban / semi-urban proxy,Proxy from station/city naming,15,Low urban pressure,20,Low road density proxy,Proxy from city/station naming,Proxy geospatial features,34.69,Moderate,2026-07-16 10:51:20
bihar__munger__town_hall_munger_bspcb,"Town Hall, Munger - BSPCB",Munger,Bihar,25.376776,86.471523,2026-07-16 05:00:00,2026-07-16 05:38:19,44.0,68.0,2.0,11.0,36.0,4.0,3.0,412.83,Severe,CO,True,Valid AQI,412.83,Severe,CO,2026-07-16T10:30,32.6,68,0.0,0.0,10.6,90,997.5,66,70.02,High trapping,True,East India,General urban / semi-urban proxy,Proxy from station/city naming,15,Low urban pressure,20,Low road density proxy,Proxy from city/station naming,Proxy geospatial features,49.68,Moderate,2026-07-16 10:51:20
bihar__muzaffarpur__buddha_colony_muzaffarpur_bspcb,"Buddha Colony, Muzaffarpur - BSPCB",Muzaffarpur,Bihar,26.11442,85.39813,2026-07-16 05:00:00,2026-07-16 05:38:19,59.0,69.0,27.0,8.0,21.0,21.0,9.0,323.85,Very Poor,CO,True,Valid AQI,323.85,Very Poor,CO,2026-07-16T10:30,30.8,76,0.1,0.0,11.5,94,996.8,98,74.53,High trapping,True,East India,General urban / semi-urban proxy,Proxy from station/city naming,15,Low urban pressure,20,Low road density proxy,Proxy from city/station naming,Proxy geospatial features,43.28,Moderate,2026-07-16 10:51:20
bihar__muzaffarpur__mit_daudpur_kothi_muzaffarpur_bspcb,"MIT-Daudpur Kothi, Muzaffarpur - BSPCB",Muzaffarpur,Bihar,26.1403345,85.3650192,2026-07-16 05:00:00,2026-07-16 05:38:19,35.0,34.0,5.0,18.0,37.0,53.0,2.0,419.06,Severe,CO,True,Valid AQI,419.06,Severe,CO,2026-07-16T10:30,30.8,76,0.1,0.0,11.5,94,996.7,98,74.53,High trapping,True,East India,General urban / semi-urban proxy,Proxy from station/city naming,15,Low urban pressure,20,Low road density proxy,Proxy from city/station naming,Proxy geospatial features,52.15,High,2026-07-16 10:51:20
bihar__muzaffarpur__muzaffarpur_collectorate_muzaffarpur_bspcb,"Muzaffarpur Collectorate, Muzaffarpur - BSPCB",Muzaffarpur,Bihar,26.1209,85.3647,2026-07-16 05:00:00,2026-07-16 05:38:19,44.0,,20.0,4.0,13.0,7.0,,242.61,Poor,CO,True,Valid AQI,242.61,Poor,CO,2026-07-16T10:30,30.8,76,0.1,0.0,11.5,94,996.8,98,74.53,High trapping,True,East India,General urban / semi-urban proxy,Proxy from station/city naming,15,Low urban pressure,20,Low road density proxy,Proxy from city/station naming,Proxy geospatial features,35.72,Moderate,2026-07-16 10:51:20
bihar__patna__drm_office_danapur_patna_bspcb,"DRM Office Danapur, Patna - BSPCB",Patna,Bihar,25.586562,85.043586,2026-07-16 05:00:00,2026-07-16 05:38:19,44.0,80.0,32.0,6.0,36.0,12.0,9.0,412.83,Severe,CO,True,Valid AQI,412.83,Severe,CO,2026-07-16T10:30,32.7,69,0.1,0.0,8.6,127,996.4,86,76.0,High trapping,True,East India,Dense urban proxy,Proxy from station/city naming,60,High urban pressure,55,Moderate road density proxy,Proxy from city/station naming,Proxy geospatial features,72.92,High,2026-07-16 10:51:20
bihar__patna__govt_high_school_shikarpur_patna_bspcb,"Govt. High School Shikarpur, Patna - BSPCB",Patna,Bihar,25.592539,85.227158,2026-07-16 05:00:00,2026-07-16 05:38:19,36.0,57.0,12.0,13.0,40.0,29.0,6.0,437.74,Severe,CO,True,Valid AQI,437.74,Severe,CO,2026-07-16T10:30,32.1,72,0.0,0.0,5.9,113,996.9,92,82.59,Very high trapping,True,East India,Dense urban proxy,Proxy from station/city naming,60,High urban pressure,55,Moderate road density proxy,Proxy from city/station naming,Proxy geospatial features,77.99,Critical,2026-07-16 10:51:20
bihar__patna__igsc_planetarium_complex_patna_bspcb,"IGSC Planetarium Complex, Patna - BSPCB",Patna,Bihar,25.610369,85.132568,2026-07-16 05:00:00,2026-07-16 05:38:19,61.0,,1.0,1.0,6.0,60.0,,149.87,Moderate,CO,True,Valid AQI,149.87,Moderate,CO,2026-07-16T10:30,32.2,71,0.0,0.0,7.2,122,996.4,100,80.67,Very high trapping,True,East India,Dense urban proxy,Proxy from station/city naming,60,High urban pressure,55,Moderate road density proxy,Proxy from city/station naming,Proxy geospatial features,50.38,High,2026-07-16 10:51:20
bihar__patna__muradpur_patna_bspcb,"Muradpur, Patna - BSPCB",Patna,Bihar,25.619651,85.147382,2026-07-16 05:00:00,2026-07-16 05:38:19,44.0,84.0,3.0,12.0,54.0,10.0,5.0,500.0,Severe,CO,True,Valid AQI,500.0,Severe,CO,2026-07-16T10:30,32.2,71,0.0,0.0,7.2,122,996.4,100,80.67,Very high trapping,True,East India,Dense urban proxy,Proxy from station/city naming,60,High urban pressure,55,Moderate road density proxy,Proxy from city/station naming,Proxy geospatial features,82.98,Critical,2026-07-16 10:51:20
bihar__patna__rajbansi_nagar_patna_bspcb,"Rajbansi Nagar, Patna - BSPCB",Patna,Bihar,25.599486,85.113666,2026-07-16 05:00:00,2026-07-16 05:38:19,35.0,48.0,31.0,9.0,30.0,30.0,3.0,376.57,Very Poor,CO,True,Valid AQI,376.57,Very Poor,CO,2026-07-16T10:30,32.2,71,0.0,0.0,7.2,122,995.7,100,80.67,Very high trapping,True,East India,Dense urban proxy,Proxy from station/city naming,60,High urban pressure,55,Moderate road density proxy,Proxy from city/station naming,Proxy geospatial features,71.49,High,2026-07-16 10:51:20
bihar__patna__samanpura_patna_bspcb,"Samanpura, Patna - BSPCB",Patna,Bihar,25.596727,85.085624,2026-07-16 05:00:00,2026-07-16 05:38:19,41.0,100.0,24.0,5.0,24.0,45.0,5.0,341.42,Very Poor,CO,True,Valid AQI,341.42,Very Poor,CO,2026-07-16T10:30,32.2,71,0.0,0.0,7.2,122,996.8,100,80.67,Very high trapping,True,East India,Dense urban proxy,Proxy from station/city naming,60,High urban pressure,55,Moderate road density proxy,Proxy from city/station naming,Proxy geospatial features,68.22,High,2026-07-16 10:51:20
bihar__purnia__mariam_nagar_purnia_bspcb,"Mariam Nagar, Purnia - BSPCB",Purnia,Bihar,25.366336,87.117468,2026-07-16 05:00:00,2026-07-16 05:38:19,57.0,45.0,6.0,16.0,56.0,21.0,2.0,500.0,Severe,CO,True,Valid AQI,500.0,Severe,CO,2026-07-16T10:30,32.2,71,0.0,0.0,12.3,87,997.9,48,66.24,High trapping,True,East India,General urban / semi-urban proxy,Proxy from station/city naming,15,Low urban pressure,20,Low road density proxy,Proxy from city/station naming,Proxy geospatial features,56.22,High,2026-07-16 10:51:20
bihar__rajgir__dangi_tola_rajgir_bspcb,"Dangi Tola, Rajgir - BSPCB",Rajgir,Bihar,25.0328,85.41948,2026-07-16 05:00:00,2026-07-16 05:38:19,51.0,47.0,14.0,3.0,43.0,27.0,3.0,456.42,Severe,CO,True,Valid AQI,456.42,Severe,CO,2026-07-16T10:30,32.8,70,0.0,0.0,5.1,67,994.9,100,84.11,Very high trapping,True,East India,General urban / semi-urban proxy,Proxy from station/city naming,15,Low urban pressure,20,Low road density proxy,Proxy from city/station naming,Proxy geospatial features,59.62,High,2026-07-16 10:51:20
bihar__saharsa__police_line_saharsa_bspcb,"Police Line, Saharsa - BSPCB",Saharsa,Bihar,25.892357,86.590325,2026-07-16 05:00:00,2026-07-16 05:38:19,,88.0,7.0,17.0,39.0,17.0,4.0,431.51,Severe,CO,True,Valid AQI,431.51,Severe,CO,2026-07-16T10:30,31.7,69,0.0,0.0,11.5,90,997.8,99,72.05,High trapping,True,East India,General urban / semi-urban proxy,Proxy from station/city naming,15,Low urban pressure,20,Low road density proxy,Proxy from city/station naming,Proxy geospatial features,52.27,High,2026-07-16 10:51:20
bihar__samastipur__dm_office_kasipur_samastipur_bspcb,"DM Office_Kasipur, Samastipur - BSPCB",Samastipur,Bihar,25.859655,85.77944,2026-07-16 05:00:00,2026-07-16 05:38:19,45.0,41.0,8.0,,4.0,8.0,1.0,124.81,Moderate,CO,True,Valid AQI,124.81,Moderate,CO,2026-07-16T10:30,31.1,75,0.0,0.0,10.3,102,997.1,99,76.43,High trapping,True,East India,General urban / semi-urban proxy,Proxy from station/city naming,15,Low urban pressure,20,Low road density proxy,Proxy from city/station naming,Proxy geospatial features,25.54,Moderate,2026-07-16 10:51:20
bihar__sasaram__dada_peer_sasaram_bspcb,"Dada Peer, Sasaram - BSPCB",Sasaram,Bihar,24.952822,84.002396,2026-07-16 05:00:00,2026-07-16 05:38:19,,,,4.0,53.0,17.0,,500.0,Severe,CO,False,Insufficient pollutants,,Unknown,,2026-07-16T10:30,32.0,71,0.1,0.1,4.5,182,991.0,77,77.01,High trapping,True,Central India,General urban / semi-urban proxy,Proxy from station/city naming,15,Low urban pressure,20,Low road density proxy,Proxy from city/station naming,Proxy geospatial features,,Unknown,2026-07-16 10:51:20
bihar__siwan__chitragupta_nagar_siwan_bspcb,"Chitragupta Nagar, Siwan - BSPCB",Siwan,Bihar,26.2271665,84.3570427,2026-07-16 05:00:00,2026-07-16 05:38:19,,,2.0,8.0,77.0,8.0,1.0,500.0,Severe,CO,False,Insufficient pollutants,,Unknown,,2026-07-16T10:30,29.3,85,0.4,0.1,7.9,139,995.3,93,77.6,High trapping,True,Central India,General urban / semi-urban proxy,Proxy from station/city naming,15,Low urban pressure,20,Low road density proxy,Proxy from city/station naming,Proxy geospatial features,,Unknown,2026-07-16 10:51:20
chandigarh__chandigarh__sector_22_chandigarh_cpcc,"Sector 22, Chandigarh - CPCC",Chandigarh,Chandigarh,30.735567,76.775714,2026-07-16 05:00:00,2026-07-16 05:38:19,39.0,54.0,8.0,6.0,37.0,15.0,16.0,419.06,Severe,CO,True,Valid AQI,419.06,Severe,CO,2026-07-16T10:30,32.9,59,0.0,0.0,5.2,268,965.5,20,71.88,High trapping,True,North India,Industrial / mixed urban proxy,Proxy from station/city naming,35,Moderate urban pressure,30,Moderate road density proxy,Proxy from city/station naming,Proxy geospatial features,59.56,High,2026-07-16 10:51:20
chandigarh__chandigarh__sector_25_chandigarh_cpcc,"Sector-25, Chandigarh - CPCC",Chandigarh,Chandigarh,30.751462,76.762879,2026-07-16 05:00:00,2026-07-16 05:38:19,65.0,90.0,7.0,8.0,19.0,20.0,13.0,312.13,Very Poor,CO,True,Valid AQI,312.13,Very Poor,CO,2026-07-16T10:30,32.8,61,0.0,0.0,5.0,283,965.7,20,72.98,High trapping,True,North India,Industrial / mixed urban proxy,Proxy from station/city naming,35,Moderate urban pressure,30,Moderate road density proxy,Proxy from city/station naming,Proxy geospatial features,50.07,High,2026-07-16 10:51:20
chandigarh__chandigarh__sector_53_chandigarh_cpcc,"Sector-53, Chandigarh - CPCC",Chandigarh,Chandigarh,30.719859,76.738637,2026-07-16 05:00:00,2026-07-16 05:38:19,37.0,39.0,30.0,3.0,48.0,11.0,21.0,487.55,Severe,CO,True,Valid AQI,487.55,Severe,CO,2026-07-16T10:30,32.8,63,0.0,0.0,4.0,278,966.9,13,74.82,High trapping,True,North India,Industrial / mixed urban proxy,Proxy from station/city naming,35,Moderate urban pressure,30,Moderate road density proxy,Proxy from city/station naming,Proxy geospatial features,67.17,High,2026-07-16 10:51:20
chhattisgarh__bhilai__32bungalows_bhilai_cecb,"32Bungalows, Bhilai - CECB",Bhilai,Chhattisgarh,21.194815,81.31477,2026-07-16 05:00:00,2026-07-16 05:38:19,27.0,51.0,12.0,12.0,17.0,6.0,3.0,300.0,Poor,CO,True,Valid AQI,300.0,Poor,CO,2026-07-16T10:30,29.6,69,0.0,0.0,13.0,246,971.7,99,69.34,High trapping,True,Central India,General urban / semi-urban proxy,Proxy from station/city naming,15,Low urban pressure,20,Low road density proxy,Proxy from city/station naming,Proxy geospatial features,38.9,Moderate,2026-07-16 10:51:20
chhattisgarh__bhilai__civic_center_bhilai_bhilai_steel_plant,"Civic Center, Bhilai - Bhilai Steel Plant",Bhilai,Chhattisgarh,21.185571,81.343175,2026-07-16 05:00:00,2026-07-16 05:38:19,17.0,28.0,16.0,10.0,23.0,11.0,1.0,335.56,Very Poor,CO,True,Valid AQI,335.56,Very Poor,CO,2026-07-16T10:30,29.6,69,0.0,0.0,13.0,246,972.1,99,69.34,High trapping,True,Central India,General urban / semi-urban proxy,Proxy from station/city naming,15,Low urban pressure,20,Low road density proxy,Proxy from city/station naming,Proxy geospatial features,42.21,Moderate,2026-07-16 10:51:20
chhattisgarh__bhilai__hathkhoj_bhilai_cecb,"Hathkhoj, Bhilai - CECB",Bhilai,Chhattisgarh,21.224231,81.40835,2026-07-16 05:00:00,2026-07-16 05:38:19,36.0,56.0,23.0,14.0,31.0,7.0,5.0,382.43,Very Poor,CO,True,Valid AQI,382.43,Very Poor,CO,2026-07-16T10:30,29.0,71,0.0,0.0,11.7,243,971.6,100,72.53,High trapping,True,Central India,General urban / semi-urban proxy,Proxy from station/city naming,15,Low urban pressure,20,Low road density proxy,Proxy from city/station naming,Proxy geospatial features,47.9,Moderate,2026-07-16 10:51:20
chhattisgarh__bilaspur__mangala_bilaspur_ntpc,"Mangala, Bilaspur - NTPC",Bilaspur,Chhattisgarh,22.08815,82.13737,2026-07-16 05:00:00,2026-07-16 05:38:19,40.0,49.0,17.0,13.0,31.0,,,382.43,Very Poor,CO,True,Valid AQI,382.43,Very Poor,CO,2026-07-16T10:30,31.5,65,0.0,0.0,8.1,238,973.8,99,76.74,High trapping,True,Central India,General urban / semi-urban proxy,Proxy from station/city naming,15,Low urban pressure,20,Low road density proxy,Proxy from city/station naming,Proxy geospatial features,49.66,Moderate,2026-07-16 10:51:20
chhattisgarh__chhal__nawapara_secl_colony_chhal_cecb,"Nawapara SECL Colony, Chhal - CECB",Chhal,Chhattisgarh,22.118125,83.140608,2026-07-16 05:00:00,2026-07-16 05:38:19,46.0,37.0,7.0,9.0,11.0,46.0,,213.91,Poor,CO,True,Valid AQI,213.91,Poor,CO,2026-07-16T10:30,28.7,82,0.0,0.0,9.8,215,974.9,97,79.71,High trapping,True,Central India,General urban / semi-urban proxy,Proxy from station/city naming,15,Low urban pressure,20,Low road density proxy,Proxy from city/station naming,Proxy geospatial features,35.21,Moderate,2026-07-16 10:51:20
chhattisgarh__korba__rampur_korba_cecb,"Rampur, Korba - CECB",Korba,Chhattisgarh,22.368195,82.746431,2026-07-16 05:00:00,2026-07-16 05:38:19,23.0,39.0,14.0,4.0,5.0,9.0,1.0,137.34,Moderate,CO,True,Valid AQI,137.34,Moderate,CO,2026-07-16T10:30,31.6,65,0.0,0.0,8.5,302,969.0,100,76.11,High trapping,True,Central India,General urban / semi-urban proxy,Proxy from station/city naming,15,Low urban pressure,20,Low road density proxy,Proxy from city/station naming,Proxy geospatial features,26.58,Moderate,2026-07-16 10:51:20
chhattisgarh__korba__urja_nagar_korba_cecb,"Urja Nagar, Korba - CECB",Korba,Chhattisgarh,22.348441,82.549611,2026-07-16 05:00:00,2026-07-16 05:38:19,31.0,48.0,7.0,8.0,22.0,2.0,1.0,329.7,Very Poor,CO,True,Valid AQI,329.7,Very Poor,CO,2026-07-16T10:30,32.2,63,0.0,0.0,5.2,326,967.1,99,81.25,Very high trapping,True,Central India,General urban / semi-urban proxy,Proxy from station/city naming,15,Low urban pressure,20,Low road density proxy,Proxy from city/station naming,Proxy geospatial features,46.63,Moderate,2026-07-16 10:51:20
chhattisgarh__kunjemura__op_jindal_school_kunjemura_cecb,"OP Jindal School, Kunjemura - CECB",Kunjemura,Chhattisgarh,22.12665,83.483212,2026-07-16 05:00:00,2026-07-16 05:38:19,13.0,50.0,19.0,13.0,22.0,7.0,2.0,329.7,Very Poor,CO,True,Valid AQI,329.7,Very Poor,CO,2026-07-16T10:30,29.5,75,0.0,0.0,7.9,273,974.9,94,80.28,Very high trapping,True,Central India,General urban / semi-urban proxy,Proxy from station/city naming,15,Low urban pressure,20,Low road density proxy,Proxy from city/station naming,Proxy geospatial features,46.23,Moderate,2026-07-16 10:51:20
chhattisgarh__milupara__govt_higher_secondary_school_milupara_cecb,"Govt. Higher Secondary School, Milupara - CECB",Milupara,Chhattisgarh,22.1910172,83.5197009,2026-07-16 05:00:00,2026-07-16 05:38:19,29.0,37.0,25.0,14.0,7.0,4.0,1.0,162.41,Moderate,CO,True,Valid AQI,162.41,Moderate,CO,2026-07-16T10:30,29.7,72,0.0,0.0,6.8,270,973.7,95,81.26,Very high trapping,True,Central India,General urban / semi-urban proxy,Proxy from station/city naming,15,Low urban pressure,20,Low road density proxy,Proxy from city/station naming,Proxy geospatial features,31.06,Moderate,2026-07-16 10:51:20
chhattisgarh__raipur__aiims_raipur_cecb,"AIIMS, Raipur - CECB",Raipur,Chhattisgarh,21.258815,81.578979,2026-07-16 05:00:00,2026-07-16 05:38:19,,,,,18.0,9.0,,306.27,Very Poor,CO,False,Insufficient pollutants,,Unknown,,2026-07-16T10:30,28.9,72,0.0,0.0,10.3,226,973.3,100,75.43,High trapping,True,Central India,General urban / semi-urban proxy,Proxy from station/city naming,15,Low urban pressure,20,Low road density proxy,Proxy from city/station naming,Proxy geospatial features,,Unknown,2026-07-16 10:51:20
chhattisgarh__raipur__bhatagaon_new_isbt_raipur_cecb,"Bhatagaon New ISBT, Raipur - CECB",Raipur,Chhattisgarh,21.219665,81.630094,2026-07-16 05:00:00,2026-07-16 05:38:19,15.0,41.0,2.0,3.0,19.0,5.0,2.0,312.13,Very Poor,CO,True,Valid AQI,312.13,Very Poor,CO,2026-07-16T10:30,28.4,75,0.1,0.1,12.0,223,973.6,100,67.21,High trapping,True,Central India,General urban / semi-urban proxy,Proxy from station/city naming,15,Low urban pressure,20,Low road density proxy,Proxy from city/station naming,Proxy geospatial features,39.14,Moderate,2026-07-16 10:51:20
chhattisgarh__raipur__krishak_nagar_raipur_cecb,"Krishak Nagar, Raipur - CECB",Raipur,Chhattisgarh,21.237755,81.705301,2026-07-16 05:00:00,2026-07-16 05:38:19,22.0,31.0,7.0,4.0,20.0,0.0,2.0,317.99,Very Poor,CO,True,Valid AQI,317.99,Very Poor,CO,2026-07-16T10:30,28.4,76,0.1,0.1,11.1,219,973.4,100,69.2,High trapping,True,Central India,General urban / semi-urban proxy,Proxy from station/city naming,15,Low urban pressure,20,Low road density proxy,Proxy from city/station naming,Proxy geospatial features,40.51,Moderate,2026-07-16 10:51:20
chhattisgarh__raipur__siltara_phase_ii_raipur_cecb,"Siltara Phase-II, Raipur - CECB",Raipur,Chhattisgarh,21.371751,81.664929,2026-07-16 05:00:00,2026-07-16 05:38:19,30.0,59.0,6.0,13.0,17.0,9.0,2.0,300.0,Poor,CO,True,Valid AQI,300.0,Poor,CO,2026-07-16T10:30,28.5,76,0.0,0.0,12.0,212,974.6,100,73.82,High trapping,True,Central India,Industrial / mixed urban proxy,Proxy from station/city naming,35,Moderate urban pressure,30,Moderate road density proxy,Proxy from city/station naming,Proxy geospatial features,49.29,Moderate,2026-07-16 10:51:20
chhattisgarh__tumidih__op_jindal_industrial_park_tumidih_cecb,"OP Jindal Industrial Park, Tumidih - CECB",Tumidih,Chhattisgarh,22.06631475,83.33820077,2026-07-16 05:00:00,2026-07-16 05:38:19,28.0,35.0,21.0,5.0,15.0,27.0,1.0,271.3,Poor,CO,True,Valid AQI,271.3,Poor,CO,2026-07-16T10:30,28.5,81,0.0,0.0,9.6,240,970.7,93,79.31,High trapping,True,Central India,Industrial / mixed urban proxy,Proxy from station/city naming,35,Moderate urban pressure,30,Moderate road density proxy,Proxy from city/station naming,Proxy geospatial features,48.91,Moderate,2026-07-16 10:51:20
delhi__delhi__alipur_delhi_dpcc,"Alipur, Delhi - DPCC",Delhi,Delhi,28.815329,77.15301,2026-07-16 05:00:00,2026-07-16 05:38:19,73.0,180.0,62.0,10.0,36.0,4.0,16.0,412.83,Severe,CO,True,Valid AQI,412.83,Severe,CO,2026-07-16T10:30,34.2,53,0.0,0.0,10.1,273,979.3,3,59.11,Moderate trapping,True,North India,Dense urban proxy,Proxy from station/city naming,60,High urban pressure,55,Moderate road density proxy,Proxy from city/station naming,Proxy geospatial features,65.87,High,2026-07-16 10:51:20
delhi__delhi__anand_vihar_delhi_dpcc,"Anand Vihar, Delhi - DPCC",Delhi,Delhi,28.647622,77.315809,2026-07-16 05:00:00,2026-07-16 05:38:19,138.0,334.0,49.0,9.0,31.0,4.0,7.0,382.43,Very Poor,CO,True,Valid AQI,382.43,Very Poor,CO,2026-07-16T10:30,36.2,41,0.0,0.0,10.2,278,980.1,4,54.61,Moderate trapping,True,North India,Dense urban proxy,Proxy from station/city naming,60,High urban pressure,55,Moderate road density proxy,Proxy from city/station naming,Proxy geospatial features,61.16,High,2026-07-16 10:51:20
delhi__delhi__ashok_vihar_delhi_dpcc,"Ashok Vihar, Delhi - DPCC",Delhi,Delhi,28.695381,77.181665,2026-07-16 05:00:00,2026-07-16 05:38:19,85.0,174.0,25.0,12.0,51.0,5.0,5.0,500.0,Severe,CO,True,Valid AQI,500.0,Severe,CO,2026-07-16T10:30,35.5,45,0.0,0.0,9.9,275,978.8,3,56.53,Moderate trapping,True,North India,Dense urban proxy,Proxy from station/city naming,60,High urban pressure,55,Moderate road density proxy,Proxy from city/station naming,Proxy geospatial features,72.91,High,2026-07-16 10:51:20
delhi__delhi__aya_nagar_delhi_iitm,"Aya Nagar, Delhi - IITM",Delhi,Delhi,28.4706914,77.1099364,2026-07-16 05:00:00,2026-07-16 05:38:19,63.0,138.0,15.0,,30.0,18.0,,376.57,Very Poor,CO,True,Valid AQI,376.57,Very Poor,CO,2026-07-16T10:30,34.3,49,0.0,0.0,14.1,281,973.6,5,50.6,Moderate trapping,True,North India,Dense urban proxy,Proxy from station/city naming,60,High urban pressure,55,Moderate road density proxy,Proxy from city/station naming,Proxy geospatial features,58.94,High,2026-07-16 10:51:20
delhi__delhi__bawana_delhi_dpcc,"Bawana, Delhi - DPCC",Delhi,Delhi,28.7762,77.051074,2026-07-16 05:00:00,2026-07-16 05:38:19,,170.0,6.0,9.0,29.0,7.0,4.0,370.71,Very Poor,CO,True,Valid AQI,370.71,Very Poor,CO,2026-07-16T10:30,34.1,55,0.0,0.0,11.0,271,978.9,4,58.31,Moderate trapping,True,North India,Dense urban proxy,Proxy from station/city naming,60,High urban pressure,55,Moderate road density proxy,Proxy from city/station naming,Proxy geospatial features,61.62,High,2026-07-16 10:51:20
delhi__delhi__burari_crossing_delhi_iitm,"Burari Crossing, Delhi - IITM",Delhi,Delhi,28.7256504,77.2011573,2026-07-16 05:00:00,2026-07-16 05:38:19,71.0,136.0,18.0,,53.0,29.0,,500.0,Severe,CO,True,Valid AQI,500.0,Severe,CO,2026-07-16T10:30,35.5,45,0.0,0.0,9.9,275,980.0,3,56.53,Moderate trapping,True,North India,Traffic / commercial proxy,Proxy from station/city naming,65,High urban pressure,85,Very high road density proxy,Proxy from city/station naming,Proxy geospatial features,78.48,Critical,2026-07-16 10:51:20
delhi__delhi__crri_mathura_road_delhi_iitm,"CRRI Mathura Road, Delhi - IITM",Delhi,Delhi,28.5512005,77.2735737,2026-07-16 05:00:00,2026-07-16 05:38:19,80.0,190.0,55.0,,63.0,11.0,,500.0,Severe,CO,True,Valid AQI,500.0,Severe,CO,2026-07-16T10:30,35.7,43,0.0,0.0,10.7,277,979.0,5,54.54,Moderate trapping,True,North India,Traffic / commercial proxy,Proxy from station/city naming,65,High urban pressure,100,Very high road density proxy,Proxy from city/station naming,Proxy geospatial features,79.52,Critical,2026-07-16 10:51:20
delhi__delhi__cantonment_area_delhi_dpcc,"Cantonment Area, Delhi - DPCC",Delhi,Delhi,28.594169,77.1251,2026-07-16 05:00:00,2026-07-16 05:38:19,35.0,115.0,14.0,3.0,28.0,10.0,6.0,364.85,Very Poor,CO,True,Valid AQI,364.85,Very Poor,CO,2026-07-16T10:30,34.5,49,0.0,0.0,11.7,275,978.1,2,54.64,Moderate trapping,True,North India,Industrial / mixed urban proxy,Proxy from station/city naming,70,High urban pressure,65,High road density proxy,Proxy from city/station naming,Proxy geospatial features,64.43,High,2026-07-16 10:51:20
delhi__delhi__chandni_chowk_delhi_iitm,"Chandni Chowk, Delhi - IITM",Delhi,Delhi,28.656756,77.227234,2026-07-16 05:00:00,2026-07-16 05:38:19,75.0,80.0,23.0,,58.0,16.0,5.0,500.0,Severe,CO,True,Valid AQI,500.0,Severe,CO,2026-07-16T10:30,36.2,41,0.0,0.0,10.2,278,977.9,4,54.61,Moderate trapping,True,North India,Traffic / commercial proxy,Proxy from station/city naming,65,High urban pressure,100,Very high road density proxy,Proxy from city/station naming,Proxy geospatial features,79.55,Critical,2026-07-16 10:51:20
delhi__delhi__commonwealth_sports_complex_delhi_dpcc,"Commonwealth Sports Complex, Delhi - DPCC",Delhi,Delhi,28.615828,77.271992,2026-07-16 05:00:00,2026-07-16 05:38:19,72.0,132.0,35.0,7.0,46.0,8.0,,475.09,Severe,CO,True,Valid AQI,475.09,Severe,CO,2026-07-16T10:30,36.2,41,0.0,0.0,10.2,278,980.2,4,54.61,Moderate trapping,True,North India,Dense urban proxy,Proxy from station/city naming,60,High urban pressure,55,Moderate road density proxy,Proxy from city/station naming,Proxy geospatial features,69.79,High,2026-07-16 10:51:20
delhi__delhi__dtu_delhi_cpcb,"DTU, Delhi - CPCB",Delhi,Delhi,28.7500499,77.1112615,2026-07-16 05:00:00,2026-07-16 05:38:19,70.0,142.0,21.0,,25.0,23.0,10.0,347.28,Very Poor,CO,True,Valid AQI,347.28,Very Poor,CO,2026-07-16T10:30,34.2,53,0.0,0.0,10.1,273,979.2,3,59.11,Moderate trapping,True,North India,Dense urban proxy,Proxy from station/city naming,60,High urban pressure,55,Moderate road density proxy,Proxy from city/station naming,Proxy geospatial features,59.77,High,2026-07-16 10:51:20
delhi__delhi__dr_karni_singh_shooting_range_delhi_dpcc,"Dr. Karni Singh Shooting Range, Delhi - DPCC",Delhi,Delhi,28.498571,77.26484,2026-07-16 05:00:00,2026-07-16 05:38:19,56.0,,24.0,11.0,25.0,15.0,6.0,347.28,Very Poor,CO,True,Valid AQI,347.28,Very Poor,CO,2026-07-16T10:30,35.3,45,0.0,0.0,11.5,280,975.5,5,53.83,Moderate trapping,True,North India,Dense urban proxy,Proxy from station/city naming,60,High urban pressure,55,Moderate road density proxy,Proxy from city/station naming,Proxy geospatial features,57.57,High,2026-07-16 10:51:20
delhi__delhi__dwarka_sector_8_delhi_dpcc,"Dwarka-Sector 8, Delhi - DPCC",Delhi,Delhi,28.5710274,77.0719006,2026-07-16 05:00:00,2026-07-16 05:38:19,47.0,170.0,36.0,,,,6.0,146.85,Moderate,PM10,True,Valid AQI,146.85,Moderate,PM10,2026-07-16T10:30,34.5,49,0.0,0.0,11.7,275,979.3,2,54.64,Moderate trapping,True,North India,Industrial / mixed urban proxy,Proxy from station/city naming,70,High urban pressure,65,High road density proxy,Proxy from city/station naming,Proxy geospatial features,44.13,Moderate,2026-07-16 10:51:20
delhi__delhi__igi_airport_t3_delhi_iitm,"IGI Airport (T3), Delhi - IITM",Delhi,Delhi,28.5627763,77.1180053,2026-07-16 05:00:00,2026-07-16 05:38:19,71.0,148.0,105.0,,59.0,36.0,,500.0,Severe,CO,True,Valid AQI,500.0,Severe,CO,2026-07-16T10:30,34.5,49,0.0,0.0,11.7,275,977.6,2,54.64,Moderate trapping,True,North India,Dense urban proxy,Proxy from station/city naming,60,High urban pressure,55,Moderate road density proxy,Proxy from city/station naming,Proxy geospatial features,72.12,High,2026-07-16 10:51:20
delhi__delhi__ignou_maidan_garhi_delhi_dpcc,"IGNOU_Maidan Garhi, Delhi - DPCC",Delhi,Delhi,28.493624,77.201159,2026-07-16 05:00:00,2026-07-16 05:38:19,40.0,138.0,17.0,4.0,34.0,7.0,5.0,400.0,Very Poor,CO,True,Valid AQI,400.0,Very Poor,CO,2026-07-16T10:30,34.8,46,0.0,0.0,12.4,280,973.6,5,52.57,Moderate trapping,True,North India,Dense urban proxy,Proxy from station/city naming,60,High urban pressure,55,Moderate road density proxy,Proxy from city/station naming,Proxy geospatial features,61.95,High,2026-07-16 10:51:20
delhi__delhi__ihbas_dilshad_garden_delhi_cpcb,"IHBAS, Dilshad Garden, Delhi - CPCB",Delhi,Delhi,28.6811736,77.3025234,2026-07-16 05:00:00,2026-07-16 05:38:19,104.0,128.0,19.0,16.0,74.0,21.0,6.0,500.0,Severe,CO,True,Valid AQI,500.0,Severe,CO,2026-07-16T10:30,36.2,41,0.0,0.0,10.2,278,980.0,4,54.61,Moderate trapping,True,North India,Dense urban proxy,Proxy from station/city naming,60,High urban pressure,55,Moderate road density proxy,Proxy from city/station naming,Proxy geospatial features,72.11,High,2026-07-16 10:51:20
delhi__delhi__iit_delhi_delhi_iitm,"IIT Delhi, Delhi - IITM",Delhi,Delhi,28.54246,77.191651,2026-07-16 05:00:00,2026-07-16 05:38:19,73.0,224.0,37.0,,30.0,24.0,,376.57,Very Poor,CO,True,Valid AQI,376.57,Very Poor,CO,2026-07-16T10:30,35.3,45,0.0,0.0,11.3,277,977.5,3,53.99,Moderate trapping,True,North India,Dense urban proxy,Proxy from station/city naming,60,High urban pressure,55,Moderate road density proxy,Proxy from city/station naming,Proxy geospatial features,60.36,High,2026-07-16 10:51:20
delhi__delhi__imd_lodhi_road_delhi_iitm,"IMD Lodhi Road, Delhi - IITM",Delhi,Delhi,28.5918245,77.2273074,2026-07-16 05:00:00,2026-07-16 05:38:19,69.0,144.0,15.0,,34.0,7.0,,400.0,Very Poor,CO,True,Valid AQI,400.0,Very Poor,CO,2026-07-16T10:30,35.3,45,0.0,0.0,11.3,277,979.6,3,53.99,Moderate trapping,True,North India,Traffic / commercial proxy,Proxy from station/city naming,65,High urban pressure,100,Very high road density proxy,Proxy from city/station naming,Proxy geospatial features,69.98,High,2026-07-16 10:51:20
delhi__delhi__ito_delhi_cpcb,"ITO, Delhi - CPCB",Delhi,Delhi,28.628624,77.24106,2026-07-16 05:00:00,2026-07-16 05:38:19,54.0,117.0,58.0,25.0,46.0,26.0,5.0,475.09,Severe,CO,True,Valid AQI,475.09,Severe,CO,2026-07-16T10:30,36.2,41,0.0,0.0,10.2,278,979.8,4,54.61,Moderate trapping,True,North India,Dense urban proxy,Proxy from station/city naming,60,High urban pressure,55,Moderate road density proxy,Proxy from city/station naming,Proxy geospatial features,69.79,High,2026-07-16 10:51:20
delhi__delhi__jnu_delhi_dpcc,"JNU, Delhi - DPCC",Delhi,Delhi,28.540721,77.168544,2026-07-16 05:00:00,2026-07-16 05:38:19,68.0,135.0,24.0,1.0,22.0,21.0,3.0,329.7,Very Poor,CO,True,Valid AQI,329.7,Very Poor,CO,2026-07-16T10:30,35.3,45,0.0,0.0,11.3,277,974.3,3,53.99,Moderate trapping,True,North India,Dense urban proxy,Proxy from station/city naming,60,High urban pressure,55,Moderate road density proxy,Proxy from city/station naming,Proxy geospatial features,56.0,High,2026-07-16 10:51:20
delhi__delhi__jahangirpuri_delhi_dpcc,"Jahangirpuri, Delhi - DPCC",Delhi,Delhi,28.73282,77.170633,2026-07-16 05:00:00,2026-07-16 05:38:19,116.0,209.0,29.0,13.0,41.0,6.0,4.0,443.96,Severe,CO,True,Valid AQI,443.96,Severe,CO,2026-07-16T10:30,35.5,45,0.0,0.0,9.9,275,979.5,3,56.53,Moderate trapping,True,North India,Dense urban proxy,Proxy from station/city naming,60,High urban pressure,55,Moderate road density proxy,Proxy from city/station naming,Proxy geospatial features,67.69,High,2026-07-16 10:51:20
delhi__delhi__jawaharlal_nehru_stadium_delhi_dpcc,"Jawaharlal Nehru Stadium, Delhi - DPCC",Delhi,Delhi,28.58028,77.233829,2026-07-16 05:00:00,2026-07-16 05:38:19,64.0,153.0,28.0,11.0,54.0,14.0,15.0,500.0,Severe,CO,True,Valid AQI,500.0,Severe,CO,2026-07-16T10:30,35.3,45,0.0,0.0,11.3,277,980.1,3,53.99,Moderate trapping,True,North India,Dense urban proxy,Proxy from station/city naming,60,High urban pressure,55,Moderate road density proxy,Proxy from city/station naming,Proxy geospatial features,71.85,High,2026-07-16 10:51:20
delhi__delhi__major_dhyan_chand_national_stadium_delhi_dpcc,"Major Dhyan Chand National Stadium, Delhi - DPCC",Delhi,Delhi,28.611281,77.237738,2026-07-16 05:00:00,2026-07-16 05:38:19,38.0,129.0,34.0,19.0,25.0,8.0,10.0,347.28,Very Poor,CO,True,Valid AQI,347.28,Very Poor,CO,2026-07-16T10:30,36.2,41,0.0,0.0,10.2,278,979.4,4,54.61,Moderate trapping,True,North India,Dense urban proxy,Proxy from station/city naming,60,High urban pressure,55,Moderate road density proxy,Proxy from city/station naming,Proxy geospatial features,57.89,High,2026-07-16 10:51:20
delhi__delhi__mandir_marg_delhi_dpcc,"Mandir Marg, Delhi - DPCC",Delhi,Delhi,28.636429,77.201067,2026-07-16 05:00:00,2026-07-16 05:38:19,43.0,147.0,44.0,,,,6.0,131.56,Moderate,PM10,True,Valid AQI,131.56,Moderate,PM10,2026-07-16T10:30,35.3,46,0.0,0.0,10.3,276,977.8,4,56.27,Moderate trapping,True,North India,Dense urban proxy,Proxy from station/city naming,60,High urban pressure,55,Moderate road density proxy,Proxy from city/station naming,Proxy geospatial features,38.5,Moderate,2026-07-16 10:51:20
delhi__delhi__mundka_delhi_dpcc,"Mundka, Delhi - DPCC",Delhi,Delhi,28.684678,77.076574,2026-07-16 05:00:00,2026-07-16 05:38:19,67.0,189.0,85.0,8.0,41.0,2.0,7.0,443.96,Severe,CO,True,Valid AQI,443.96,Severe,CO,2026-07-16T10:30,35.0,46,0.0,0.0,10.6,272,979.6,2,55.53,Moderate trapping,True,North India,Dense urban proxy,Proxy from station/city naming,60,High urban pressure,55,Moderate road density proxy,Proxy from city/station naming,Proxy geospatial features,67.28,High,2026-07-16 10:51:20
delhi__delhi__nsit_dwarka_delhi_cpcb,"NSIT Dwarka, Delhi - CPCB",Delhi,Delhi,28.60909,77.0325413,2026-07-16 05:00:00,2026-07-16 05:38:19,101.0,74.0,39.0,,46.0,33.0,7.0,475.09,Severe,CO,True,Valid AQI,475.09,Severe,CO,2026-07-16T10:45,35.4,45,0.0,0.0,10.6,274,979.2,5,55.46,Moderate trapping,True,North India,Dense urban proxy,Proxy from station/city naming,60,High urban pressure,55,Moderate road density proxy,Proxy from city/station naming,Proxy geospatial features,70.15,High,2026-07-16 10:51:20
delhi__delhi__nsut_jaffarpur_delhi_dpcc,"NSUT Jaffarpur, Delhi - DPCC",Delhi,Delhi,28.594004,76.909423,2026-07-16 05:00:00,2026-07-16 05:38:19,66.0,123.0,17.0,6.0,45.0,14.0,3.0,468.87,Severe,CO,True,Valid AQI,468.87,Severe,CO,2026-07-16T10:45,34.8,50,0.0,0.0,14.6,279,979.4,2,49.76,Moderate trapping,True,North India,Dense urban proxy,Proxy from station/city naming,60,High urban pressure,55,Moderate road density proxy,Proxy from city/station naming,Proxy geospatial features,67.19,High,2026-07-16 10:51:20
delhi__delhi__najafgarh_delhi_dpcc,"Najafgarh, Delhi - DPCC",Delhi,Delhi,28.570173,76.933762,2026-07-16 05:00:00,2026-07-16 05:38:19,49.0,132.0,21.0,6.0,33.0,13.0,6.0,394.14,Very Poor,CO,True,Valid AQI,394.14,Very Poor,CO,2026-07-16T10:45,34.5,51,0.0,0.0,12.7,277,979.6,1,53.47,Moderate trapping,True,North India,Dense urban proxy,Proxy from station/city naming,60,High urban pressure,55,Moderate road density proxy,Proxy from city/station naming,Proxy geospatial features,61.78,High,2026-07-16 10:51:20
delhi__delhi__narela_delhi_dpcc,"Narela, Delhi - DPCC",Delhi,Delhi,28.822836,77.101981,2026-07-16 05:00:00,2026-07-16 05:38:19,73.0,172.0,27.0,16.0,41.0,6.0,8.0,443.96,Severe,CO,True,Valid AQI,443.96,Severe,CO,2026-07-16T10:45,34.2,55,0.0,0.0,10.6,270,979.2,3,58.94,Moderate trapping,True,North India,Dense urban proxy,Proxy from station/city naming,60,High urban pressure,55,Moderate road density proxy,Proxy from city/station naming,Proxy geospatial features,68.7,High,2026-07-16 10:51:20
delhi__delhi__nehru_nagar_delhi_dpcc,"Nehru Nagar, Delhi - DPCC",Delhi,Delhi,28.56789,77.250515,2026-07-16 05:00:00,2026-07-16 05:38:19,69.0,160.0,30.0,22.0,39.0,18.0,7.0,431.51,Severe,CO,True,Valid AQI,431.51,Severe,CO,2026-07-16T10:45,36.1,42,0.0,0.0,10.7,279,978.9,10,54.68,Moderate trapping,True,North India,Dense urban proxy,Proxy from station/city naming,60,High urban pressure,55,Moderate road density proxy,Proxy from city/station naming,Proxy geospatial features,65.76,High,2026-07-16 10:51:20
delhi__delhi__north_campus_du_delhi_iitm,"North Campus, DU, Delhi - IITM",Delhi,Delhi,28.6573814,77.1585447,2026-07-16 05:00:00,2026-07-16 05:38:19,73.0,160.0,86.0,,82.0,24.0,,500.0,Severe,CO,True,Valid AQI,500.0,Severe,CO,2026-07-16T10:45,35.6,45,0.0,0.0,10.4,278,977.3,8,56.12,Moderate trapping,True,North India,Dense urban proxy,Proxy from station/city naming,60,High urban pressure,55,Moderate road density proxy,Proxy from city/station naming,Proxy geospatial features,72.74,High,2026-07-16 10:51:20
delhi__delhi__okhla_phase_2_delhi_dpcc,"Okhla Phase-2, Delhi - DPCC",Delhi,Delhi,28.530785,77.271255,2026-07-16 05:00:00,2026-07-16 05:38:19,62.0,157.0,32.0,18.0,30.0,8.0,7.0,376.57,Very Poor,CO,True,Valid AQI,376.57,Very Poor,CO,2026-07-16T10:45,35.6,44,0.0,0.0,11.6,282,977.7,8,53.58,Moderate trapping,True,North India,Industrial / mixed urban proxy,Proxy from station/city naming,70,High urban pressure,65,High road density proxy,Proxy from city/station naming,Proxy geospatial features,65.07,High,2026-07-16 10:51:20
delhi__delhi__punjabi_bagh_delhi_dpcc,"Punjabi Bagh, Delhi - DPCC",Delhi,Delhi,28.674045,77.131023,2026-07-16 05:00:00,2026-07-16 05:38:19,83.0,154.0,20.0,37.0,30.0,9.0,3.0,376.57,Very Poor,CO,True,Valid AQI,376.57,Very Poor,CO,2026-07-16T10:45,35.6,45,0.0,0.0,10.4,278,978.7,8,56.12,Moderate trapping,True,North India,Dense urban proxy,Proxy from station/city naming,60,High urban pressure,55,Moderate road density proxy,Proxy from city/station naming,Proxy geospatial features,61.25,High,2026-07-16 10:51:20
delhi__delhi__pusa_delhi_dpcc,"Pusa, Delhi - DPCC",Delhi,Delhi,28.639652,77.146275,2026-07-16 05:00:00,2026-07-16 05:38:19,69.0,190.0,52.0,10.0,46.0,4.0,13.0,475.09,Severe,CO,True,Valid AQI,475.09,Severe,CO,2026-07-16T10:45,35.6,45,0.0,0.0,10.4,278,978.7,8,56.12,Moderate trapping,True,North India,Dense urban proxy,Proxy from station/city naming,60,High urban pressure,55,Moderate road density proxy,Proxy from city/station naming,Proxy geospatial features,70.42,High,2026-07-16 10:51:20
delhi__delhi__pusa_delhi_iitm,"Pusa, Delhi - IITM",Delhi,Delhi,28.63611,77.173332,2026-07-16 05:00:00,2026-07-16 05:38:19,68.0,128.0,56.0,,30.0,45.0,,376.57,Very Poor,CO,True,Valid AQI,376.57,Very Poor,CO,2026-07-16T10:45,35.6,45,0.0,0.0,10.4,278,976.7,8,56.12,Moderate trapping,True,North India,Dense urban proxy,Proxy from station/city naming,60,High urban pressure,55,Moderate road density proxy,Proxy from city/station naming,Proxy geospatial features,61.25,High,2026-07-16 10:51:20
delhi__delhi__r_k_puram_delhi_dpcc,"R K Puram, Delhi - DPCC",Delhi,Delhi,28.563262,77.186937,2026-07-16 05:00:00,2026-07-16 05:38:19,69.0,177.0,43.0,23.0,24.0,8.0,5.0,341.42,Very Poor,CO,True,Valid AQI,341.42,Very Poor,CO,2026-07-16T10:45,35.6,44,0.0,0.0,11.3,279,978.0,8,54.13,Moderate trapping,True,North India,Dense urban proxy,Proxy from station/city naming,60,High urban pressure,55,Moderate road density proxy,Proxy from city/station naming,Proxy geospatial features,57.14,High,2026-07-16 10:51:20
delhi__delhi__rohini_delhi_dpcc,"Rohini, Delhi - DPCC",Delhi,Delhi,28.732528,77.11992,2026-07-16 05:00:00,2026-07-16 05:38:19,61.0,181.0,29.0,8.0,66.0,4.0,7.0,500.0,Severe,CO,True,Valid AQI,500.0,Severe,CO,2026-07-16T10:45,35.8,44,0.0,0.0,10.0,277,979.3,7,56.38,Moderate trapping,True,North India,Dense urban proxy,Proxy from station/city naming,60,High urban pressure,55,Moderate road density proxy,Proxy from city/station naming,Proxy geospatial features,72.85,High,2026-07-16 10:51:20
delhi__delhi__shadipur_delhi_cpcb,"Shadipur, Delhi - CPCB",Delhi,Delhi,28.6514781,77.1473105,2026-07-16 05:00:00,2026-07-16 05:38:19,152.0,146.0,45.0,13.0,45.0,52.0,10.0,468.87,Severe,CO,True,Valid AQI,468.87,Severe,CO,2026-07-16T10:45,35.6,45,0.0,0.0,10.4,278,978.4,8,56.12,Moderate trapping,True,North India,Dense urban proxy,Proxy from station/city naming,60,High urban pressure,55,Moderate road density proxy,Proxy from city/station naming,Proxy geospatial features,69.84,High,2026-07-16 10:51:20
delhi__delhi__sirifort_delhi_cpcb,"Sirifort, Delhi - CPCB",Delhi,Delhi,28.5504249,77.2159377,2026-07-16 05:00:00,2026-07-16 05:38:19,91.0,152.0,10.0,21.0,18.0,9.0,4.0,306.27,Very Poor,CO,True,Valid AQI,306.27,Very Poor,CO,2026-07-16T10:45,35.6,44,0.0,0.0,11.3,279,978.0,8,54.13,Moderate trapping,True,North India,Dense urban proxy,Proxy from station/city naming,60,High urban pressure,55,Moderate road density proxy,Proxy from city/station naming,Proxy geospatial features,53.87,High,2026-07-16 10:51:20
delhi__delhi__sonia_vihar_delhi_dpcc,"Sonia Vihar, Delhi - DPCC",Delhi,Delhi,28.710508,77.249485,2026-07-16 05:00:00,2026-07-16 05:38:19,75.0,159.0,9.0,4.0,57.0,8.0,14.0,500.0,Severe,CO,True,Valid AQI,500.0,Severe,CO,2026-07-16T10:45,36.0,42,0.0,0.0,10.3,282,980.0,6,55.0,Moderate trapping,True,North India,Dense urban proxy,Proxy from station/city naming,60,High urban pressure,55,Moderate road density proxy,Proxy from city/station naming,Proxy geospatial features,72.27,High,2026-07-16 10:51:20
delhi__delhi__sri_aurobindo_marg_delhi_dpcc,"Sri Aurobindo Marg, Delhi - DPCC",Delhi,Delhi,28.531346,77.190156,2026-07-16 05:00:00,2026-07-16 05:38:19,54.0,144.0,24.0,15.0,36.0,14.0,3.0,412.83,Severe,CO,True,Valid AQI,412.83,Severe,CO,2026-07-16T10:45,35.1,46,0.0,0.0,12.5,282,977.1,10,52.89,Moderate trapping,True,North India,Dense urban proxy,Proxy from station/city naming,60,High urban pressure,55,Moderate road density proxy,Proxy from city/station naming,Proxy geospatial features,63.28,High,2026-07-16 10:51:20
delhi__delhi__talkatora_garden_delhi_dpcc,"Talkatora Garden, Delhi - DPCC",Delhi,Delhi,28.62181,77.1944633,2026-07-16 05:00:00,2026-07-16 05:38:19,67.0,123.0,23.0,,39.0,10.0,4.0,431.51,Severe,CO,True,Valid AQI,431.51,Severe,CO,2026-07-16T10:45,35.6,45,0.0,0.0,10.4,278,977.7,8,56.12,Moderate trapping,True,North India,Dense urban proxy,Proxy from station/city naming,60,High urban pressure,55,Moderate road density proxy,Proxy from city/station naming,Proxy geospatial features,66.36,High,2026-07-16 10:51:20
delhi__delhi__vivek_vihar_delhi_dpcc,"Vivek Vihar, Delhi - DPCC",Delhi,Delhi,28.672342,77.31526,2026-07-16 05:00:00,2026-07-16 05:38:19,62.0,163.0,38.0,10.0,34.0,20.0,6.0,400.0,Very Poor,CO,True,Valid AQI,400.0,Very Poor,CO,2026-07-16T10:45,36.6,40,0.0,0.0,10.2,280,980.2,8,54.65,Moderate trapping,True,North India,Dense urban proxy,Proxy from station/city naming,60,High urban pressure,55,Moderate road density proxy,Proxy from city/station naming,Proxy geospatial features,62.82,High,2026-07-16 10:51:20
delhi__delhi__wazirpur_delhi_dpcc,"Wazirpur, Delhi - DPCC",Delhi,Delhi,28.699793,77.165453,2026-07-16 05:00:00,2026-07-16 05:38:19,100.0,228.0,39.0,9.0,42.0,16.0,6.0,450.19,Severe,CO,True,Valid AQI,450.19,Severe,CO,2026-07-16T10:45,35.8,44,0.0,0.0,10.0,277,978.9,7,56.38,Moderate trapping,True,North India,Dense urban proxy,Proxy from station/city naming,60,High urban pressure,55,Moderate road density proxy,Proxy from city/station naming,Proxy geospatial features,68.21,High,2026-07-16 10:51:20
gujarat__ahmedabad__chandkheda_ahmedabad_iitm,"Chandkheda, Ahmedabad - IITM",Ahmedabad,Gujarat,23.107969,72.574648,2026-07-16 05:00:00,2026-07-16 05:38:19,32.0,63.0,13.0,7.0,31.0,3.0,5.0,382.43,Very Poor,CO,True,Valid AQI,382.43,Very Poor,CO,2026-07-16T10:45,32.2,58,0.0,0.0,8.7,230,1000.3,19,65.08,High trapping,True,West India,Dense urban proxy,Proxy from station/city naming,60,High urban pressure,55,Moderate road density proxy,Proxy from city/station naming,Proxy geospatial features,65.53,High,2026-07-16 10:51:20
gujarat__ahmedabad__gyaspur_ahmedabad_iitm,"Gyaspur, Ahmedabad - IITM",Ahmedabad,Gujarat,22.977134,72.553024,2026-07-16 05:00:00,2026-07-16 05:38:19,21.0,79.0,19.0,12.0,27.0,11.0,6.0,358.99,Very Poor,CO,True,Valid AQI,358.99,Very Poor,CO,2026-07-16T10:45,31.4,64,0.0,0.0,9.2,223,1001.9,47,69.18,High trapping,True,West India,Dense urban proxy,Proxy from station/city naming,60,High urban pressure,55,Moderate road density proxy,Proxy from city/station naming,Proxy geospatial features,65.06,High,2026-07-16 10:51:20
gujarat__ahmedabad__maninagar_ahmedabad_gpcb,"Maninagar, Ahmedabad - GPCB",Ahmedabad,Gujarat,23.002657,72.591912,2026-07-16 05:00:00,2026-07-16 05:38:19,56.0,76.0,34.0,36.0,28.0,19.0,,364.85,Very Poor,CO,True,Valid AQI,364.85,Very Poor,CO,2026-07-16T10:45,31.8,60,0.0,0.0,8.1,227,1001.2,25,67.5,High trapping,True,West India,Dense urban proxy,Proxy from station/city naming,60,High urban pressure,55,Moderate road density proxy,Proxy from city/station naming,Proxy geospatial features,64.9,High,2026-07-16 10:51:20
gujarat__ahmedabad__raikhad_ahmedabad_iitm,"Raikhad, Ahmedabad - IITM",Ahmedabad,Gujarat,23.020509,72.579261,2026-07-16 05:00:00,2026-07-16 05:38:19,33.0,76.0,18.0,16.0,42.0,11.0,4.0,450.19,Severe,CO,True,Valid AQI,450.19,Severe,CO,2026-07-16T10:45,31.8,60,0.0,0.0,8.1,227,1001.2,25,67.5,High trapping,True,West India,Dense urban proxy,Proxy from station/city naming,60,High urban pressure,55,Moderate road density proxy,Proxy from city/station naming,Proxy geospatial features,72.85,High,2026-07-16 10:51:20
gujarat__ahmedabad__rakhial_ahmedabad_iitm,"Rakhial, Ahmedabad - IITM",Ahmedabad,Gujarat,23.016834,72.625775,2026-07-16 05:00:00,2026-07-16 05:38:19,28.0,66.0,11.0,15.0,31.0,9.0,4.0,382.43,Very Poor,CO,True,Valid AQI,382.43,Very Poor,CO,2026-07-16T10:45,31.8,60,0.0,0.0,8.1,227,1001.0,25,67.5,High trapping,True,West India,Dense urban proxy,Proxy from station/city naming,60,High urban pressure,55,Moderate road density proxy,Proxy from city/station naming,Proxy geospatial features,66.54,High,2026-07-16 10:51:20
gujarat__ahmedabad__sac_isro_bopal_ahmedabad_iitm,"SAC ISRO Bopal, Ahmedabad - IITM",Ahmedabad,Gujarat,23.041137,72.456691,2026-07-16 05:00:00,2026-07-16 05:38:19,43.0,50.0,4.0,1.0,3.0,12.0,2.0,112.28,Moderate,CO,True,Valid AQI,112.28,Moderate,CO,2026-07-16T10:45,31.8,62,0.0,0.0,10.3,226,1001.6,66,68.35,High trapping,True,West India,Dense urban proxy,Proxy from station/city naming,60,High urban pressure,55,Moderate road density proxy,Proxy from city/station naming,Proxy geospatial features,41.74,Moderate,2026-07-16 10:51:20
gujarat__ahmedabad__sac_isro_satellite_ahmedabad_iitm,"SAC ISRO Satellite, Ahmedabad - IITM",Ahmedabad,Gujarat,23.023389,72.515201,2026-07-16 05:00:00,2026-07-16 05:38:19,47.0,59.0,26.0,5.0,96.0,16.0,3.0,500.0,Severe,CO,True,Valid AQI,500.0,Severe,CO,2026-07-16T10:45,31.6,62,0.0,0.0,9.0,224,999.9,39,68.01,High trapping,True,West India,Dense urban proxy,Proxy from station/city naming,60,High urban pressure,55,Moderate road density proxy,Proxy from city/station naming,Proxy geospatial features,77.7,Critical,2026-07-16 10:51:20
gujarat__ahmedabad__svpi_airport_hansol_ahmedabad_iitm,"SVPI Airport Hansol, Ahmedabad - IITM",Ahmedabad,Gujarat,23.076793,72.627874,2026-07-16 05:00:00,2026-07-16 05:38:19,32.0,77.0,11.0,15.0,46.0,11.0,1.0,475.09,Severe,CO,True,Valid AQI,475.09,Severe,CO,2026-07-16T10:45,32.2,58,0.0,0.0,8.7,230,1000.7,19,65.08,High trapping,True,West India,Dense urban proxy,Proxy from station/city naming,60,High urban pressure,55,Moderate road density proxy,Proxy from city/station naming,Proxy geospatial features,74.16,High,2026-07-16 10:51:20
gujarat__ankleshwar__gidc_ankleshwar_gpcb,"GIDC, Ankleshwar - GPCB",Ankleshwar,Gujarat,21.613267,73.010555,2026-07-16 05:00:00,2026-07-16 05:38:19,39.0,62.0,27.0,22.0,49.0,9.0,5.0,493.77,Severe,CO,True,Valid AQI,493.77,Severe,CO,2026-07-16T10:45,29.7,75,0.0,0.0,11.8,216,1005.5,100,73.82,High trapping,True,Central India,General urban / semi-urban proxy,Proxy from station/city naming,15,Low urban pressure,20,Low road density proxy,Proxy from city/station naming,Proxy geospatial features,58.81,High,2026-07-16 10:51:20
gujarat__bhavnagar__vidhyanagar_bhavnagar_nexteng_enviro,"Vidhyanagar, Bhavnagar - Nexteng Enviro",Bhavnagar,Gujarat,21.755417,72.139056,2026-07-16 05:00:00,2026-07-16 05:38:19,28.0,50.0,49.0,7.0,80.0,19.0,4.0,500.0,Severe,CO,True,Valid AQI,500.0,Severe,CO,2026-07-16T10:45,30.8,70,0.0,0.0,5.5,167,1004.0,85,81.88,Very high trapping,True,West India,General urban / semi-urban proxy,Proxy from station/city naming,15,Low urban pressure,20,Low road density proxy,Proxy from city/station naming,Proxy geospatial features,62.75,High,2026-07-16 10:51:20
gujarat__gandhinagar__gift_city_gandhinagar_iitm,"GIFT City, Gandhinagar - IITM",Gandhinagar,Gujarat,23.163798,72.677768,2026-07-16 05:00:00,2026-07-16 05:38:19,28.0,71.0,28.0,2.0,29.0,7.0,2.0,370.71,Very Poor,CO,True,Valid AQI,370.71,Very Poor,CO,2026-07-16T10:45,32.4,58,0.0,0.0,9.6,236,999.8,17,63.25,High trapping,True,West India,General urban / semi-urban proxy,Proxy from station/city naming,15,Low urban pressure,20,Low road density proxy,Proxy from city/station naming,Proxy geospatial features,42.94,Moderate,2026-07-16 10:51:20
gujarat__gandhinagar__iiphg_lekawada_gandhinagar_iitm,"IIPHG Lekawada, Gandhinagar - IITM",Gandhinagar,Gujarat,23.243639,72.68994,2026-07-16 05:00:00,2026-07-16 05:38:19,22.0,60.0,7.0,3.0,36.0,4.0,1.0,412.83,Severe,CO,True,Valid AQI,412.83,Severe,CO,2026-07-16T10:45,31.8,61,0.1,0.1,9.8,238,998.4,15,57.54,Moderate trapping,True,West India,General urban / semi-urban proxy,Proxy from station/city naming,15,Low urban pressure,20,Low road density proxy,Proxy from city/station naming,Proxy geospatial features,44.48,Moderate,2026-07-16 10:51:20
gujarat__gandhinagar__sector_10_gandhinagar_gpcb,"Sector-10, Gandhinagar - GPCB",Gandhinagar,Gujarat,23.221714,72.654328,2026-07-16 05:00:00,2026-07-16 05:38:19,30.0,40.0,7.0,5.0,20.0,2.0,1.0,317.99,Very Poor,CO,True,Valid AQI,317.99,Very Poor,CO,2026-07-16T10:45,32.0,60,0.0,0.0,10.0,237,998.0,15,63.06,High trapping,True,West India,Industrial / mixed urban proxy,Proxy from station/city naming,35,Moderate urban pressure,30,Moderate road density proxy,Proxy from city/station naming,Proxy geospatial features,46.47,Moderate,2026-07-16 10:51:20
gujarat__mehsana__sadanand_nagar_mehsana_nexteng_enviro,"Sadanand Nagar, Mehsana - Nexteng Enviro",Mehsana,Gujarat,23.59315,72.372792,2026-07-16 05:00:00,2026-07-16 05:38:19,48.0,57.0,10.0,13.0,70.0,11.0,1.0,500.0,Severe,CO,True,Valid AQI,500.0,Severe,CO,2026-07-16T10:45,31.8,60,0.0,0.0,10.5,233,997.0,16,62.26,High trapping,True,West India,General urban / semi-urban proxy,Proxy from station/city naming,15,Low urban pressure,20,Low road density proxy,Proxy from city/station naming,Proxy geospatial features,54.56,High,2026-07-16 10:51:20
gujarat__rajkot__mavdi_rajkot_nexteng_enviro,"Mavdi, Rajkot - Nexteng Enviro",Rajkot,Gujarat,22.248853,70.776774,2026-07-16 05:00:00,2026-07-16 05:38:19,37.0,43.0,65.0,10.0,90.0,10.0,1.0,500.0,Severe,CO,True,Valid AQI,500.0,Severe,CO,2026-07-16T10:45,31.5,61,0.0,0.0,12.5,227,991.3,38,61.2,High trapping,True,West India,General urban / semi-urban proxy,Proxy from station/city naming,15,Low urban pressure,20,Low road density proxy,Proxy from city/station naming,Proxy geospatial features,54.12,High,2026-07-16 10:51:20
gujarat__surat__katargam_surat_nexteng_enviro,"Katargam, Surat - Nexteng Enviro",Surat,Gujarat,21.217779,72.834787,2026-07-16 05:00:00,2026-07-16 05:38:19,22.0,63.0,14.0,8.0,40.0,5.0,1.0,437.74,Severe,CO,True,Valid AQI,437.74,Severe,CO,2026-07-16T10:45,27.5,81,0.1,0.1,10.2,221,1006.4,34,66.07,High trapping,True,West India,Dense urban proxy,Proxy from station/city naming,60,High urban pressure,55,Moderate road density proxy,Proxy from city/station naming,Proxy geospatial features,71.09,High,2026-07-16 10:51:20
gujarat__surat__science_center_surat_smc,"Science Center, Surat - SMC",Surat,Gujarat,21.170046,72.795405,2026-07-16 05:00:00,2026-07-16 05:38:19,19.0,43.0,3.0,15.0,34.0,,,400.0,Very Poor,CO,True,Valid AQI,400.0,Very Poor,CO,2026-07-16T10:45,27.2,82,0.1,0.1,11.2,226,1007.2,27,63.93,High trapping,True,West India,Dense urban proxy,Proxy from station/city naming,60,High urban pressure,55,Moderate road density proxy,Proxy from city/station naming,Proxy geospatial features,66.69,High,2026-07-16 10:51:20
gujarat__vadodara__bapunagar_vadodara_nexteng_enviro,"Bapunagar, Vadodara - Nexteng Enviro",Vadodara,Gujarat,22.320153,73.216285,2026-07-16 05:00:00,2026-07-16 05:38:19,46.0,54.0,12.0,6.0,96.0,4.0,2.0,500.0,Severe,CO,True,Valid AQI,500.0,Severe,CO,2026-07-16T10:45,30.5,71,0.0,0.0,10.9,219,1003.3,0,63.98,High trapping,True,Central India,Dense urban proxy,Proxy from station/city naming,60,High urban pressure,55,Moderate road density proxy,Proxy from city/station naming,Proxy geospatial features,76.02,Critical,2026-07-16 10:51:20
gujarat__vapi__phase_1_gidc_vapi_gpcb,"Phase-1 GIDC, Vapi - GPCB",Vapi,Gujarat,20.362421,72.918013,2026-07-16 05:00:00,2026-07-16 05:38:19,67.0,67.0,19.0,24.0,,5.0,3.0,121.48,Moderate,PM2.5,True,Valid AQI,121.48,Moderate,PM2.5,2026-07-16T10:45,29.3,73,0.0,0.0,12.1,213,1005.6,47,67.24,High trapping,True,West India,Industrial / mixed urban proxy,Proxy from station/city naming,35,Moderate urban pressure,30,Moderate road density proxy,Proxy from city/station naming,Proxy geospatial features,29.92,Moderate,2026-07-16 10:51:20
gujarat__vatva__phase_4_gidc_vatva_gpcb,"Phase-4 GIDC, Vatva - GPCB",Vatva,Gujarat,22.969611,72.6435,2026-07-16 05:00:00,2026-07-16 05:38:19,108.0,110.0,36.0,7.0,31.0,11.0,2.0,382.43,Very Poor,CO,True,Valid AQI,382.43,Very Poor,CO,2026-07-16T10:45,31.3,64,0.0,0.0,9.0,226,1001.6,28,67.64,High trapping,True,West India,Industrial / mixed urban proxy,Proxy from station/city naming,35,Moderate urban pressure,30,Moderate road density proxy,Proxy from city/station naming,Proxy geospatial features,54.38,High,2026-07-16 10:51:20
haryana__ambala__patti_mehar_ambala_hspcb,"Patti Mehar, Ambala - HSPCB",Ambala,Haryana,30.379589,76.778328,2026-07-16 05:00:00,2026-07-16 05:38:19,99.0,135.0,6.0,39.0,54.0,37.0,8.0,500.0,Severe,CO,True,Valid AQI,500.0,Severe,CO,2026-07-16T10:45,33.5,59,0.0,0.0,6.7,290,972.9,14,68.57,High trapping,True,North India,General urban / semi-urban proxy,Proxy from station/city naming,15,Low urban pressure,20,Low road density proxy,Proxy from city/station naming,Proxy geospatial features,57.2,High,2026-07-16 10:51:20
haryana__bahadurgarh__arya_nagar_bahadurgarh_hspcb,"Arya Nagar, Bahadurgarh - HSPCB",Bahadurgarh,Haryana,28.6701,76.9254,2026-07-16 05:00:00,2026-07-16 05:38:19,177.0,101.0,18.0,6.0,49.0,26.0,11.0,493.77,Severe,CO,True,Valid AQI,493.77,Severe,CO,2026-07-16T10:45,34.5,51,0.0,0.0,12.1,275,979.5,1,54.55,Moderate trapping,True,North India,General urban / semi-urban proxy,Proxy from station/city naming,15,Low urban pressure,20,Low road density proxy,Proxy from city/station naming,Proxy geospatial features,50.77,High,2026-07-16 10:51:20
haryana__ballabgarh__nathu_colony_ballabgarh_hspcb,"Nathu Colony, Ballabgarh - HSPCB",Ballabgarh,Haryana,28.3419248,77.319699,2026-07-16 05:00:00,2026-07-16 05:38:19,173.0,161.0,20.0,3.0,51.0,4.0,5.0,500.0,Severe,CO,True,Valid AQI,500.0,Severe,CO,2026-07-16T10:45,35.6,44,0.0,0.0,12.4,283,980.2,14,52.73,Moderate trapping,True,North India,General urban / semi-urban proxy,Proxy from station/city naming,15,Low urban pressure,20,Low road density proxy,Proxy from city/station naming,Proxy geospatial features,50.59,High,2026-07-16 10:51:20
haryana__bhiwani__h_b_colony_bhiwani_hspcb,"H.B. Colony, Bhiwani - HSPCB",Bhiwani,Haryana,28.806223,76.141105,2026-07-16 05:00:00,2026-07-16 05:38:19,103.0,73.0,9.0,13.0,19.0,15.0,2.0,312.13,Very Poor,CO,True,Valid AQI,312.13,Very Poor,CO,2026-07-16T10:45,35.5,45,0.0,0.0,14.8,271,979.0,3,47.66,Moderate trapping,True,North India,General urban / semi-urban proxy,Proxy from station/city naming,15,Low urban pressure,20,Low road density proxy,Proxy from city/station naming,Proxy geospatial features,30.98,Moderate,2026-07-16 10:51:20
haryana__charkhi_dadri__mini_secretariat_charkhi_dadri_hspcb,"Mini Secretariat, Charkhi Dadri - HSPCB",Charkhi Dadri,Haryana,28.593883,76.270653,2026-07-16 05:00:00,2026-07-16 05:38:19,211.0,99.0,15.0,8.0,18.0,20.0,6.0,370.07,Very Poor,PM2.5,True,Valid AQI,370.07,Very Poor,PM2.5,2026-07-16T10:45,35.1,47,0.0,0.0,17.4,277,979.0,0,43.39,Moderate trapping,True,North India,General urban / semi-urban proxy,Proxy from station/city naming,15,Low urban pressure,20,Low road density proxy,Proxy from city/station naming,Proxy geospatial features,34.59,Moderate,2026-07-16 10:51:20
haryana__dharuhera__municipal_corporation_office_dharuhera_hspcb,"Municipal Corporation Office, Dharuhera -  HSPCB",Dharuhera,Haryana,28.2068,76.7997,2026-07-16 05:00:00,2026-07-16 05:38:19,122.0,103.0,29.0,8.0,72.0,8.0,8.0,500.0,Severe,CO,True,Valid AQI,500.0,Severe,CO,2026-07-16T10:45,35.0,47,0.0,0.0,16.6,282,976.2,2,45.04,Moderate trapping,True,North India,Industrial / mixed urban proxy,Proxy from station/city naming,35,Moderate urban pressure,30,Moderate road density proxy,Proxy from city/station naming,Proxy geospatial features,55.9,High,2026-07-16 10:51:20
haryana__faridabad__new_industrial_town_faridabad_hspcb,"New Industrial Town, Faridabad - HSPCB",Faridabad,Haryana,28.39072,77.30059,2026-07-16 05:00:00,2026-07-16 05:38:19,135.0,133.0,25.0,13.0,23.0,14.0,11.0,335.56,Very Poor,CO,True,Valid AQI,335.56,Very Poor,CO,2026-07-16T10:45,35.6,44,0.0,0.0,12.4,283,980.2,14,52.73,Moderate trapping,True,North India,Industrial / mixed urban proxy,Proxy from station/city naming,70,High urban pressure,65,High road density proxy,Proxy from city/station naming,Proxy geospatial features,60.9,High,2026-07-16 10:51:20
haryana__faridabad__sector_11_faridabad_hspcb,"Sector 11, Faridabad - HSPCB",Faridabad,Haryana,28.376058,77.315741,2026-07-16 05:00:00,2026-07-16 05:38:19,196.0,180.0,31.0,9.0,67.0,16.0,9.0,500.0,Severe,CO,True,Valid AQI,500.0,Severe,CO,2026-07-16T10:45,35.6,44,0.0,0.0,12.4,283,980.6,14,52.73,Moderate trapping,True,North India,Industrial / mixed urban proxy,Proxy from station/city naming,70,High urban pressure,65,High road density proxy,Proxy from city/station naming,Proxy geospatial features,76.21,Critical,2026-07-16 10:51:20
haryana__faridabad__sector_30_faridabad_hspcb,"Sector 30, Faridabad - HSPCB",Faridabad,Haryana,28.4417,77.3217,2026-07-16 05:00:00,2026-07-16 05:38:19,85.0,117.0,38.0,3.0,50.0,12.0,11.0,500.0,Severe,CO,True,Valid AQI,500.0,Severe,CO,2026-07-16T10:45,35.4,45,0.0,0.0,12.0,284,980.8,12,53.63,Moderate trapping,True,North India,Industrial / mixed urban proxy,Proxy from station/city naming,70,High urban pressure,65,High road density proxy,Proxy from city/station naming,Proxy geospatial features,76.59,Critical,2026-07-16 10:51:20
haryana__fatehabad__huda_sector_fatehabad_hspcb,"Huda Sector, Fatehabad - HSPCB",Fatehabad,Haryana,29.503664,75.467934,2026-07-16 05:00:00,2026-07-16 05:38:19,139.0,153.0,19.0,70.0,48.0,31.0,14.0,487.55,Severe,CO,True,Valid AQI,487.55,Severe,CO,2026-07-16T10:45,36.0,45,0.0,0.0,10.6,267,978.8,20,56.96,Moderate trapping,True,North India,Industrial / mixed urban proxy,Proxy from station/city naming,35,Moderate urban pressure,30,Moderate road density proxy,Proxy from city/station naming,Proxy geospatial features,59.72,High,2026-07-16 10:51:20
haryana__gurugram__nise_gwal_pahari_gurugram_iitm,"NISE Gwal Pahari, Gurugram - IITM",Gurugram,Haryana,28.422681,77.148944,2026-07-16 05:00:00,2026-07-16 05:38:19,67.0,151.0,15.0,,59.0,11.0,,500.0,Severe,CO,True,Valid AQI,500.0,Severe,CO,2026-07-16T10:45,34.7,48,0.0,0.0,14.2,282,975.3,7,50.25,Moderate trapping,True,North India,Dense urban proxy,Proxy from station/city naming,60,High urban pressure,55,Moderate road density proxy,Proxy from city/station naming,Proxy geospatial features,70.29,High,2026-07-16 10:51:20
haryana__gurugram__sector_51_gurugram_hspcb,"Sector-51, Gurugram - HSPCB",Gurugram,Haryana,28.4227,77.0667,2026-07-16 05:00:00,2026-07-16 05:38:19,199.0,153.0,40.0,,27.0,14.0,13.0,360.86,Very Poor,PM2.5,True,Valid AQI,360.86,Very Poor,PM2.5,2026-07-16T10:45,34.7,48,0.0,0.0,14.2,282,977.6,7,50.25,Moderate trapping,True,North India,Industrial / mixed urban proxy,Proxy from station/city naming,70,High urban pressure,65,High road density proxy,Proxy from city/station naming,Proxy geospatial features,62.22,High,2026-07-16 10:51:20
haryana__gurugram__teri_gram_gurugram_hspcb,"Teri Gram, Gurugram - HSPCB",Gurugram,Haryana,28.4275,77.1465,2026-07-16 05:00:00,2026-07-16 05:38:19,106.0,86.0,28.0,13.0,30.0,11.0,6.0,376.57,Very Poor,CO,True,Valid AQI,376.57,Very Poor,CO,2026-07-16T10:45,34.7,48,0.0,0.0,14.2,282,975.3,7,50.25,Moderate trapping,True,North India,Dense urban proxy,Proxy from station/city naming,60,High urban pressure,55,Moderate road density proxy,Proxy from city/station naming,Proxy geospatial features,58.8,High,2026-07-16 10:51:20
haryana__gurugram__vikas_sadan_gurugram_hspcb,"Vikas Sadan, Gurugram - HSPCB",Gurugram,Haryana,28.4501238,77.0263051,2026-07-16 05:00:00,2026-07-16 05:38:19,331.0,212.0,6.0,1.0,26.0,8.0,,432.81,Severe,PM2.5,True,Valid AQI,432.81,Severe,PM2.5,2026-07-16T10:45,35.2,45,0.0,0.0,14.1,280,978.8,6,49.23,Moderate trapping,True,North India,Dense urban proxy,Proxy from station/city naming,60,High urban pressure,55,Moderate road density proxy,Proxy from city/station naming,Proxy geospatial features,63.61,High,2026-07-16 10:51:20
haryana__hisar__urban_estate_ii_hisar_hspcb,"Urban Estate-II, Hisar - HSPCB",Hisar,Haryana,29.14056,75.744941,2026-07-16 05:00:00,2026-07-16 05:38:19,125.0,144.0,28.0,11.0,101.0,36.0,11.0,500.0,Severe,CO,True,Valid AQI,500.0,Severe,CO,2026-07-16T10:45,37.1,38,0.0,0.0,11.4,274,979.4,11,52.04,Moderate trapping,True,North India,Industrial / mixed urban proxy,Proxy from station/city naming,35,Moderate urban pressure,30,Moderate road density proxy,Proxy from city/station naming,Proxy geospatial features,58.82,High,2026-07-16 10:51:20
haryana__jind__police_lines_jind_hspcb,"Police Lines, Jind - HSPCB",Jind,Haryana,29.307814,76.337619,2026-07-16 05:00:00,2026-07-16 05:38:19,206.0,120.0,13.0,28.0,6.0,10.0,5.0,366.23,Very Poor,PM2.5,True,Valid AQI,366.23,Very Poor,PM2.5,2026-07-16T10:45,34.8,53,0.0,0.0,10.3,264,977.7,4,58.84,Moderate trapping,True,North India,General urban / semi-urban proxy,Proxy from station/city naming,15,Low urban pressure,20,Low road density proxy,Proxy from city/station naming,Proxy geospatial features,40.68,Moderate,2026-07-16 10:51:20
haryana__kaithal__rishi_nagar_kaithal_hspcb,"Rishi Nagar, Kaithal - HSPCB",Kaithal,Haryana,29.8006,76.4155,2026-07-16 05:00:00,2026-07-16 05:38:19,,,,,21.0,69.0,,323.85,Very Poor,CO,False,Insufficient pollutants,,Unknown,,2026-07-16T10:45,34.6,57,0.0,0.0,7.6,282,976.3,14,66.2,High trapping,True,North India,General urban / semi-urban proxy,Proxy from station/city naming,15,Low urban pressure,20,Low road density proxy,Proxy from city/station naming,Proxy geospatial features,,Unknown,2026-07-16 10:51:20
haryana__karnal__sector_12_karnal_hspcb,"Sector-12, Karnal - HSPCB",Karnal,Haryana,29.6953,77.0027,2026-07-16 05:00:00,2026-07-16 05:38:19,165.0,131.0,15.0,13.0,49.0,8.0,8.0,493.77,Severe,CO,True,Valid AQI,493.77,Severe,CO,2026-07-16T10:45,33.8,60,0.0,0.0,9.1,292,975.6,17,64.89,High trapping,True,North India,Industrial / mixed urban proxy,Proxy from station/city naming,35,Moderate urban pressure,30,Moderate road density proxy,Proxy from city/station naming,Proxy geospatial features,63.6,High,2026-07-16 10:51:20
haryana__kurukshetra__sector_7_kurukshetra_hspcb,"Sector-7, Kurukshetra - HSPCB",Kurukshetra,Haryana,29.966942,76.875879,2026-07-16 05:00:00,2026-07-16 05:38:19,119.0,148.0,63.0,7.0,20.0,61.0,12.0,317.99,Very Poor,CO,True,Valid AQI,317.99,Very Poor,CO,2026-07-16T10:45,33.5,62,0.0,0.0,7.5,294,974.2,20,68.82,High trapping,True,North India,Industrial / mixed urban proxy,Proxy from station/city naming,35,Moderate urban pressure,30,Moderate road density proxy,Proxy from city/station naming,Proxy geospatial features,48.88,Moderate,2026-07-16 10:51:20
haryana__mandikhera__general_hospital_mandikhera_nuh_hspcb,"General Hospital, Mandikhera(Nuh) - HSPCB",Mandikhera,Haryana,27.9002,76.9938,2026-07-16 05:00:00,2026-07-16 05:38:19,51.0,78.0,15.0,21.0,33.0,48.0,7.0,394.14,Very Poor,CO,True,Valid AQI,394.14,Very Poor,CO,2026-07-16T10:45,35.1,48,0.0,0.0,17.4,290,981.3,5,44.26,Moderate trapping,True,Central India,General urban / semi-urban proxy,Proxy from station/city naming,15,Low urban pressure,20,Low road density proxy,Proxy from city/station naming,Proxy geospatial features,37.2,Moderate,2026-07-16 10:51:20
haryana__manesar__sector_2_imt_manesar_hspcb,"Sector-2 IMT, Manesar - HSPCB",Manesar,Haryana,28.360699,76.93609,2026-07-16 05:00:00,2026-07-16 05:38:19,164.0,114.0,39.0,13.0,32.0,8.0,11.0,388.28,Very Poor,CO,True,Valid AQI,388.28,Very Poor,CO,2026-07-16T10:45,34.5,50,0.0,0.0,15.0,280,976.0,2,49.03,Moderate trapping,True,North India,Industrial / mixed urban proxy,Proxy from station/city naming,35,Moderate urban pressure,30,Moderate road density proxy,Proxy from city/station naming,Proxy geospatial features,47.16,Moderate,2026-07-16 10:51:20
haryana__narnaul__shastri_nagar_narnaul_hspcb,"Shastri Nagar, Narnaul - HSPCB",Narnaul,Haryana,28.060249,76.113115,2026-07-16 05:00:00,2026-07-16 05:38:19,125.0,111.0,28.0,10.0,15.0,17.0,6.0,304.07,Very Poor,PM2.5,True,Valid AQI,304.07,Very Poor,PM2.5,2026-07-16T10:45,34.7,46,0.0,0.0,18.2,278,970.7,1,41.67,Moderate trapping,True,North India,General urban / semi-urban proxy,Proxy from station/city naming,15,Low urban pressure,20,Low road density proxy,Proxy from city/station naming,Proxy geospatial features,27.73,Moderate,2026-07-16 10:51:20
haryana__palwal__shyam_nagar_palwal_hspcb,"Shyam Nagar, Palwal - HSPCB",Palwal,Haryana,28.1485564,77.3320667,2026-07-16 05:00:00,2026-07-16 05:38:19,52.0,81.0,24.0,11.0,47.0,5.0,8.0,481.32,Severe,CO,True,Valid AQI,481.32,Severe,CO,2026-07-16T10:45,34.2,53,0.0,0.0,13.8,284,981.1,6,52.71,Moderate trapping,True,North India,General urban / semi-urban proxy,Proxy from station/city naming,15,Low urban pressure,20,Low road density proxy,Proxy from city/station naming,Proxy geospatial features,48.84,Moderate,2026-07-16 10:51:20
haryana__panchgaon__amity_university_panchgaon_iitm,"Amity University, Panchgaon - IITM",Panchgaon,Haryana,28.3153,76.9143,2026-07-16 05:00:00,2026-07-16 05:38:19,244.0,133.0,20.0,11.0,14.0,22.0,4.0,395.4,Very Poor,PM2.5,True,Valid AQI,395.4,Very Poor,PM2.5,2026-07-16T10:45,34.1,51,0.0,0.0,15.5,282,973.4,1,48.4,Moderate trapping,True,North India,General urban / semi-urban proxy,Proxy from station/city naming,15,Low urban pressure,20,Low road density proxy,Proxy from city/station naming,Proxy geospatial features,39.04,Moderate,2026-07-16 10:51:20
haryana__panchkula__sector_6_panchkula_hspcb,"Sector-6, Panchkula - HSPCB",Panchkula,Haryana,30.7057778,76.8531805555555,2026-07-16 05:00:00,2026-07-16 05:38:19,40.0,,9.0,11.0,19.0,30.0,,312.13,Very Poor,CO,True,Valid AQI,312.13,Very Poor,CO,2026-07-16T10:45,33.4,60,0.0,0.0,4.1,272,964.8,26,74.84,High trapping,True,North India,Industrial / mixed urban proxy,Proxy from station/city naming,35,Moderate urban pressure,30,Moderate road density proxy,Proxy from city/station naming,Proxy geospatial features,50.84,High,2026-07-16 10:51:20
haryana__panipat__sector_18_panipat_hspcb,"Sector-18, Panipat - HSPCB",Panipat,Haryana,29.432304,76.972765,2026-07-16 05:00:00,2026-07-16 05:38:19,,227.0,7.0,51.0,26.0,30.0,10.0,353.14,Very Poor,CO,True,Valid AQI,353.14,Very Poor,CO,2026-07-16T10:45,34.2,60,0.0,0.0,8.6,281,976.9,4,64.5,High trapping,True,North India,Industrial / mixed urban proxy,Proxy from station/city naming,35,Moderate urban pressure,30,Moderate road density proxy,Proxy from city/station naming,Proxy geospatial features,50.35,High,2026-07-16 10:51:20
haryana__rohtak__md_university_rohtak_hspcb,"MD University, Rohtak - HSPCB",Rohtak,Haryana,28.52123,76.37138,2026-07-16 05:00:00,2026-07-16 05:38:19,107.0,108.0,,10.0,38.0,15.0,,425.28,Severe,CO,True,Valid AQI,425.28,Severe,CO,2026-07-16T10:45,35.2,46,0.0,0.0,17.8,279,978.6,0,42.3,Moderate trapping,True,North India,General urban / semi-urban proxy,Proxy from station/city naming,15,Low urban pressure,20,Low road density proxy,Proxy from city/station naming,Proxy geospatial features,39.28,Moderate,2026-07-16 10:51:20
haryana__sirsa__f_block_sirsa_hspcb,"F-Block, Sirsa - HSPCB",Sirsa,Haryana,29.5364,75.0158,2026-07-16 05:00:00,2026-07-16 05:38:19,101.0,113.0,20.0,20.0,84.0,33.0,13.0,500.0,Severe,CO,True,Valid AQI,500.0,Severe,CO,2026-07-16T10:45,36.9,38,0.0,0.0,12.0,257,980.8,0,49.85,Moderate trapping,True,North India,General urban / semi-urban proxy,Proxy from station/city naming,15,Low urban pressure,20,Low road density proxy,Proxy from city/station naming,Proxy geospatial features,49.39,Moderate,2026-07-16 10:51:20
haryana__sonipat__murthal_sonipat_hspcb,"Murthal, Sonipat - HSPCB",Sonipat,Haryana,29.0272,77.0621,2026-07-16 05:00:00,2026-07-16 05:38:19,205.0,147.0,7.0,42.0,32.0,42.0,9.0,388.28,Very Poor,CO,True,Valid AQI,388.28,Very Poor,CO,2026-07-16T10:45,34.2,56,0.0,0.0,9.9,267,978.8,11,61.37,High trapping,True,North India,General urban / semi-urban proxy,Proxy from station/city naming,15,Low urban pressure,20,Low road density proxy,Proxy from city/station naming,Proxy geospatial features,43.79,Moderate,2026-07-16 10:51:20
haryana__yamuna_nagar__gobind_pura_yamuna_nagar_hspcb,"Gobind Pura, Yamuna Nagar - HSPCB",Yamuna Nagar,Haryana,30.1480566,77.2893471,2026-07-16 05:00:00,2026-07-16 05:38:19,152.0,130.0,32.0,19.0,15.0,15.0,8.0,324.79,Very Poor,PM2.5,True,Valid AQI,324.79,Very Poor,PM2.5,2026-07-16T10:45,33.1,64,0.0,0.0,5.1,280,971.5,6,72.5,High trapping,True,North India,General urban / semi-urban proxy,Proxy from station/city naming,15,Low urban pressure,20,Low road density proxy,Proxy from city/station naming,Proxy geospatial features,42.52,Moderate,2026-07-16 10:51:20
himachal_pradesh__baddi__himuda_complex_phase_1_baddi_hppcb,"HIMUDA Complex Phase-1, Baddi - HPPCB",Baddi,Himachal Pradesh,30.943887,76.801991,2026-07-16 05:00:00,2026-07-16 05:38:19,69.0,155.0,9.0,,53.0,,7.0,500.0,Severe,CO,True,Valid AQI,500.0,Severe,CO,2026-07-16T10:45,32.2,58,0.0,0.0,8.3,270,955.7,3,64.2,High trapping,True,North India,Industrial / mixed urban proxy,Proxy from station/city naming,35,Moderate urban pressure,30,Moderate road density proxy,Proxy from city/station naming,Proxy geospatial features,63.89,High,2026-07-16 10:51:20
jammu_and_kashmir__pampore__khrew_pampore_jkpcc,"Khrew, Pampore - JKPCC",Pampore,Jammu and Kashmir,34.031606,75.009712,2026-07-16 05:00:00,2026-07-16 05:38:19,61.0,78.0,,,,,,101.0,Moderate,PM2.5,False,Insufficient pollutants,,Unknown,,2026-07-16T10:45,26.1,51,0.0,0.0,2.4,279,830.4,0,72.01,High trapping,True,North India,General urban / semi-urban proxy,Proxy from station/city naming,15,Low urban pressure,20,Low road density proxy,Proxy from city/station naming,Proxy geospatial features,,Unknown,2026-07-16 10:51:20
jammu_and_kashmir__srinagar__khunmoh_srinagar_jkpcc,"Khunmoh, Srinagar - JKPCC",Srinagar,Jammu and Kashmir,34.06313,74.96017,2026-07-16 05:00:00,2026-07-16 05:38:19,91.0,72.0,13.0,5.0,,,,201.0,Poor,PM2.5,True,Valid AQI,201.0,Poor,PM2.5,2026-07-16T10:45,26.1,56,0.0,0.0,4.2,245,835.5,1,70.69,High trapping,True,North India,General urban / semi-urban proxy,Proxy from station/city naming,15,Low urban pressure,20,Low road density proxy,Proxy from city/station naming,Proxy geospatial features,30.24,Moderate,2026-07-16 10:51:20
jammu_and_kashmir__srinagar__rajbagh_srinagar_jkpcc,"Rajbagh, Srinagar - JKPCC",Srinagar,Jammu and Kashmir,34.066206,74.81982,2026-07-16 05:00:00,2026-07-16 05:38:19,28.0,45.0,19.0,3.0,15.0,1.0,9.0,271.3,Poor,CO,True,Valid AQI,271.3,Poor,CO,2026-07-16T10:45,26.9,51,0.0,0.0,2.6,236,842.4,0,71.65,High trapping,True,North India,General urban / semi-urban proxy,Proxy from station/city naming,15,Low urban pressure,20,Low road density proxy,Proxy from city/station naming,Proxy geospatial features,37.19,Moderate,2026-07-16 10:51:20
jharkhand__dhanbad__sardar_patel_nagar_dhanbad_jspcb,"Sardar Patel Nagar, Dhanbad - JSPCB",Dhanbad,Jharkhand,23.80569,86.44268,2026-07-16 05:00:00,2026-07-16 05:38:19,,54.0,99.0,,4.0,26.0,,124.81,Moderate,CO,True,Valid AQI,124.81,Moderate,CO,2026-07-16T10:45,30.6,71,0.0,0.0,11.6,85,974.9,66,69.31,High trapping,True,East India,General urban / semi-urban proxy,Proxy from station/city naming,15,Low urban pressure,20,Low road density proxy,Proxy from city/station naming,Proxy geospatial features,22.57,Low,2026-07-16 10:51:20
jharkhand__jorapokhar__tata_stadium_jorapokhar_jspcb,"Tata Stadium, Jorapokhar - JSPCB",Jorapokhar,Jharkhand,23.707909,86.41467,2026-07-16 05:00:00,2026-07-16 05:38:19,47.0,100.0,8.0,4.0,39.0,3.0,3.0,431.51,Severe,CO,True,Valid AQI,431.51,Severe,CO,2026-07-16T10:45,30.3,73,0.0,0.0,9.1,81,981.5,16,69.57,High trapping,True,East India,General urban / semi-urban proxy,Proxy from station/city naming,15,Low urban pressure,20,Low road density proxy,Proxy from city/station naming,Proxy geospatial features,51.24,High,2026-07-16 10:51:20
karnataka__bagalkot__vidayagiri_bagalkot_kspcb,"Vidayagiri, Bagalkot - KSPCB",Bagalkot,Karnataka,16.172806,75.659694,2026-07-16 05:00:00,2026-07-16 05:38:19,32.0,51.0,10.0,10.0,24.0,18.0,1.0,341.42,Very Poor,CO,True,Valid AQI,341.42,Very Poor,CO,2026-07-16T10:45,29.7,54,0.0,0.0,17.5,274,951.3,23,48.08,Moderate trapping,True,Central India,General urban / semi-urban proxy,Proxy from station/city naming,15,Low urban pressure,20,Low road density proxy,Proxy from city/station naming,Proxy geospatial features,33.88,Moderate,2026-07-16 10:51:20
karnataka__bengaluru__btm_layout_bengaluru_cpcb,"BTM Layout, Bengaluru - CPCB",Bengaluru,Karnataka,12.9135218,77.5950804,2026-07-16 05:00:00,2026-07-16 05:38:19,30.0,59.0,24.0,19.0,,25.0,4.0,59.0,Satisfactory,PM10,True,Valid AQI,59.0,Satisfactory,PM10,2026-07-16T10:45,26.8,54,0.0,0.0,12.8,251,913.3,97,63.99,High trapping,True,South India,Dense urban proxy,Proxy from station/city naming,60,High urban pressure,55,Moderate road density proxy,Proxy from city/station naming,Proxy geospatial features,34.96,Moderate,2026-07-16 10:51:20
karnataka__bengaluru__bwssb_kadabesanahalli_bengaluru_cpcb,"BWSSB Kadabesanahalli, Bengaluru - CPCB",Bengaluru,Karnataka,12.9352049,77.6814488,2026-07-16 05:00:00,2026-07-16 05:38:19,60.0,54.0,3.0,4.0,37.0,22.0,1.0,419.06,Severe,CO,True,Valid AQI,419.06,Severe,CO,2026-07-16T10:45,26.7,55,0.0,0.0,13.9,257,917.7,97,62.36,High trapping,True,South India,Dense urban proxy,Proxy from station/city naming,60,High urban pressure,55,Moderate road density proxy,Proxy from city/station naming,Proxy geospatial features,67.81,High,2026-07-16 10:51:20
karnataka__bengaluru__bapuji_nagar_bengaluru_kspcb,"Bapuji Nagar, Bengaluru - KSPCB",Bengaluru,Karnataka,12.951913,77.539784,2026-07-16 05:00:00,2026-07-16 05:38:19,32.0,52.0,26.0,29.0,,34.0,3.0,52.69,Satisfactory,PM2.5,True,Valid AQI,52.69,Satisfactory,PM2.5,2026-07-16T10:45,27.5,47,0.0,0.0,12.5,255,921.0,97,61.96,High trapping,True,South India,Dense urban proxy,Proxy from station/city naming,60,High urban pressure,55,Moderate road density proxy,Proxy from city/station naming,Proxy geospatial features,33.53,Moderate,2026-07-16 10:51:20
karnataka__bengaluru__city_railway_station_bengaluru_kspcb,"City Railway Station, Bengaluru - KSPCB",Bengaluru,Karnataka,12.9756843,77.5660749,2026-07-16 05:00:00,2026-07-16 05:38:19,,115.0,34.0,10.0,53.0,,,500.0,Severe,CO,True,Valid AQI,500.0,Severe,CO,2026-07-16T10:45,27.5,47,0.0,0.0,12.5,255,915.2,97,61.96,High trapping,True,South India,Traffic / commercial proxy,Proxy from station/city naming,65,High urban pressure,100,Very high road density proxy,Proxy from city/station naming,Proxy geospatial features,82.62,Critical,2026-07-16 10:51:20
karnataka__bengaluru__hebbal_bengaluru_kspcb,"Hebbal, Bengaluru - KSPCB",Bengaluru,Karnataka,13.029152,77.585901,2026-07-16 05:00:00,2026-07-16 05:38:19,,49.0,18.0,11.0,16.0,3.0,2.0,285.65,Poor,CO,True,Valid AQI,285.65,Poor,CO,2026-07-16T10:45,27.3,49,0.0,0.0,13.3,261,912.6,93,60.84,High trapping,True,South India,Dense urban proxy,Proxy from station/city naming,60,High urban pressure,55,Moderate road density proxy,Proxy from city/station naming,Proxy geospatial features,54.75,High,2026-07-16 10:51:20
karnataka__bengaluru__hombegowda_nagar_bengaluru_kspcb,"Hombegowda Nagar, Bengaluru - KSPCB",Bengaluru,Karnataka,12.938539,77.5901,2026-07-16 05:00:00,2026-07-16 05:38:19,36.0,60.0,18.0,5.0,8.0,20.0,1.0,174.94,Moderate,CO,True,Valid AQI,174.94,Moderate,CO,2026-07-16T10:45,27.5,47,0.0,0.0,12.5,255,913.6,97,61.96,High trapping,True,South India,Dense urban proxy,Proxy from station/city naming,60,High urban pressure,55,Moderate road density proxy,Proxy from city/station naming,Proxy geospatial features,44.91,Moderate,2026-07-16 10:51:20
karnataka__bengaluru__jayanagar_5th_block_bengaluru_kspcb,"Jayanagar 5th Block, Bengaluru - KSPCB",Bengaluru,Karnataka,12.920984,77.584908,2026-07-16 05:00:00,2026-07-16 05:38:19,39.0,70.0,8.0,15.0,9.0,49.0,1.0,187.47,Moderate,CO,True,Valid AQI,187.47,Moderate,CO,2026-07-16T10:45,26.8,54,0.0,0.0,12.8,251,913.3,97,63.99,High trapping,True,South India,Dense urban proxy,Proxy from station/city naming,60,High urban pressure,55,Moderate road density proxy,Proxy from city/station naming,Proxy geospatial features,46.93,Moderate,2026-07-16 10:51:20
karnataka__bengaluru__jigani_bengaluru_kspcb,"Jigani, Bengaluru - KSPCB",Bengaluru,Karnataka,12.7816279,77.6299145,2026-07-16 05:00:00,2026-07-16 05:38:19,41.0,57.0,24.0,18.0,39.0,29.0,4.0,431.51,Severe,CO,True,Valid AQI,431.51,Severe,CO,2026-07-16T10:45,26.7,56,0.0,0.0,16.5,264,912.6,97,58.03,Moderate trapping,True,South India,Dense urban proxy,Proxy from station/city naming,60,High urban pressure,55,Moderate road density proxy,Proxy from city/station naming,Proxy geospatial features,67.16,High,2026-07-16 10:51:20
karnataka__bengaluru__sanegurava_halli_bengaluru_kspcb,"Sanegurava Halli, Bengaluru - KSPCB",Bengaluru,Karnataka,12.990328,77.5431385,2026-07-16 05:00:00,2026-07-16 05:38:19,,54.0,18.0,6.0,21.0,,,323.85,Very Poor,CO,True,Valid AQI,323.85,Very Poor,CO,2026-07-16T10:45,27.5,47,0.0,0.0,12.5,255,914.9,97,61.96,High trapping,True,South India,Dense urban proxy,Proxy from station/city naming,60,High urban pressure,55,Moderate road density proxy,Proxy from city/station naming,Proxy geospatial features,58.78,High,2026-07-16 10:51:20
karnataka__bengaluru__silk_board_bengaluru_kspcb,"Silk Board, Bengaluru - KSPCB",Bengaluru,Karnataka,12.917348,77.622813,2026-07-16 05:00:00,2026-07-16 05:38:19,48.0,99.0,12.0,4.0,,22.0,4.0,99.0,Satisfactory,PM10,True,Valid AQI,99.0,Satisfactory,PM10,2026-07-16T10:45,26.7,55,0.0,0.0,13.9,257,916.3,97,62.36,High trapping,True,South India,Dense urban proxy,Proxy from station/city naming,60,High urban pressure,55,Moderate road density proxy,Proxy from city/station naming,Proxy geospatial features,38.01,Moderate,2026-07-16 10:51:20
karnataka__chamarajanagar__urban_chamarajanagar_kspcb,"Urban, Chamarajanagar - KSPCB",Chamarajanagar,Karnataka,11.55358,76.55521,2026-07-16 05:00:00,2026-07-16 05:38:19,29.0,42.0,25.0,4.0,22.0,25.0,2.0,329.7,Very Poor,CO,True,Valid AQI,329.7,Very Poor,CO,2026-07-16T10:45,27.4,47,0.0,0.0,16.4,253,916.7,100,55.2,Moderate trapping,True,South India,General urban / semi-urban proxy,Proxy from station/city naming,15,Low urban pressure,20,Low road density proxy,Proxy from city/station naming,Proxy geospatial features,35.76,Moderate,2026-07-16 10:51:20
karnataka__chikkaballapur__chikkaballapur_rural_chikkaballapur_kspcb,"Chikkaballapur Rural, Chikkaballapur - KSPCB",Chikkaballapur,Karnataka,13.428828,77.731418,2026-07-16 05:00:00,2026-07-16 05:38:19,19.0,68.0,3.0,11.0,25.0,50.0,1.0,347.28,Very Poor,CO,True,Valid AQI,347.28,Very Poor,CO,2026-07-16T10:45,27.1,51,0.0,0.0,17.4,277,913.3,78,52.66,Moderate trapping,True,South India,General urban / semi-urban proxy,Proxy from station/city naming,15,Low urban pressure,20,Low road density proxy,Proxy from city/station naming,Proxy geospatial features,36.34,Moderate,2026-07-16 10:51:20
karnataka__chikkamagaluru__kalyana_nagara_chikkamagaluru_kspcb,"Kalyana Nagara, Chikkamagaluru - KSPCB",Chikkamagaluru,Karnataka,13.328028,75.797056,2026-07-16 05:00:00,2026-07-16 05:38:19,32.0,41.0,25.0,1.0,15.0,41.0,3.0,271.3,Poor,CO,True,Valid AQI,271.3,Poor,CO,2026-07-16T10:45,23.8,68,0.0,0.0,17.4,263,900.5,100,61.11,High trapping,True,South India,General urban / semi-urban proxy,Proxy from station/city naming,15,Low urban pressure,20,Low road density proxy,Proxy from city/station naming,Proxy geospatial features,32.79,Moderate,2026-07-16 10:51:20
karnataka__dharwad__kalabhavan_dharwad_kspcb,"Kalabhavan, Dharwad - KSPCB",Dharwad,Karnataka,15.459706,75.008381,2026-07-16 05:00:00,2026-07-16 05:38:19,62.0,83.0,23.0,7.0,39.0,40.0,6.0,431.51,Severe,CO,True,Valid AQI,431.51,Severe,CO,2026-07-16T10:45,27.2,63,0.0,0.0,19.1,254,931.8,27,48.89,Moderate trapping,True,Central India,General urban / semi-urban proxy,Proxy from station/city naming,15,Low urban pressure,20,Low road density proxy,Proxy from city/station naming,Proxy geospatial features,42.61,Moderate,2026-07-16 10:51:20
karnataka__gadag__panchal_nagar_gadag_kspcb,"Panchal Nagar, Gadag - KSPCB",Gadag,Karnataka,15.411456,75.638133,2026-07-16 05:00:00,2026-07-16 05:38:19,20.0,30.0,0.0,24.0,13.0,17.0,4.0,242.61,Poor,CO,True,Valid AQI,242.61,Poor,CO,2026-07-16T10:45,27.7,59,0.1,0.1,18.4,262,937.2,23,42.04,Moderate trapping,True,Central India,General urban / semi-urban proxy,Proxy from station/city naming,15,Low urban pressure,20,Low road density proxy,Proxy from city/station naming,Proxy geospatial features,22.16,Low,2026-07-16 10:51:20
karnataka__hubballi__lingaraj_nagar_hubballi_kspcb,"Lingaraj Nagar, Hubballi - KSPCB",Hubballi,Karnataka,15.3714823,75.1160168,2026-07-16 05:00:00,2026-07-16 05:38:19,46.0,66.0,11.0,2.0,14.0,26.0,2.0,256.96,Poor,CO,True,Valid AQI,256.96,Poor,CO,2026-07-16T10:45,27.7,62,0.1,0.1,18.3,252,942.6,25,43.52,Moderate trapping,True,Central India,General urban / semi-urban proxy,Proxy from station/city naming,15,Low urban pressure,20,Low road density proxy,Proxy from city/station naming,Proxy geospatial features,24.12,Low,2026-07-16 10:51:20
karnataka__kalaburagi__mahatma_basaveswar_colony_kalaburgi_kspcb,"Mahatma Basaveswar Colony, Kalaburgi - KSPCB",Kalaburagi,Karnataka,17.336318,76.847397,2026-07-16 05:00:00,2026-07-16 05:38:19,23.0,31.0,15.0,4.0,31.0,14.0,3.0,382.43,Very Poor,CO,True,Valid AQI,382.43,Very Poor,CO,2026-07-16T10:45,29.9,55,0.0,0.0,16.8,283,959.0,82,55.62,Moderate trapping,True,Central India,General urban / semi-urban proxy,Proxy from station/city naming,15,Low urban pressure,20,Low road density proxy,Proxy from city/station naming,Proxy geospatial features,40.85,Moderate,2026-07-16 10:51:20
karnataka__karwar__khb_colony_karwar_kspcb,"KHB Colony, Karwar - KSPCB",Karwar,Karnataka,14.816666,74.141003,2026-07-16 05:00:00,2026-07-16 05:38:19,34.0,39.0,24.0,17.0,28.0,17.0,4.0,364.85,Very Poor,CO,True,Valid AQI,364.85,Very Poor,CO,2026-07-16T10:45,28.8,74,0.2,0.1,10.6,236,1010.5,44,63.77,High trapping,True,South India,General urban / semi-urban proxy,Proxy from station/city naming,15,Low urban pressure,20,Low road density proxy,Proxy from city/station naming,Proxy geospatial features,42.61,Moderate,2026-07-16 10:51:20
karnataka__koppal__diwator_nagar_koppal_kspcb,"Diwator Nagar, Koppal - KSPCB",Koppal,Karnataka,15.34763,76.181767,2026-07-16 05:00:00,2026-07-16 05:38:19,,31.0,30.0,15.0,21.0,6.0,8.0,323.85,Very Poor,CO,True,Valid AQI,323.85,Very Poor,CO,2026-07-16T10:45,31.1,48,0.0,0.0,18.3,264,951.6,25,44.63,Moderate trapping,True,Central India,General urban / semi-urban proxy,Proxy from station/city naming,15,Low urban pressure,20,Low road density proxy,Proxy from city/station naming,Proxy geospatial features,30.81,Moderate,2026-07-16 10:51:20
karnataka__madikeri__stuart_hill_madikeri_kspcb,"Stuart Hill, Madikeri - KSPCB",Madikeri,Karnataka,12.415911,75.73505,2026-07-16 05:00:00,2026-07-16 05:38:19,22.0,30.0,2.0,7.0,13.0,3.0,1.0,242.61,Poor,CO,True,Valid AQI,242.61,Poor,CO,2026-07-16T10:45,21.4,83,0.3,0.1,12.3,285,888.4,100,69.6,High trapping,True,South India,General urban / semi-urban proxy,Proxy from station/city naming,15,Low urban pressure,20,Low road density proxy,Proxy from city/station naming,Proxy geospatial features,33.66,Moderate,2026-07-16 10:51:20
karnataka__mangalore__kadri_mangalore_kspcb,"Kadri, Mangalore - KSPCB",Mangalore,Karnataka,12.88925,74.853,2026-07-16 05:00:00,2026-07-16 05:38:19,50.0,62.0,3.0,,,37.0,1.0,83.1,Satisfactory,PM2.5,True,Valid AQI,83.1,Satisfactory,PM2.5,2026-07-16T10:45,28.7,75,0.0,0.0,5.8,261,1005.2,98,84.48,Very high trapping,True,South India,General urban / semi-urban proxy,Proxy from station/city naming,15,Low urban pressure,20,Low road density proxy,Proxy from city/station naming,Proxy geospatial features,25.02,Moderate,2026-07-16 10:51:20
karnataka__mysuru__hebbal_1st_stage_mysuru_kspcb,"Hebbal 1st Stage, Mysuru - KSPCB",Mysuru,Karnataka,12.21041,76.37376,2026-07-16 05:00:00,2026-07-16 05:38:19,27.0,64.0,18.0,,,10.0,4.0,64.0,Satisfactory,PM10,True,Valid AQI,64.0,Satisfactory,PM10,2026-07-16T10:45,28.0,55,0.0,0.0,18.7,254,932.0,100,53.98,Moderate trapping,True,South India,General urban / semi-urban proxy,Proxy from station/city naming,15,Low urban pressure,20,Low road density proxy,Proxy from city/station naming,Proxy geospatial features,10.51,Low,2026-07-16 10:51:20
karnataka__ramanagara__vijay_nagar_ramanagara_kspcb,"Vijay Nagar, Ramanagara - KSPCB",Ramanagara,Karnataka,12.733409,77.298051,2026-07-16 05:00:00,2026-07-16 05:38:19,38.0,51.0,,17.0,23.0,21.0,,335.56,Very Poor,CO,True,Valid AQI,335.56,Very Poor,CO,2026-07-16T10:45,27.6,56,0.0,0.0,12.7,258,935.5,98,65.0,High trapping,True,South India,General urban / semi-urban proxy,Proxy from station/city naming,15,Low urban pressure,20,Low road density proxy,Proxy from city/station naming,Proxy geospatial features,40.4,Moderate,2026-07-16 10:51:20
karnataka__shivamogga__vinoba_nagara_shivamogga_kspcb,"Vinoba Nagara, Shivamogga - KSPCB",Shivamogga,Karnataka,13.94,75.555917,2026-07-16 05:00:00,2026-07-16 05:38:19,38.0,50.0,24.0,5.0,28.0,47.0,3.0,364.85,Very Poor,CO,True,Valid AQI,364.85,Very Poor,CO,2026-07-16T10:45,27.9,61,0.0,0.0,15.6,248,947.3,98,61.59,High trapping,True,South India,General urban / semi-urban proxy,Proxy from station/city naming,15,Low urban pressure,20,Low road density proxy,Proxy from city/station naming,Proxy geospatial features,41.7,Moderate,2026-07-16 10:51:20
karnataka__vijayapura__ibrahimpur_vijayapura_kspcb,"Ibrahimpur, Vijayapura - KSPCB",Vijayapura,Karnataka,16.802639,75.722694,2026-07-16 05:00:00,2026-07-16 05:38:19,27.0,43.0,12.0,3.0,22.0,16.0,4.0,329.7,Very Poor,CO,True,Valid AQI,329.7,Very Poor,CO,2026-07-16T10:45,29.4,54,0.0,0.0,17.3,271,942.3,31,49.24,Moderate trapping,True,Central India,General urban / semi-urban proxy,Proxy from station/city naming,15,Low urban pressure,20,Low road density proxy,Proxy from city/station naming,Proxy geospatial features,33.27,Moderate,2026-07-16 10:51:20
karnataka__yadgir__collector_office_yadgir_kspcb,"Collector Office, Yadgir - KSPCB",Yadgir,Karnataka,16.7602,77.1428,2026-07-16 05:00:00,2026-07-16 05:38:19,12.0,48.0,18.0,15.0,11.0,24.0,0.0,213.91,Poor,CO,True,Valid AQI,213.91,Poor,CO,2026-07-16T10:45,30.6,56,0.0,0.0,16.5,284,968.1,75,55.83,Moderate trapping,True,Central India,General urban / semi-urban proxy,Proxy from station/city naming,15,Low urban pressure,20,Low road density proxy,Proxy from city/station naming,Proxy geospatial features,25.24,Moderate,2026-07-16 10:51:20
kerala__thiruvananthapuram__kariavattom_thiruvananthapuram_kerala_pcb,"Kariavattom, Thiruvananthapuram - Kerala PCB",Thiruvananthapuram,Kerala,8.5637,76.8865,2026-07-16 05:00:00,2026-07-16 05:38:19,,,,,22.0,30.0,,329.7,Very Poor,CO,False,Insufficient pollutants,,Unknown,,2026-07-16T10:45,28.9,73,0.0,0.0,17.5,297,1008.5,94,62.17,High trapping,True,South India,General urban / semi-urban proxy,Proxy from station/city naming,15,Low urban pressure,20,Low road density proxy,Proxy from city/station naming,Proxy geospatial features,,Unknown,2026-07-16 10:51:20
kerala__thrissur__corporation_ground_thrissur_kerala_pcb,"Corporation Ground, Thrissur - Kerala PCB",Thrissur,Kerala,10.5324,76.2159,2026-07-16 05:00:00,2026-07-16 05:38:19,47.0,59.0,8.0,0.0,22.0,29.0,0.0,329.7,Very Poor,CO,True,Valid AQI,329.7,Very Poor,CO,2026-07-16T10:45,28.7,72,0.1,0.1,9.9,261,1010.9,99,69.8,High trapping,True,South India,General urban / semi-urban proxy,Proxy from station/city naming,15,Low urban pressure,20,Low road density proxy,Proxy from city/station naming,Proxy geospatial features,41.85,Moderate,2026-07-16 10:51:20
madhya_pradesh__bhopal__idgah_hills_bhopal_mppcb,"Idgah Hills, Bhopal - MPPCB",Bhopal,Madhya Pradesh,23.264759,77.381568,2026-07-16 05:00:00,2026-07-16 05:38:19,48.0,114.0,27.0,6.0,19.0,15.0,2.0,312.13,Very Poor,CO,True,Valid AQI,312.13,Very Poor,CO,2026-07-16T10:45,29.7,64,0.0,0.0,14.2,299,948.8,24,57.83,Moderate trapping,True,Central India,Dense urban proxy,Proxy from station/city naming,60,High urban pressure,55,Moderate road density proxy,Proxy from city/station naming,Proxy geospatial features,55.96,High,2026-07-16 10:51:20
madhya_pradesh__bhopal__paryavaran_parisar_bhopal_mppcb,"Paryavaran Parisar, Bhopal - MPPCB",Bhopal,Madhya Pradesh,23.210494,77.425409,2026-07-16 05:00:00,2026-07-16 05:38:19,33.0,78.0,16.0,6.0,15.0,22.0,5.0,271.3,Poor,CO,True,Valid AQI,271.3,Poor,CO,2026-07-16T10:45,30.3,60,0.0,0.0,14.0,296,952.3,33,57.62,Moderate trapping,True,Central India,Dense urban proxy,Proxy from station/city naming,60,High urban pressure,55,Moderate road density proxy,Proxy from city/station naming,Proxy geospatial features,52.07,High,2026-07-16 10:51:20
madhya_pradesh__bhopal__t_t_nagar_bhopal_mppcb,"T T Nagar, Bhopal - MPPCB",Bhopal,Madhya Pradesh,23.233584,77.400574,2026-07-16 05:00:00,2026-07-16 05:38:19,43.0,91.0,22.0,,,30.0,6.0,91.0,Satisfactory,PM10,True,Valid AQI,91.0,Satisfactory,PM10,2026-07-16T10:45,29.7,64,0.0,0.0,14.2,299,948.3,24,57.83,Moderate trapping,True,Central India,Dense urban proxy,Proxy from station/city naming,60,High urban pressure,55,Moderate road density proxy,Proxy from city/station naming,Proxy geospatial features,35.37,Moderate,2026-07-16 10:51:20
madhya_pradesh__damoh__shrivastav_colony_damoh_mppcb,"Shrivastav Colony, Damoh - MPPCB",Damoh,Madhya Pradesh,23.81748678,79.446246,2026-07-16 05:00:00,2026-07-16 05:38:19,36.0,50.0,,51.0,21.0,,,323.85,Very Poor,CO,True,Valid AQI,323.85,Very Poor,CO,2026-07-16T10:45,32.4,55,0.0,0.0,17.0,310,963.9,100,57.05,Moderate trapping,True,Central India,General urban / semi-urban proxy,Proxy from station/city naming,15,Low urban pressure,20,Low road density proxy,Proxy from city/station naming,Proxy geospatial features,35.99,Moderate,2026-07-16 10:51:20
madhya_pradesh__dewas__bhopal_chauraha_dewas_mppcb,"Bhopal Chauraha, Dewas - MPPCB",Dewas,Madhya Pradesh,22.9682591,76.064118,2026-07-16 05:00:00,2026-07-16 05:38:19,32.0,79.0,89.0,22.0,,14.0,,109.0,Moderate,NO2,True,Valid AQI,109.0,Moderate,NO2,2026-07-16T10:45,29.2,64,0.0,0.0,15.5,283,946.6,44,57.48,Moderate trapping,True,Central India,General urban / semi-urban proxy,Proxy from station/city naming,15,Low urban pressure,20,Low road density proxy,Proxy from city/station naming,Proxy geospatial features,16.16,Low,2026-07-16 10:51:20
madhya_pradesh__gwalior__city_center_gwalior_mppcb,"City Center, Gwalior - MPPCB",Gwalior,Madhya Pradesh,26.203442,78.193251,2026-07-16 05:00:00,2026-07-16 05:38:19,58.0,66.0,29.0,24.0,24.0,50.0,1.0,341.42,Very Poor,CO,True,Valid AQI,341.42,Very Poor,CO,2026-07-16T10:45,33.4,56,0.0,0.0,16.9,282,980.2,7,48.3,Moderate trapping,True,Central India,General urban / semi-urban proxy,Proxy from station/city naming,15,Low urban pressure,20,Low road density proxy,Proxy from city/station naming,Proxy geospatial features,33.97,Moderate,2026-07-16 10:51:20
madhya_pradesh__gwalior__deen_dayal_nagar_gwalior_mppcb,"Deen Dayal Nagar, Gwalior - MPPCB",Gwalior,Madhya Pradesh,26.259242,78.216432,2026-07-16 05:00:00,2026-07-16 05:38:19,50.0,85.0,28.0,,38.0,12.0,6.0,425.28,Severe,CO,True,Valid AQI,425.28,Severe,CO,2026-07-16T10:45,34.1,53,0.0,0.0,16.2,278,981.8,8,48.57,Moderate trapping,True,Central India,General urban / semi-urban proxy,Proxy from station/city naming,15,Low urban pressure,20,Low road density proxy,Proxy from city/station naming,Proxy geospatial features,41.89,Moderate,2026-07-16 10:51:20
madhya_pradesh__gwalior__maharaj_bada_gwalior_mppcb,"Maharaj Bada, Gwalior - MPPCB",Gwalior,Madhya Pradesh,26.200388,78.147714,2026-07-16 05:00:00,2026-07-16 05:38:19,71.0,68.0,25.0,8.0,36.0,32.0,1.0,412.83,Severe,CO,True,Valid AQI,412.83,Severe,CO,2026-07-16T10:45,33.4,56,0.0,0.0,16.9,282,978.6,7,48.3,Moderate trapping,True,Central India,General urban / semi-urban proxy,Proxy from station/city naming,15,Low urban pressure,20,Low road density proxy,Proxy from city/station naming,Proxy geospatial features,40.62,Moderate,2026-07-16 10:51:20
madhya_pradesh__indore__airport_area_indore_imc,"Airport Area, Indore - IMC",Indore,Madhya Pradesh,22.7289,75.8076,2026-07-16 05:00:00,2026-07-16 05:38:19,61.0,58.0,45.0,7.0,40.0,5.0,0.0,437.74,Severe,CO,True,Valid AQI,437.74,Severe,CO,2026-07-16T10:45,28.7,66,0.0,0.0,12.9,288,946.4,20,60.52,High trapping,True,Central India,Industrial / mixed urban proxy,Proxy from station/city naming,70,High urban pressure,65,High road density proxy,Proxy from city/station naming,Proxy geospatial features,73.67,High,2026-07-16 10:51:20
madhya_pradesh__indore__chhoti_gwaltoli_indore_mppcb,"Chhoti Gwaltoli, Indore - MPPCB",Indore,Madhya Pradesh,22.431,75.5213,2026-07-16 05:00:00,2026-07-16 05:38:19,44.0,81.0,54.0,13.0,21.0,20.0,4.0,323.85,Very Poor,CO,True,Valid AQI,323.85,Very Poor,CO,2026-07-16T10:45,28.9,66,0.1,0.1,13.7,281,958.5,36,54.42,Moderate trapping,True,Central India,Dense urban proxy,Proxy from station/city naming,60,High urban pressure,55,Moderate road density proxy,Proxy from city/station naming,Proxy geospatial features,55.63,High,2026-07-16 10:51:20
madhya_pradesh__indore__maguda_nagar_indore_imc,"Maguda Nagar, Indore - IMC",Indore,Madhya Pradesh,22.7524,75.8872,2026-07-16 05:00:00,2026-07-16 05:38:19,23.0,35.0,3.0,18.0,17.0,12.0,,300.0,Poor,CO,True,Valid AQI,300.0,Poor,CO,2026-07-16T10:45,29.4,58,0.1,0.1,12.1,291,948.7,39,54.67,Moderate trapping,True,Central India,Dense urban proxy,Proxy from station/city naming,60,High urban pressure,55,Moderate road density proxy,Proxy from city/station naming,Proxy geospatial features,53.51,High,2026-07-16 10:51:20
madhya_pradesh__indore__regional_park_indore_imc,"Regional Park, Indore - IMC",Indore,Madhya Pradesh,22.678,75.8559,2026-07-16 05:00:00,2026-07-16 05:38:19,38.0,,,35.0,88.0,5.0,,500.0,Severe,CO,True,Valid AQI,500.0,Severe,CO,2026-07-16T10:45,28.5,64,0.0,0.0,12.9,291,946.7,21,59.88,Moderate trapping,True,Central India,Dense urban proxy,Proxy from station/city naming,60,High urban pressure,55,Moderate road density proxy,Proxy from city/station naming,Proxy geospatial features,74.31,High,2026-07-16 10:51:20
madhya_pradesh__indore__residency_area_indore_imc,"Residency Area, Indore - IMC",Indore,Madhya Pradesh,22.7084,75.8815,2026-07-16 05:00:00,2026-07-16 05:38:19,40.0,48.0,7.0,3.0,9.0,6.0,0.0,187.47,Moderate,CO,True,Valid AQI,187.47,Moderate,CO,2026-07-16T10:45,28.5,64,0.0,0.0,12.9,291,947.1,21,59.88,Moderate trapping,True,Central India,Industrial / mixed urban proxy,Proxy from station/city naming,70,High urban pressure,65,High road density proxy,Proxy from city/station naming,Proxy geospatial features,50.1,High,2026-07-16 10:51:20
madhya_pradesh__jabalpur__govindh_bhavan_colony_jabalpur_jmc,"Govindh Bhavan Colony, Jabalpur - JMC",Jabalpur,Madhya Pradesh,23.163174,79.973061,2026-07-16 05:00:00,2026-07-16 05:38:19,33.0,37.0,10.0,3.0,12.0,15.0,3.0,228.26,Poor,CO,True,Valid AQI,228.26,Poor,CO,2026-07-16T10:45,31.6,59,0.0,0.0,13.6,299,959.7,92,63.88,High trapping,True,Central India,General urban / semi-urban proxy,Proxy from station/city naming,15,Low urban pressure,20,Low road density proxy,Proxy from city/station naming,Proxy geospatial features,29.94,Moderate,2026-07-16 10:51:20
madhya_pradesh__jabalpur__gupteshwar_jabalpur_jmc,"Gupteshwar, Jabalpur - JMC",Jabalpur,Madhya Pradesh,23.142888,79.916147,2026-07-16 05:00:00,2026-07-16 05:38:19,56.0,78.0,16.0,6.0,30.0,11.0,2.0,376.57,Very Poor,CO,True,Valid AQI,376.57,Very Poor,CO,2026-07-16T10:45,31.6,58,0.0,0.0,13.6,299,959.6,95,63.81,High trapping,True,Central India,General urban / semi-urban proxy,Proxy from station/city naming,15,Low urban pressure,20,Low road density proxy,Proxy from city/station naming,Proxy geospatial features,43.72,Moderate,2026-07-16 10:51:20
madhya_pradesh__jabalpur__marhatal_jabalpur_mppcb,"Marhatal, Jabalpur - MPPCB",Jabalpur,Madhya Pradesh,23.168606,79.932247,2026-07-16 05:00:00,2026-07-16 05:38:19,37.0,76.0,25.0,10.0,36.0,32.0,1.0,412.83,Severe,CO,True,Valid AQI,412.83,Severe,CO,2026-07-16T10:45,31.6,58,0.0,0.0,13.6,299,961.5,95,63.81,High trapping,True,Central India,General urban / semi-urban proxy,Proxy from station/city naming,15,Low urban pressure,20,Low road density proxy,Proxy from city/station naming,Proxy geospatial features,47.09,Moderate,2026-07-16 10:51:20
madhya_pradesh__jabalpur__suhagi_jabalpur_jmc,"Suhagi, Jabalpur - JMC",Jabalpur,Madhya Pradesh,23.218135,79.95777,2026-07-16 05:00:00,2026-07-16 05:38:19,26.0,19.0,13.0,6.0,49.0,31.0,3.0,493.77,Severe,CO,True,Valid AQI,493.77,Severe,CO,2026-07-16T10:45,31.8,58,0.0,0.0,13.5,303,962.5,93,63.79,High trapping,True,Central India,General urban / semi-urban proxy,Proxy from station/city naming,15,Low urban pressure,20,Low road density proxy,Proxy from city/station naming,Proxy geospatial features,54.62,High,2026-07-16 10:51:20
madhya_pradesh__katni__gole_bazar_katni_mppcb,"Gole Bazar, Katni - MPPCB",Katni,Madhya Pradesh,23.50016,80.23284,2026-07-16 05:00:00,2026-07-16 05:38:19,56.0,118.0,12.0,46.0,29.0,29.0,2.0,370.71,Very Poor,CO,True,Valid AQI,370.71,Very Poor,CO,2026-07-16T10:45,31.7,58,0.0,0.0,14.9,304,962.4,99,61.86,High trapping,True,Central India,General urban / semi-urban proxy,Proxy from station/city naming,15,Low urban pressure,20,Low road density proxy,Proxy from city/station naming,Proxy geospatial features,42.36,Moderate,2026-07-16 10:51:20
madhya_pradesh__maihar__sahilara_maihar_kjs_cements,"Sahilara, Maihar - KJS Cements",Maihar,Madhya Pradesh,24.2613009,80.7231783,2026-07-16 05:00:00,2026-07-16 05:38:19,,52.0,,15.0,22.0,,,329.7,Very Poor,CO,True,Valid AQI,329.7,Very Poor,CO,2026-07-16T10:45,32.0,54,0.1,0.1,14.0,316,945.4,99,55.77,Moderate trapping,True,Central India,General urban / semi-urban proxy,Proxy from station/city naming,15,Low urban pressure,20,Low road density proxy,Proxy from city/station naming,Proxy geospatial features,36.0,Moderate,2026-07-16 10:51:20
madhya_pradesh__mandideep__sector_d_industrial_area_mandideep_mppcb,"Sector-D Industrial Area, Mandideep - MPPCB",Mandideep,Madhya Pradesh,23.10844,77.511428,2026-07-16 05:00:00,2026-07-16 05:38:19,54.0,108.0,30.0,6.0,26.0,29.0,,353.14,Very Poor,CO,True,Valid AQI,353.14,Very Poor,CO,2026-07-16T10:45,30.4,62,0.0,0.0,14.7,298,958.0,32,56.99,Moderate trapping,True,Central India,Industrial / mixed urban proxy,Proxy from station/city naming,35,Moderate urban pressure,30,Moderate road density proxy,Proxy from city/station naming,Proxy geospatial features,47.21,Moderate,2026-07-16 10:51:20
madhya_pradesh__pithampur__sector_2_industrial_area_pithampur_mppcb,"Sector-2 Industrial Area, Pithampur - MPPCB",Pithampur,Madhya Pradesh,22.624758,75.675238,2026-07-16 05:00:00,2026-07-16 05:38:19,76.0,67.0,8.0,,,30.0,,152.21,Moderate,PM2.5,True,Valid AQI,152.21,Moderate,PM2.5,2026-07-16T10:45,28.6,66,0.0,0.0,13.3,288,941.4,20,59.79,Moderate trapping,True,Central India,Industrial / mixed urban proxy,Proxy from station/city naming,35,Moderate urban pressure,30,Moderate road density proxy,Proxy from city/station naming,Proxy geospatial features,29.67,Moderate,2026-07-16 10:51:20
madhya_pradesh__sagar__civil_lines_sagar_mppcb,"Civil Lines, Sagar - MPPCB",Sagar,Madhya Pradesh,23.838586,78.759431,2026-07-16 05:00:00,2026-07-16 05:38:19,42.0,57.0,9.0,7.0,35.0,26.0,2.0,406.6,Severe,CO,True,Valid AQI,406.6,Severe,CO,2026-07-16T10:45,30.8,61,0.0,0.0,17.1,294,945.6,58,54.88,Moderate trapping,True,Central India,General urban / semi-urban proxy,Proxy from station/city naming,15,Low urban pressure,20,Low road density proxy,Proxy from city/station naming,Proxy geospatial features,42.79,Moderate,2026-07-16 10:51:20
madhya_pradesh__satna__bandhavgar_colony_satna_birla_cement,"Bandhavgar Colony, Satna - Birla Cement",Satna,Madhya Pradesh,24.58434363,80.8549414,2026-07-16 05:00:00,2026-07-16 05:38:19,50.0,70.0,,18.0,18.0,,,306.27,Very Poor,CO,True,Valid AQI,306.27,Very Poor,CO,2026-07-16T10:45,33.1,51,0.0,0.0,12.9,311,968.0,93,62.3,High trapping,True,Central India,General urban / semi-urban proxy,Proxy from station/city naming,15,Low urban pressure,20,Low road density proxy,Proxy from city/station naming,Proxy geospatial features,36.54,Moderate,2026-07-16 10:51:20
madhya_pradesh__singrauli__suryakiran_bhawan_ncl_singrauli_mppcb,"Suryakiran Bhawan NCL, Singrauli - MPPCB",Singrauli,Madhya Pradesh,24.10897,82.64558,2026-07-16 05:00:00,2026-07-16 05:38:19,,98.0,59.0,35.0,,10.0,,98.0,Satisfactory,PM10,True,Valid AQI,98.0,Satisfactory,PM10,2026-07-16T10:45,32.7,62,0.0,0.0,10.7,327,970.0,86,69.63,High trapping,True,Central India,General urban / semi-urban proxy,Proxy from station/city naming,15,Low urban pressure,20,Low road density proxy,Proxy from city/station naming,Proxy geospatial features,20.21,Low,2026-07-16 10:51:20
madhya_pradesh__ujjain__mahashweta_nagar_ujjain_mppcb,"Mahashweta Nagar, Ujjain - MPPCB",Ujjain,Madhya Pradesh,23.1633321,75.800225,2026-07-16 05:00:00,2026-07-16 05:38:19,42.0,67.0,12.0,8.0,25.0,,6.0,347.28,Very Poor,CO,True,Valid AQI,347.28,Very Poor,CO,2026-07-16T10:45,29.2,65,0.0,0.0,13.1,278,953.3,19,59.69,Moderate trapping,True,Central India,General urban / semi-urban proxy,Proxy from station/city naming,15,Low urban pressure,20,Low road density proxy,Proxy from city/station naming,Proxy geospatial features,39.27,Moderate,2026-07-16 10:51:20
maharashtra__ahmednagar__tarakpur_ahmednagar_mpcb,"Tarakpur, Ahmednagar - MPCB",Ahmednagar,Maharashtra,19.10122,74.73339,2026-07-16 05:00:00,2026-07-16 05:38:19,31.0,42.0,16.0,19.0,13.0,7.0,6.0,242.61,Poor,CO,True,Valid AQI,242.61,Poor,CO,2026-07-16T10:45,27.4,63,0.1,0.1,12.9,255,938.4,38,54.97,Moderate trapping,True,Central India,General urban / semi-urban proxy,Proxy from station/city naming,15,Low urban pressure,20,Low road density proxy,Proxy from city/station naming,Proxy geospatial features,27.56,Moderate,2026-07-16 10:51:20
maharashtra__akola__ramdaspeth_akola_mpcb,"Ramdaspeth, Akola - MPCB",Akola,Maharashtra,20.719516,77.000253,2026-07-16 05:00:00,2026-07-16 05:38:19,45.0,77.0,11.0,5.0,16.0,10.0,8.0,285.65,Poor,CO,True,Valid AQI,285.65,Poor,CO,2026-07-16T10:45,32.0,56,0.0,0.0,19.3,297,976.0,22,45.46,Moderate trapping,True,Central India,General urban / semi-urban proxy,Proxy from station/city naming,15,Low urban pressure,20,Low road density proxy,Proxy from city/station naming,Proxy geospatial features,27.6,Moderate,2026-07-16 10:51:20
maharashtra__ambernath__chinchpada_ambernath_mpcb,"Chinchpada, Ambernath - MPCB",Ambernath,Maharashtra,19.215784,73.199781,2026-07-16 05:00:00,2026-07-16 05:38:19,36.0,67.0,4.0,2.0,13.0,3.0,4.0,242.61,Poor,CO,True,Valid AQI,242.61,Poor,CO,2026-07-16T10:45,30.4,65,0.0,0.0,13.1,228,1004.4,33,61.09,High trapping,True,Central India,General urban / semi-urban proxy,Proxy from station/city naming,15,Low urban pressure,20,Low road density proxy,Proxy from city/station naming,Proxy geospatial features,30.11,Moderate,2026-07-16 10:51:20
maharashtra__amravati__shivneri_colony_amravati_mpcb,"Shivneri Colony, Amravati - MPCB",Amravati,Maharashtra,20.9402359,77.7895248,2026-07-16 05:00:00,2026-07-16 05:38:19,36.0,52.0,6.0,8.0,11.0,14.0,2.0,213.91,Poor,CO,True,Valid AQI,213.91,Poor,CO,2026-07-16T10:45,31.1,58,0.0,0.0,15.7,300,967.6,31,53.61,Moderate trapping,True,Central India,General urban / semi-urban proxy,Proxy from station/city naming,15,Low urban pressure,20,Low road density proxy,Proxy from city/station naming,Proxy geospatial features,24.32,Low,2026-07-16 10:51:20
maharashtra__amravati__shri_shivaji_science_college_amravati_mpcb,"Shri Shivaji Science College, Amravati - MPCB",Amravati,Maharashtra,20.939198,77.765701,2026-07-16 05:00:00,2026-07-16 05:38:19,33.0,67.0,4.0,5.0,18.0,15.0,2.0,306.27,Very Poor,CO,True,Valid AQI,306.27,Very Poor,CO,2026-07-16T10:45,31.1,58,0.0,0.0,15.7,300,969.2,31,53.61,Moderate trapping,True,Central India,General urban / semi-urban proxy,Proxy from station/city naming,15,Low urban pressure,20,Low road density proxy,Proxy from city/station naming,Proxy geospatial features,32.92,Moderate,2026-07-16 10:51:20
maharashtra__aurangabad__midc_chilkalthana_aurangabad_mpcb,"MIDC Chilkalthana, Aurangabad - MPCB",Aurangabad,Maharashtra,19.87562,75.38731,2026-07-16 05:00:00,2026-07-16 05:38:19,60.0,88.0,7.0,7.0,26.0,18.0,2.0,353.14,Very Poor,CO,True,Valid AQI,353.14,Very Poor,CO,2026-07-16T10:45,27.8,64,0.0,0.0,14.6,279,944.1,26,57.31,Moderate trapping,True,Central India,Industrial / mixed urban proxy,Proxy from station/city naming,35,Moderate urban pressure,30,Moderate road density proxy,Proxy from city/station naming,Proxy geospatial features,47.35,Moderate,2026-07-16 10:51:20
maharashtra__aurangabad__more_chowk_waluj_aurangabad_mpcb,"More Chowk Waluj, Aurangabad - MPCB",Aurangabad,Maharashtra,19.8389439,75.244448,2026-07-16 05:00:00,2026-07-16 05:38:19,50.0,50.0,10.0,28.0,86.0,13.0,7.0,500.0,Severe,CO,True,Valid AQI,500.0,Severe,CO,2026-07-16T10:45,28.2,64,0.1,0.1,14.9,278,950.9,34,51.31,Moderate trapping,True,Central India,Traffic / commercial proxy,Proxy from station/city naming,30,Moderate urban pressure,75,High road density proxy,Proxy from city/station naming,Proxy geospatial features,62.32,High,2026-07-16 10:51:20
maharashtra__aurangabad__rachnakar_colony_aurangabad_mpcb,"Rachnakar Colony, Aurangabad - MPCB",Aurangabad,Maharashtra,19.863756,75.321188,2026-07-16 05:00:00,2026-07-16 05:38:19,52.0,64.0,19.0,5.0,27.0,8.0,1.0,358.99,Very Poor,CO,True,Valid AQI,358.99,Very Poor,CO,2026-07-16T10:45,27.8,64,0.0,0.0,14.6,279,946.9,26,57.31,Moderate trapping,True,Central India,General urban / semi-urban proxy,Proxy from station/city naming,15,Low urban pressure,20,Low road density proxy,Proxy from city/station naming,Proxy geospatial features,39.37,Moderate,2026-07-16 10:51:20
maharashtra__badlapur__katrap_badlapur_mpcb,"Katrap, Badlapur - MPCB",Badlapur,Maharashtra,19.16485,73.23409,2026-07-16 05:00:00,2026-07-16 05:38:19,43.0,48.0,17.0,3.0,19.0,26.0,7.0,312.13,Very Poor,CO,True,Valid AQI,312.13,Very Poor,CO,2026-07-16T10:45,29.0,74,0.0,0.0,13.6,223,1006.0,38,63.99,High trapping,True,Central India,General urban / semi-urban proxy,Proxy from station/city naming,15,Low urban pressure,20,Low road density proxy,Proxy from city/station naming,Proxy geospatial features,37.79,Moderate,2026-07-16 10:51:20
maharashtra__beed__bir_beed_mpcb,"Bir, Beed - MPCB",Beed,Maharashtra,18.988474,75.753873,2026-07-16 05:00:00,2026-07-16 05:38:19,26.0,62.0,13.0,3.0,14.0,10.0,3.0,256.96,Poor,CO,True,Valid AQI,256.96,Poor,CO,2026-07-16T10:45,30.0,54,0.0,0.0,15.7,286,953.0,65,55.54,Moderate trapping,True,Central India,General urban / semi-urban proxy,Proxy from station/city naming,15,Low urban pressure,20,Low road density proxy,Proxy from city/station naming,Proxy geospatial features,29.13,Moderate,2026-07-16 10:51:20
maharashtra__belapur__cbd_belapur_belapur_mpcb,"CBD Belapur, Belapur - MPCB",Belapur,Maharashtra,19.0243902,73.0406721,2026-07-16 05:00:00,2026-07-16 05:38:19,45.0,67.0,22.0,9.0,16.0,19.0,3.0,285.65,Poor,CO,True,Valid AQI,285.65,Poor,CO,2026-07-16T10:45,28.9,76,0.0,0.0,14.7,223,1007.7,20,60.94,High trapping,True,Central India,General urban / semi-urban proxy,Proxy from station/city naming,15,Low urban pressure,20,Low road density proxy,Proxy from city/station naming,Proxy geospatial features,34.06,Moderate,2026-07-16 10:51:20
maharashtra__bhiwandi__gokul_nagar_bhiwandi_mpcb,"Gokul Nagar, Bhiwandi - MPCB",Bhiwandi,Maharashtra,19.309073,73.057223,2026-07-16 05:00:00,2026-07-16 05:38:19,35.0,57.0,26.0,3.0,12.0,13.0,7.0,228.26,Poor,CO,True,Valid AQI,228.26,Poor,CO,2026-07-16T10:45,29.3,75,0.0,0.0,12.4,222,1008.2,45,67.23,High trapping,True,Central India,General urban / semi-urban proxy,Proxy from station/city naming,15,Low urban pressure,20,Low road density proxy,Proxy from city/station naming,Proxy geospatial features,31.34,Moderate,2026-07-16 10:51:20
maharashtra__boisar__khaira_boisar_mpcb,"Khaira, Boisar - MPCB",Boisar,Maharashtra,19.786089,72.757971,2026-07-16 05:00:00,2026-07-16 05:38:19,40.0,53.0,18.0,15.0,16.0,20.0,4.0,285.65,Poor,CO,True,Valid AQI,285.65,Poor,CO,2026-07-16T10:45,28.7,74,0.0,0.0,12.1,208,1008.1,95,72.41,High trapping,True,West India,General urban / semi-urban proxy,Proxy from station/city naming,15,Low urban pressure,20,Low road density proxy,Proxy from city/station naming,Proxy geospatial features,38.84,Moderate,2026-07-16 10:51:20
maharashtra__chandrapur__chauhan_colony_chandrapur_mpcb,"Chauhan Colony, Chandrapur - MPCB",Chandrapur,Maharashtra,19.9629,79.298714,2026-07-16 05:00:00,2026-07-16 05:38:19,58.0,91.0,12.0,17.0,51.0,17.0,2.0,500.0,Severe,CO,True,Valid AQI,500.0,Severe,CO,2026-07-16T10:45,32.3,58,0.0,0.0,16.6,304,985.1,89,57.78,Moderate trapping,True,Central India,General urban / semi-urban proxy,Proxy from station/city naming,15,Low urban pressure,20,Low road density proxy,Proxy from city/station naming,Proxy geospatial features,52.69,High,2026-07-16 10:51:20
maharashtra__chandrapur__midc_khutala_chandrapur_mpcb,"MIDC Khutala, Chandrapur - MPCB",Chandrapur,Maharashtra,19.9775302,79.2337086,2026-07-16 05:00:00,2026-07-16 05:38:19,21.0,57.0,,4.0,39.0,14.0,,431.51,Severe,CO,True,Valid AQI,431.51,Severe,CO,2026-07-16T10:45,32.3,58,0.0,0.0,18.2,305,985.4,87,54.68,Moderate trapping,True,Central India,Industrial / mixed urban proxy,Proxy from station/city naming,35,Moderate urban pressure,30,Moderate road density proxy,Proxy from city/station naming,Proxy geospatial features,53.55,High,2026-07-16 10:51:20
maharashtra__dombivli__kalu_nagar_dombivli_mpcb,"Kalu Nagar, Dombivli - MPCB",Dombivli,Maharashtra,19.2268427,73.0788456,2026-07-16 05:00:00,2026-07-16 05:38:19,8.0,26.0,11.0,6.0,13.0,5.0,1.0,242.61,Poor,CO,True,Valid AQI,242.61,Poor,CO,2026-07-16T10:45,29.4,74,0.1,0.1,12.6,223,1007.7,34,59.15,Moderate trapping,True,Central India,General urban / semi-urban proxy,Proxy from station/city naming,15,Low urban pressure,20,Low road density proxy,Proxy from city/station naming,Proxy geospatial features,29.3,Moderate,2026-07-16 10:51:20
maharashtra__hingoli__ashta_vinayak_nagar_hingoli_mpcb,"Ashta Vinayak Nagar, Hingoli - MPCB",Hingoli,Maharashtra,19.710842,77.151824,2026-07-16 05:00:00,2026-07-16 05:38:19,21.0,37.0,9.0,4.0,9.0,33.0,2.0,187.47,Moderate,CO,True,Valid AQI,187.47,Moderate,CO,2026-07-16T10:45,29.5,60,0.0,0.0,17.1,291,958.2,72,55.91,Moderate trapping,True,Central India,General urban / semi-urban proxy,Proxy from station/city naming,15,Low urban pressure,20,Low road density proxy,Proxy from city/station naming,Proxy geospatial features,22.82,Low,2026-07-16 10:51:20
maharashtra__jalna__old_midc_jalna_mpcb,"Old MIDC, Jalna - MPCB",Jalna,Maharashtra,19.854616,75.905894,2026-07-16 05:00:00,2026-07-16 05:38:19,25.0,36.0,19.0,8.0,11.0,1.0,4.0,213.91,Poor,CO,True,Valid AQI,213.91,Poor,CO,2026-07-16T10:45,29.8,58,0.0,0.0,16.3,281,952.5,62,55.62,Moderate trapping,True,Central India,Industrial / mixed urban proxy,Proxy from station/city naming,35,Moderate urban pressure,30,Moderate road density proxy,Proxy from city/station naming,Proxy geospatial features,33.68,Moderate,2026-07-16 10:51:20
maharashtra__kalyan__khadakpada_kalyan_mpcb,"Khadakpada, Kalyan - MPCB",Kalyan,Maharashtra,19.25292,73.142019,2026-07-16 05:00:00,2026-07-16 05:38:19,,,,,,8.0,,8.0,Good,O3,False,Insufficient pollutants,,Unknown,,2026-07-16T10:45,30.4,65,0.0,0.0,13.1,228,1007.0,33,61.09,High trapping,True,Central India,General urban / semi-urban proxy,Proxy from station/city naming,15,Low urban pressure,20,Low road density proxy,Proxy from city/station naming,Proxy geospatial features,,Unknown,2026-07-16 10:51:20
maharashtra__kalyan__pimpleshwar_mandir_kalyan_mpcb,"Pimpleshwar Mandir, Kalyan - MPCB",Kalyan,Maharashtra,19.192056,72.9585188,2026-07-16 05:00:00,2026-07-16 05:38:19,56.0,,23.0,11.0,40.0,11.0,6.0,437.74,Severe,CO,True,Valid AQI,437.74,Severe,CO,2026-07-16T10:45,29.0,75,0.0,0.0,10.6,222,1007.1,31,69.09,High trapping,True,West India,General urban / semi-urban proxy,Proxy from station/city naming,15,Low urban pressure,20,Low road density proxy,Proxy from city/station naming,Proxy geospatial features,51.62,High,2026-07-16 10:51:20
maharashtra__kolhapur__shivaji_university_kolhapur_mpcb,"Shivaji University, Kolhapur - MPCB",Kolhapur,Maharashtra,16.6870449,74.2505872,2026-07-16 05:00:00,2026-07-16 05:38:19,39.0,51.0,11.0,1.0,6.0,12.0,3.0,149.87,Moderate,CO,True,Valid AQI,149.87,Moderate,CO,2026-07-16T10:45,26.3,73,0.0,0.0,16.2,257,946.8,30,58.12,Moderate trapping,True,Central India,General urban / semi-urban proxy,Proxy from station/city naming,15,Low urban pressure,20,Low road density proxy,Proxy from city/station naming,Proxy geospatial features,20.24,Low,2026-07-16 10:51:20
maharashtra__kolhapur__sinchan_bhavan_kolhapur_mpcb,"Sinchan Bhavan, Kolhapur - MPCB",Kolhapur,Maharashtra,16.7143745,74.2426398,2026-07-16 05:00:00,2026-07-16 05:38:19,29.0,52.0,16.0,2.0,8.0,19.0,2.0,174.94,Moderate,CO,True,Valid AQI,174.94,Moderate,CO,2026-07-16T10:45,26.3,73,0.0,0.0,16.2,257,948.3,30,58.12,Moderate trapping,True,Central India,General urban / semi-urban proxy,Proxy from station/city naming,15,Low urban pressure,20,Low road density proxy,Proxy from city/station naming,Proxy geospatial features,22.57,Low,2026-07-16 10:51:20
maharashtra__latur__sawe_wadi_latur_mpcb,"Sawe Wadi, Latur - MPCB",Latur,Maharashtra,18.39963,76.57452,2026-07-16 05:00:00,2026-07-16 05:38:19,32.0,42.0,9.0,5.0,12.0,21.0,3.0,228.26,Poor,CO,True,Valid AQI,228.26,Poor,CO,2026-07-16T10:45,29.5,56,0.0,0.0,15.9,288,941.0,52,54.61,Moderate trapping,True,Central India,General urban / semi-urban proxy,Proxy from station/city naming,15,Low urban pressure,20,Low road density proxy,Proxy from city/station naming,Proxy geospatial features,26.07,Moderate,2026-07-16 10:51:20
maharashtra__mahad__kamble_tarf_birwadi_mahad_mpcb,"Kamble Tarf Birwadi, Mahad - MPCB",Mahad,Maharashtra,18.1023399,73.4783687,2026-07-16 05:00:00,2026-07-16 05:38:19,58.0,50.0,22.0,18.0,22.0,16.0,6.0,329.7,Very Poor,CO,True,Valid AQI,329.7,Very Poor,CO,2026-07-16T10:45,30.0,70,0.1,0.1,9.8,218,1008.1,99,69.25,High trapping,True,Central India,General urban / semi-urban proxy,Proxy from station/city naming,15,Low urban pressure,20,Low road density proxy,Proxy from city/station naming,Proxy geospatial features,41.62,Moderate,2026-07-16 10:51:20
maharashtra__malegaon__mahesh_nagar_malegaon_mpcb,"Mahesh Nagar, Malegaon - MPCB",Malegaon,Maharashtra,20.555712,74.529236,2026-07-16 05:00:00,2026-07-16 05:38:19,71.0,78.0,,,15.0,13.0,1.0,271.3,Poor,CO,True,Valid AQI,271.3,Poor,CO,2026-07-16T10:45,29.8,61,0.0,0.0,14.9,262,961.3,14,54.46,Moderate trapping,True,Central India,General urban / semi-urban proxy,Proxy from station/city naming,15,Low urban pressure,20,Low road density proxy,Proxy from city/station naming,Proxy geospatial features,30.02,Moderate,2026-07-16 10:51:20
maharashtra__mira_bhayandar__bhayandar_west_mira_bhayandar_mpcb,"Bhayandar West, Mira-Bhayandar - MPCB",Mira-Bhayandar,Maharashtra,19.296481,72.840923,2026-07-16 05:00:00,2026-07-16 05:38:19,26.0,30.0,3.0,4.0,17.0,8.0,4.0,300.0,Poor,CO,True,Valid AQI,300.0,Poor,CO,2026-07-16T10:45,29.2,74,0.0,0.0,11.5,225,1009.1,20,65.99,High trapping,True,West India,General urban / semi-urban proxy,Proxy from station/city naming,15,Low urban pressure,20,Low road density proxy,Proxy from city/station naming,Proxy geospatial features,37.5,Moderate,2026-07-16 10:51:20
maharashtra__mumbai__bandra_kurla_complex_mumbai_iitm,"Bandra Kurla Complex, Mumbai - IITM",Mumbai,Maharashtra,19.053536,72.84643,2026-07-16 05:00:00,2026-07-16 05:38:19,18.0,60.0,10.0,4.0,10.0,15.0,4.0,200.0,Moderate,CO,True,Valid AQI,200.0,Moderate,CO,2026-07-16T10:45,28.2,76,0.0,0.0,11.3,216,1009.0,40,69.09,High trapping,True,West India,Dense urban proxy,Proxy from station/city naming,60,High urban pressure,55,Moderate road density proxy,Proxy from city/station naming,Proxy geospatial features,50.22,High,2026-07-16 10:51:20
maharashtra__mumbai__bandra_kurla_complex_mumbai_mpcb,"Bandra Kurla Complex, Mumbai - MPCB",Mumbai,Maharashtra,19.065931,72.862131,2026-07-16 05:00:00,2026-07-16 05:38:19,47.0,61.0,12.0,5.0,28.0,10.0,3.0,364.85,Very Poor,CO,True,Valid AQI,364.85,Very Poor,CO,2026-07-16T10:45,28.2,76,0.0,0.0,11.3,216,1008.9,40,69.09,High trapping,True,West India,Dense urban proxy,Proxy from station/city naming,60,High urban pressure,55,Moderate road density proxy,Proxy from city/station naming,Proxy geospatial features,65.57,High,2026-07-16 10:51:20
maharashtra__mumbai__borivali_east_mumbai_iitm,"Borivali East, Mumbai - IITM",Mumbai,Maharashtra,19.23241,72.86895,2026-07-16 05:00:00,2026-07-16 05:38:19,33.0,58.0,21.0,,1.0,17.0,3.0,58.0,Satisfactory,PM10,True,Valid AQI,58.0,Satisfactory,PM10,2026-07-16T10:45,28.9,74,0.0,0.0,10.7,225,1005.9,29,68.34,High trapping,True,West India,Dense urban proxy,Proxy from station/city naming,60,High urban pressure,55,Moderate road density proxy,Proxy from city/station naming,Proxy geospatial features,36.69,Moderate,2026-07-16 10:51:20
maharashtra__mumbai__byculla_mumbai_bmc,"Byculla, Mumbai - BMC",Mumbai,Maharashtra,18.9767,72.838,2026-07-16 05:00:00,2026-07-16 05:38:19,22.0,37.0,13.0,7.0,19.0,7.0,2.0,312.13,Very Poor,CO,True,Valid AQI,312.13,Very Poor,CO,2026-07-16T10:45,28.1,76,0.0,0.0,13.4,213,1007.7,41,65.39,High trapping,True,West India,Dense urban proxy,Proxy from station/city naming,60,High urban pressure,55,Moderate road density proxy,Proxy from city/station naming,Proxy geospatial features,59.12,High,2026-07-16 10:51:20
maharashtra__mumbai__chakala_andheri_east_mumbai_iitm,"Chakala-Andheri East, Mumbai - IITM",Mumbai,Maharashtra,19.11074,72.86084,2026-07-16 05:00:00,2026-07-16 05:38:19,22.0,46.0,13.0,4.0,10.0,10.0,6.0,200.0,Moderate,CO,True,Valid AQI,200.0,Moderate,CO,2026-07-16T10:45,28.2,76,0.0,0.0,11.3,216,1007.2,40,69.09,High trapping,True,West India,Dense urban proxy,Proxy from station/city naming,60,High urban pressure,55,Moderate road density proxy,Proxy from city/station naming,Proxy geospatial features,50.22,High,2026-07-16 10:51:20
maharashtra__mumbai__chembur_mumbai_mpcb,"Chembur, Mumbai - MPCB",Mumbai,Maharashtra,19.0364585,72.8954371,2026-07-16 05:00:00,2026-07-16 05:38:19,19.0,48.0,9.0,1.0,19.0,5.0,4.0,312.13,Very Poor,CO,True,Valid AQI,312.13,Very Poor,CO,2026-07-16T10:45,28.1,76,0.0,0.0,13.4,213,1007.9,41,65.39,High trapping,True,West India,Dense urban proxy,Proxy from station/city naming,60,High urban pressure,55,Moderate road density proxy,Proxy from city/station naming,Proxy geospatial features,59.12,High,2026-07-16 10:51:20
maharashtra__mumbai__deonar_mumbai_iitm,"Deonar, Mumbai - IITM",Mumbai,Maharashtra,19.04946,72.923,2026-07-16 05:00:00,2026-07-16 05:38:19,19.0,90.0,5.0,2.0,38.0,9.0,6.0,425.28,Severe,CO,True,Valid AQI,425.28,Severe,CO,2026-07-16T10:45,28.9,75,0.0,0.0,11.9,219,1008.0,30,66.64,High trapping,True,West India,Dense urban proxy,Proxy from station/city naming,60,High urban pressure,55,Moderate road density proxy,Proxy from city/station naming,Proxy geospatial features,70.17,High,2026-07-16 10:51:20
maharashtra__mumbai__ghatkopar_mumbai_bmc,"Ghatkopar, Mumbai - BMC",Mumbai,Maharashtra,19.083694,72.920967,2026-07-16 05:00:00,2026-07-16 05:38:19,27.0,74.0,11.0,1.0,23.0,30.0,6.0,335.56,Very Poor,CO,True,Valid AQI,335.56,Very Poor,CO,2026-07-16T10:45,28.9,75,0.0,0.0,11.9,219,1008.7,30,66.64,High trapping,True,West India,Dense urban proxy,Proxy from station/city naming,60,High urban pressure,55,Moderate road density proxy,Proxy from city/station naming,Proxy geospatial features,61.82,High,2026-07-16 10:51:20
maharashtra__mumbai__kandivali_west_mumbai_bmc,"Kandivali West, Mumbai - BMC",Mumbai,Maharashtra,19.215859,72.831718,2026-07-16 05:00:00,2026-07-16 05:38:19,25.0,24.0,17.0,1.0,12.0,6.0,2.0,228.26,Poor,CO,True,Valid AQI,228.26,Poor,CO,2026-07-16T10:45,28.3,76,0.0,0.0,12.2,218,1008.6,29,66.36,High trapping,True,West India,Dense urban proxy,Proxy from station/city naming,60,High urban pressure,55,Moderate road density proxy,Proxy from city/station naming,Proxy geospatial features,51.71,High,2026-07-16 10:51:20
maharashtra__mumbai__kherwadi_bandra_east_mumbai_mpcb,"Kherwadi_Bandra East, Mumbai - MPCB",Mumbai,Maharashtra,19.0632143,72.8456324,2026-07-16 05:00:00,2026-07-16 05:38:19,26.0,45.0,9.0,5.0,19.0,15.0,4.0,312.13,Very Poor,CO,True,Valid AQI,312.13,Very Poor,CO,2026-07-16T10:45,28.2,76,0.0,0.0,11.3,216,1008.5,40,69.09,High trapping,True,West India,Dense urban proxy,Proxy from station/city naming,60,High urban pressure,55,Moderate road density proxy,Proxy from city/station naming,Proxy geospatial features,60.66,High,2026-07-16 10:51:20
maharashtra__mumbai__khindipada_bhandup_west_mumbai_iitm,"Khindipada-Bhandup West, Mumbai - IITM",Mumbai,Maharashtra,19.1653323,72.922099,2026-07-16 05:00:00,2026-07-16 05:38:19,23.0,47.0,19.0,4.0,31.0,8.0,1.0,382.43,Very Poor,CO,True,Valid AQI,382.43,Very Poor,CO,2026-07-16T10:45,29.0,75,0.0,0.0,10.6,222,1002.0,31,69.09,High trapping,True,West India,Dense urban proxy,Proxy from station/city naming,60,High urban pressure,55,Moderate road density proxy,Proxy from city/station naming,Proxy geospatial features,67.2,High,2026-07-16 10:51:20
maharashtra__mumbai__kurla_mumbai_mpcb,"Kurla, Mumbai - MPCB",Mumbai,Maharashtra,19.0863,72.8888,2026-07-16 05:00:00,2026-07-16 05:38:19,65.0,75.0,7.0,29.0,25.0,28.0,2.0,347.28,Very Poor,CO,True,Valid AQI,347.28,Very Poor,CO,2026-07-16T10:45,28.2,76,0.0,0.0,11.3,216,1007.5,40,69.09,High trapping,True,West India,Dense urban proxy,Proxy from station/city naming,60,High urban pressure,55,Moderate road density proxy,Proxy from city/station naming,Proxy geospatial features,63.93,High,2026-07-16 10:51:20
maharashtra__mumbai__malad_west_mumbai_iitm,"Malad West, Mumbai - IITM",Mumbai,Maharashtra,19.19709,72.82204,2026-07-16 05:00:00,2026-07-16 05:38:19,18.0,58.0,,5.0,35.0,10.0,,406.6,Severe,CO,True,Valid AQI,406.6,Severe,CO,2026-07-16T10:45,28.3,76,0.0,0.0,12.2,218,1008.5,29,66.36,High trapping,True,West India,Dense urban proxy,Proxy from station/city naming,60,High urban pressure,55,Moderate road density proxy,Proxy from city/station naming,Proxy geospatial features,68.32,High,2026-07-16 10:51:20
maharashtra__mumbai__mazgaon_mumbai_iitm,"Mazgaon, Mumbai - IITM",Mumbai,Maharashtra,18.96702,72.84214,2026-07-16 05:00:00,2026-07-16 05:38:19,33.0,59.0,22.0,12.0,43.0,20.0,2.0,456.42,Severe,CO,True,Valid AQI,456.42,Severe,CO,2026-07-16T10:45,28.0,76,0.0,0.0,13.4,213,1006.5,41,65.39,High trapping,True,West India,Dense urban proxy,Proxy from station/city naming,60,High urban pressure,55,Moderate road density proxy,Proxy from city/station naming,Proxy geospatial features,72.55,High,2026-07-16 10:51:20
maharashtra__mumbai__navy_nagar_colaba_mumbai_iitm,"Navy Nagar-Colaba, Mumbai - IITM",Mumbai,Maharashtra,18.897756,72.81332,2026-07-16 05:00:00,2026-07-16 05:38:19,34.0,63.0,66.0,10.0,34.0,26.0,6.0,400.0,Very Poor,CO,True,Valid AQI,400.0,Very Poor,CO,2026-07-16T10:45,27.8,78,0.0,0.0,17.4,206,1007.5,12,55.99,Moderate trapping,True,West India,Dense urban proxy,Proxy from station/city naming,60,High urban pressure,55,Moderate road density proxy,Proxy from city/station naming,Proxy geospatial features,63.37,High,2026-07-16 10:51:20
maharashtra__mumbai__powai_mumbai_mpcb,"Powai, Mumbai - MPCB",Mumbai,Maharashtra,19.1375,72.915056,2026-07-16 05:00:00,2026-07-16 05:38:19,,18.0,7.0,16.0,,,,20.0,Good,SO2,True,Valid AQI,20.0,Good,SO2,2026-07-16T10:45,29.0,75,0.0,0.0,10.6,222,1003.2,31,69.09,High trapping,True,West India,Dense urban proxy,Proxy from station/city naming,60,High urban pressure,55,Moderate road density proxy,Proxy from city/station naming,Proxy geospatial features,33.46,Moderate,2026-07-16 10:51:20
maharashtra__mumbai__sewri_mumbai_bmc,"Sewri, Mumbai - BMC",Mumbai,Maharashtra,19.000084,72.85673,2026-07-16 05:00:00,2026-07-16 05:38:19,,,,,16.0,14.0,,285.65,Poor,CO,False,Insufficient pollutants,,Unknown,,2026-07-16T10:45,28.1,76,0.0,0.0,13.4,213,1008.8,41,65.39,High trapping,True,West India,Dense urban proxy,Proxy from station/city naming,60,High urban pressure,55,Moderate road density proxy,Proxy from city/station naming,Proxy geospatial features,,Unknown,2026-07-16 10:51:20
maharashtra__mumbai__shivaji_nagar_mumbai_bmc,"Shivaji Nagar, Mumbai - BMC",Mumbai,Maharashtra,19.060498,72.923356,2026-07-16 05:00:00,2026-07-16 05:38:19,30.0,59.0,12.0,6.0,28.0,8.0,4.0,364.85,Very Poor,CO,True,Valid AQI,364.85,Very Poor,CO,2026-07-16T10:45,28.9,75,0.0,0.0,11.9,219,1008.5,30,66.64,High trapping,True,West India,Dense urban proxy,Proxy from station/city naming,60,High urban pressure,55,Moderate road density proxy,Proxy from city/station naming,Proxy geospatial features,64.55,High,2026-07-16 10:51:20
maharashtra__mumbai__siddharth_nagar_worli_mumbai_iitm,"Siddharth Nagar-Worli, Mumbai - IITM",Mumbai,Maharashtra,19.000083,72.813993,2026-07-16 05:00:00,2026-07-16 05:38:19,30.0,62.0,15.0,,11.0,23.0,1.0,213.91,Poor,CO,True,Valid AQI,213.91,Poor,CO,2026-07-16T10:45,28.0,76,0.0,0.0,13.4,213,1007.2,41,65.39,High trapping,True,West India,Dense urban proxy,Proxy from station/city naming,60,High urban pressure,55,Moderate road density proxy,Proxy from city/station naming,Proxy geospatial features,49.97,Moderate,2026-07-16 10:51:20
maharashtra__mumbai__sion_mumbai_mpcb,"Sion, Mumbai - MPCB",Mumbai,Maharashtra,19.047,72.8746,2026-07-16 05:00:00,2026-07-16 05:38:19,15.0,20.0,42.0,,18.0,,6.0,306.27,Very Poor,CO,True,Valid AQI,306.27,Very Poor,CO,2026-07-16T10:45,28.1,76,0.0,0.0,13.4,213,1009.0,41,65.39,High trapping,True,West India,Dense urban proxy,Proxy from station/city naming,60,High urban pressure,55,Moderate road density proxy,Proxy from city/station naming,Proxy geospatial features,58.57,High,2026-07-16 10:51:20
maharashtra__mumbai__worli_mumbai_mpcb,"Worli, Mumbai - MPCB",Mumbai,Maharashtra,18.9936162,72.8128113,2026-07-16 05:00:00,2026-07-16 05:38:19,42.0,65.0,6.0,4.0,37.0,7.0,6.0,419.06,Severe,CO,True,Valid AQI,419.06,Severe,CO,2026-07-16T10:45,28.1,76,0.0,0.0,13.4,213,1008.9,41,65.39,High trapping,True,West India,Dense urban proxy,Proxy from station/city naming,60,High urban pressure,55,Moderate road density proxy,Proxy from city/station naming,Proxy geospatial features,69.07,High,2026-07-16 10:51:20
maharashtra__nagpur__ambazari_nagpur_mpcb,"Ambazari, Nagpur - MPCB",Nagpur,Maharashtra,21.121801,79.04952,2026-07-16 05:00:00,2026-07-16 05:38:19,40.0,63.0,10.0,7.0,15.0,10.0,4.0,271.3,Poor,CO,True,Valid AQI,271.3,Poor,CO,2026-07-16T10:45,31.7,59,0.0,0.0,15.1,305,970.9,98,61.76,High trapping,True,Central India,Dense urban proxy,Proxy from station/city naming,60,High urban pressure,55,Moderate road density proxy,Proxy from city/station naming,Proxy geospatial features,53.8,High,2026-07-16 10:51:20
maharashtra__nagpur__mahal_nagpur_mpcb,"Mahal, Nagpur - MPCB",Nagpur,Maharashtra,21.14472,79.107595,2026-07-16 05:00:00,2026-07-16 05:38:19,48.0,72.0,17.0,19.0,21.0,14.0,4.0,323.85,Very Poor,CO,True,Valid AQI,323.85,Very Poor,CO,2026-07-16T10:45,32.3,54,0.0,0.0,14.2,305,972.6,100,61.75,High trapping,True,Central India,Dense urban proxy,Proxy from station/city naming,60,High urban pressure,55,Moderate road density proxy,Proxy from city/station naming,Proxy geospatial features,58.69,High,2026-07-16 10:51:20
maharashtra__nagpur__opp_gpo_civil_lines_nagpur_mpcb,"Opp GPO Civil Lines, Nagpur - MPCB",Nagpur,Maharashtra,21.152875,79.0517531,2026-07-16 05:00:00,2026-07-16 05:38:19,41.0,79.0,16.0,5.0,28.0,9.0,5.0,364.85,Very Poor,CO,True,Valid AQI,364.85,Very Poor,CO,2026-07-16T10:45,31.7,59,0.0,0.0,15.1,305,971.8,98,61.76,High trapping,True,Central India,Dense urban proxy,Proxy from station/city naming,60,High urban pressure,55,Moderate road density proxy,Proxy from city/station naming,Proxy geospatial features,62.51,High,2026-07-16 10:51:20
maharashtra__nagpur__ram_nagar_nagpur_mpcb,"Ram Nagar, Nagpur - MPCB",Nagpur,Maharashtra,21.143383,79.048912,2026-07-16 05:00:00,2026-07-16 05:38:19,44.0,59.0,10.0,9.0,13.0,9.0,4.0,242.61,Poor,CO,True,Valid AQI,242.61,Poor,CO,2026-07-16T10:45,31.7,59,0.0,0.0,15.1,305,969.3,98,61.76,High trapping,True,Central India,Dense urban proxy,Proxy from station/city naming,60,High urban pressure,55,Moderate road density proxy,Proxy from city/station naming,Proxy geospatial features,51.13,High,2026-07-16 10:51:20
maharashtra__nanded__sneh_nagar_nanded_mpcb,"Sneh Nagar, Nanded - MPCB",Nanded,Maharashtra,19.173852,77.296291,2026-07-16 05:00:00,2026-07-16 05:38:19,26.0,55.0,23.0,6.0,21.0,44.0,4.0,323.85,Very Poor,CO,True,Valid AQI,323.85,Very Poor,CO,2026-07-16T10:45,31.0,56,0.0,0.0,16.0,295,967.4,83,57.53,Moderate trapping,True,Central India,General urban / semi-urban proxy,Proxy from station/city naming,15,Low urban pressure,20,Low road density proxy,Proxy from city/station naming,Proxy geospatial features,36.19,Moderate,2026-07-16 10:51:20
maharashtra__nashik__gangapur_road_nashik_mpcb,"Gangapur Road, Nashik - MPCB",Nashik,Maharashtra,20.0073285,73.7762427,2026-07-16 05:00:00,2026-07-16 05:38:19,37.0,36.0,5.0,5.0,22.0,21.0,3.0,329.7,Very Poor,CO,True,Valid AQI,329.7,Very Poor,CO,2026-07-16T10:45,26.5,74,0.0,0.0,15.4,238,945.8,26,59.53,Moderate trapping,True,Central India,Traffic / commercial proxy,Proxy from station/city naming,65,High urban pressure,100,Very high road density proxy,Proxy from city/station naming,Proxy geospatial features,65.75,High,2026-07-16 10:51:20
maharashtra__nashik__hirawadi_nashik_mpcb,"Hirawadi, Nashik - MPCB",Nashik,Maharashtra,20.021503,73.813844,2026-07-16 05:00:00,2026-07-16 05:38:19,33.0,45.0,5.0,10.0,33.0,20.0,4.0,394.14,Very Poor,CO,True,Valid AQI,394.14,Very Poor,CO,2026-07-16T10:45,26.5,74,0.0,0.0,15.4,238,944.8,26,59.53,Moderate trapping,True,Central India,Dense urban proxy,Proxy from station/city naming,60,High urban pressure,55,Moderate road density proxy,Proxy from city/station naming,Proxy geospatial features,64.31,High,2026-07-16 10:51:20
maharashtra__nashik__midc_ambad_nashik_mpcb,"MIDC Ambad, Nashik - MPCB",Nashik,Maharashtra,19.95022,73.73148,2026-07-16 05:00:00,2026-07-16 05:38:19,41.0,63.0,5.0,2.0,15.0,19.0,3.0,271.3,Poor,CO,True,Valid AQI,271.3,Poor,CO,2026-07-16T10:45,26.0,77,0.0,0.0,16.5,238,937.1,53,61.35,High trapping,True,Central India,Industrial / mixed urban proxy,Proxy from station/city naming,70,High urban pressure,65,High road density proxy,Proxy from city/station naming,Proxy geospatial features,58.52,High,2026-07-16 10:51:20
maharashtra__nashik__pandav_nagari_nashik_mpcb,"Pandav Nagari, Nashik - MPCB",Nashik,Maharashtra,19.9591346,73.7788008,2026-07-16 05:00:00,2026-07-16 05:38:19,25.0,53.0,4.0,2.0,10.0,17.0,1.0,200.0,Moderate,CO,True,Valid AQI,200.0,Moderate,CO,2026-07-16T10:45,26.5,74,0.0,0.0,15.4,238,942.9,26,59.53,Moderate trapping,True,Central India,Dense urban proxy,Proxy from station/city naming,60,High urban pressure,55,Moderate road density proxy,Proxy from city/station naming,Proxy geospatial features,46.23,Moderate,2026-07-16 10:51:20
maharashtra__navi_mumbai__kopripada_vashi_navi_mumbai_mpcb,"Kopripada-Vashi, Navi Mumbai - MPCB",Navi Mumbai,Maharashtra,19.090337,73.014232,2026-07-16 05:00:00,2026-07-16 05:38:19,41.0,46.0,11.0,1.0,20.0,22.0,8.0,317.99,Very Poor,CO,True,Valid AQI,317.99,Very Poor,CO,2026-07-16T10:45,29.0,74,0.0,0.0,13.3,222,1008.7,23,63.04,High trapping,True,Central India,General urban / semi-urban proxy,Proxy from station/city naming,15,Low urban pressure,20,Low road density proxy,Proxy from city/station naming,Proxy geospatial features,37.94,Moderate,2026-07-16 10:51:20
maharashtra__navi_mumbai__mahape_navi_mumbai_mpcb,"Mahape, Navi Mumbai - MPCB",Navi Mumbai,Maharashtra,19.1135051,73.008978,2026-07-16 05:00:00,2026-07-16 05:38:19,27.0,59.0,43.0,17.0,47.0,9.0,1.0,481.32,Severe,CO,True,Valid AQI,481.32,Severe,CO,2026-07-16T10:45,29.0,74,0.0,0.0,13.3,222,1008.5,23,63.04,High trapping,True,Central India,General urban / semi-urban proxy,Proxy from station/city naming,15,Low urban pressure,20,Low road density proxy,Proxy from city/station naming,Proxy geospatial features,53.15,High,2026-07-16 10:51:20
maharashtra__navi_mumbai__nerul_navi_mumbai_mpcb,"Nerul, Navi Mumbai - MPCB",Navi Mumbai,Maharashtra,19.008751,73.01662,2026-07-16 05:00:00,2026-07-16 05:38:19,10.0,,9.0,,,,1.0,16.67,Good,PM2.5,True,Valid AQI,16.67,Good,PM2.5,2026-07-16T10:45,28.9,76,0.0,0.0,14.7,223,1008.6,20,60.94,High trapping,True,Central India,General urban / semi-urban proxy,Proxy from station/city naming,15,Low urban pressure,20,Low road density proxy,Proxy from city/station naming,Proxy geospatial features,9.01,Low,2026-07-16 10:51:20
maharashtra__navi_mumbai__sanpada_navi_mumbai_mpcb,"Sanpada, Navi Mumbai - MPCB",Navi Mumbai,Maharashtra,19.0575752,73.0151367,2026-07-16 05:00:00,2026-07-16 05:38:19,25.0,37.0,3.0,5.0,4.0,10.0,1.0,124.81,Moderate,CO,True,Valid AQI,124.81,Moderate,CO,2026-07-16T10:45,29.0,74,0.0,0.0,13.3,222,1008.7,23,63.04,High trapping,True,Central India,General urban / semi-urban proxy,Proxy from station/city naming,15,Low urban pressure,20,Low road density proxy,Proxy from city/station naming,Proxy geospatial features,19.96,Low,2026-07-16 10:51:20
maharashtra__navi_mumbai__sector_2e_kalamboli_navi_mumbai_mpcb,"Sector-2E Kalamboli, Navi Mumbai - MPCB",Navi Mumbai,Maharashtra,19.02579,73.10297,2026-07-16 05:00:00,2026-07-16 05:38:19,20.0,44.0,8.0,5.0,12.0,13.0,6.0,228.26,Poor,CO,True,Valid AQI,228.26,Poor,CO,2026-07-16T10:45,28.9,76,0.0,0.0,14.7,223,1008.8,20,60.94,High trapping,True,Central India,Industrial / mixed urban proxy,Proxy from station/city naming,35,Moderate urban pressure,30,Moderate road density proxy,Proxy from city/station naming,Proxy geospatial features,37.23,Moderate,2026-07-16 10:51:20
maharashtra__navi_mumbai__tondare_taloja_navi_mumbai_mpcb,"Tondare-Taloja, Navi Mumbai - MPCB",Navi Mumbai,Maharashtra,19.063,73.1209,2026-07-16 05:00:00,2026-07-16 05:38:19,25.0,64.0,5.0,21.0,14.0,36.0,5.0,256.96,Poor,CO,True,Valid AQI,256.96,Poor,CO,2026-07-16T10:45,28.5,76,0.0,0.0,14.0,222,1008.2,37,63.9,High trapping,True,Central India,General urban / semi-urban proxy,Proxy from station/city naming,15,Low urban pressure,20,Low road density proxy,Proxy from city/station naming,Proxy geospatial features,32.62,Moderate,2026-07-16 10:51:20
maharashtra__parbhani__masoom_colony_parbhani_mpcb,"Masoom Colony, Parbhani - MPCB",Parbhani,Maharashtra,19.265594,76.761463,2026-07-16 05:00:00,2026-07-16 05:38:19,40.0,58.0,28.0,2.0,12.0,7.0,4.0,228.26,Poor,CO,True,Valid AQI,228.26,Poor,CO,2026-07-16T10:45,30.2,59,0.0,0.0,17.1,287,961.9,63,54.64,Moderate trapping,True,Central India,General urban / semi-urban proxy,Proxy from station/city naming,15,Low urban pressure,20,Low road density proxy,Proxy from city/station naming,Proxy geospatial features,26.08,Moderate,2026-07-16 10:51:20
maharashtra__pimpri_chinchwad__bhosari_pune_iitm,"Bhosari, Pune - IITM",Pimpri-Chinchwad,Maharashtra,18.640051,73.848956,2026-07-16 05:00:00,2026-07-16 05:38:19,,,,,21.0,8.0,,323.85,Very Poor,CO,False,Insufficient pollutants,,Unknown,,2026-07-16T10:45,27.4,67,0.0,0.0,14.2,250,944.4,43,60.83,High trapping,True,Central India,General urban / semi-urban proxy,Proxy from station/city naming,15,Low urban pressure,20,Low road density proxy,Proxy from city/station naming,Proxy geospatial features,,Unknown,2026-07-16 10:51:20
maharashtra__pimpri_chinchwad__gavalinagar_pimpri_chinchwad_mpcb,"Gavalinagar, Pimpri Chinchwad - MPCB",Pimpri-Chinchwad,Maharashtra,18.63673,73.82487,2026-07-16 05:00:00,2026-07-16 05:38:19,20.0,40.0,,1.0,9.0,7.0,,187.47,Moderate,CO,True,Valid AQI,187.47,Moderate,CO,2026-07-16T10:45,27.4,67,0.0,0.0,14.2,250,945.9,43,60.83,High trapping,True,Central India,General urban / semi-urban proxy,Proxy from station/city naming,15,Low urban pressure,20,Low road density proxy,Proxy from city/station naming,Proxy geospatial features,24.87,Low,2026-07-16 10:51:20
maharashtra__pimpri_chinchwad__park_street_wakad_pimpri_chinchwad_mpcb,"Park Street Wakad, Pimpri Chinchwad - MPCB",Pimpri-Chinchwad,Maharashtra,18.59051,73.77946,2026-07-16 05:00:00,2026-07-16 05:38:19,17.0,29.0,13.0,,8.0,12.0,,174.94,Moderate,CO,True,Valid AQI,174.94,Moderate,CO,2026-07-16T10:45,27.2,68,0.1,0.0,14.3,249,948.2,41,60.82,High trapping,True,Central India,General urban / semi-urban proxy,Proxy from station/city naming,15,Low urban pressure,20,Low road density proxy,Proxy from city/station naming,Proxy geospatial features,23.7,Low,2026-07-16 10:51:20
maharashtra__pimpri_chinchwad__savta_mali_nagar_pimpri_chinchwad_iitm,"Savta Mali Nagar, Pimpri-Chinchwad - IITM",Pimpri-Chinchwad,Maharashtra,18.614767,73.799516,2026-07-16 05:00:00,2026-07-16 05:38:19,21.0,,18.0,,28.0,11.0,,364.85,Very Poor,CO,True,Valid AQI,364.85,Very Poor,CO,2026-07-16T10:45,27.2,68,0.1,0.0,14.3,249,948.6,41,60.82,High trapping,True,Central India,General urban / semi-urban proxy,Proxy from station/city naming,15,Low urban pressure,20,Low road density proxy,Proxy from city/station naming,Proxy geospatial features,41.38,Moderate,2026-07-16 10:51:20
maharashtra__pimpri_chinchwad__thergaon_pimpri_chinchwad_mpcb,"Thergaon, Pimpri Chinchwad - MPCB",Pimpri-Chinchwad,Maharashtra,18.616318,73.765797,2026-07-16 05:00:00,2026-07-16 05:38:19,52.0,74.0,7.0,1.0,20.0,10.0,5.0,317.99,Very Poor,CO,True,Valid AQI,317.99,Very Poor,CO,2026-07-16T10:45,27.2,68,0.1,0.0,14.3,249,946.9,41,60.82,High trapping,True,Central India,General urban / semi-urban proxy,Proxy from station/city naming,15,Low urban pressure,20,Low road density proxy,Proxy from city/station naming,Proxy geospatial features,37.02,Moderate,2026-07-16 10:51:20
maharashtra__pimpri_chinchwad__transport_nagar_nigdi_pune_iitm,"Transport Nagar-Nigdi, Pune - IITM",Pimpri-Chinchwad,Maharashtra,18.664282,73.763966,2026-07-16 05:00:00,2026-07-16 05:38:19,22.0,48.0,18.0,,39.0,9.0,,431.51,Severe,CO,True,Valid AQI,431.51,Severe,CO,2026-07-16T10:45,27.1,70,0.1,0.1,14.5,247,941.9,47,55.54,Moderate trapping,True,Central India,General urban / semi-urban proxy,Proxy from station/city naming,15,Low urban pressure,20,Low road density proxy,Proxy from city/station naming,Proxy geospatial features,45.38,Moderate,2026-07-16 10:51:20
maharashtra__pune__dhankawadi_pune_iitm,"Dhankawadi, Pune - IITM",Pune,Maharashtra,18.459883,73.852193,2026-07-16 05:00:00,2026-07-16 05:38:19,29.0,58.0,23.0,,79.0,2.0,,500.0,Severe,CO,True,Valid AQI,500.0,Severe,CO,2026-07-16T10:45,26.3,72,0.0,0.0,14.1,248,938.4,25,61.05,High trapping,True,Central India,Dense urban proxy,Proxy from station/city naming,60,High urban pressure,55,Moderate road density proxy,Proxy from city/station naming,Proxy geospatial features,74.8,High,2026-07-16 10:51:20
maharashtra__pune__mhada_colony_pune_iitm,"Mhada Colony, Pune - IITM",Pune,Maharashtra,18.57304,73.927715,2026-07-16 05:00:00,2026-07-16 05:38:19,42.0,73.0,36.0,,44.0,10.0,,462.64,Severe,CO,True,Valid AQI,462.64,Severe,CO,2026-07-16T10:45,28.1,65,0.0,0.0,14.1,253,946.2,29,58.88,Moderate trapping,True,Central India,Dense urban proxy,Proxy from station/city naming,60,High urban pressure,55,Moderate road density proxy,Proxy from city/station naming,Proxy geospatial features,70.41,High,2026-07-16 10:51:20
maharashtra__pune__panchawati_pashan_pune_iitm,"Panchawati_Pashan, Pune - IITM",Pune,Maharashtra,18.536457,73.805454,2026-07-16 05:00:00,2026-07-16 05:38:19,28.0,54.0,9.0,,68.0,2.0,,500.0,Severe,CO,True,Valid AQI,500.0,Severe,CO,2026-07-16T10:45,27.2,70,0.0,0.0,14.9,248,945.7,42,60.57,High trapping,True,Central India,Dense urban proxy,Proxy from station/city naming,60,High urban pressure,55,Moderate road density proxy,Proxy from city/station naming,Proxy geospatial features,74.6,High,2026-07-16 10:51:20
maharashtra__pune__revenue_colony_shivajinagar_pune_iitm,"Revenue Colony-Shivajinagar, Pune - IITM",Pune,Maharashtra,18.530085,73.849598,2026-07-16 05:00:00,2026-07-16 05:38:19,28.0,34.0,,19.0,17.0,13.0,,300.0,Poor,CO,True,Valid AQI,300.0,Poor,CO,2026-07-16T10:45,27.4,67,0.0,0.0,13.7,252,948.7,30,60.44,High trapping,True,Central India,Dense urban proxy,Proxy from station/city naming,60,High urban pressure,55,Moderate road density proxy,Proxy from city/station naming,Proxy geospatial features,55.92,High,2026-07-16 10:51:20
maharashtra__pune__savitribai_phule_pune_university_pune_mpcb,"Savitribai Phule Pune University, Pune - MPCB",Pune,Maharashtra,18.547056,73.826908,2026-07-16 05:00:00,2026-07-16 05:38:19,21.0,33.0,8.0,4.0,26.0,9.0,1.0,353.14,Very Poor,CO,True,Valid AQI,353.14,Very Poor,CO,2026-07-16T10:45,27.4,67,0.0,0.0,13.7,252,946.1,30,60.44,High trapping,True,Central India,Dense urban proxy,Proxy from station/city naming,60,High urban pressure,55,Moderate road density proxy,Proxy from city/station naming,Proxy geospatial features,60.87,High,2026-07-16 10:51:20
maharashtra__sangli__vijay_nagar_sangli_mpcb,"Vijay Nagar, Sangli - MPCB",Sangli,Maharashtra,16.5038,74.3623,2026-07-16 05:00:00,2026-07-16 05:38:19,32.0,55.0,2.0,7.0,13.0,17.0,0.0,242.61,Poor,CO,True,Valid AQI,242.61,Poor,CO,2026-07-16T10:45,27.0,70,0.0,0.0,16.8,260,947.3,30,55.93,Moderate trapping,True,Central India,General urban / semi-urban proxy,Proxy from station/city naming,15,Low urban pressure,20,Low road density proxy,Proxy from city/station naming,Proxy geospatial features,27.96,Moderate,2026-07-16 10:51:20
maharashtra__solapur__dnyaneshwar_nagar_solapur_mpcb,"Dnyaneshwar Nagar, Solapur - MPCB",Solapur,Maharashtra,17.6336264,75.9132495,2026-07-16 05:00:00,2026-07-16 05:38:19,33.0,43.0,10.0,2.0,7.0,8.0,9.0,162.41,Moderate,CO,True,Valid AQI,162.41,Moderate,CO,2026-07-16T10:45,30.3,53,0.1,0.1,14.4,282,955.6,62,50.97,Moderate trapping,True,Central India,General urban / semi-urban proxy,Proxy from station/city naming,15,Low urban pressure,20,Low road density proxy,Proxy from city/station naming,Proxy geospatial features,18.42,Low,2026-07-16 10:51:20
maharashtra__solapur__ratandeep_housing_society_solapur_mpcb,"Ratandeep Housing Society, Solapur - MPCB",Solapur,Maharashtra,17.65439,75.90649,2026-07-16 05:00:00,2026-07-16 05:38:19,33.0,45.0,,3.0,18.0,7.0,4.0,306.27,Very Poor,CO,True,Valid AQI,306.27,Very Poor,CO,2026-07-16T10:45,30.2,52,0.1,0.1,14.1,285,956.8,78,52.75,Moderate trapping,True,Central India,General urban / semi-urban proxy,Proxy from station/city naming,15,Low urban pressure,20,Low road density proxy,Proxy from city/station naming,Proxy geospatial features,32.56,Moderate,2026-07-16 10:51:20
maharashtra__thane__kasarvadavali_thane_mpcb,"Kasarvadavali, Thane - MPCB",Thane,Maharashtra,19.26777,72.97182,2026-07-16 05:00:00,2026-07-16 05:38:19,23.0,57.0,10.0,3.0,15.0,68.0,0.0,271.3,Poor,CO,True,Valid AQI,271.3,Poor,CO,2026-07-16T10:45,28.9,77,0.0,0.0,11.2,222,1007.4,66,72.24,High trapping,True,West India,General urban / semi-urban proxy,Proxy from station/city naming,15,Low urban pressure,20,Low road density proxy,Proxy from city/station naming,Proxy geospatial features,37.43,Moderate,2026-07-16 10:51:20
maharashtra__thane__upvan_fort_thane_mpcb,"Upvan Fort, Thane - MPCB",Thane,Maharashtra,19.222279,72.957979,2026-07-16 05:00:00,2026-07-16 05:38:19,23.0,33.0,,3.0,12.0,0.0,,228.26,Poor,CO,True,Valid AQI,228.26,Poor,CO,2026-07-16T10:45,29.1,75,0.0,0.0,11.1,222,1003.4,31,68.18,High trapping,True,West India,General urban / semi-urban proxy,Proxy from station/city naming,15,Low urban pressure,20,Low road density proxy,Proxy from city/station naming,Proxy geospatial features,31.73,Moderate,2026-07-16 10:51:20
maharashtra__ulhasnagar__sidhi_vinayak_nagar_ulhasnagar_mpcb,"Sidhi Vinayak Nagar, Ulhasnagar - MPCB",Ulhasnagar,Maharashtra,19.235581,73.159121,2026-07-16 05:00:00,2026-07-16 05:38:19,49.0,57.0,,7.0,23.0,13.0,3.0,335.56,Very Poor,CO,True,Valid AQI,335.56,Very Poor,CO,2026-07-16T10:45,30.4,65,0.0,0.0,13.1,228,1006.9,33,61.09,High trapping,True,Central India,General urban / semi-urban proxy,Proxy from station/city naming,15,Low urban pressure,20,Low road density proxy,Proxy from city/station naming,Proxy geospatial features,38.76,Moderate,2026-07-16 10:51:20
maharashtra__ulhasnagar__vithalwadi_ulhasnagar_mpcb,"Vithalwadi, Ulhasnagar - MPCB",Ulhasnagar,Maharashtra,19.2307571,73.155192,2026-07-16 05:00:00,2026-07-16 05:38:19,20.0,40.0,10.0,12.0,22.0,10.0,0.0,329.7,Very Poor,CO,True,Valid AQI,329.7,Very Poor,CO,2026-07-16T10:45,30.4,65,0.0,0.0,13.1,228,1007.6,33,61.09,High trapping,True,Central India,General urban / semi-urban proxy,Proxy from station/city naming,15,Low urban pressure,20,Low road density proxy,Proxy from city/station naming,Proxy geospatial features,38.22,Moderate,2026-07-16 10:51:20
maharashtra__virar__bolinj_virar_mpcb,"Bolinj, Virar - MPCB",Virar,Maharashtra,19.445821,72.7988231,2026-07-16 05:00:00,2026-07-16 05:38:19,39.0,78.0,15.0,3.0,26.0,23.0,9.0,353.14,Very Poor,CO,True,Valid AQI,353.14,Very Poor,CO,2026-07-16T10:45,28.6,75,0.0,0.0,14.4,213,1008.6,22,61.31,High trapping,True,West India,General urban / semi-urban proxy,Proxy from station/city naming,15,Low urban pressure,20,Low road density proxy,Proxy from city/station naming,Proxy geospatial features,40.49,Moderate,2026-07-16 10:51:20
meghalaya__byrnihat__tamulikuchi_byrnihat_meghalaya_pcb,"Tamulikuchi, Byrnihat - Meghalaya PCB",Byrnihat,Meghalaya,26.079047,91.875185,2026-07-16 05:00:00,2026-07-16 05:38:19,95.0,62.0,,,7.0,,0.0,214.66,Poor,PM2.5,True,Valid AQI,214.66,Poor,PM2.5,2026-07-16T10:45,31.9,73,0.0,0.0,3.7,337,993.1,62,83.94,Very high trapping,True,East India,General urban / semi-urban proxy,Proxy from station/city naming,15,Low urban pressure,20,Low road density proxy,Proxy from city/station naming,Proxy geospatial features,37.04,Moderate,2026-07-16 10:51:20
meghalaya__shillong__lumpyngngad_shillong_meghalaya_pcb,"Lumpyngngad, Shillong - Meghalaya PCB",Shillong,Meghalaya,25.5586,91.8985,2026-07-16 05:00:00,2026-07-16 05:38:19,,,0.0,10.0,14.0,15.0,0.0,256.96,Poor,CO,False,Insufficient pollutants,,Unknown,,2026-07-16T10:45,23.8,70,0.1,0.1,9.0,178,841.5,75,68.3,High trapping,True,East India,General urban / semi-urban proxy,Proxy from station/city naming,15,Low urban pressure,20,Low road density proxy,Proxy from city/station naming,Proxy geospatial features,,Unknown,2026-07-16 10:51:20
mizoram__aizawl__sikulpuikawn_aizawl_mizoram_pcb,"Sikulpuikawn, Aizawl - Mizoram PCB",Aizawl,Mizoram,23.7176342,92.7192841,2026-07-16 05:00:00,2026-07-16 05:38:19,,13.0,1.0,15.0,3.0,6.0,0.0,112.28,Moderate,CO,True,Valid AQI,112.28,Moderate,CO,2026-07-16T10:45,26.5,64,0.0,0.0,7.7,204,885.6,34,70.59,High trapping,True,East India,General urban / semi-urban proxy,Proxy from station/city naming,15,Low urban pressure,20,Low road density proxy,Proxy from city/station naming,Proxy geospatial features,21.94,Low,2026-07-16 10:51:20
nagaland__kohima__pwd_junction_kohima_npcb,"PWD Junction, Kohima - NPCB",Kohima,Nagaland,25.6635413,94.0989878,2026-07-16 05:00:00,2026-07-16 05:38:19,1.0,,4.0,53.0,4.0,,1.0,124.81,Moderate,CO,True,Valid AQI,124.81,Moderate,CO,2026-07-16T10:45,22.9,96,1.6,0.0,3.9,53,852.5,98,95.64,Very high trapping,True,East India,Traffic / commercial proxy,Proxy from station/city naming,30,Moderate urban pressure,75,High road density proxy,Proxy from city/station naming,Proxy geospatial features,45.89,Moderate,2026-07-16 10:51:20
odisha__angul__hakimapada_angul_ospcb,"Hakimapada, Angul - OSPCB",Angul,Odisha,20.832874,85.104082,2026-07-16 05:00:00,2026-07-16 05:38:19,32.0,70.0,20.0,24.0,64.0,14.0,3.0,500.0,Severe,CO,True,Valid AQI,500.0,Severe,CO,2026-07-16T10:45,27.1,89,0.1,0.1,20.1,275,988.0,100,57.69,Moderate trapping,True,East India,General urban / semi-urban proxy,Proxy from station/city naming,15,Low urban pressure,20,Low road density proxy,Proxy from city/station naming,Proxy geospatial features,52.66,High,2026-07-16 10:51:20
odisha__balasore__kalidaspur_balasore_ospcb,"Kalidaspur, Balasore - OSPCB",Balasore,Odisha,21.51161,86.89088,2026-07-16 05:00:00,2026-07-16 05:38:19,24.0,32.0,12.0,4.0,33.0,38.0,3.0,394.14,Very Poor,CO,True,Valid AQI,394.14,Very Poor,CO,2026-07-16T10:45,31.0,73,0.1,0.1,13.9,11,998.3,55,58.53,Moderate trapping,True,East India,General urban / semi-urban proxy,Proxy from station/city naming,15,Low urban pressure,20,Low road density proxy,Proxy from city/station naming,Proxy geospatial features,43.15,Moderate,2026-07-16 10:51:20
odisha__barbil__forest_office_barbil_ospcb,"Forest Office, Barbil - OSPCB",Barbil,Odisha,22.1166054,85.3945546,2026-07-16 05:00:00,2026-07-16 05:38:19,41.0,76.0,5.0,12.0,19.0,26.0,2.0,312.13,Very Poor,CO,True,Valid AQI,312.13,Very Poor,CO,2026-07-16T10:45,28.0,76,0.0,0.0,11.9,6,951.6,98,73.8,High trapping,True,East India,General urban / semi-urban proxy,Proxy from station/city naming,15,Low urban pressure,20,Low road density proxy,Proxy from city/station naming,Proxy geospatial features,41.89,Moderate,2026-07-16 10:51:20
odisha__baripada__meher_colony_baripada_ospcb,"Meher Colony, Baripada - OSPCB",Baripada,Odisha,21.941841,86.728318,2026-07-16 05:00:00,2026-07-16 05:38:19,29.0,36.0,15.0,10.0,4.0,25.0,2.0,124.81,Moderate,CO,True,Valid AQI,124.81,Moderate,CO,2026-07-16T10:45,30.7,73,0.1,0.1,11.3,359,994.9,90,66.74,High trapping,True,East India,General urban / semi-urban proxy,Proxy from station/city naming,15,Low urban pressure,20,Low road density proxy,Proxy from city/station naming,Proxy geospatial features,21.5,Low,2026-07-16 10:51:20
odisha__bhubaneswar__lingraj_mandir_bhubaneswar_ospcb,"Lingraj Mandir, Bhubaneswar - OSPCB",Bhubaneswar,Odisha,20.24079,85.836784,2026-07-16 05:00:00,2026-07-16 05:38:19,64.0,60.0,22.0,4.0,41.0,26.0,4.0,443.96,Severe,CO,True,Valid AQI,443.96,Severe,CO,2026-07-16T10:45,26.1,94,0.5,0.3,23.7,309,999.2,97,40.21,Moderate trapping,True,East India,General urban / semi-urban proxy,Proxy from station/city naming,15,Low urban pressure,20,Low road density proxy,Proxy from city/station naming,Proxy geospatial features,40.15,Moderate,2026-07-16 10:51:20
odisha__bhubaneswar__patia_bhubaneswar_ospcb,"Patia, Bhubaneswar - OSPCB",Bhubaneswar,Odisha,20.34652,85.8163,2026-07-16 05:00:00,2026-07-16 05:38:19,37.0,65.0,10.0,12.0,47.0,44.0,2.0,481.32,Severe,CO,True,Valid AQI,481.32,Severe,CO,2026-07-16T10:45,25.8,95,0.5,0.4,21.1,305,996.3,100,39.34,Moderate trapping,True,East India,General urban / semi-urban proxy,Proxy from station/city naming,15,Low urban pressure,20,Low road density proxy,Proxy from city/station naming,Proxy geospatial features,43.26,Moderate,2026-07-16 10:51:20
odisha__bileipada__tata_township_bileipada_ospcb,"Tata Township, Bileipada - OSPCB",Bileipada,Odisha,22.06156703,85.47409613,2026-07-16 05:00:00,2026-07-16 05:38:19,76.0,98.0,16.0,8.0,24.0,15.0,5.0,341.42,Very Poor,CO,True,Valid AQI,341.42,Very Poor,CO,2026-07-16T10:45,28.5,74,0.0,0.0,14.3,5,952.9,96,68.53,High trapping,True,East India,General urban / semi-urban proxy,Proxy from station/city naming,15,Low urban pressure,20,Low road density proxy,Proxy from city/station naming,Proxy geospatial features,42.41,Moderate,2026-07-16 10:51:20
odisha__brajrajnagar__gm_office_brajrajnagar_ospcb,"GM Office, Brajrajnagar - OSPCB",Brajrajnagar,Odisha,21.8004996,83.8396977,2026-07-16 05:00:00,2026-07-16 05:38:19,25.0,35.0,23.0,24.0,28.0,42.0,4.0,364.85,Very Poor,CO,True,Valid AQI,364.85,Very Poor,CO,2026-07-16T10:45,28.6,80,0.0,0.0,8.3,268,980.3,98,81.79,Very high trapping,True,Central India,General urban / semi-urban proxy,Proxy from station/city naming,15,Low urban pressure,20,Low road density proxy,Proxy from city/station naming,Proxy geospatial features,50.13,High,2026-07-16 10:51:20
odisha__byasanagar__ferro_chrome_colony_byasanagar_ospcb,"Ferro Chrome Colony, Byasanagar - OSPCB",Byasanagar,Odisha,20.94185,86.1151,2026-07-16 05:00:00,2026-07-16 05:38:19,,,,,23.0,31.0,,335.56,Very Poor,CO,False,Insufficient pollutants,,Unknown,,2026-07-16T10:45,28.1,92,0.6,0.0,10.6,260,997.1,95,81.74,Very high trapping,True,East India,General urban / semi-urban proxy,Proxy from station/city naming,15,Low urban pressure,20,Low road density proxy,Proxy from city/station naming,Proxy geospatial features,,Unknown,2026-07-16 10:51:20
odisha__cuttack__cda_area_cuttack_ospcb,"CDA Area, Cuttack - OSPCB",Cuttack,Odisha,20.48891,85.84768,2026-07-16 05:00:00,2026-07-16 05:38:19,57.0,78.0,30.0,13.0,55.0,47.0,8.0,500.0,Severe,CO,True,Valid AQI,500.0,Severe,CO,2026-07-16T10:45,25.8,95,0.5,0.1,23.1,302,998.6,100,54.47,Moderate trapping,True,East India,Industrial / mixed urban proxy,Proxy from station/city naming,35,Moderate urban pressure,30,Moderate road density proxy,Proxy from city/station naming,Proxy geospatial features,59.84,High,2026-07-16 10:51:20
odisha__keonjhar__jagamohanpur_keonjhar_ospcb,"Jagamohanpur, Keonjhar - OSPCB",Keonjhar,Odisha,21.6439,85.599355,2026-07-16 05:00:00,2026-07-16 05:38:19,31.0,63.0,14.0,13.0,35.0,17.0,2.0,406.6,Severe,CO,True,Valid AQI,406.6,Severe,CO,2026-07-16T10:45,28.3,75,0.1,0.1,16.3,7,951.6,77,57.12,Moderate trapping,True,East India,General urban / semi-urban proxy,Proxy from station/city naming,15,Low urban pressure,20,Low road density proxy,Proxy from city/station naming,Proxy geospatial features,43.72,Moderate,2026-07-16 10:51:20
odisha__rairangpur__divisional_forest_office_rairangpur_ospcb,"Divisional Forest Office, Rairangpur - OSPCB",Rairangpur,Odisha,22.265816,86.174829,2026-07-16 05:00:00,2026-07-16 05:38:19,22.0,38.0,6.0,7.0,15.0,7.0,3.0,271.3,Poor,CO,True,Valid AQI,271.3,Poor,CO,2026-07-16T10:45,29.4,77,1.7,0.1,11.0,11,972.6,93,69.05,High trapping,True,East India,General urban / semi-urban proxy,Proxy from station/city naming,15,Low urban pressure,20,Low road density proxy,Proxy from city/station naming,Proxy geospatial features,36.1,Moderate,2026-07-16 10:51:20
odisha__rourkela__fertilizer_township_rourkela_ospcb,"Fertilizer Township, Rourkela - OSPCB",Rourkela,Odisha,22.18972222,84.86277778,2026-07-16 05:00:00,2026-07-16 05:38:19,64.0,58.0,11.0,11.0,18.0,,,306.27,Very Poor,CO,True,Valid AQI,306.27,Very Poor,CO,2026-07-16T10:45,29.8,80,1.4,0.0,7.6,333,979.6,35,76.76,High trapping,True,Central India,General urban / semi-urban proxy,Proxy from station/city naming,15,Low urban pressure,20,Low road density proxy,Proxy from city/station naming,Proxy geospatial features,42.58,Moderate,2026-07-16 10:51:20
odisha__rourkela__raghunathpali_rourkela_ospcb,"Raghunathpali, Rourkela - OSPCB",Rourkela,Odisha,22.220833,84.809444,2026-07-16 05:00:00,2026-07-16 05:38:19,33.0,155.0,15.0,6.0,43.0,8.0,2.0,456.42,Severe,CO,True,Valid AQI,456.42,Severe,CO,2026-07-16T10:45,29.2,82,1.0,0.1,8.6,303,982.2,63,72.23,High trapping,True,Central India,General urban / semi-urban proxy,Proxy from station/city naming,15,Low urban pressure,20,Low road density proxy,Proxy from city/station naming,Proxy geospatial features,54.66,High,2026-07-16 10:51:20
odisha__rourkela__sector_2_rourkela_ospcb,"Sector-2, Rourkela - OSPCB",Rourkela,Odisha,22.245,84.88111111,2026-07-16 05:00:00,2026-07-16 05:38:19,53.0,57.0,11.0,,18.0,,,306.27,Very Poor,CO,True,Valid AQI,306.27,Very Poor,CO,2026-07-16T10:45,28.9,85,0.6,0.0,7.1,300,978.4,60,82.0,Very high trapping,True,Central India,Industrial / mixed urban proxy,Proxy from station/city naming,35,Moderate urban pressure,30,Moderate road density proxy,Proxy from city/station naming,Proxy geospatial features,53.28,High,2026-07-16 10:51:20
odisha__suakati__omc_colony_suakati_ospcb,"OMC Colony, Suakati - OSPCB",Suakati,Odisha,21.606865,85.510538,2026-07-16 05:00:00,2026-07-16 05:38:19,42.0,88.0,18.0,3.0,8.0,16.0,3.0,174.94,Moderate,CO,True,Valid AQI,174.94,Moderate,CO,2026-07-16T10:45,26.9,79,0.1,0.0,16.4,8,933.3,98,66.76,High trapping,True,East India,General urban / semi-urban proxy,Proxy from station/city naming,15,Low urban pressure,20,Low road density proxy,Proxy from city/station naming,Proxy geospatial features,26.18,Moderate,2026-07-16 10:51:20
odisha__talcher__talcher_coalfields_talcher_ospcb,"Talcher Coalfields,Talcher - OSPCB",Talcher,Odisha,20.9360711,85.1707021,2026-07-16 05:00:00,2026-07-16 05:38:19,,35.0,40.0,58.0,26.0,18.0,7.0,353.14,Very Poor,CO,True,Valid AQI,353.14,Very Poor,CO,2026-07-16T10:45,27.7,85,0.1,0.1,16.1,286,990.8,100,63.46,High trapping,True,East India,General urban / semi-urban proxy,Proxy from station/city naming,15,Low urban pressure,20,Low road density proxy,Proxy from city/station naming,Proxy geospatial features,41.39,Moderate,2026-07-16 10:51:20
odisha__tensa__barsua_iron_ore_mines_tensa_ospcb,"Barsua Iron Ore Mines, Tensa - OSPCB",Tensa,Odisha,21.869985,85.167016,2026-07-16 05:00:00,2026-07-16 05:38:19,27.0,55.0,,31.0,,,,55.0,Satisfactory,PM10,True,Valid AQI,55.0,Satisfactory,PM10,2026-07-16T10:45,26.0,80,0.1,0.0,12.3,350,916.4,100,74.75,High trapping,True,East India,General urban / semi-urban proxy,Proxy from station/city naming,15,Low urban pressure,20,Low road density proxy,Proxy from city/station naming,Proxy geospatial features,18.34,Low,2026-07-16 10:51:20
puducherry__puducherry__jawahar_nagar_puducherry_ppcc,"Jawahar Nagar, Puducherry - PPCC",Puducherry,Puducherry,11.9309,79.8027,2026-07-16 05:00:00,2026-07-16 05:38:19,29.0,54.0,10.0,8.0,16.0,33.0,3.0,285.65,Poor,CO,True,Valid AQI,285.65,Poor,CO,2026-07-16T10:45,34.3,43,0.0,0.0,13.8,263,1007.9,33,51.73,Moderate trapping,True,South India,General urban / semi-urban proxy,Proxy from station/city naming,15,Low urban pressure,20,Low road density proxy,Proxy from city/station naming,Proxy geospatial features,30.21,Moderate,2026-07-16 10:51:20
punjab__amritsar__golden_temple_amritsar_ppcb,"Golden Temple, Amritsar - PPCB",Amritsar,Punjab,31.62,74.876512,2026-07-16 05:00:00,2026-07-16 05:38:19,99.0,106.0,16.0,13.0,29.0,39.0,7.0,370.71,Very Poor,CO,True,Valid AQI,370.71,Very Poor,CO,2026-07-16T10:45,33.3,59,0.0,0.0,2.3,293,976.9,3,75.43,High trapping,True,North India,General urban / semi-urban proxy,Proxy from station/city naming,15,Low urban pressure,20,Low road density proxy,Proxy from city/station naming,Proxy geospatial features,48.02,Moderate,2026-07-16 10:51:20
punjab__bathinda__hardev_nagar_bathinda_ppcb,"Hardev Nagar, Bathinda - PPCB",Bathinda,Punjab,30.233011,74.907758,2026-07-16 05:00:00,2026-07-16 05:38:19,24.0,37.0,32.0,16.0,66.0,,,500.0,Severe,CO,True,Valid AQI,500.0,Severe,CO,2026-07-16T10:45,36.3,47,0.0,0.0,8.2,251,979.8,5,60.54,High trapping,True,North India,General urban / semi-urban proxy,Proxy from station/city naming,15,Low urban pressure,20,Low road density proxy,Proxy from city/station naming,Proxy geospatial features,53.85,High,2026-07-16 10:51:20
punjab__jalandhar__civil_line_jalandhar_ppcb,"Civil Line, Jalandhar - PPCB",Jalandhar,Punjab,31.321907,75.578914,2026-07-16 05:00:00,2026-07-16 05:38:19,46.0,77.0,32.0,14.0,41.0,45.0,4.0,443.96,Severe,CO,True,Valid AQI,443.96,Severe,CO,2026-07-16T10:45,33.6,57,0.0,0.0,2.7,274,976.0,1,73.77,High trapping,True,North India,General urban / semi-urban proxy,Proxy from station/city naming,15,Low urban pressure,20,Low road density proxy,Proxy from city/station naming,Proxy geospatial features,54.15,High,2026-07-16 10:51:20
punjab__khanna__kalal_majra_khanna_ppcb,"Kalal Majra, Khanna - PPCB",Khanna,Punjab,30.736056,76.209694,2026-07-16 05:00:00,2026-07-16 05:38:19,44.0,70.0,28.0,15.0,45.0,24.0,7.0,468.87,Severe,CO,True,Valid AQI,468.87,Severe,CO,2026-07-16T10:45,33.4,61,0.0,0.0,5.5,279,973.6,12,71.27,High trapping,True,North India,General urban / semi-urban proxy,Proxy from station/city naming,15,Low urban pressure,20,Low road density proxy,Proxy from city/station naming,Proxy geospatial features,55.42,High,2026-07-16 10:51:20
punjab__ludhiana__punjab_agricultural_university_ludhiana_ppcb,"Punjab Agricultural University, Ludhiana - PPCB",Ludhiana,Punjab,30.9028,75.8086,2026-07-16 05:00:00,2026-07-16 05:38:19,92.0,106.0,32.0,11.0,25.0,71.0,7.0,347.28,Very Poor,CO,True,Valid AQI,347.28,Very Poor,CO,2026-07-16T10:45,34.2,54,0.0,0.0,4.6,279,975.4,3,69.43,High trapping,True,North India,Dense urban proxy,Proxy from station/city naming,60,High urban pressure,55,Moderate road density proxy,Proxy from city/station naming,Proxy geospatial features,64.07,High,2026-07-16 10:51:20
punjab__mandi_gobindgarh__rimt_university_mandi_gobindgarh_ppcb,"RIMT University, Mandi Gobindgarh - PPCB",Mandi Gobindgarh,Punjab,30.649961,76.331442,2026-07-16 05:00:00,2026-07-16 05:38:19,93.0,117.0,24.0,26.0,50.0,39.0,5.0,500.0,Severe,CO,True,Valid AQI,500.0,Severe,CO,2026-07-16T10:45,33.5,60,0.1,0.1,5.7,281,973.7,21,65.19,High trapping,True,North India,Industrial / mixed urban proxy,Proxy from station/city naming,35,Moderate urban pressure,30,Moderate road density proxy,Proxy from city/station naming,Proxy geospatial features,64.31,High,2026-07-16 10:51:20
punjab__patiala__model_town_patiala_ppcb,"Model Town, Patiala - PPCB",Patiala,Punjab,30.349388,76.366642,2026-07-16 05:00:00,2026-07-16 05:38:19,67.0,123.0,17.0,11.0,27.0,18.0,6.0,358.99,Very Poor,CO,True,Valid AQI,358.99,Very Poor,CO,2026-07-16T10:45,33.9,57,0.0,0.0,6.1,282,974.8,2,67.72,High trapping,True,North India,General urban / semi-urban proxy,Proxy from station/city naming,15,Low urban pressure,20,Low road density proxy,Proxy from city/station naming,Proxy geospatial features,43.71,Moderate,2026-07-16 10:51:20
punjab__rupnagar__ratanpura_rupnagar_ambuja_cements,"Ratanpura, Rupnagar - Ambuja Cements",Rupnagar,Punjab,31.0325454,76.5623046,2026-07-16 05:00:00,2026-07-16 05:38:19,106.0,68.0,27.0,12.0,50.0,,,500.0,Severe,CO,True,Valid AQI,500.0,Severe,CO,2026-07-16T10:45,33.9,57,0.0,0.0,2.7,298,972.5,4,74.07,High trapping,True,North India,General urban / semi-urban proxy,Proxy from station/city naming,15,Low urban pressure,20,Low road density proxy,Proxy from city/station naming,Proxy geospatial features,59.49,High,2026-07-16 10:51:20
rajasthan__ajmer__civil_lines_ajmer_rspcb,"Civil Lines,  Ajmer - RSPCB",Ajmer,Rajasthan,26.470859,74.646594,2026-07-16 05:00:00,2026-07-16 05:38:19,88.0,109.0,39.0,4.0,17.0,15.0,5.0,300.0,Poor,CO,True,Valid AQI,300.0,Poor,CO,2026-07-16T10:45,30.9,57,0.0,0.0,16.1,260,953.2,5,49.92,Moderate trapping,True,Central India,General urban / semi-urban proxy,Proxy from station/city naming,15,Low urban pressure,20,Low road density proxy,Proxy from city/station naming,Proxy geospatial features,30.79,Moderate,2026-07-16 10:51:20
rajasthan__alwar__moti_doongri_alwar_rspcb,"Moti Doongri, Alwar - RSPCB",Alwar,Rajasthan,27.554793,76.611536,2026-07-16 05:00:00,2026-07-16 05:38:19,115.0,95.0,57.0,40.0,25.0,23.0,10.0,347.28,Very Poor,CO,True,Valid AQI,347.28,Very Poor,CO,2026-07-16T10:45,34.8,46,0.0,0.0,14.2,286,973.9,5,49.31,Moderate trapping,True,Central India,General urban / semi-urban proxy,Proxy from station/city naming,15,Low urban pressure,20,Low road density proxy,Proxy from city/station naming,Proxy geospatial features,34.94,Moderate,2026-07-16 10:51:20
rajasthan__banswara__rati_talai_banswara_rspcb,"Rati Talai, Banswara - RSPCB",Banswara,Rajasthan,23.55519,74.44001,2026-07-16 05:00:00,2026-07-16 05:38:19,63.0,96.0,24.0,4.0,9.0,23.0,2.0,187.47,Moderate,CO,True,Valid AQI,187.47,Moderate,CO,2026-07-16T10:45,30.5,63,0.0,0.0,11.4,257,982.4,16,61.73,High trapping,True,Central India,General urban / semi-urban proxy,Proxy from station/city naming,15,Low urban pressure,20,Low road density proxy,Proxy from city/station naming,Proxy geospatial features,25.24,Moderate,2026-07-16 10:51:20
rajasthan__baran__bamboliya_baran_rspcb,"Bamboliya, Baran - RSPCB",Baran,Rajasthan,25.106006,76.469948,2026-07-16 05:00:00,2026-07-16 05:38:19,48.0,98.0,19.0,12.0,36.0,30.0,5.0,412.83,Severe,CO,True,Valid AQI,412.83,Severe,CO,2026-07-16T10:45,33.5,52,0.0,0.0,14.9,282,976.1,9,50.65,Moderate trapping,True,Central India,General urban / semi-urban proxy,Proxy from station/city naming,15,Low urban pressure,20,Low road density proxy,Proxy from city/station naming,Proxy geospatial features,41.6,Moderate,2026-07-16 10:51:20
rajasthan__barmer__railway_colony_barmer_rspcb,"Railway Colony, Barmer - RSPCB",Barmer,Rajasthan,25.747299,71.393989,2026-07-16 05:00:00,2026-07-16 05:38:19,25.0,96.0,8.0,3.0,10.0,29.0,6.0,200.0,Moderate,CO,True,Valid AQI,200.0,Moderate,CO,2026-07-16T10:45,32.2,54,0.0,0.0,13.3,215,983.6,7,54.08,Moderate trapping,True,West India,Traffic / commercial proxy,Proxy from station/city naming,30,Moderate urban pressure,75,High road density proxy,Proxy from city/station naming,Proxy geospatial features,35.55,Moderate,2026-07-16 10:51:20
rajasthan__bharatpur__krishna_nagar_bharatpur_rspcb,"Krishna Nagar, Bharatpur - RSPCB",Bharatpur,Rajasthan,27.215415,77.50873,2026-07-16 05:00:00,2026-07-16 05:38:19,28.0,69.0,16.0,,12.0,26.0,8.0,228.26,Poor,CO,True,Valid AQI,228.26,Poor,CO,2026-07-16T10:45,34.9,50,0.0,0.0,12.8,284,983.9,4,53.22,Moderate trapping,True,Central India,General urban / semi-urban proxy,Proxy from station/city naming,15,Low urban pressure,20,Low road density proxy,Proxy from city/station naming,Proxy geospatial features,25.49,Moderate,2026-07-16 10:51:20
rajasthan__bhilwara__pratap_nagar_bhilwara_rspcb,"Pratap Nagar, Bhilwara - RSPCB",Bhilwara,Rajasthan,25.339605,74.618883,2026-07-16 05:00:00,2026-07-16 05:38:19,51.0,104.0,14.0,7.0,38.0,33.0,5.0,425.28,Severe,CO,True,Valid AQI,425.28,Severe,CO,2026-07-16T10:45,31.2,57,0.0,0.0,10.9,261,959.7,14,60.23,High trapping,True,Central India,General urban / semi-urban proxy,Proxy from station/city naming,15,Low urban pressure,20,Low road density proxy,Proxy from city/station naming,Proxy geospatial features,46.76,Moderate,2026-07-16 10:51:20
rajasthan__bhiwadi__riico_ind_area_iii_bhiwadi_rspcb,"RIICO Ind. Area III, Bhiwadi - RSPCB",Bhiwadi,Rajasthan,28.194909,76.862296,2026-07-16 05:00:00,2026-07-16 05:38:19,104.0,129.0,36.0,12.0,28.0,10.0,10.0,364.85,Very Poor,CO,True,Valid AQI,364.85,Very Poor,CO,2026-07-16T10:45,34.5,48,0.0,0.0,15.9,282,973.8,0,46.47,Moderate trapping,True,North India,Industrial / mixed urban proxy,Proxy from station/city naming,35,Moderate urban pressure,30,Moderate road density proxy,Proxy from city/station naming,Proxy geospatial features,43.91,Moderate,2026-07-16 10:51:20
rajasthan__bhiwadi__vasundhara_nagar_uit_bhiwadi_rspcb,"Vasundhara Nagar_UIT, Bhiwadi - RSPCB",Bhiwadi,Rajasthan,28.207266,76.829265,2026-07-16 05:00:00,2026-07-16 05:38:19,69.0,100.0,17.0,8.0,17.0,25.0,7.0,300.0,Poor,CO,True,Valid AQI,300.0,Poor,CO,2026-07-16T10:45,34.5,48,0.0,0.0,15.9,282,975.6,0,46.47,Moderate trapping,True,North India,General urban / semi-urban proxy,Proxy from station/city naming,15,Low urban pressure,20,Low road density proxy,Proxy from city/station naming,Proxy geospatial features,29.35,Moderate,2026-07-16 10:51:20
rajasthan__bikaner__mm_ground_bikaner_rspcb,"MM Ground, Bikaner - RSPCB",Bikaner,Rajasthan,28.018792,73.292658,2026-07-16 05:00:00,2026-07-16 05:38:19,29.0,141.0,12.0,6.0,14.0,35.0,5.0,256.96,Poor,CO,True,Valid AQI,256.96,Poor,CO,2026-07-16T10:45,35.9,40,0.0,0.0,12.4,244,977.5,1,49.96,Moderate trapping,True,North India,General urban / semi-urban proxy,Proxy from station/city naming,15,Low urban pressure,20,Low road density proxy,Proxy from city/station naming,Proxy geospatial features,26.8,Moderate,2026-07-16 10:51:20
rajasthan__bundi__new_colony_bundi_rspcb,"New Colony, Bundi - RSPCB",Bundi,Rajasthan,25.435774,75.644272,2026-07-16 05:00:00,2026-07-16 05:38:19,34.0,80.0,30.0,5.0,14.0,40.0,,256.96,Poor,CO,True,Valid AQI,256.96,Poor,CO,2026-07-16T10:45,33.1,53,0.0,0.0,13.4,275,976.2,28,55.63,Moderate trapping,True,Central India,General urban / semi-urban proxy,Proxy from station/city naming,15,Low urban pressure,20,Low road density proxy,Proxy from city/station naming,Proxy geospatial features,29.17,Moderate,2026-07-16 10:51:20
rajasthan__chittorgarh__shastri_nagar_chittorgarh_rspcb,"Shastri Nagar, Chittorgarh - RSPCB",Chittorgarh,Rajasthan,24.892047,74.623527,2026-07-16 05:00:00,2026-07-16 05:38:19,61.0,84.0,58.0,11.0,5.0,28.0,5.0,137.34,Moderate,CO,True,Valid AQI,137.34,Moderate,CO,2026-07-16T10:45,30.7,59,0.0,0.0,10.6,246,962.9,18,61.91,High trapping,True,Central India,General urban / semi-urban proxy,Proxy from station/city naming,15,Low urban pressure,20,Low road density proxy,Proxy from city/station naming,Proxy geospatial features,20.65,Low,2026-07-16 10:51:20
rajasthan__churu__subash_chowk_churu_rspcb,"Subash Chowk, Churu - RSPCB",Churu,Rajasthan,28.296139,74.961696,2026-07-16 05:00:00,2026-07-16 05:38:19,37.0,163.0,4.0,3.0,19.0,25.0,6.0,312.13,Very Poor,CO,True,Valid AQI,312.13,Very Poor,CO,2026-07-16T10:45,35.2,44,0.0,0.0,15.3,258,971.8,3,46.39,Moderate trapping,True,North India,Traffic / commercial proxy,Proxy from station/city naming,30,Moderate urban pressure,75,High road density proxy,Proxy from city/station naming,Proxy geospatial features,42.78,Moderate,2026-07-16 10:51:20
rajasthan__dausa__khatikan_mohalla_dausa_rspcb,"Khatikan Mohalla, Dausa - RSPCB",Dausa,Rajasthan,26.895552,76.334753,2026-07-16 05:00:00,2026-07-16 05:38:19,46.0,118.0,34.0,2.0,39.0,13.0,12.0,431.51,Severe,CO,True,Valid AQI,431.51,Severe,CO,2026-07-16T10:45,34.2,48,0.0,0.0,16.2,274,967.3,6,46.53,Moderate trapping,True,Central India,General urban / semi-urban proxy,Proxy from station/city naming,15,Low urban pressure,20,Low road density proxy,Proxy from city/station naming,Proxy geospatial features,41.62,Moderate,2026-07-16 10:51:20
rajasthan__dholpur__raja_ganj_dholpur_rspcb,"Raja Ganj, Dholpur - RSPCB",Dholpur,Rajasthan,26.699557,77.898881,2026-07-16 05:00:00,2026-07-16 05:38:19,49.0,40.0,12.0,5.0,21.0,19.0,5.0,323.85,Very Poor,CO,True,Valid AQI,323.85,Very Poor,CO,2026-07-16T10:45,35.2,47,0.0,0.0,15.9,288,984.0,5,46.6,Moderate trapping,True,Central India,General urban / semi-urban proxy,Proxy from station/city naming,15,Low urban pressure,20,Low road density proxy,Proxy from city/station naming,Proxy geospatial features,31.63,Moderate,2026-07-16 10:51:20
rajasthan__dungarpur__bhoiwada_dungarpur_rspcb,"Bhoiwada, Dungarpur - RSPCB",Dungarpur,Rajasthan,23.837789,73.714926,2026-07-16 05:00:00,2026-07-16 05:38:19,42.0,47.0,12.0,9.0,30.0,31.0,12.0,376.57,Very Poor,CO,True,Valid AQI,376.57,Very Poor,CO,2026-07-16T10:45,30.6,61,0.0,0.0,11.5,245,975.5,26,61.81,High trapping,True,Central India,General urban / semi-urban proxy,Proxy from station/city naming,15,Low urban pressure,20,Low road density proxy,Proxy from city/station naming,Proxy geospatial features,42.88,Moderate,2026-07-16 10:51:20
rajasthan__hanumangarh__housing_board_hanumangarh_rspcb,"Housing Board, Hanumangarh - RSPCB",Hanumangarh,Rajasthan,29.61075,74.283608,2026-07-16 05:00:00,2026-07-16 05:38:19,29.0,96.0,5.0,5.0,17.0,54.0,10.0,300.0,Poor,CO,True,Valid AQI,300.0,Poor,CO,2026-07-16T10:45,36.4,41,0.0,0.0,11.5,250,982.6,0,51.86,Moderate trapping,True,North India,General urban / semi-urban proxy,Proxy from station/city naming,15,Low urban pressure,20,Low road density proxy,Proxy from city/station naming,Proxy geospatial features,31.6,Moderate,2026-07-16 10:51:20
rajasthan__jaipur__adarsh_nagar_jaipur_rspcb,"Adarsh Nagar, Jaipur - RSPCB",Jaipur,Rajasthan,26.902909,75.836858,2026-07-16 05:00:00,2026-07-16 05:38:19,89.0,97.0,38.0,24.0,27.0,49.0,5.0,358.99,Very Poor,CO,True,Valid AQI,358.99,Very Poor,CO,2026-07-16T10:45,33.8,46,0.0,0.0,13.2,274,956.1,2,50.82,Moderate trapping,True,Central India,Dense urban proxy,Proxy from station/city naming,60,High urban pressure,55,Moderate road density proxy,Proxy from city/station naming,Proxy geospatial features,57.4,High,2026-07-16 10:51:20
rajasthan__jaipur__mansarovar_sector_12_jaipur_rspcb,"Mansarovar Sector-12, Jaipur - RSPCB",Jaipur,Rajasthan,26.843698,75.766894,2026-07-16 05:00:00,2026-07-16 05:38:19,55.0,136.0,17.0,3.0,30.0,37.0,7.0,376.57,Very Poor,CO,True,Valid AQI,376.57,Very Poor,CO,2026-07-16T10:45,32.8,53,0.0,0.0,15.0,277,961.8,4,50.34,Moderate trapping,True,Central India,Industrial / mixed urban proxy,Proxy from station/city naming,70,High urban pressure,65,High road density proxy,Proxy from city/station naming,Proxy geospatial features,63.72,High,2026-07-16 10:51:20
rajasthan__jaipur__police_commissionerate_jaipur_rspcb,"Police Commissionerate, Jaipur - RSPCB",Jaipur,Rajasthan,26.9164092,75.7994901,2026-07-16 05:00:00,2026-07-16 05:38:19,95.0,106.0,52.0,19.0,43.0,28.0,10.0,456.42,Severe,CO,True,Valid AQI,456.42,Severe,CO,2026-07-16T10:45,33.8,46,0.0,0.0,13.2,274,957.5,2,50.82,Moderate trapping,True,Central India,Dense urban proxy,Proxy from station/city naming,60,High urban pressure,55,Moderate road density proxy,Proxy from city/station naming,Proxy geospatial features,66.47,High,2026-07-16 10:51:20
rajasthan__jaipur__riico_sitapura_jaipur_rspcb,"RIICO Sitapura, Jaipur - RSPCB",Jaipur,Rajasthan,26.786682,75.827928,2026-07-16 05:00:00,2026-07-16 05:38:19,232.0,134.0,30.0,8.0,35.0,25.0,2.0,406.6,Severe,CO,True,Valid AQI,406.6,Severe,CO,2026-07-16T10:45,33.2,51,0.0,0.0,14.4,274,965.1,6,50.89,Moderate trapping,True,Central India,Dense urban proxy,Proxy from station/city naming,60,High urban pressure,55,Moderate road density proxy,Proxy from city/station naming,Proxy geospatial features,61.86,High,2026-07-16 10:51:20
rajasthan__jaipur__sector_2_murlipura_jaipur_rspcb,"Sector-2 Murlipura, Jaipur - RSPCB",Jaipur,Rajasthan,26.960669,75.771817,2026-07-16 05:00:00,2026-07-16 05:38:19,70.0,139.0,23.0,3.0,53.0,36.0,5.0,500.0,Severe,CO,True,Valid AQI,500.0,Severe,CO,2026-07-16T10:45,33.3,48,0.0,0.0,13.6,275,956.4,15,52.13,Moderate trapping,True,Central India,Industrial / mixed urban proxy,Proxy from station/city naming,70,High urban pressure,65,High road density proxy,Proxy from city/station naming,Proxy geospatial features,75.96,Critical,2026-07-16 10:51:20
rajasthan__jaipur__shastri_nagar_jaipur_rspcb,"Shastri Nagar, Jaipur - RSPCB",Jaipur,Rajasthan,26.9502929,75.730943,2026-07-16 05:00:00,2026-07-16 05:38:19,97.0,117.0,26.0,20.0,39.0,37.0,9.0,431.51,Severe,CO,True,Valid AQI,431.51,Severe,CO,2026-07-16T10:45,32.6,52,0.0,0.0,13.9,274,957.3,8,52.36,Moderate trapping,True,Central India,Dense urban proxy,Proxy from station/city naming,60,High urban pressure,55,Moderate road density proxy,Proxy from city/station naming,Proxy geospatial features,64.79,High,2026-07-16 10:51:20
rajasthan__jaisalmer__sadar_bazar_jaisalmer_rspcb,"Sadar Bazar, Jaisalmer - RSPCB",Jaisalmer,Rajasthan,26.912329,70.909168,2026-07-16 05:00:00,2026-07-16 05:38:19,43.0,127.0,11.0,2.0,12.0,26.0,15.0,228.26,Poor,CO,True,Valid AQI,228.26,Poor,CO,2026-07-16T10:45,33.3,49,0.0,0.0,14.9,200,978.2,1,48.75,Moderate trapping,True,West India,General urban / semi-urban proxy,Proxy from station/city naming,15,Low urban pressure,20,Low road density proxy,Proxy from city/station naming,Proxy geospatial features,23.63,Low,2026-07-16 10:51:20
rajasthan__jalore__mudtra_sili_jalore_rspcb,"Mudtra Sili, Jalore - RSPCB",Jalore,Rajasthan,25.344694,72.626208,2026-07-16 05:00:00,2026-07-16 05:38:19,36.0,85.0,11.0,2.0,14.0,36.0,3.0,256.96,Poor,CO,True,Valid AQI,256.96,Poor,CO,2026-07-16T10:45,32.3,55,0.0,0.0,14.5,234,987.3,2,51.78,Moderate trapping,True,West India,General urban / semi-urban proxy,Proxy from station/city naming,15,Low urban pressure,20,Low road density proxy,Proxy from city/station naming,Proxy geospatial features,27.56,Moderate,2026-07-16 10:51:20
rajasthan__jhalawar__rajlaxmi_nagar_jhalawar_rspcb,"Rajlaxmi Nagar, Jhalawar - RSPCB",Jhalawar,Rajasthan,24.588397,76.172782,2026-07-16 05:00:00,2026-07-16 05:38:19,39.0,74.0,29.0,9.0,40.0,38.0,4.0,437.74,Severe,CO,True,Valid AQI,437.74,Severe,CO,2026-07-16T10:45,32.1,57,0.0,0.0,13.3,269,971.8,29,57.39,Moderate trapping,True,Central India,General urban / semi-urban proxy,Proxy from station/city naming,15,Low urban pressure,20,Low road density proxy,Proxy from city/station naming,Proxy geospatial features,46.73,Moderate,2026-07-16 10:51:20
rajasthan__jhunjhunu__indra_nagar_jhunjhunu_rspcb,"Indra Nagar, Jhunjhunu - RSPCB",Jhunjhunu,Rajasthan,28.108988,75.386577,2026-07-16 05:00:00,2026-07-16 05:38:19,58.0,131.0,6.0,3.0,10.0,33.0,7.0,200.0,Moderate,CO,True,Valid AQI,200.0,Moderate,CO,2026-07-16T10:45,34.5,45,0.0,0.0,14.9,262,967.1,4,47.58,Moderate trapping,True,North India,General urban / semi-urban proxy,Proxy from station/city naming,15,Low urban pressure,20,Low road density proxy,Proxy from city/station naming,Proxy geospatial features,20.51,Low,2026-07-16 10:51:20
rajasthan__jodhpur__collectorate_jodhpur_rspcb,"Collectorate, Jodhpur - RSPCB",Jodhpur,Rajasthan,26.268249,73.0193853,2026-07-16 05:00:00,2026-07-16 05:38:19,49.0,81.0,17.0,5.0,43.0,19.0,4.0,456.42,Severe,CO,True,Valid AQI,456.42,Severe,CO,2026-07-16T10:45,33.3,48,0.0,0.0,13.3,228,980.2,0,51.18,Moderate trapping,True,Central India,General urban / semi-urban proxy,Proxy from station/city naming,15,Low urban pressure,20,Low road density proxy,Proxy from city/station naming,Proxy geospatial features,45.88,Moderate,2026-07-16 10:51:20
rajasthan__jodhpur__digari_kalan_jodhpur_rspcb,"Digari Kalan, Jodhpur - RSPCB",Jodhpur,Rajasthan,26.29581,73.082283,2026-07-16 05:00:00,2026-07-16 05:38:19,33.0,76.0,22.0,2.0,12.0,42.0,6.0,228.26,Poor,CO,True,Valid AQI,228.26,Poor,CO,2026-07-16T10:45,33.3,48,0.0,0.0,13.0,228,981.6,0,51.72,Moderate trapping,True,Central India,General urban / semi-urban proxy,Proxy from station/city naming,15,Low urban pressure,20,Low road density proxy,Proxy from city/station naming,Proxy geospatial features,24.87,Low,2026-07-16 10:51:20
rajasthan__jodhpur__jhalamand_jodhpur_rspcb,"Jhalamand, Jodhpur - RSPCB",Jodhpur,Rajasthan,26.215415,73.070156,2026-07-16 05:00:00,2026-07-16 05:38:19,34.0,70.0,6.0,4.0,9.0,30.0,5.0,187.47,Moderate,CO,True,Valid AQI,187.47,Moderate,CO,2026-07-16T10:45,33.0,50,0.0,0.0,13.9,230,983.6,0,50.83,Moderate trapping,True,Central India,General urban / semi-urban proxy,Proxy from station/city naming,15,Low urban pressure,20,Low road density proxy,Proxy from city/station naming,Proxy geospatial features,20.7,Low,2026-07-16 10:51:20
rajasthan__jodhpur__mandor_jodhpur_rspcb,"Mandor, Jodhpur - RSPCB",Jodhpur,Rajasthan,26.358805,73.047444,2026-07-16 05:00:00,2026-07-16 05:38:19,38.0,89.0,5.0,3.0,14.0,47.0,,256.96,Poor,CO,True,Valid AQI,256.96,Poor,CO,2026-07-16T10:45,33.2,51,0.0,0.0,13.9,232,978.7,1,51.29,Moderate trapping,True,Central India,General urban / semi-urban proxy,Proxy from station/city naming,15,Low urban pressure,20,Low road density proxy,Proxy from city/station naming,Proxy geospatial features,27.36,Moderate,2026-07-16 10:51:20
rajasthan__jodhpur__samrat_ashok_udhyan_jodhpur_rspcb,"Samrat Ashok Udhyan, Jodhpur - RSPCB",Jodhpur,Rajasthan,26.253384,72.976571,2026-07-16 05:00:00,2026-07-16 05:38:19,,,5.0,2.0,12.0,23.0,,228.26,Poor,CO,False,Insufficient pollutants,,Unknown,,2026-07-16T10:45,33.3,48,0.0,0.0,13.3,228,979.6,0,51.18,Moderate trapping,True,West India,General urban / semi-urban proxy,Proxy from station/city naming,15,Low urban pressure,20,Low road density proxy,Proxy from city/station naming,Proxy geospatial features,,Unknown,2026-07-16 10:51:20
rajasthan__karauli__satyawati_vihar_karauli_rspcb,"Satyawati Vihar, Karauli - RSPCB",Karauli,Rajasthan,26.506177,77.025989,2026-07-16 05:00:00,2026-07-16 05:38:19,82.0,83.0,47.0,8.0,18.0,16.0,9.0,306.27,Very Poor,CO,True,Valid AQI,306.27,Very Poor,CO,2026-07-16T10:45,33.4,52,0.0,0.0,17.1,277,974.7,17,47.47,Moderate trapping,True,Central India,General urban / semi-urban proxy,Proxy from station/city naming,15,Low urban pressure,20,Low road density proxy,Proxy from city/station naming,Proxy geospatial features,30.35,Moderate,2026-07-16 10:51:20
rajasthan__khairthal__new_anaj_mandi_khairthal_rspcb,"New Anaj Mandi, Khairthal - RSPCB",Khairthal,Rajasthan,27.8015617,76.6365217,2026-07-16 05:00:00,2026-07-16 05:38:19,94.0,122.0,6.0,4.0,18.0,18.0,3.0,306.27,Very Poor,CO,True,Valid AQI,306.27,Very Poor,CO,2026-07-16T10:45,34.2,49,0.0,0.0,16.8,285,970.8,1,45.31,Moderate trapping,True,Central India,General urban / semi-urban proxy,Proxy from station/city naming,15,Low urban pressure,20,Low road density proxy,Proxy from city/station naming,Proxy geospatial features,29.45,Moderate,2026-07-16 10:51:20
rajasthan__kota__dhanmandi_kota_rspcb,"Dhanmandi, Kota - RSPCB",Kota,Rajasthan,25.16409,75.858137,2026-07-16 05:00:00,2026-07-16 05:38:19,38.0,72.0,27.0,8.0,35.0,17.0,2.0,406.6,Severe,CO,True,Valid AQI,406.6,Severe,CO,2026-07-16T10:45,33.6,48,0.0,0.0,12.4,278,976.2,12,54.01,Moderate trapping,True,Central India,General urban / semi-urban proxy,Proxy from station/city naming,15,Low urban pressure,20,Low road density proxy,Proxy from city/station naming,Proxy geospatial features,42.42,Moderate,2026-07-16 10:51:20
rajasthan__kota__nayapura_kota_rspcb,"Nayapura, Kota - RSPCB",Kota,Rajasthan,25.196024,75.855668,2026-07-16 05:00:00,2026-07-16 05:38:19,39.0,100.0,18.0,12.0,11.0,43.0,4.0,213.91,Poor,CO,True,Valid AQI,213.91,Poor,CO,2026-07-16T10:45,33.7,49,0.0,0.0,12.2,279,977.1,6,54.14,Moderate trapping,True,Central India,General urban / semi-urban proxy,Proxy from station/city naming,15,Low urban pressure,20,Low road density proxy,Proxy from city/station naming,Proxy geospatial features,24.54,Low,2026-07-16 10:51:20
rajasthan__kota__shrinath_puram_kota_rspcb,"Shrinath Puram, Kota - RSPCB",Kota,Rajasthan,25.14389,75.821256,2026-07-16 05:00:00,2026-07-16 05:38:19,68.0,72.0,18.0,8.0,24.0,10.0,5.0,341.42,Very Poor,CO,True,Valid AQI,341.42,Very Poor,CO,2026-07-16T10:45,33.6,48,0.0,0.0,12.4,278,974.0,12,54.01,Moderate trapping,True,Central India,General urban / semi-urban proxy,Proxy from station/city naming,15,Low urban pressure,20,Low road density proxy,Proxy from city/station naming,Proxy geospatial features,36.36,Moderate,2026-07-16 10:51:20
rajasthan__nagaur__karni_colony_nagaur_rspcb,"Karni Colony, Nagaur - RSPCB",Nagaur,Rajasthan,27.213494,73.734444,2026-07-16 05:00:00,2026-07-16 05:38:19,39.0,93.0,8.0,6.0,18.0,21.0,3.0,306.27,Very Poor,CO,True,Valid AQI,306.27,Very Poor,CO,2026-07-16T10:45,34.2,47,0.0,0.0,14.7,243,972.3,15,49.77,Moderate trapping,True,Central India,General urban / semi-urban proxy,Proxy from station/city naming,15,Low urban pressure,20,Low road density proxy,Proxy from city/station naming,Proxy geospatial features,31.31,Moderate,2026-07-16 10:51:20
rajasthan__pali__indira_colony_vistar_pali_rspcb,"Indira Colony Vistar, Pali - RSPCB",Pali,Rajasthan,25.771061,73.340227,2026-07-16 05:00:00,2026-07-16 05:38:19,160.0,118.0,24.0,11.0,29.0,29.0,6.0,370.71,Very Poor,CO,True,Valid AQI,370.71,Very Poor,CO,2026-07-16T10:45,33.5,48,0.0,0.0,13.1,237,981.9,33,54.84,Moderate trapping,True,Central India,General urban / semi-urban proxy,Proxy from station/city naming,15,Low urban pressure,20,Low road density proxy,Proxy from city/station naming,Proxy geospatial features,39.43,Moderate,2026-07-16 10:51:20
rajasthan__pratapgarh__pragati_nagar_pratapgarh_rspcb,"Pragati Nagar, Pratapgarh - RSPCB",Pratapgarh,Rajasthan,24.041198,74.780702,2026-07-16 05:00:00,2026-07-16 05:38:19,31.0,67.0,10.0,1.0,17.0,41.0,4.0,300.0,Poor,CO,True,Valid AQI,300.0,Poor,CO,2026-07-16T10:45,29.2,64,0.1,0.1,15.9,261,952.2,35,49.6,Moderate trapping,True,Central India,General urban / semi-urban proxy,Proxy from station/city naming,15,Low urban pressure,20,Low road density proxy,Proxy from city/station naming,Proxy geospatial features,30.66,Moderate,2026-07-16 10:51:20
rajasthan__rajsamand__dhoinda_rajsamand_rspcb,"Dhoinda, Rajsamand - RSPCB",Rajsamand,Rajasthan,25.03636,73.883502,2026-07-16 05:00:00,2026-07-16 05:38:19,38.0,83.0,6.0,4.0,31.0,46.0,8.0,382.43,Very Poor,CO,True,Valid AQI,382.43,Very Poor,CO,2026-07-16T10:45,30.7,58,0.0,0.0,8.6,250,948.3,24,65.76,High trapping,True,Central India,General urban / semi-urban proxy,Proxy from station/city naming,15,Low urban pressure,20,Low road density proxy,Proxy from city/station naming,Proxy geospatial features,45.08,Moderate,2026-07-16 10:51:20
rajasthan__sawai_madhopur__sahu_nagar_sawai_madhopur_rspcb,"Sahu Nagar, Sawai Madhopur - RSPCB",Sawai Madhopur,Rajasthan,26.031443,76.359327,2026-07-16 05:00:00,2026-07-16 05:38:19,39.0,116.0,17.0,5.0,16.0,55.0,4.0,285.65,Poor,CO,True,Valid AQI,285.65,Poor,CO,2026-07-16T10:45,34.1,48,0.0,0.0,16.4,282,976.5,29,48.47,Moderate trapping,True,Central India,General urban / semi-urban proxy,Proxy from station/city naming,15,Low urban pressure,20,Low road density proxy,Proxy from city/station naming,Proxy geospatial features,28.85,Moderate,2026-07-16 10:51:20
rajasthan__sikar__radhakishan_pura_sikar_rspcb,"Radhakishan Pura, Sikar - RSPCB",Sikar,Rajasthan,27.608912,75.153302,2026-07-16 05:00:00,2026-07-16 05:38:19,52.0,108.0,10.0,3.0,13.0,33.0,6.0,242.61,Poor,CO,True,Valid AQI,242.61,Poor,CO,2026-07-16T10:45,32.7,52,0.0,0.0,15.0,260,958.1,5,50.07,Moderate trapping,True,Central India,General urban / semi-urban proxy,Proxy from station/city naming,15,Low urban pressure,20,Low road density proxy,Proxy from city/station naming,Proxy geospatial features,25.51,Moderate,2026-07-16 10:51:20
rajasthan__sri_ganganagar__old_city_sri_ganganagar_rspcb,"Old City, Sri Ganganagar - RSPCB",Sri Ganganagar,Rajasthan,29.931624,73.864511,2026-07-16 05:00:00,2026-07-16 05:38:19,50.0,81.0,67.0,4.0,18.0,68.0,19.0,306.27,Very Poor,CO,True,Valid AQI,306.27,Very Poor,CO,2026-07-16T10:45,36.9,38,0.0,0.0,8.6,229,982.7,0,56.01,Moderate trapping,True,North India,General urban / semi-urban proxy,Proxy from station/city naming,15,Low urban pressure,20,Low road density proxy,Proxy from city/station naming,Proxy geospatial features,33.92,Moderate,2026-07-16 10:51:20
rajasthan__tonk__shastri_nagar_tonk_rspcb,"Shastri Nagar, Tonk - RSPCB",Tonk,Rajasthan,26.159933,75.780517,2026-07-16 05:00:00,2026-07-16 05:38:19,64.0,133.0,2.0,2.0,32.0,43.0,4.0,388.28,Very Poor,CO,True,Valid AQI,388.28,Very Poor,CO,2026-07-16T10:45,33.5,51,0.0,0.0,15.7,273,974.7,19,49.84,Moderate trapping,True,Central India,General urban / semi-urban proxy,Proxy from station/city naming,15,Low urban pressure,20,Low road density proxy,Proxy from city/station naming,Proxy geospatial features,38.98,Moderate,2026-07-16 10:51:20
rajasthan__udaipur__ashok_nagar_udaipur_rspcb,"Ashok Nagar, Udaipur - RSPCB",Udaipur,Rajasthan,24.5886166,73.6321397,2026-07-16 05:00:00,2026-07-16 05:38:19,71.0,108.0,15.0,9.0,34.0,4.0,4.0,400.0,Very Poor,CO,True,Valid AQI,400.0,Very Poor,CO,2026-07-16T10:45,28.5,62,0.0,0.0,13.5,251,936.5,50,60.96,High trapping,True,Central India,General urban / semi-urban proxy,Proxy from station/city naming,15,Low urban pressure,20,Low road density proxy,Proxy from city/station naming,Proxy geospatial features,44.71,Moderate,2026-07-16 10:51:20
sikkim__gangtok__zero_point_gici_gangtok_sspcb,"Zero Point GICI, Gangtok - SSPCB",Gangtok,Sikkim,27.33853,88.614099,2026-07-16 05:00:00,2026-07-16 05:38:19,16.0,12.0,8.0,1.0,4.0,1.0,1.0,124.81,Moderate,CO,True,Valid AQI,124.81,Moderate,CO,2026-07-16T10:45,22.4,77,0.0,0.0,4.2,198,831.0,44,82.71,Very high trapping,True,East India,General urban / semi-urban proxy,Proxy from station/city naming,15,Low urban pressure,20,Low road density proxy,Proxy from city/station naming,Proxy geospatial features,28.16,Moderate,2026-07-16 10:51:20
tamil_nadu__chennai__arumbakkam_chennai_tnpcb,"Arumbakkam, Chennai - TNPCB",Chennai,Tamil Nadu,13.0664,80.2112,2026-07-16 05:00:00,2026-07-16 05:38:19,47.0,99.0,19.0,4.0,,,4.0,99.0,Satisfactory,PM10,True,Valid AQI,99.0,Satisfactory,PM10,2026-07-16T10:45,34.9,39,0.0,0.0,12.6,266,1007.0,99,59.03,Moderate trapping,True,South India,Dense urban proxy,Proxy from station/city naming,60,High urban pressure,55,Moderate road density proxy,Proxy from city/station naming,Proxy geospatial features,36.62,Moderate,2026-07-16 10:51:20
tamil_nadu__chennai__kodungaiyur_chennai_tnpcb,"Kodungaiyur, Chennai - TNPCB",Chennai,Tamil Nadu,13.1278,80.2642,2026-07-16 05:00:00,2026-07-16 05:38:19,65.0,80.0,13.0,6.0,31.0,30.0,4.0,382.43,Very Poor,CO,True,Valid AQI,382.43,Very Poor,CO,2026-07-16T10:45,35.4,36,0.0,0.0,12.5,274,1007.7,99,58.11,Moderate trapping,True,South India,Dense urban proxy,Proxy from station/city naming,60,High urban pressure,55,Moderate road density proxy,Proxy from city/station naming,Proxy geospatial features,62.62,High,2026-07-16 10:51:20
tamil_nadu__chennai__manali_village_chennai_tnpcb,"Manali Village, Chennai - TNPCB",Chennai,Tamil Nadu,13.1662,80.2584,2026-07-16 05:00:00,2026-07-16 05:38:19,45.0,66.0,15.0,13.0,46.0,283.0,2.0,475.09,Severe,CO,True,Valid AQI,475.09,Severe,CO,2026-07-16T10:45,34.3,42,0.0,0.0,13.2,272,1007.3,100,59.15,Moderate trapping,True,South India,Dense urban proxy,Proxy from station/city naming,60,High urban pressure,55,Moderate road density proxy,Proxy from city/station naming,Proxy geospatial features,71.68,High,2026-07-16 10:51:20
tamil_nadu__chennai__perungudi_chennai_tnpcb,"Perungudi, Chennai - TNPCB",Chennai,Tamil Nadu,12.9533,80.2357,2026-07-16 05:00:00,2026-07-16 05:38:19,61.0,187.0,6.0,5.0,32.0,2.0,0.0,388.28,Very Poor,CO,True,Valid AQI,388.28,Very Poor,CO,2026-07-16T10:45,34.6,41,0.0,0.0,13.5,268,1007.9,99,58.14,Moderate trapping,True,South India,Dense urban proxy,Proxy from station/city naming,60,High urban pressure,55,Moderate road density proxy,Proxy from city/station naming,Proxy geospatial features,63.18,High,2026-07-16 10:51:20
tamil_nadu__chennai__royapuram_chennai_tnpcb,"Royapuram, Chennai - TNPCB",Chennai,Tamil Nadu,13.1036,80.2909,2026-07-16 05:00:00,2026-07-16 05:38:19,40.0,53.0,14.0,5.0,53.0,31.0,4.0,500.0,Severe,CO,True,Valid AQI,500.0,Severe,CO,2026-07-16T10:45,35.4,36,0.0,0.0,12.5,274,1007.5,99,58.11,Moderate trapping,True,South India,Dense urban proxy,Proxy from station/city naming,60,High urban pressure,55,Moderate road density proxy,Proxy from city/station naming,Proxy geospatial features,73.57,High,2026-07-16 10:51:20
tamil_nadu__chennai__velachery_res_area_chennai_cpcb,"Velachery Res. Area, Chennai - CPCB",Chennai,Tamil Nadu,13.0052189,80.2398125,2026-07-16 05:00:00,2026-07-16 05:38:19,74.0,113.0,11.0,6.0,,9.0,3.0,145.38,Moderate,PM2.5,True,Valid AQI,145.38,Moderate,PM2.5,2026-07-16T10:45,35.7,35,0.0,0.0,13.2,268,1006.2,98,56.38,Moderate trapping,True,South India,Industrial / mixed urban proxy,Proxy from station/city naming,70,High urban pressure,65,High road density proxy,Proxy from city/station naming,Proxy geospatial features,44.72,Moderate,2026-07-16 10:51:20
tamil_nadu__coimbatore__sidco_kurichi_coimbatore_tnpcb,"SIDCO Kurichi, Coimbatore - TNPCB",Coimbatore,Tamil Nadu,10.942451,76.978996,2026-07-16 05:00:00,2026-07-16 05:38:19,43.0,34.0,23.0,26.0,9.0,20.0,1.0,187.47,Moderate,CO,True,Valid AQI,187.47,Moderate,CO,2026-07-16T10:45,29.7,59,0.0,0.0,15.8,209,968.0,100,60.7,High trapping,True,South India,General urban / semi-urban proxy,Proxy from station/city naming,15,Low urban pressure,20,Low road density proxy,Proxy from city/station naming,Proxy geospatial features,24.81,Low,2026-07-16 10:51:20
tamil_nadu__cuddalore__kudikadu_cuddalore_tnpcb,"Kudikadu, Cuddalore - TNPCB",Cuddalore,Tamil Nadu,11.6829898,79.7532099,2026-07-16 05:00:00,2026-07-16 05:38:19,,,,,,9.0,,9.0,Good,O3,False,Insufficient pollutants,,Unknown,,2026-07-16T10:45,33.6,48,0.0,0.0,4.8,236,1008.4,28,69.36,High trapping,True,South India,General urban / semi-urban proxy,Proxy from station/city naming,15,Low urban pressure,20,Low road density proxy,Proxy from city/station naming,Proxy geospatial features,,Unknown,2026-07-16 10:51:20
tamil_nadu__cuddalore__semmandalam_cuddalore_tnpcb,"Semmandalam, Cuddalore - TNPCB",Cuddalore,Tamil Nadu,11.7637683,79.7499835,2026-07-16 05:00:00,2026-07-16 05:38:19,,59.0,,,,2.0,6.0,59.0,Satisfactory,PM10,True,Valid AQI,59.0,Satisfactory,PM10,2026-07-16T10:45,33.4,49,0.0,0.0,9.0,265,1008.1,35,62.83,High trapping,True,South India,General urban / semi-urban proxy,Proxy from station/city naming,15,Low urban pressure,20,Low road density proxy,Proxy from city/station naming,Proxy geospatial features,13.74,Low,2026-07-16 10:51:20
tamil_nadu__gummidipoondi__anthoni_pillai_nagar_gummidipoondi_tnpcb,"Anthoni Pillai Nagar, Gummidipoondi - TNPCB",Gummidipoondi,Tamil Nadu,13.4127,80.1081,2026-07-16 05:00:00,2026-07-16 05:38:19,108.0,119.0,20.0,20.0,,,1.0,259.03,Poor,PM2.5,True,Valid AQI,259.03,Poor,PM2.5,2026-07-16T10:45,33.8,47,0.0,0.0,11.0,252,1006.2,97,64.67,High trapping,True,South India,General urban / semi-urban proxy,Proxy from station/city naming,15,Low urban pressure,20,Low road density proxy,Proxy from city/station naming,Proxy geospatial features,33.13,Moderate,2026-07-16 10:51:20
tamil_nadu__madurai__uchapatti_madurai_tnpcb,"Uchapatti, Madurai - TNPCB",Madurai,Tamil Nadu,9.865935,78.022669,2026-07-16 05:00:00,2026-07-16 05:38:19,,,,56.0,46.0,1.0,9.0,475.09,Severe,CO,False,Insufficient pollutants,,Unknown,,2026-07-16T10:45,35.2,35,0.0,0.0,9.7,298,993.3,99,62.81,High trapping,True,South India,General urban / semi-urban proxy,Proxy from station/city naming,15,Low urban pressure,20,Low road density proxy,Proxy from city/station naming,Proxy geospatial features,,Unknown,2026-07-16 10:51:20
tamil_nadu__thoothukudi__meelavittan_thoothukudi_tnpcb,"Meelavittan, Thoothukudi - TNPCB",Thoothukudi,Tamil Nadu,8.816428,78.099039,2026-07-16 05:00:00,2026-07-16 05:38:19,,80.0,18.0,12.0,30.0,30.0,,376.57,Very Poor,CO,True,Valid AQI,376.57,Very Poor,CO,2026-07-16T10:45,36.4,28,0.0,0.0,11.4,258,1008.5,96,56.86,Moderate trapping,True,South India,General urban / semi-urban proxy,Proxy from station/city naming,15,Low urban pressure,20,Low road density proxy,Proxy from city/station naming,Proxy geospatial features,40.82,Moderate,2026-07-16 10:51:20
telangana__hyderabad__central_university_hyderabad_tspcb,"Central University, Hyderabad - TSPCB",Hyderabad,Telangana,17.460103,78.334361,2026-07-16 05:00:00,2026-07-16 05:38:19,21.0,23.0,24.0,8.0,2.0,10.0,4.0,100.0,Satisfactory,CO,True,Valid AQI,100.0,Satisfactory,CO,2026-07-16T10:45,30.1,56,0.0,0.0,17.6,301,943.8,98,56.13,Moderate trapping,True,Central India,Dense urban proxy,Proxy from station/city naming,60,High urban pressure,55,Moderate road density proxy,Proxy from city/station naming,Proxy geospatial features,35.5,Moderate,2026-07-16 10:51:20
telangana__hyderabad__ecil_kapra_hyderabad_tspcb,"ECIL Kapra, Hyderabad - TSPCB",Hyderabad,Telangana,17.470431,78.566959,2026-07-16 05:00:00,2026-07-16 05:38:19,42.0,57.0,6.0,17.0,15.0,20.0,2.0,271.3,Poor,CO,True,Valid AQI,271.3,Poor,CO,2026-07-16T10:45,30.7,53,0.0,0.0,15.4,302,947.9,89,58.11,Moderate trapping,True,Central India,Dense urban proxy,Proxy from station/city naming,60,High urban pressure,55,Moderate road density proxy,Proxy from city/station naming,Proxy geospatial features,52.28,High,2026-07-16 10:51:20
telangana__hyderabad__icrisat_patancheru_hyderabad_tspcb,"ICRISAT Patancheru, Hyderabad - TSPCB",Hyderabad,Telangana,17.5184,78.278777,2026-07-16 05:00:00,2026-07-16 05:38:19,33.0,67.0,13.0,9.0,34.0,21.0,2.0,400.0,Very Poor,CO,True,Valid AQI,400.0,Very Poor,CO,2026-07-16T10:45,29.3,61,0.0,0.0,18.9,299,949.3,94,55.22,Moderate trapping,True,Central India,Dense urban proxy,Proxy from station/city naming,60,High urban pressure,55,Moderate road density proxy,Proxy from city/station naming,Proxy geospatial features,63.05,High,2026-07-16 10:51:20
telangana__hyderabad__ida_pashamylaram_hyderabad_tspcb,"IDA Pashamylaram, Hyderabad - TSPCB",Hyderabad,Telangana,17.5316895,78.218939,2026-07-16 05:00:00,2026-07-16 05:38:19,32.0,53.0,30.0,14.0,7.0,19.0,2.0,162.41,Moderate,CO,True,Valid AQI,162.41,Moderate,CO,2026-07-16T10:45,29.3,61,0.0,0.0,18.9,299,950.4,94,55.22,Moderate trapping,True,Central India,Dense urban proxy,Proxy from station/city naming,60,High urban pressure,55,Moderate road density proxy,Proxy from city/station naming,Proxy geospatial features,40.93,Moderate,2026-07-16 10:51:20
telangana__hyderabad__kokapet_hyderabad_tspcb,"Kokapet, Hyderabad - TSPCB",Hyderabad,Telangana,17.393559,78.339194,2026-07-16 05:00:00,2026-07-16 05:38:19,47.0,60.0,13.0,9.0,23.0,17.0,3.0,335.56,Very Poor,CO,True,Valid AQI,335.56,Very Poor,CO,2026-07-16T10:45,30.4,55,0.0,0.0,17.3,301,951.0,95,56.01,Moderate trapping,True,Central India,Dense urban proxy,Proxy from station/city naming,60,High urban pressure,55,Moderate road density proxy,Proxy from city/station naming,Proxy geospatial features,57.38,High,2026-07-16 10:51:20
telangana__hyderabad__kompally_municipal_office_hyderabad_tspcb,"Kompally Municipal Office, Hyderabad - TSPCB",Hyderabad,Telangana,17.544899,78.486949,2026-07-16 05:00:00,2026-07-16 05:38:19,38.0,57.0,13.0,9.0,13.0,12.0,3.0,242.61,Poor,CO,True,Valid AQI,242.61,Poor,CO,2026-07-16T10:45,29.3,60,0.0,0.0,17.7,300,944.9,98,57.42,Moderate trapping,True,Central India,Dense urban proxy,Proxy from station/city naming,60,High urban pressure,55,Moderate road density proxy,Proxy from city/station naming,Proxy geospatial features,49.32,Moderate,2026-07-16 10:51:20
telangana__hyderabad__nacharam_tsiic_iala_hyderabad_tspcb,"Nacharam_TSIIC IALA, Hyderabad - TSPCB",Hyderabad,Telangana,17.429398,78.569354,2026-07-16 05:00:00,2026-07-16 05:38:19,41.0,65.0,13.0,12.0,22.0,16.0,6.0,329.7,Very Poor,CO,True,Valid AQI,329.7,Very Poor,CO,2026-07-16T10:45,31.5,50,0.0,0.0,14.3,299,954.0,74,57.5,Moderate trapping,True,Central India,Dense urban proxy,Proxy from station/city naming,60,High urban pressure,55,Moderate road density proxy,Proxy from city/station naming,Proxy geospatial features,57.46,High,2026-07-16 10:51:20
telangana__hyderabad__new_malakpet_hyderabad_tspcb,"New Malakpet, Hyderabad - TSPCB",Hyderabad,Telangana,17.37206,78.50864,2026-07-16 05:00:00,2026-07-16 05:38:19,40.0,57.0,16.0,11.0,24.0,15.0,3.0,341.42,Very Poor,CO,True,Valid AQI,341.42,Very Poor,CO,2026-07-16T10:45,31.5,50,0.0,0.0,14.3,299,953.5,74,57.5,Moderate trapping,True,Central India,Dense urban proxy,Proxy from station/city naming,60,High urban pressure,55,Moderate road density proxy,Proxy from city/station naming,Proxy geospatial features,58.55,High,2026-07-16 10:51:20
telangana__hyderabad__ramachandrapuram_hyderabad_tspcb,"Ramachandrapuram, Hyderabad - TSPCB",Hyderabad,Telangana,17.528544,78.286195,2026-07-16 05:00:00,2026-07-16 05:38:19,44.0,76.0,12.0,16.0,18.0,29.0,3.0,306.27,Very Poor,CO,True,Valid AQI,306.27,Very Poor,CO,2026-07-16T10:45,29.3,61,0.0,0.0,18.9,299,950.6,94,55.22,Moderate trapping,True,Central India,Dense urban proxy,Proxy from station/city naming,60,High urban pressure,55,Moderate road density proxy,Proxy from city/station naming,Proxy geospatial features,54.33,High,2026-07-16 10:51:20
telangana__hyderabad__sanathnagar_hyderabad_tspcb,"Sanathnagar, Hyderabad - TSPCB",Hyderabad,Telangana,17.4559458,78.4332152,2026-07-16 05:00:00,2026-07-16 05:38:19,25.0,,36.0,9.0,39.0,22.0,,431.51,Severe,CO,True,Valid AQI,431.51,Severe,CO,2026-07-16T10:45,30.3,54,0.0,0.0,15.5,299,948.8,95,58.9,Moderate trapping,True,Central India,Dense urban proxy,Proxy from station/city naming,60,High urban pressure,55,Moderate road density proxy,Proxy from city/station naming,Proxy geospatial features,67.52,High,2026-07-16 10:51:20
telangana__hyderabad__somajiguda_hyderabad_tspcb,"Somajiguda, Hyderabad - TSPCB",Hyderabad,Telangana,17.417094,78.457437,2026-07-16 05:00:00,2026-07-16 05:38:19,49.0,56.0,16.0,10.0,17.0,18.0,4.0,300.0,Poor,CO,True,Valid AQI,300.0,Poor,CO,2026-07-16T10:45,30.9,52,0.0,0.0,15.0,299,951.6,89,58.47,Moderate trapping,True,Central India,Dense urban proxy,Proxy from station/city naming,60,High urban pressure,55,Moderate road density proxy,Proxy from city/station naming,Proxy geospatial features,55.1,High,2026-07-16 10:51:20
telangana__hyderabad__zoo_park_hyderabad_tspcb,"Zoo Park, Hyderabad - TSPCB",Hyderabad,Telangana,17.349694,78.451437,2026-07-16 05:00:00,2026-07-16 05:38:19,37.0,38.0,9.0,7.0,33.0,4.0,2.0,394.14,Very Poor,CO,True,Valid AQI,394.14,Very Poor,CO,2026-07-16T10:45,30.8,53,0.0,0.0,16.1,298,952.7,75,55.45,Moderate trapping,True,Central India,Dense urban proxy,Proxy from station/city naming,60,High urban pressure,55,Moderate road density proxy,Proxy from city/station naming,Proxy geospatial features,62.6,High,2026-07-16 10:51:20
tripura__agartala__bardowali_agartala_tripura_spcb,"Bardowali, Agartala - Tripura SPCB",Agartala,Tripura,23.8175497,91.2726974,2026-07-16 05:00:00,2026-07-16 05:38:19,51.0,81.0,19.0,9.0,24.0,13.0,0.0,341.42,Very Poor,CO,True,Valid AQI,341.42,Very Poor,CO,2026-07-16T10:45,32.2,68,0.0,0.0,17.3,151,1001.6,10,52.29,Moderate trapping,True,East India,General urban / semi-urban proxy,Proxy from station/city naming,15,Low urban pressure,20,Low road density proxy,Proxy from city/station naming,Proxy geospatial features,35.64,Moderate,2026-07-16 10:51:20
uttar_pradesh__agra__manoharpur_agra_uppcb,"Manoharpur, Agra - UPPCB",Agra,Uttar Pradesh,27.23711,78.01936,2026-07-16 05:00:00,2026-07-16 05:38:19,106.0,81.0,30.0,18.0,22.0,5.0,1.0,329.7,Very Poor,CO,True,Valid AQI,329.7,Very Poor,CO,2026-07-16T10:45,35.1,50,0.0,0.0,11.5,279,984.8,6,55.77,Moderate trapping,True,Central India,Dense urban proxy,Proxy from station/city naming,60,High urban pressure,55,Moderate road density proxy,Proxy from city/station naming,Proxy geospatial features,56.74,High,2026-07-16 10:51:20
uttar_pradesh__agra__rohta_agra_uppcb,"Rohta, Agra - UPPCB",Agra,Uttar Pradesh,27.106972,78.000111,2026-07-16 05:00:00,2026-07-16 05:38:19,37.0,137.0,15.0,13.0,22.0,12.0,5.0,329.7,Very Poor,CO,True,Valid AQI,329.7,Very Poor,CO,2026-07-16T10:45,34.7,52,0.0,0.0,12.2,278,985.0,4,55.04,Moderate trapping,True,Central India,Dense urban proxy,Proxy from station/city naming,60,High urban pressure,55,Moderate road density proxy,Proxy from city/station naming,Proxy geospatial features,56.43,High,2026-07-16 10:51:20
uttar_pradesh__agra__sanjay_palace_agra_uppcb,"Sanjay Palace, Agra - UPPCB",Agra,Uttar Pradesh,27.19865833,78.00598056,2026-07-16 05:00:00,2026-07-16 05:38:19,58.0,89.0,4.0,2.0,24.0,2.0,,341.42,Very Poor,CO,True,Valid AQI,341.42,Very Poor,CO,2026-07-16T10:45,35.0,49,0.0,0.0,10.9,276,984.6,5,56.39,Moderate trapping,True,Central India,Dense urban proxy,Proxy from station/city naming,60,High urban pressure,55,Moderate road density proxy,Proxy from city/station naming,Proxy geospatial features,58.09,High,2026-07-16 10:51:20
uttar_pradesh__agra__sector_3b_avas_vikas_colony_agra_uppcb,"Sector-3B Avas Vikas Colony, Agra - UPPCB",Agra,Uttar Pradesh,27.19412,77.96237,2026-07-16 05:00:00,2026-07-16 05:38:19,63.0,88.0,35.0,21.0,17.0,14.0,10.0,300.0,Poor,CO,True,Valid AQI,300.0,Poor,CO,2026-07-16T10:45,35.0,49,0.0,0.0,10.9,276,984.4,5,56.39,Moderate trapping,True,Central India,Industrial / mixed urban proxy,Proxy from station/city naming,70,High urban pressure,65,High road density proxy,Proxy from city/station naming,Proxy geospatial features,59.12,High,2026-07-16 10:51:20
uttar_pradesh__agra__shahjahan_garden_agra_uppcb,"Shahjahan Garden, Agra - UPPCB",Agra,Uttar Pradesh,27.169338,78.03582,2026-07-16 05:00:00,2026-07-16 05:38:19,70.0,58.0,31.0,90.0,21.0,5.0,1.0,323.85,Very Poor,CO,True,Valid AQI,323.85,Very Poor,CO,2026-07-16T10:45,34.9,51,0.0,0.0,11.4,276,984.3,6,56.32,Moderate trapping,True,Central India,Dense urban proxy,Proxy from station/city naming,60,High urban pressure,55,Moderate road density proxy,Proxy from city/station naming,Proxy geospatial features,56.42,High,2026-07-16 10:51:20
uttar_pradesh__agra__shastripuram_agra_uppcb,"Shastripuram, Agra - UPPCB",Agra,Uttar Pradesh,27.19862,77.92066,2026-07-16 05:00:00,2026-07-16 05:38:19,45.0,,26.0,11.0,14.0,34.0,3.0,256.96,Poor,CO,True,Valid AQI,256.96,Poor,CO,2026-07-16T10:45,34.4,54,0.0,0.0,11.5,279,984.3,3,56.94,Moderate trapping,True,Central India,Dense urban proxy,Proxy from station/city naming,60,High urban pressure,55,Moderate road density proxy,Proxy from city/station naming,Proxy geospatial features,50.45,High,2026-07-16 10:51:20
uttar_pradesh__baghpat__sardar_patel_inter_college_baghpat_uppcb,"Sardar Patel Inter College, Baghpat - UPPCB",Baghpat,Uttar Pradesh,28.964949,77.278761,2026-07-16 05:00:00,2026-07-16 05:38:19,51.0,108.0,20.0,6.0,14.0,17.0,2.0,256.96,Poor,CO,True,Valid AQI,256.96,Poor,CO,2026-07-16T10:45,33.7,60,0.0,0.0,9.7,266,978.1,6,62.7,High trapping,True,North India,General urban / semi-urban proxy,Proxy from station/city naming,15,Low urban pressure,20,Low road density proxy,Proxy from city/station naming,Proxy geospatial features,32.12,Moderate,2026-07-16 10:51:20
uttar_pradesh__bareilly__civil_lines_bareilly_uppcb,"Civil Lines, Bareilly - UPPCB",Bareilly,Uttar Pradesh,28.359581,79.414455,2026-07-16 05:00:00,2026-07-16 05:38:19,43.0,41.0,8.0,76.0,33.0,44.0,4.0,394.14,Very Poor,CO,True,Valid AQI,394.14,Very Poor,CO,2026-07-16T10:45,33.8,66,0.0,0.0,2.9,259,982.8,15,78.12,High trapping,True,North India,General urban / semi-urban proxy,Proxy from station/city naming,15,Low urban pressure,20,Low road density proxy,Proxy from city/station naming,Proxy geospatial features,51.32,High,2026-07-16 10:51:20
uttar_pradesh__bareilly__rajendra_nagar_bareilly_uppcb,"Rajendra Nagar, Bareilly - UPPCB",Bareilly,Uttar Pradesh,28.38910936,79.42963708,2026-07-16 05:00:00,2026-07-16 05:38:19,20.0,48.0,9.0,9.0,8.0,,1.0,174.94,Moderate,CO,True,Valid AQI,174.94,Moderate,CO,2026-07-16T10:45,33.4,69,0.0,0.0,2.3,252,982.9,17,80.51,Very high trapping,True,North India,General urban / semi-urban proxy,Proxy from station/city naming,15,Low urban pressure,20,Low road density proxy,Proxy from city/station naming,Proxy geospatial features,31.91,Moderate,2026-07-16 10:51:20
uttar_pradesh__bulandshahr__yamunapuram_bulandshahr_uppcb,"Yamunapuram, Bulandshahr - UPPCB",Bulandshahr,Uttar Pradesh,28.406963,77.849831,2026-07-16 05:00:00,2026-07-16 05:38:19,53.0,141.0,16.0,,32.0,15.0,6.0,388.28,Very Poor,CO,True,Valid AQI,388.28,Very Poor,CO,2026-07-16T10:45,34.0,56,0.0,0.0,11.3,278,980.2,3,58.04,Moderate trapping,True,North India,General urban / semi-urban proxy,Proxy from station/city naming,15,Low urban pressure,20,Low road density proxy,Proxy from city/station naming,Proxy geospatial features,42.4,Moderate,2026-07-16 10:51:20
uttar_pradesh__firozabad__nagla_bhau_firozabad_uppcb,"Nagla Bhau, Firozabad - UPPCB",Firozabad,Uttar Pradesh,27.168897,78.37696,2026-07-16 05:00:00,2026-07-16 05:38:19,51.0,73.0,17.0,36.0,21.0,9.0,2.0,323.85,Very Poor,CO,True,Valid AQI,323.85,Very Poor,CO,2026-07-16T10:45,34.8,51,0.0,0.0,11.5,280,984.6,11,56.64,Moderate trapping,True,Central India,General urban / semi-urban proxy,Proxy from station/city naming,15,Low urban pressure,20,Low road density proxy,Proxy from city/station naming,Proxy geospatial features,35.82,Moderate,2026-07-16 10:51:20
uttar_pradesh__firozabad__vibhab_nagar_firozabad_uppcb,"Vibhab Nagar, Firozabad - UPPCB",Firozabad,Uttar Pradesh,27.1594,78.3953,2026-07-16 05:00:00,2026-07-16 05:38:19,25.0,36.0,15.0,7.0,37.0,1.0,7.0,419.06,Severe,CO,True,Valid AQI,419.06,Severe,CO,2026-07-16T10:45,34.8,51,0.0,0.0,11.5,280,984.5,11,56.64,Moderate trapping,True,Central India,General urban / semi-urban proxy,Proxy from station/city naming,15,Low urban pressure,20,Low road density proxy,Proxy from city/station naming,Proxy geospatial features,44.68,Moderate,2026-07-16 10:51:20
uttar_pradesh__ghaziabad__govindpuram_ghaziabad_uppcb,"Govindpuram, Ghaziabad - UPPCB",Ghaziabad,Uttar Pradesh,28.694528,77.494705,2026-07-16 05:00:00,2026-07-16 05:38:19,52.0,91.0,17.0,5.0,42.0,7.0,4.0,450.19,Severe,CO,True,Valid AQI,450.19,Severe,CO,2026-07-16T10:45,34.4,53,0.0,0.0,9.6,290,979.1,4,60.11,High trapping,True,North India,Dense urban proxy,Proxy from station/city naming,60,High urban pressure,55,Moderate road density proxy,Proxy from city/station naming,Proxy geospatial features,69.77,High,2026-07-16 10:51:20
uttar_pradesh__ghaziabad__indirapuram_ghaziabad_uppcb,"Indirapuram, Ghaziabad - UPPCB",Ghaziabad,Uttar Pradesh,28.646233,77.358075,2026-07-16 05:00:00,2026-07-16 05:38:19,73.0,173.0,38.0,17.0,46.0,17.0,10.0,475.09,Severe,CO,True,Valid AQI,475.09,Severe,CO,2026-07-16T10:45,36.4,40,0.0,0.0,9.6,284,980.1,5,55.43,Moderate trapping,True,North India,Dense urban proxy,Proxy from station/city naming,60,High urban pressure,55,Moderate road density proxy,Proxy from city/station naming,Proxy geospatial features,70.13,High,2026-07-16 10:51:20
uttar_pradesh__ghaziabad__loni_ghaziabad_uppcb,"Loni, Ghaziabad - UPPCB",Ghaziabad,Uttar Pradesh,28.757294,77.278792,2026-07-16 05:00:00,2026-07-16 05:38:19,76.0,207.0,37.0,21.0,43.0,18.0,5.0,456.42,Severe,CO,True,Valid AQI,456.42,Severe,CO,2026-07-16T10:45,36.0,42,0.0,0.0,10.3,282,979.9,6,55.0,Moderate trapping,True,North India,Dense urban proxy,Proxy from station/city naming,60,High urban pressure,55,Moderate road density proxy,Proxy from city/station naming,Proxy geospatial features,68.21,High,2026-07-16 10:51:20
uttar_pradesh__ghaziabad__sanjay_nagar_ghaziabad_uppcb,"Sanjay Nagar, Ghaziabad - UPPCB",Ghaziabad,Uttar Pradesh,28.685382,77.453839,2026-07-16 05:00:00,2026-07-16 05:38:19,79.0,185.0,47.0,15.0,34.0,10.0,15.0,400.0,Very Poor,CO,True,Valid AQI,400.0,Very Poor,CO,2026-07-16T10:45,34.4,53,0.0,0.0,9.6,290,979.0,4,60.11,High trapping,True,North India,Dense urban proxy,Proxy from station/city naming,60,High urban pressure,55,Moderate road density proxy,Proxy from city/station naming,Proxy geospatial features,65.09,High,2026-07-16 10:51:20
uttar_pradesh__ghaziabad__vasundhara_ghaziabad_uppcb,"Vasundhara, Ghaziabad - UPPCB",Ghaziabad,Uttar Pradesh,28.6603346,77.3572563,2026-07-16 05:00:00,2026-07-16 05:38:19,95.0,175.0,32.0,12.0,68.0,18.0,5.0,500.0,Severe,CO,True,Valid AQI,500.0,Severe,CO,2026-07-16T10:45,36.4,40,0.0,0.0,9.6,284,980.2,5,55.43,Moderate trapping,True,North India,Dense urban proxy,Proxy from station/city naming,60,High urban pressure,55,Moderate road density proxy,Proxy from city/station naming,Proxy geospatial features,72.45,High,2026-07-16 10:51:20
uttar_pradesh__gorakhpur__madan_mohan_malaviya_university_of_technology_gorakhpur_uppcb,"Madan Mohan Malaviya University of Technology, Gorakhpur - UPPCB",Gorakhpur,Uttar Pradesh,26.730136,83.433859,2026-07-16 05:00:00,2026-07-16 05:38:19,,75.0,11.0,42.0,5.0,36.0,1.0,137.34,Moderate,CO,True,Valid AQI,137.34,Moderate,CO,2026-07-16T10:45,29.0,87,1.4,0.0,6.9,97,993.9,100,87.1,Very high trapping,True,Central India,General urban / semi-urban proxy,Proxy from station/city naming,15,Low urban pressure,20,Low road density proxy,Proxy from city/station naming,Proxy geospatial features,31.16,Moderate,2026-07-16 10:51:20
uttar_pradesh__greater_noida__knowledge_park_iii_greater_noida_uppcb,"Knowledge Park - III, Greater Noida - UPPCB",Greater Noida,Uttar Pradesh,28.47272,77.482,2026-07-16 05:00:00,2026-07-16 05:38:19,72.0,196.0,25.0,8.0,37.0,14.0,8.0,419.06,Severe,CO,True,Valid AQI,419.06,Severe,CO,2026-07-16T10:45,34.8,50,0.0,0.0,11.5,279,981.2,5,55.67,Moderate trapping,True,North India,General urban / semi-urban proxy,Proxy from station/city naming,15,Low urban pressure,20,Low road density proxy,Proxy from city/station naming,Proxy geospatial features,44.28,Moderate,2026-07-16 10:51:20
uttar_pradesh__greater_noida__knowledge_park_v_greater_noida_uppcb,"Knowledge Park - V, Greater Noida - UPPCB",Greater Noida,Uttar Pradesh,28.557054,77.453663,2026-07-16 05:00:00,2026-07-16 05:38:19,83.0,228.0,39.0,10.0,15.0,8.0,9.0,271.3,Poor,CO,True,Valid AQI,271.3,Poor,CO,2026-07-16T10:45,34.9,49,0.0,0.0,10.4,281,979.5,7,57.49,Moderate trapping,True,North India,General urban / semi-urban proxy,Proxy from station/city naming,15,Low urban pressure,20,Low road density proxy,Proxy from city/station naming,Proxy geospatial features,31.28,Moderate,2026-07-16 10:51:20
uttar_pradesh__hapur__anand_vihar_hapur_uppcb,"Anand Vihar, Hapur - UPPCB",Hapur,Uttar Pradesh,28.725645,77.749675,2026-07-16 05:00:00,2026-07-16 05:38:19,65.0,117.0,12.0,17.0,,,1.0,114.66,Moderate,PM2.5,True,Valid AQI,114.66,Moderate,PM2.5,2026-07-16T10:45,33.8,57,0.0,0.0,10.0,284,979.1,0,60.46,High trapping,True,North India,General urban / semi-urban proxy,Proxy from station/city naming,15,Low urban pressure,20,Low road density proxy,Proxy from city/station naming,Proxy geospatial features,17.94,Low,2026-07-16 10:51:20
uttar_pradesh__jhansi__shivaji_nagar_jhansi_uppcb,"Shivaji Nagar, Jhansi - UPPCB",Jhansi,Uttar Pradesh,25.4547,78.6039,2026-07-16 05:00:00,2026-07-16 05:38:19,27.0,58.0,6.0,22.0,8.0,6.0,4.0,174.94,Moderate,CO,True,Valid AQI,174.94,Moderate,CO,2026-07-16T10:45,33.5,56,0.0,0.0,14.4,279,978.3,100,62.13,High trapping,True,Central India,General urban / semi-urban proxy,Proxy from station/city naming,15,Low urban pressure,20,Low road density proxy,Proxy from city/station naming,Proxy geospatial features,24.24,Low,2026-07-16 10:51:20
uttar_pradesh__kanpur__fti_kidwai_nagar_kanpur_uppcb,"FTI Kidwai Nagar, Kanpur - UPPCB",Kanpur,Uttar Pradesh,26.428282,80.327067,2026-07-16 05:00:00,2026-07-16 05:38:19,56.0,75.0,27.0,30.0,35.0,11.0,3.0,406.6,Severe,CO,True,Valid AQI,406.6,Severe,CO,2026-07-16T10:45,34.4,53,0.0,0.0,12.8,289,988.0,30,56.92,Moderate trapping,True,Central India,Dense urban proxy,Proxy from station/city naming,60,High urban pressure,55,Moderate road density proxy,Proxy from city/station naming,Proxy geospatial features,64.38,High,2026-07-16 10:51:20
uttar_pradesh__kanpur__nsi_kalyanpur_kanpur_uppcb,"NSI Kalyanpur, Kanpur - UPPCB",Kanpur,Uttar Pradesh,26.509954,80.249612,2026-07-16 05:00:00,2026-07-16 05:38:19,46.0,90.0,31.0,23.0,27.0,21.0,2.0,358.99,Very Poor,CO,True,Valid AQI,358.99,Very Poor,CO,2026-07-16T10:45,34.3,55,0.0,0.0,12.4,283,988.3,20,57.38,Moderate trapping,True,Central India,Dense urban proxy,Proxy from station/city naming,60,High urban pressure,55,Moderate road density proxy,Proxy from city/station naming,Proxy geospatial features,60.14,High,2026-07-16 10:51:20
uttar_pradesh__kanpur__nehru_nagar_kanpur_uppcb,"Nehru Nagar, Kanpur - UPPCB",Kanpur,Uttar Pradesh,26.4703136,80.3229863,2026-07-16 05:00:00,2026-07-16 05:38:19,59.0,53.0,45.0,12.0,50.0,2.0,,500.0,Severe,CO,True,Valid AQI,500.0,Severe,CO,2026-07-16T10:45,34.7,51,0.0,0.0,12.0,283,988.0,21,56.73,Moderate trapping,True,Central India,Dense urban proxy,Proxy from station/city naming,60,High urban pressure,55,Moderate road density proxy,Proxy from city/station naming,Proxy geospatial features,72.99,High,2026-07-16 10:51:20
uttar_pradesh__khora__prashant_garden_khora_uppcb,"Prashant Garden, Khora - UPPCB",Khora,Uttar Pradesh,28.61119,77.34206,2026-07-16 05:00:00,2026-07-16 05:38:19,247.0,150.0,33.0,11.0,102.0,6.0,11.0,500.0,Severe,CO,True,Valid AQI,500.0,Severe,CO,2026-07-16T10:45,36.4,40,0.0,0.0,9.6,284,980.3,5,55.43,Moderate trapping,True,North India,General urban / semi-urban proxy,Proxy from station/city naming,15,Low urban pressure,20,Low road density proxy,Proxy from city/station naming,Proxy geospatial features,51.71,High,2026-07-16 10:51:20
uttar_pradesh__khurja__kalindi_kunj_khurja_uppcb,"Kalindi Kunj, Khurja - UPPCB",Khurja,Uttar Pradesh,28.2348927,77.8683002,2026-07-16 05:00:00,2026-07-16 05:38:19,35.0,60.0,13.0,10.0,15.0,23.0,1.0,271.3,Poor,CO,True,Valid AQI,271.3,Poor,CO,2026-07-16T10:45,34.0,57,0.0,0.0,12.1,282,980.9,8,57.46,Moderate trapping,True,North India,General urban / semi-urban proxy,Proxy from station/city naming,15,Low urban pressure,20,Low road density proxy,Proxy from city/station naming,Proxy geospatial features,31.27,Moderate,2026-07-16 10:51:20
uttar_pradesh__lucknow__b_r_ambedkar_university_lucknow_uppcb,"B R Ambedkar University, Lucknow - UPPCB",Lucknow,Uttar Pradesh,26.766433,80.927299,2026-07-16 05:00:00,2026-07-16 05:38:19,61.0,97.0,12.0,34.0,26.0,38.0,3.0,353.14,Very Poor,CO,True,Valid AQI,353.14,Very Poor,CO,2026-07-16T10:45,34.0,59,0.0,0.0,8.7,304,989.3,20,65.55,High trapping,True,Central India,Dense urban proxy,Proxy from station/city naming,60,High urban pressure,55,Moderate road density proxy,Proxy from city/station naming,Proxy geospatial features,63.0,High,2026-07-16 10:51:20
uttar_pradesh__lucknow__gomti_nagar_lucknow_uppcb,"Gomti Nagar, Lucknow - UPPCB",Lucknow,Uttar Pradesh,26.86812,81.005119,2026-07-16 05:00:00,2026-07-16 05:38:19,69.0,61.0,10.0,14.0,39.0,41.0,,431.51,Severe,CO,True,Valid AQI,431.51,Severe,CO,2026-07-16T10:45,33.9,61,0.0,0.0,5.4,318,989.4,18,72.05,High trapping,True,Central India,Dense urban proxy,Proxy from station/city naming,60,High urban pressure,55,Moderate road density proxy,Proxy from city/station naming,Proxy geospatial features,73.01,High,2026-07-16 10:51:20
uttar_pradesh__lucknow__kendriya_vidyalaya_lucknow_cpcb,"Kendriya Vidyalaya, Lucknow - CPCB",Lucknow,Uttar Pradesh,26.906111,80.948222,2026-07-16 05:00:00,2026-07-16 05:38:19,70.0,70.0,29.0,5.0,28.0,19.0,15.0,364.85,Very Poor,CO,True,Valid AQI,364.85,Very Poor,CO,2026-07-16T10:45,34.0,60,0.0,0.0,6.8,302,989.3,18,69.15,High trapping,True,Central India,Dense urban proxy,Proxy from station/city naming,60,High urban pressure,55,Moderate road density proxy,Proxy from city/station naming,Proxy geospatial features,65.59,High,2026-07-16 10:51:20
uttar_pradesh__lucknow__kukrail_picnic_spot_1_lucknow_uppcb,"Kukrail Picnic Spot-1, Lucknow - UPPCB",Lucknow,Uttar Pradesh,26.90723,80.98579,2026-07-16 05:00:00,2026-07-16 05:38:19,61.0,82.0,35.0,8.0,16.0,14.0,6.0,285.65,Poor,CO,True,Valid AQI,285.65,Poor,CO,2026-07-16T10:45,33.9,61,0.0,0.0,5.4,318,988.9,18,72.05,High trapping,True,Central India,Dense urban proxy,Proxy from station/city naming,60,High urban pressure,55,Moderate road density proxy,Proxy from city/station naming,Proxy geospatial features,59.43,High,2026-07-16 10:51:20
uttar_pradesh__lucknow__lalbagh_lucknow_cpcb,"Lalbagh, Lucknow - CPCB",Lucknow,Uttar Pradesh,26.8458805,80.9365541,2026-07-16 05:00:00,2026-07-16 05:38:19,74.0,72.0,27.0,8.0,43.0,29.0,12.0,456.42,Severe,CO,True,Valid AQI,456.42,Severe,CO,2026-07-16T10:45,34.1,59,0.0,0.0,7.3,303,988.9,18,67.88,High trapping,True,Central India,Dense urban proxy,Proxy from station/city naming,60,High urban pressure,55,Moderate road density proxy,Proxy from city/station naming,Proxy geospatial features,73.59,High,2026-07-16 10:51:20
uttar_pradesh__lucknow__talkatora_district_industries_center_lucknow_cpcb,"Talkatora District Industries Center, Lucknow - CPCB",Lucknow,Uttar Pradesh,26.83399722,80.8917361,2026-07-16 05:00:00,2026-07-16 05:38:19,80.0,77.0,22.0,8.0,33.0,14.0,7.0,394.14,Very Poor,CO,True,Valid AQI,394.14,Very Poor,CO,2026-07-16T10:45,34.1,59,0.0,0.0,7.3,303,988.7,18,67.88,High trapping,True,Central India,Dense urban proxy,Proxy from station/city naming,60,High urban pressure,55,Moderate road density proxy,Proxy from city/station naming,Proxy geospatial features,67.79,High,2026-07-16 10:51:20
uttar_pradesh__mathura__pali_dungra_mathura_uppcb,"Pali Dungra, Mathura - UPPCB",Mathura,Uttar Pradesh,27.410954,77.550619,2026-07-16 05:00:00,2026-07-16 05:38:19,67.0,92.0,3.0,1.0,17.0,19.0,1.0,300.0,Poor,CO,True,Valid AQI,300.0,Poor,CO,2026-07-16T10:45,34.8,51,0.0,0.0,12.8,281,983.5,4,53.58,Moderate trapping,True,Central India,General urban / semi-urban proxy,Proxy from station/city naming,15,Low urban pressure,20,Low road density proxy,Proxy from city/station naming,Proxy geospatial features,32.32,Moderate,2026-07-16 10:51:20
uttar_pradesh__meerut__ganga_nagar_meerut_uppcb,"Ganga Nagar, Meerut - UPPCB",Meerut,Uttar Pradesh,28.999264,77.7590354,2026-07-16 05:00:00,2026-07-16 05:38:19,69.0,139.0,33.0,27.0,47.0,28.0,10.0,481.32,Severe,CO,True,Valid AQI,481.32,Severe,CO,2026-07-16T10:45,34.0,59,0.0,0.0,8.7,275,977.8,4,63.95,High trapping,True,North India,General urban / semi-urban proxy,Proxy from station/city naming,15,Low urban pressure,20,Low road density proxy,Proxy from city/station naming,Proxy geospatial features,53.53,High,2026-07-16 10:51:20
uttar_pradesh__meerut__jai_bhim_nagar_meerut_uppcb,"Jai Bhim Nagar, Meerut - UPPCB",Meerut,Uttar Pradesh,28.9535882,77.7622941,2026-07-16 05:00:00,2026-07-16 05:38:19,44.0,123.0,21.0,4.0,64.0,11.0,6.0,500.0,Severe,CO,True,Valid AQI,500.0,Severe,CO,2026-07-16T10:45,33.8,61,0.0,0.0,9.2,276,978.4,2,63.58,High trapping,True,North India,General urban / semi-urban proxy,Proxy from station/city naming,15,Low urban pressure,20,Low road density proxy,Proxy from city/station naming,Proxy geospatial features,55.11,High,2026-07-16 10:51:20
uttar_pradesh__meerut__miet_college_meerut_uppcb,"MIET College, Meerut - UPPCB",Meerut,Uttar Pradesh,28.972677,77.641018,2026-07-16 05:00:00,2026-07-16 05:38:19,262.0,158.0,33.0,7.0,44.0,7.0,8.0,462.64,Severe,CO,True,Valid AQI,462.64,Severe,CO,2026-07-16T10:45,33.6,62,0.0,0.0,9.0,271,977.5,4,64.51,High trapping,True,North India,General urban / semi-urban proxy,Proxy from station/city naming,15,Low urban pressure,20,Low road density proxy,Proxy from city/station naming,Proxy geospatial features,52.02,High,2026-07-16 10:51:20
uttar_pradesh__meerut__pallavpuram_phase_2_meerut_uppcb,"Pallavpuram Phase 2, Meerut - UPPCB",Meerut,Uttar Pradesh,29.06351,77.709723,2026-07-16 05:00:00,2026-07-16 05:38:19,106.0,,37.0,13.0,21.0,10.0,15.0,323.85,Very Poor,CO,True,Valid AQI,323.85,Very Poor,CO,2026-07-16T10:45,33.6,63,0.0,0.0,8.6,272,977.2,5,65.7,High trapping,True,North India,Industrial / mixed urban proxy,Proxy from station/city naming,35,Moderate urban pressure,30,Moderate road density proxy,Proxy from city/station naming,Proxy geospatial features,48.12,Moderate,2026-07-16 10:51:20
uttar_pradesh__modinagar__srm_university_modinagar_uppcb,"SRM University, Modinagar - UPPCB",Modinagar,Uttar Pradesh,28.798171,77.540243,2026-07-16 05:00:00,2026-07-16 05:38:19,,,28.0,12.0,29.0,,3.0,370.71,Very Poor,CO,False,Insufficient pollutants,,Unknown,,2026-07-16T10:45,33.5,59,0.0,0.0,10.4,280,978.3,2,60.67,High trapping,True,North India,General urban / semi-urban proxy,Proxy from station/city naming,15,Low urban pressure,20,Low road density proxy,Proxy from city/station naming,Proxy geospatial features,,Unknown,2026-07-16 10:51:20
uttar_pradesh__moradabad__buddhi_vihar_moradabad_uppcb,"Buddhi Vihar, Moradabad - UPPCB",Moradabad,Uttar Pradesh,28.83526,78.7446,2026-07-16 05:00:00,2026-07-16 05:38:19,40.0,76.0,29.0,25.0,31.0,32.0,5.0,382.43,Very Poor,CO,True,Valid AQI,382.43,Very Poor,CO,2026-07-16T10:45,33.8,66,0.0,0.0,3.1,263,980.7,11,77.36,High trapping,True,North India,General urban / semi-urban proxy,Proxy from station/city naming,15,Low urban pressure,20,Low road density proxy,Proxy from city/station naming,Proxy geospatial features,49.92,Moderate,2026-07-16 10:51:20
uttar_pradesh__moradabad__eco_herbal_park_moradabad_uppcb,"Eco Herbal Park, Moradabad - UPPCB",Moradabad,Uttar Pradesh,28.840739,78.697531,2026-07-16 05:00:00,2026-07-16 05:38:19,47.0,72.0,25.0,14.0,20.0,19.0,11.0,317.99,Very Poor,CO,True,Valid AQI,317.99,Very Poor,CO,2026-07-16T10:45,33.8,66,0.0,0.0,4.5,275,980.2,13,75.02,High trapping,True,North India,General urban / semi-urban proxy,Proxy from station/city naming,15,Low urban pressure,20,Low road density proxy,Proxy from city/station naming,Proxy geospatial features,42.94,Moderate,2026-07-16 10:51:20
uttar_pradesh__moradabad__employment_office_moradabad_uppcb,"Employment Office, Moradabad - UPPCB",Moradabad,Uttar Pradesh,28.88528,78.7388,2026-07-16 05:00:00,2026-07-16 05:38:19,60.0,83.0,23.0,28.0,18.0,31.0,3.0,306.27,Very Poor,CO,True,Valid AQI,306.27,Very Poor,CO,2026-07-16T10:45,33.8,66,0.0,0.0,3.1,263,980.7,11,77.36,High trapping,True,North India,General urban / semi-urban proxy,Proxy from station/city naming,15,Low urban pressure,20,Low road density proxy,Proxy from city/station naming,Proxy geospatial features,42.83,Moderate,2026-07-16 10:51:20
uttar_pradesh__moradabad__jigar_colony_moradabad_uppcb,"Jigar Colony, Moradabad - UPPCB",Moradabad,Uttar Pradesh,28.856664,78.772638,2026-07-16 05:00:00,2026-07-16 05:38:19,42.0,87.0,25.0,38.0,40.0,20.0,6.0,437.74,Severe,CO,True,Valid AQI,437.74,Severe,CO,2026-07-16T10:45,33.8,66,0.0,0.0,3.1,263,981.6,11,77.36,High trapping,True,North India,General urban / semi-urban proxy,Proxy from station/city naming,15,Low urban pressure,20,Low road density proxy,Proxy from city/station naming,Proxy geospatial features,55.07,High,2026-07-16 10:51:20
uttar_pradesh__moradabad__kashiram_nagar_moradabad_uppcb,"Kashiram Nagar, Moradabad - UPPCB",Moradabad,Uttar Pradesh,28.849399,78.742362,2026-07-16 05:00:00,2026-07-16 05:38:19,28.0,101.0,24.0,66.0,35.0,8.0,4.0,406.6,Severe,CO,True,Valid AQI,406.6,Severe,CO,2026-07-16T10:45,33.8,66,0.0,0.0,3.1,263,981.0,11,77.36,High trapping,True,North India,General urban / semi-urban proxy,Proxy from station/city naming,15,Low urban pressure,20,Low road density proxy,Proxy from city/station naming,Proxy geospatial features,52.17,High,2026-07-16 10:51:20
uttar_pradesh__moradabad__transport_nagar_moradabad_uppcb,"Transport Nagar, Moradabad - UPPCB",Moradabad,Uttar Pradesh,28.802625,78.753728,2026-07-16 05:00:00,2026-07-16 05:38:19,47.0,78.0,24.0,18.0,53.0,32.0,5.0,500.0,Severe,CO,True,Valid AQI,500.0,Severe,CO,2026-07-16T10:45,33.6,67,0.0,0.0,3.5,249,981.2,8,76.7,High trapping,True,North India,General urban / semi-urban proxy,Proxy from station/city naming,15,Low urban pressure,20,Low road density proxy,Proxy from city/station naming,Proxy geospatial features,60.59,High,2026-07-16 10:51:20
uttar_pradesh__muzaffarnagar__new_mandi_muzaffarnagar_uppcb,"New Mandi, Muzaffarnagar - UPPCB",Muzaffarnagar,Uttar Pradesh,29.4723508,77.7194031,2026-07-16 05:00:00,2026-07-16 05:38:19,125.0,148.0,31.0,24.0,44.0,16.0,3.0,462.64,Severe,CO,True,Valid AQI,462.64,Severe,CO,2026-07-16T10:45,33.4,66,0.0,0.0,5.2,282,975.0,14,73.85,High trapping,True,North India,General urban / semi-urban proxy,Proxy from station/city naming,15,Low urban pressure,20,Low road density proxy,Proxy from city/station naming,Proxy geospatial features,55.92,High,2026-07-16 10:51:20
uttar_pradesh__noida__sector_125_noida_uppcb,"Sector - 125, Noida - UPPCB",Noida,Uttar Pradesh,28.5447608,77.3231257,2026-07-16 05:00:00,2026-07-16 05:38:19,65.0,158.0,45.0,9.0,42.0,13.0,19.0,450.19,Severe,CO,True,Valid AQI,450.19,Severe,CO,2026-07-16T10:45,35.6,44,0.0,0.0,11.6,282,980.8,8,53.58,Moderate trapping,True,North India,Industrial / mixed urban proxy,Proxy from station/city naming,70,High urban pressure,65,High road density proxy,Proxy from city/station naming,Proxy geospatial features,71.93,High,2026-07-16 10:51:20
uttar_pradesh__noida__sector_62_noida_iitm,"Sector - 62, Noida - IITM",Noida,Uttar Pradesh,28.6245479,77.3577104,2026-07-16 05:00:00,2026-07-16 05:38:19,89.0,149.0,31.0,,48.0,21.0,,487.55,Severe,CO,True,Valid AQI,487.55,Severe,CO,2026-07-16T10:45,36.4,40,0.0,0.0,9.6,284,980.5,5,55.43,Moderate trapping,True,North India,Industrial / mixed urban proxy,Proxy from station/city naming,70,High urban pressure,65,High road density proxy,Proxy from city/station naming,Proxy geospatial features,76.18,Critical,2026-07-16 10:51:20
uttar_pradesh__noida__sector_1_noida_uppcb,"Sector-1, Noida - UPPCB",Noida,Uttar Pradesh,28.5898,77.3101,2026-07-16 05:00:00,2026-07-16 05:38:19,60.0,139.0,43.0,11.0,31.0,4.0,10.0,382.43,Very Poor,CO,True,Valid AQI,382.43,Very Poor,CO,2026-07-16T10:45,36.1,42,0.0,0.0,10.7,279,980.2,10,54.68,Moderate trapping,True,North India,Industrial / mixed urban proxy,Proxy from station/city naming,70,High urban pressure,65,High road density proxy,Proxy from city/station naming,Proxy geospatial features,66.08,High,2026-07-16 10:51:20
uttar_pradesh__noida__sector_116_noida_uppcb,"Sector-116, Noida - UPPCB",Noida,Uttar Pradesh,28.56923,77.393848,2026-07-16 05:00:00,2026-07-16 05:38:19,94.0,188.0,45.0,11.0,15.0,14.0,13.0,271.3,Poor,CO,True,Valid AQI,271.3,Poor,CO,2026-07-16T10:45,35.6,45,0.0,0.0,10.2,279,980.7,5,56.18,Moderate trapping,True,North India,Industrial / mixed urban proxy,Proxy from station/city naming,70,High urban pressure,65,High road density proxy,Proxy from city/station naming,Proxy geospatial features,56.36,High,2026-07-16 10:51:20
uttar_pradesh__prayagraj__jhunsi_prayagraj_uppcb,"Jhunsi, Prayagraj - UPPCB",Prayagraj,Uttar Pradesh,25.425602,81.917152,2026-07-16 05:00:00,2026-07-16 05:38:19,44.0,64.0,6.0,21.0,13.0,34.0,6.0,242.61,Poor,CO,True,Valid AQI,242.61,Poor,CO,2026-07-16T10:45,33.9,59,0.1,0.1,6.9,351,991.5,98,70.35,High trapping,True,Central India,General urban / semi-urban proxy,Proxy from station/city naming,15,Low urban pressure,20,Low road density proxy,Proxy from city/station naming,Proxy geospatial features,33.97,Moderate,2026-07-16 10:51:20
uttar_pradesh__prayagraj__motilal_nehru_nit_prayagraj_uppcb,"Motilal Nehru NIT, Prayagraj - UPPCB",Prayagraj,Uttar Pradesh,25.494,81.863,2026-07-16 05:00:00,2026-07-16 05:38:19,32.0,32.0,12.0,43.0,6.0,14.0,8.0,149.87,Moderate,CO,True,Valid AQI,149.87,Moderate,CO,2026-07-16T10:45,33.8,59,0.1,0.0,6.1,358,991.5,99,78.15,High trapping,True,Central India,General urban / semi-urban proxy,Proxy from station/city naming,15,Low urban pressure,20,Low road density proxy,Proxy from city/station naming,Proxy geospatial features,28.59,Moderate,2026-07-16 10:51:20
uttar_pradesh__prayagraj__nagar_nigam_prayagraj_uppcb,"Nagar Nigam, Prayagraj - UPPCB",Prayagraj,Uttar Pradesh,25.44919916,81.82735986,2026-07-16 05:00:00,2026-07-16 05:38:19,26.0,23.0,5.0,48.0,14.0,24.0,15.0,256.96,Poor,CO,True,Valid AQI,256.96,Poor,CO,2026-07-16T10:45,34.0,57,0.1,0.1,8.0,333,991.2,98,67.63,High trapping,True,Central India,General urban / semi-urban proxy,Proxy from station/city naming,15,Low urban pressure,20,Low road density proxy,Proxy from city/station naming,Proxy geospatial features,34.18,Moderate,2026-07-16 10:51:20
uttar_pradesh__raebareli__anand_nagar_raebareli_uppcb,"Anand Nagar, Raebareli - UPPCB",Raebareli,Uttar Pradesh,26.219512,81.237648,2026-07-16 05:00:00,2026-07-16 05:38:19,67.0,132.0,16.0,14.0,62.0,55.0,11.0,500.0,Severe,CO,True,Valid AQI,500.0,Severe,CO,2026-07-16T10:45,33.9,61,0.0,0.0,8.5,322,989.9,99,74.54,High trapping,True,Central India,General urban / semi-urban proxy,Proxy from station/city naming,15,Low urban pressure,20,Low road density proxy,Proxy from city/station naming,Proxy geospatial features,59.69,High,2026-07-16 10:51:20
uttar_pradesh__raebareli__indira_nagar_raebareli_ntpc_unchahar,"Indira Nagar, Raebareli - NTPC Unchahar",Raebareli,Uttar Pradesh,26.207781,81.245571,2026-07-16 05:00:00,2026-07-16 05:38:19,,,19.0,,,,9.0,23.75,Good,NO2,False,Insufficient pollutants,,Unknown,,2026-07-16T10:45,33.9,61,0.0,0.0,8.5,322,990.1,99,74.54,High trapping,True,Central India,General urban / semi-urban proxy,Proxy from station/city naming,15,Low urban pressure,20,Low road density proxy,Proxy from city/station naming,Proxy geospatial features,,Unknown,2026-07-16 10:51:20
uttar_pradesh__varanasi__ardhali_bazar_varanasi_uppcb,"Ardhali Bazar, Varanasi - UPPCB",Varanasi,Uttar Pradesh,25.3505986,82.9083074,2026-07-16 05:00:00,2026-07-16 05:38:19,86.0,101.0,41.0,15.0,,24.0,,186.34,Moderate,PM2.5,True,Valid AQI,186.34,Moderate,PM2.5,2026-07-16T10:45,30.9,80,0.1,0.0,2.8,40,993.3,94,91.35,Very high trapping,True,Central India,General urban / semi-urban proxy,Proxy from station/city naming,15,Low urban pressure,20,Low road density proxy,Proxy from city/station naming,Proxy geospatial features,37.5,Moderate,2026-07-16 10:51:20
uttar_pradesh__varanasi__bhelupur_varanasi_uppcb,"Bhelupur, Varanasi - UPPCB",Varanasi,Uttar Pradesh,25.301778,82.996789,2026-07-16 05:00:00,2026-07-16 05:38:19,30.0,74.0,8.0,29.0,12.0,11.0,1.0,228.26,Poor,CO,True,Valid AQI,228.26,Poor,CO,2026-07-16T10:45,29.4,84,0.2,0.2,5.2,311,993.9,94,75.97,High trapping,True,Central India,General urban / semi-urban proxy,Proxy from station/city naming,15,Low urban pressure,20,Low road density proxy,Proxy from city/station naming,Proxy geospatial features,34.98,Moderate,2026-07-16 10:51:20
uttar_pradesh__varanasi__iesd_banaras_hindu_university_varanasi_uppcb,"IESD Banaras Hindu University, Varanasi - UPPCB",Varanasi,Uttar Pradesh,25.262326,82.995408,2026-07-16 05:00:00,2026-07-16 05:38:19,23.0,51.0,2.0,39.0,3.0,8.0,7.0,112.28,Moderate,CO,True,Valid AQI,112.28,Moderate,CO,2026-07-16T10:45,29.4,84,0.2,0.2,5.2,311,993.9,94,75.97,High trapping,True,Central India,General urban / semi-urban proxy,Proxy from station/city naming,15,Low urban pressure,20,Low road density proxy,Proxy from city/station naming,Proxy geospatial features,24.18,Low,2026-07-16 10:51:20
uttar_pradesh__varanasi__maldahiya_varanasi_uppcb,"Maldahiya, Varanasi - UPPCB",Varanasi,Uttar Pradesh,25.32393,82.99687,2026-07-16 05:00:00,2026-07-16 05:38:19,45.0,59.0,3.0,31.0,21.0,4.0,0.0,323.85,Very Poor,CO,True,Valid AQI,323.85,Very Poor,CO,2026-07-16T10:45,30.5,79,0.1,0.1,3.6,303,993.3,91,82.98,Very high trapping,True,Central India,General urban / semi-urban proxy,Proxy from station/city naming,15,Low urban pressure,20,Low road density proxy,Proxy from city/station naming,Proxy geospatial features,46.81,Moderate,2026-07-16 10:51:20
uttar_pradesh__vrindavan__omex_eternity_vrindavan_uppcb,"Omex Eternity, Vrindavan - UPPCB",Vrindavan,Uttar Pradesh,27.571409,77.655757,2026-07-16 05:00:00,2026-07-16 05:38:19,61.0,67.0,27.0,30.0,10.0,15.0,8.0,200.0,Moderate,CO,True,Valid AQI,200.0,Moderate,CO,2026-07-16T10:45,34.8,51,0.0,0.0,12.4,283,983.0,2,54.11,Moderate trapping,True,Central India,General urban / semi-urban proxy,Proxy from station/city naming,15,Low urban pressure,20,Low road density proxy,Proxy from city/station naming,Proxy geospatial features,23.23,Low,2026-07-16 10:51:20
uttarakhand__dehradun__doon_university_dehradun_ukpcb,"Doon University, Dehradun - UKPCB",Dehradun,Uttarakhand,30.269444,78.044167,2026-07-16 05:00:00,2026-07-16 05:38:19,78.0,75.0,2.0,1.0,10.0,6.0,,200.0,Moderate,CO,True,Valid AQI,200.0,Moderate,CO,2026-07-16T10:45,30.8,66,0.0,0.0,1.9,248,938.4,9,79.33,High trapping,True,North India,General urban / semi-urban proxy,Proxy from station/city naming,15,Low urban pressure,20,Low road density proxy,Proxy from city/station naming,Proxy geospatial features,33.75,Moderate,2026-07-16 10:51:20
uttarakhand__kashipur__govt_girls_inter_college_kashipur_ukpcb,"Govt. Girls Inter College, Kashipur - UKPCB",Kashipur,Uttarakhand,29.2124114,78.9611753,2026-07-16 05:00:00,2026-07-16 05:38:19,62.0,62.0,15.0,7.0,18.0,10.0,4.0,306.27,Very Poor,CO,True,Valid AQI,306.27,Very Poor,CO,2026-07-16T10:45,33.1,69,0.0,0.0,4.8,195,976.4,7,74.98,High trapping,True,North India,General urban / semi-urban proxy,Proxy from station/city naming,15,Low urban pressure,20,Low road density proxy,Proxy from city/station naming,Proxy geospatial features,41.83,Moderate,2026-07-16 10:51:20
uttarakhand__rishikesh__shivaji_nagar_rishikesh_ukpcb,"Shivaji Nagar, Rishikesh - UKPCB",Rishikesh,Uttarakhand,30.075911,78.2859547,2026-07-16 05:00:00,2026-07-16 05:38:19,2.0,31.0,7.0,1.0,37.0,33.0,5.0,419.06,Severe,CO,True,Valid AQI,419.06,Severe,CO,2026-07-16T10:45,32.0,65,0.0,0.0,5.5,234,966.2,9,72.44,High trapping,True,North India,General urban / semi-urban proxy,Proxy from station/city naming,15,Low urban pressure,20,Low road density proxy,Proxy from city/station naming,Proxy geospatial features,51.27,High,2026-07-16 10:51:20
west_bengal__asansol__asansol_court_area_asansol_wbpcb,"Asansol Court Area, Asansol - WBPCB",Asansol,West Bengal,23.685297,86.945968,2026-07-16 05:00:00,2026-07-16 05:38:19,42.0,37.0,31.0,13.0,16.0,29.0,3.0,285.65,Poor,CO,True,Valid AQI,285.65,Poor,CO,2026-07-16T10:45,31.6,70,0.0,0.0,12.6,65,987.1,30,63.53,High trapping,True,East India,Industrial / mixed urban proxy,Proxy from station/city naming,35,Moderate urban pressure,30,Moderate road density proxy,Proxy from city/station naming,Proxy geospatial features,43.66,Moderate,2026-07-16 10:51:20
west_bengal__asansol__evelyn_lodge_asansol_wbpcb,"Evelyn Lodge, Asansol - WBPCB",Asansol,West Bengal,23.697936,86.944395,2026-07-16 05:00:00,2026-07-16 05:38:19,21.0,31.0,14.0,76.0,20.0,18.0,5.0,317.99,Very Poor,CO,True,Valid AQI,317.99,Very Poor,CO,2026-07-16T10:45,31.7,71,0.0,0.0,13.0,66,986.9,68,66.98,High trapping,True,East India,General urban / semi-urban proxy,Proxy from station/city naming,15,Low urban pressure,20,Low road density proxy,Proxy from city/station naming,Proxy geospatial features,39.59,Moderate,2026-07-16 10:51:20
west_bengal__asansol__mahabir_colliery_asansol_wbpcb,"Mahabir Colliery, Asansol - WBPCB",Asansol,West Bengal,23.618183,87.105718,2026-07-16 05:00:00,2026-07-16 05:38:19,26.0,36.0,2.0,8.0,47.0,12.0,0.0,481.32,Severe,CO,True,Valid AQI,481.32,Severe,CO,2026-07-16T10:45,31.4,72,0.1,0.1,12.7,63,990.4,67,61.54,High trapping,True,East India,General urban / semi-urban proxy,Proxy from station/city naming,15,Low urban pressure,20,Low road density proxy,Proxy from city/station naming,Proxy geospatial features,52.52,High,2026-07-16 10:51:20
west_bengal__asansol__trivenidevi_bhalotia_college_asansol_wbpcb,"Trivenidevi Bhalotia College, Asansol - WBPCB",Asansol,West Bengal,23.616515,87.119133,2026-07-16 05:00:00,2026-07-16 05:38:19,,,8.0,33.0,32.0,6.0,8.0,388.28,Very Poor,CO,False,Insufficient pollutants,,Unknown,,2026-07-16T10:45,31.1,73,0.1,0.0,12.2,63,989.5,100,72.36,High trapping,True,East India,General urban / semi-urban proxy,Proxy from station/city naming,15,Low urban pressure,20,Low road density proxy,Proxy from city/station naming,Proxy geospatial features,,Unknown,2026-07-16 10:51:20
west_bengal__barrackpore__svspa_campus_barrackpore_wbpcb,"SVSPA Campus, Barrackpore - WBPCB",Barrackpore,West Bengal,22.7605581,88.3617589,2026-07-16 05:00:00,2026-07-16 05:38:19,28.0,36.0,15.0,11.0,38.0,8.0,8.0,425.28,Severe,CO,True,Valid AQI,425.28,Severe,CO,2026-07-16T10:45,30.6,76,0.1,0.1,13.8,83,999.6,100,64.32,High trapping,True,East India,General urban / semi-urban proxy,Proxy from station/city naming,15,Low urban pressure,20,Low road density proxy,Proxy from city/station naming,Proxy geospatial features,48.47,Moderate,2026-07-16 10:51:20
west_bengal__durgapur__mahishkapur_road_b_zone_durgapur_wbpcb,"Mahishkapur Road_B-Zone, Durgapur - WBPCB",Durgapur,West Bengal,23.567923,87.306843,2026-07-16 05:00:00,2026-07-16 05:38:19,18.0,27.0,4.0,12.0,,27.0,1.0,30.0,Good,PM2.5,True,Valid AQI,30.0,Good,PM2.5,2026-07-16T10:45,31.1,72,0.3,0.2,13.8,73,991.5,94,56.0,Moderate trapping,True,East India,Traffic / commercial proxy,Proxy from station/city naming,30,Moderate urban pressure,75,High road density proxy,Proxy from city/station naming,Proxy geospatial features,20.52,Low,2026-07-16 10:51:20
west_bengal__durgapur__pcbl_residential_complex_durgapur_wbpcb,"PCBL Residential Complex, Durgapur - WBPCB",Durgapur,West Bengal,23.508764,87.35444,2026-07-16 05:00:00,2026-07-16 05:38:19,19.0,24.0,71.0,11.0,24.0,3.0,5.0,341.42,Very Poor,CO,True,Valid AQI,341.42,Very Poor,CO,2026-07-16T10:45,31.0,72,0.3,0.1,14.3,71,992.0,91,61.04,High trapping,True,East India,General urban / semi-urban proxy,Proxy from station/city naming,15,Low urban pressure,20,Low road density proxy,Proxy from city/station naming,Proxy geospatial features,39.29,Moderate,2026-07-16 10:51:20
west_bengal__durgapur__womens_college_city_center_durgapur_wbpcb,"Womens College_City Center, Durgapur - WBPCB",Durgapur,West Bengal,23.549395,87.300496,2026-07-16 05:00:00,2026-07-16 05:38:19,21.0,44.0,36.0,12.0,18.0,12.0,2.0,306.27,Very Poor,CO,True,Valid AQI,306.27,Very Poor,CO,2026-07-16T10:45,31.1,72,0.3,0.2,13.8,73,991.3,94,56.0,Moderate trapping,True,East India,General urban / semi-urban proxy,Proxy from station/city naming,15,Low urban pressure,20,Low road density proxy,Proxy from city/station naming,Proxy geospatial features,33.91,Moderate,2026-07-16 10:51:20
west_bengal__haldia__priyambada_housing_estate_haldia_wbpcb,"Priyambada Housing Estate, Haldia - WBPCB",Haldia,West Bengal,22.06047,88.109737,2026-07-16 05:00:00,2026-07-16 05:38:19,21.0,33.0,10.0,7.0,37.0,24.0,4.0,419.06,Severe,CO,True,Valid AQI,419.06,Severe,CO,2026-07-16T10:45,31.3,71,0.1,0.1,5.5,81,999.5,53,72.8,High trapping,True,East India,Industrial / mixed urban proxy,Proxy from station/city naming,35,Moderate urban pressure,30,Moderate road density proxy,Proxy from city/station naming,Proxy geospatial features,59.95,High,2026-07-16 10:51:20
west_bengal__howrah__belur_math_howrah_wbpcb,"Belur Math, Howrah - WBPCB",Howrah,West Bengal,22.629801,88.352017,2026-07-16 05:00:00,2026-07-16 05:38:19,19.0,36.0,18.0,7.0,14.0,8.0,4.0,256.96,Poor,CO,True,Valid AQI,256.96,Poor,CO,2026-07-16T10:45,30.1,78,0.0,0.0,11.4,83,999.7,96,75.24,High trapping,True,East India,General urban / semi-urban proxy,Proxy from station/city naming,15,Low urban pressure,20,Low road density proxy,Proxy from city/station naming,Proxy geospatial features,37.35,Moderate,2026-07-16 10:51:20
west_bengal__howrah__botanical_garden_howrah_wbpcb,"Botanical Garden, Howrah - WBPCB",Howrah,West Bengal,22.554954,88.292568,2026-07-16 05:00:00,2026-07-16 05:38:19,36.0,33.0,13.0,5.0,15.0,8.0,2.0,271.3,Poor,CO,True,Valid AQI,271.3,Poor,CO,2026-07-16T10:45,30.1,79,0.0,0.0,11.1,78,999.4,92,75.76,High trapping,True,East India,General urban / semi-urban proxy,Proxy from station/city naming,15,Low urban pressure,20,Low road density proxy,Proxy from city/station naming,Proxy geospatial features,38.9,Moderate,2026-07-16 10:51:20
west_bengal__howrah__dasnagar_howrah_wbpcb,"Dasnagar, Howrah - WBPCB",Howrah,West Bengal,22.6025571,88.3105664,2026-07-16 05:00:00,2026-07-16 05:38:19,,,4.0,7.0,38.0,40.0,1.0,425.28,Severe,CO,False,Insufficient pollutants,,Unknown,,2026-07-16T10:45,30.1,78,0.0,0.0,11.4,83,1000.1,96,75.24,High trapping,True,East India,General urban / semi-urban proxy,Proxy from station/city naming,15,Low urban pressure,20,Low road density proxy,Proxy from city/station naming,Proxy geospatial features,,Unknown,2026-07-16 10:51:20
west_bengal__howrah__ghusuri_howrah_wbpcb,"Ghusuri, Howrah - WBPCB",Howrah,West Bengal,22.611968,88.347422,2026-07-16 05:00:00,2026-07-16 05:38:19,39.0,48.0,56.0,9.0,24.0,20.0,3.0,341.42,Very Poor,CO,True,Valid AQI,341.42,Very Poor,CO,2026-07-16T10:45,30.1,78,0.0,0.0,11.4,83,999.7,96,75.24,High trapping,True,East India,General urban / semi-urban proxy,Proxy from station/city naming,15,Low urban pressure,20,Low road density proxy,Proxy from city/station naming,Proxy geospatial features,45.21,Moderate,2026-07-16 10:51:20
west_bengal__howrah__padmapukur_howrah_wbpcb,"Padmapukur, Howrah - WBPCB",Howrah,West Bengal,22.5687319,88.2797276,2026-07-16 05:00:00,2026-07-16 05:38:19,30.0,37.0,30.0,6.0,57.0,19.0,7.0,500.0,Severe,CO,True,Valid AQI,500.0,Severe,CO,2026-07-16T10:45,30.1,78,0.0,0.0,11.4,83,1000.0,96,75.24,High trapping,True,East India,General urban / semi-urban proxy,Proxy from station/city naming,15,Low urban pressure,20,Low road density proxy,Proxy from city/station naming,Proxy geospatial features,59.98,High,2026-07-16 10:51:20
west_bengal__kolkata__ballygunge_kolkata_wbpcb,"Ballygunge, Kolkata - WBPCB",Kolkata,West Bengal,22.5367507,88.3638022,2026-07-16 05:00:00,2026-07-16 05:38:19,38.0,33.0,25.0,6.0,20.0,17.0,9.0,317.99,Very Poor,CO,True,Valid AQI,317.99,Very Poor,CO,2026-07-16T10:45,30.1,79,0.0,0.0,11.1,78,999.3,92,75.76,High trapping,True,East India,Dense urban proxy,Proxy from station/city naming,60,High urban pressure,55,Moderate road density proxy,Proxy from city/station naming,Proxy geospatial features,63.99,High,2026-07-16 10:51:20
west_bengal__kolkata__bidhannagar_kolkata_wbpcb,"Bidhannagar, Kolkata - WBPCB",Kolkata,West Bengal,22.58157048,88.41002457,2026-07-16 05:00:00,2026-07-16 05:38:19,22.0,39.0,13.0,8.0,24.0,40.0,6.0,341.42,Very Poor,CO,True,Valid AQI,341.42,Very Poor,CO,2026-07-16T10:45,30.3,76,0.0,0.0,12.3,84,999.6,89,72.18,High trapping,True,East India,Dense urban proxy,Proxy from station/city naming,60,High urban pressure,55,Moderate road density proxy,Proxy from city/station naming,Proxy geospatial features,64.68,High,2026-07-16 10:51:20
west_bengal__kolkata__fort_william_kolkata_wbpcb,"Fort William, Kolkata - WBPCB",Kolkata,West Bengal,22.55664,88.342674,2026-07-16 05:00:00,2026-07-16 05:38:19,31.0,32.0,9.0,5.0,15.0,17.0,9.0,271.3,Poor,CO,True,Valid AQI,271.3,Poor,CO,2026-07-16T10:45,30.1,79,0.0,0.0,11.1,78,999.3,92,75.76,High trapping,True,East India,Dense urban proxy,Proxy from station/city naming,60,High urban pressure,55,Moderate road density proxy,Proxy from city/station naming,Proxy geospatial features,59.64,High,2026-07-16 10:51:20
west_bengal__kolkata__jadavpur_kolkata_wbpcb,"Jadavpur, Kolkata - WBPCB",Kolkata,West Bengal,22.49929,88.36917,2026-07-16 05:00:00,2026-07-16 05:38:19,39.0,40.0,21.0,6.0,26.0,14.0,13.0,353.14,Very Poor,CO,True,Valid AQI,353.14,Very Poor,CO,2026-07-16T10:45,30.3,77,0.0,0.0,12.0,77,999.6,84,72.59,High trapping,True,East India,Dense urban proxy,Proxy from station/city naming,60,High urban pressure,55,Moderate road density proxy,Proxy from city/station naming,Proxy geospatial features,65.94,High,2026-07-16 10:51:20
west_bengal__kolkata__rabindra_bharati_university_kolkata_wbpcb,"Rabindra Bharati University, Kolkata - WBPCB",Kolkata,West Bengal,22.627847,88.380669,2026-07-16 05:00:00,2026-07-16 05:38:19,20.0,31.0,34.0,9.0,42.0,24.0,6.0,450.19,Severe,CO,True,Valid AQI,450.19,Severe,CO,2026-07-16T10:45,30.3,76,0.0,0.0,12.3,84,999.4,89,72.18,High trapping,True,East India,Dense urban proxy,Proxy from station/city naming,60,High urban pressure,55,Moderate road density proxy,Proxy from city/station naming,Proxy geospatial features,74.8,High,2026-07-16 10:51:20
west_bengal__kolkata__rabindra_sarobar_kolkata_wbpcb,"Rabindra Sarobar, Kolkata - WBPCB",Kolkata,West Bengal,22.51106,88.35142,2026-07-16 05:00:00,2026-07-16 05:38:19,19.0,24.0,18.0,7.0,15.0,25.0,7.0,271.3,Poor,CO,True,Valid AQI,271.3,Poor,CO,2026-07-16T10:45,30.1,79,0.0,0.0,11.1,78,999.1,92,75.76,High trapping,True,East India,Dense urban proxy,Proxy from station/city naming,60,High urban pressure,55,Moderate road density proxy,Proxy from city/station naming,Proxy geospatial features,59.64,High,2026-07-16 10:51:20
west_bengal__kolkata__victoria_kolkata_wbpcb,"Victoria, Kolkata - WBPCB",Kolkata,West Bengal,22.5448082,88.3403691,2026-07-16 05:00:00,2026-07-16 05:38:19,74.0,89.0,18.0,14.0,36.0,53.0,8.0,412.83,Severe,CO,True,Valid AQI,412.83,Severe,CO,2026-07-16T10:45,30.1,79,0.0,0.0,11.1,78,999.9,92,75.76,High trapping,True,East India,Dense urban proxy,Proxy from station/city naming,60,High urban pressure,55,Moderate road density proxy,Proxy from city/station naming,Proxy geospatial features,72.82,High,2026-07-16 10:51:20
west_bengal__siliguri__ward_32_bapupara_siliguri_wbpcb,"Ward-32 Bapupara, Siliguri - WBPCB",Siliguri,West Bengal,26.6879226,88.4152495,2026-07-16 05:00:00,2026-07-16 05:38:19,21.0,36.0,118.0,13.0,33.0,24.0,15.0,394.14,Very Poor,CO,True,Valid AQI,394.14,Very Poor,CO,2026-07-16T10:45,28.3,88,0.1,0.0,11.3,43,990.9,94,78.9,High trapping,True,East India,General urban / semi-urban proxy,Proxy from station/city naming,15,Low urban pressure,20,Low road density proxy,Proxy from city/station naming,Proxy geospatial features,51.65,High,2026-07-16 10:51:20
