station_id,station_name,city,state,lat,lon,timestamp,PM2.5,PM10,NO2,SO2,CO,O3,NH3,reported_aqi,reported_aqi_category,reported_dominant_pollutant,aqi_is_valid,aqi_quality_flag,temperature_2m,relative_humidity_2m,rain,wind_speed_10m,cloud_cover,weather_trapping_score,weather_trapping_category,landuse_type_proxy,landuse_data_source,urban_pressure_score,road_density_proxy,environmental_risk_score,pm10_pm25_ratio,pm25_pm10_ratio,no2_co_ratio,o3_no2_ratio,source_score_vehicular_traffic,source_score_industrial_combustion,source_score_construction__road_dust,source_score_biomass__fine_particle_combustion,source_score_photochemical_smog,primary_pollution_source,primary_source_score,secondary_source_score,source_score_gap,source_attribution_confidence,source_attribution_confidence_category,source_evidence,landuse_source_alignment,recommended_intervention,notebook_03_processed_time
andhra_pradesh__amaravati__secretariat_amaravati_appcb,"Secretariat, Amaravati - APPCB",Amaravati,Andhra Pradesh,16.5150833,80.5181667,2026-07-16 05:00:00,54.0,172.0,32.0,16.0,61.0,13.0,3.0,500.0,Severe,CO,True,Valid AQI,31.9,55,0.0,17.7,100,55.79,Moderate trapping,General urban / semi-urban proxy,Proxy from station/city naming,15,20,51.86,3.185185185185185,0.313953488372093,0.5245901639344263,0.40625,19.79,20.38,38.4,34.56,29.28,Construction / road dust,38.4,34.56,3.84,28.03,Low confidence,PM10-heavy particulate pattern; road dust / coarse-particle likelihood,Partially aligned,"High priority: Prioritize road dust suppression, construction-site covering, mechanical sweeping, and enforcement of dust-control rules.",2026-07-16 10:55:13
andhra_pradesh__anantapur__gulzarpet_anantapur_appcb,"Gulzarpet, Anantapur - APPCB",Anantapur,Andhra Pradesh,14.675886,77.593027,2026-07-16 05:00:00,85.0,76.0,16.0,11.0,22.0,31.0,3.0,329.7,Very Poor,CO,True,Valid AQI,31.9,45,0.0,17.4,99,52.55,Moderate trapping,General urban / semi-urban proxy,Proxy from station/city naming,15,20,34.66,0.8941176470588236,1.118421052631579,0.7272727272727273,1.9375,8.15,10.05,24.84,35.37,29.84,Biomass / fine-particle combustion,35.37,29.84,5.53,26.42,Low confidence,PM2.5-heavy fine-particle pattern; CO and stagnant-weather influence,Partially aligned,"High priority: Prioritize open-burning control, biomass-combustion monitoring, fine-particle exposure advisories, and local source inspection.",2026-07-16 10:55:13
andhra_pradesh__chittoor__gangineni_cheruvu_chittoor_appcb,"Gangineni Cheruvu, Chittoor - APPCB",Chittoor,Andhra Pradesh,13.20488,79.097889,2026-07-16 05:00:00,70.0,64.0,31.0,21.0,21.0,39.0,6.0,323.85,Very Poor,CO,True,Valid AQI,32.6,39,0.0,12.3,100,59.68,Moderate trapping,General urban / semi-urban proxy,Proxy from station/city naming,15,20,37.09,0.9142857142857143,1.09375,1.4761904761904763,1.2580645161290323,11.76,16.33,21.27,36.34,33.72,Biomass / fine-particle combustion,36.34,33.72,2.62,26.22,Low confidence,PM2.5-heavy fine-particle pattern; CO and stagnant-weather influence,Partially aligned,"High priority: Prioritize open-burning control, biomass-combustion monitoring, fine-particle exposure advisories, and local source inspection.",2026-07-16 10:55:13
andhra_pradesh__eluru__district_court_eluru_appcb,"District Court, Eluru - APPCB",Eluru,Andhra Pradesh,16.711754,81.092095,2026-07-16 05:00:00,49.0,49.0,22.0,13.0,18.0,6.0,4.0,306.27,Very Poor,CO,True,Valid AQI,31.2,62,0.0,13.6,100,65.78,High trapping,General urban / semi-urban proxy,Proxy from station/city naming,15,20,37.99,1.0,1.0,1.2222222222222223,0.2727272727272727,8.89,11.26,20.35,34.09,26.13,Biomass / fine-particle combustion,34.09,26.13,7.96,26.25,Low confidence,PM2.5-heavy fine-particle pattern; CO and stagnant-weather influence; high weather trapping,Partially aligned,"High priority: Prioritize open-burning control, biomass-combustion monitoring, fine-particle exposure advisories, and local source inspection.",2026-07-16 10:55:13
andhra_pradesh__guntur__rajendra_nagar_north_guntur_appcb,"Rajendra Nagar North, Guntur - APPCB",Guntur,Andhra Pradesh,16.316553,80.413302,2026-07-16 05:00:00,52.0,52.0,42.0,14.0,15.0,25.0,9.0,271.3,Poor,CO,True,Valid AQI,31.9,54,0.0,16.5,100,57.59,Moderate trapping,General urban / semi-urban proxy,Proxy from station/city naming,15,20,31.32,1.0,1.0,2.8,0.5952380952380952,13.4,14.6,21.99,31.11,32.25,Photochemical smog,32.25,31.11,1.14,22.92,Low confidence,O3 and temperature-related signal; urban photochemical formation likelihood,Partially aligned,"High priority: Prioritize NOx/VOC precursor control, traffic-emission reduction, and ozone exposure advisories during sunny high-temperature periods.",2026-07-16 10:55:13
andhra_pradesh__kadapa__yerramukkapalli_kadapa_appcb,"Yerramukkapalli, Kadapa - APPCB",Kadapa,Andhra Pradesh,14.465052,78.824187,2026-07-16 05:00:00,50.0,52.0,23.0,11.0,28.0,39.0,14.0,364.85,Very Poor,CO,True,Valid AQI,33.0,44,0.0,17.9,99,51.28,Moderate trapping,General urban / semi-urban proxy,Proxy from station/city naming,15,20,37.4,1.04,0.9615384615384616,0.8214285714285714,1.6956521739130435,11.09,12.11,22.67,31.25,33.26,Photochemical smog,33.26,31.25,2.01,23.88,Low confidence,O3 and temperature-related signal; urban photochemical formation likelihood,Partially aligned,"High priority: Prioritize NOx/VOC precursor control, traffic-emission reduction, and ozone exposure advisories during sunny high-temperature periods.",2026-07-16 10:55:13
andhra_pradesh__kurnool__sita_rama_nagar_kurnool_appcb,"Sita Rama Nagar, Kurnool - APPCB",Kurnool,Andhra Pradesh,15.83411,78.028546,2026-07-16 05:00:00,58.0,59.0,29.0,10.0,8.0,19.0,5.0,174.94,Moderate,CO,True,Valid AQI,33.0,46,0.0,18.5,38,44.83,Moderate trapping,General urban / semi-urban proxy,Proxy from station/city naming,15,20,17.03,1.0172413793103448,0.9830508474576272,3.625,0.6551724137931034,8.73,9.82,23.67,26.62,34.25,Photochemical smog,34.25,26.62,7.63,26.26,Low confidence,O3 and temperature-related signal; urban photochemical formation likelihood,Partially aligned,"Medium priority: Prioritize NOx/VOC precursor control, traffic-emission reduction, and ozone exposure advisories during sunny high-temperature periods.",2026-07-16 10:55:13
andhra_pradesh__machilipatnam__srinivas_nagar_colony_machilipatnam_appcb,"Srinivas Nagar Colony, Machilipatnam - APPCB",Machilipatnam,Andhra Pradesh,16.186555,81.13219,2026-07-16 05:00:00,54.0,52.0,20.0,18.0,20.0,19.0,4.0,317.99,Very Poor,CO,True,Valid AQI,33.6,48,0.0,20.8,100,47.6,Moderate trapping,General urban / semi-urban proxy,Proxy from station/city naming,15,20,31.5,0.9629629629629629,1.0384615384615385,1.0,0.95,8.77,13.16,23.88,29.1,30.77,Photochemical smog,30.77,29.1,1.67,22.04,Low confidence,O3 and temperature-related signal; urban photochemical formation likelihood,Partially aligned,"High priority: Prioritize NOx/VOC precursor control, traffic-emission reduction, and ozone exposure advisories during sunny high-temperature periods.",2026-07-16 10:55:13
andhra_pradesh__nellore__ambedkar_nagar_nellore_appcb,"Ambedkar Nagar, Nellore - APPCB",Nellore,Andhra Pradesh,14.438164,79.966814,2026-07-16 05:00:00,53.0,65.0,29.0,15.0,36.0,38.0,7.0,412.83,Severe,CO,True,Valid AQI,34.7,42,0.0,18.3,100,49.92,Moderate trapping,General urban / semi-urban proxy,Proxy from station/city naming,15,20,41.3,1.2264150943396226,0.8153846153846154,0.8055555555555556,1.3103448275862069,14.17,15.85,24.51,31.63,36.0,Photochemical smog,36.0,31.63,4.37,26.51,Low confidence,O3 and temperature-related signal; urban photochemical formation likelihood,Partially aligned,"High priority: Prioritize NOx/VOC precursor control, traffic-emission reduction, and ozone exposure advisories during sunny high-temperature periods.",2026-07-16 10:55:13
andhra_pradesh__rajamahendravaram__anand_kala_kshetram_rajamahendravaram_appcb,"Anand Kala Kshetram, Rajamahendravaram - APPCB",Rajamahendravaram,Andhra Pradesh,16.9872867,81.7363176,2026-07-16 05:00:00,53.0,92.0,7.0,5.0,26.0,13.0,1.0,353.14,Very Poor,CO,True,Valid AQI,30.8,64,0.0,17.3,100,59.82,Moderate trapping,General urban / semi-urban proxy,Proxy from station/city naming,15,20,39.87,1.7358490566037736,0.5760869565217391,0.2692307692307692,1.8571428571428572,6.63,6.77,27.65,30.66,24.7,Biomass / fine-particle combustion,30.66,27.65,3.01,22.36,Low confidence,PM2.5-heavy fine-particle pattern; CO and stagnant-weather influence,Partially aligned,"High priority: Prioritize open-burning control, biomass-combustion monitoring, fine-particle exposure advisories, and local source inspection.",2026-07-16 10:55:13
andhra_pradesh__tirumala__toll_gate_tirumala_appcb,"Toll Gate, Tirumala - APPCB",Tirumala,Andhra Pradesh,13.67,79.35,2026-07-16 05:00:00,44.0,68.0,66.0,7.0,7.0,21.0,3.0,162.41,Moderate,CO,True,Valid AQI,28.7,39,0.0,14.0,99,56.5,Moderate trapping,General urban / semi-urban proxy,Proxy from station/city naming,15,20,20.73,1.5454545454545454,0.6470588235294118,9.428571428571429,0.3181818181818182,17.94,14.78,23.31,26.44,30.71,Photochemical smog,30.71,26.44,4.27,22.78,Low confidence,O3 and temperature-related signal; urban photochemical formation likelihood,Partially aligned,"Medium priority: Prioritize NOx/VOC precursor control, traffic-emission reduction, and ozone exposure advisories during sunny high-temperature periods.",2026-07-16 10:55:13
andhra_pradesh__tirupati__vaikuntapuram_tirupati_appcb,"Vaikuntapuram, Tirupati - APPCB",Tirupati,Andhra Pradesh,13.615387,79.40923,2026-07-16 05:00:00,60.0,72.0,38.0,18.0,21.0,35.0,5.0,323.85,Very Poor,CO,True,Valid AQI,34.4,35,0.0,10.3,98,61.63,High trapping,General urban / semi-urban proxy,Proxy from station/city naming,15,20,37.9,1.2,0.8333333333333334,1.8095238095238095,0.9210526315789473,13.54,16.35,21.61,34.33,36.44,Photochemical smog,36.44,34.33,2.11,26.14,Low confidence,O3 and temperature-related signal; urban photochemical formation likelihood,Partially aligned,"High priority: Prioritize NOx/VOC precursor control, traffic-emission reduction, and ozone exposure advisories during sunny high-temperature periods.",2026-07-16 10:55:13
andhra_pradesh__vijayawada__hb_colony_vijayawada_appcb,"HB Colony, Vijayawada - APPCB",Vijayawada,Andhra Pradesh,16.536107,80.594233,2026-07-16 05:00:00,66.0,67.0,15.0,12.0,34.0,16.0,3.0,400.0,Very Poor,CO,True,Valid AQI,31.0,61,0.0,15.2,100,62.52,High trapping,General urban / semi-urban proxy,Proxy from station/city naming,15,20,45.36,1.0151515151515151,0.9850746268656716,0.4411764705882353,1.0666666666666667,10.22,12.01,23.04,37.71,26.4,Biomass / fine-particle combustion,37.71,26.4,11.31,29.79,Low confidence,PM2.5-heavy fine-particle pattern; CO and stagnant-weather influence; high weather trapping,Partially aligned,"High priority: Prioritize open-burning control, biomass-combustion monitoring, fine-particle exposure advisories, and local source inspection.",2026-07-16 10:55:13
andhra_pradesh__vijayawada__kanuru_vijayawada_appcb,"Kanuru, Vijayawada - APPCB",Vijayawada,Andhra Pradesh,16.486692,80.699436,2026-07-16 05:00:00,61.0,60.0,26.0,14.0,20.0,20.0,4.0,317.99,Very Poor,CO,True,Valid AQI,32.0,55,0.0,16.6,100,57.78,Moderate trapping,General urban / semi-urban proxy,Proxy from station/city naming,15,20,35.75,0.9836065573770492,1.0166666666666666,1.3,0.7692307692307693,10.3,12.62,22.87,33.19,29.64,Biomass / fine-particle combustion,33.19,29.64,3.55,24.3,Low confidence,PM2.5-heavy fine-particle pattern; CO and stagnant-weather influence,Partially aligned,"High priority: Prioritize open-burning control, biomass-combustion monitoring, fine-particle exposure advisories, and local source inspection.",2026-07-16 10:55:13
andhra_pradesh__vijayawada__rajiv_gandhi_park_vijayawada_appcb,"Rajiv Gandhi Park, Vijayawada - APPCB",Vijayawada,Andhra Pradesh,16.509717,80.612222,2026-07-16 05:00:00,61.0,69.0,25.0,11.0,47.0,22.0,5.0,481.32,Severe,CO,True,Valid AQI,31.4,59,0.0,16.9,100,58.7,Moderate trapping,General urban / semi-urban proxy,Proxy from station/city naming,15,20,51.34,1.1311475409836065,0.8840579710144928,0.5319148936170213,0.88,15.29,15.21,24.18,37.63,29.03,Biomass / fine-particle combustion,37.63,29.03,8.6,28.92,Low confidence,PM2.5-heavy fine-particle pattern; CO and stagnant-weather influence,Partially aligned,"High priority: Prioritize open-burning control, biomass-combustion monitoring, fine-particle exposure advisories, and local source inspection.",2026-07-16 10:55:13
andhra_pradesh__vijayawada__rajiv_nagar_vijayawada_appcb,"Rajiv Nagar, Vijayawada - APPCB",Vijayawada,Andhra Pradesh,16.554731,80.64911,2026-07-16 05:00:00,65.0,67.0,17.0,15.0,28.0,17.0,4.0,364.85,Very Poor,CO,True,Valid AQI,31.5,57,0.0,15.1,100,61.23,High trapping,General urban / semi-urban proxy,Proxy from station/city naming,15,20,41.55,1.0307692307692307,0.9701492537313433,0.6071428571428571,1.0,9.56,12.65,23.01,36.03,27.43,Biomass / fine-particle combustion,36.03,27.43,8.6,27.8,Low confidence,PM2.5-heavy fine-particle pattern; CO and stagnant-weather influence; high weather trapping,Partially aligned,"High priority: Prioritize open-burning control, biomass-combustion monitoring, fine-particle exposure advisories, and local source inspection.",2026-07-16 10:55:13
andhra_pradesh__visakhapatnam__gvm_corporation_visakhapatnam_appcb,"GVM Corporation, Visakhapatnam - APPCB",Visakhapatnam,Andhra Pradesh,17.72,83.3,2026-07-16 05:00:00,67.0,140.0,93.0,34.0,12.0,6.0,4.0,228.26,Poor,CO,True,Valid AQI,32.3,52,0.0,5.7,100,76.4,High trapping,General urban / semi-urban proxy,Proxy from station/city naming,15,20,35.16,2.08955223880597,0.4785714285714286,7.75,0.06451612903225806,25.78,30.59,28.05,35.49,36.56,Photochemical smog,36.56,35.49,1.07,25.91,Low confidence,O3 and temperature-related signal; urban photochemical formation likelihood,Partially aligned,"High priority: Prioritize NOx/VOC precursor control, traffic-emission reduction, and ozone exposure advisories during sunny high-temperature periods.",2026-07-16 10:55:13
assam__byrnihat__central_academy_for_sfs_byrnihat_pcba,"Central Academy for SFS, Byrnihat - PCBA",Byrnihat,Assam,26.071318,91.87488,2026-07-16 05:00:00,79.0,75.0,7.0,31.0,50.0,21.0,4.0,500.0,Severe,CO,True,Valid AQI,32.0,73,0.0,4.0,64,83.6,Very high trapping,General urban / semi-urban proxy,Proxy from station/city naming,15,20,63.47,0.9493670886075949,1.0533333333333332,0.14,3.0,11.29,20.38,18.75,50.5,29.16,Biomass / fine-particle combustion,50.5,29.16,21.34,41.75,Moderate confidence,PM2.5-heavy fine-particle pattern; CO and stagnant-weather influence; high weather trapping,Partially aligned,"High priority: Prioritize open-burning control, biomass-combustion monitoring, fine-particle exposure advisories, and local source inspection.",2026-07-16 10:55:13
assam__guwahati__iitg_guwahati_pcba,"IITG, Guwahati - PCBA",Guwahati,Assam,26.2028636,91.70046436,2026-07-16 05:00:00,16.0,16.0,2.0,41.0,7.0,1.0,5.0,162.41,Moderate,CO,True,Valid AQI,30.8,81,0.0,4.5,84,87.64,Very high trapping,General urban / semi-urban proxy,Proxy from station/city naming,15,20,33.72,1.0,1.0,0.2857142857142857,0.5,1.67,17.16,12.67,35.98,23.17,Biomass / fine-particle combustion,35.98,23.17,12.81,29.03,Low confidence,PM2.5-heavy fine-particle pattern; CO and stagnant-weather influence; high weather trapping,Partially aligned,"Medium priority: Prioritize open-burning control, biomass-combustion monitoring, fine-particle exposure advisories, and local source inspection.",2026-07-16 10:55:13
assam__guwahati__lgbi_airport_guwahati_pcba,"LGBI Airport, Guwahati - PCBA",Guwahati,Assam,26.10887,91.589544,2026-07-16 05:00:00,46.0,36.0,15.0,11.0,35.0,35.0,4.0,406.6,Severe,CO,True,Valid AQI,29.3,86,0.1,3.3,84,85.4,Very high trapping,General urban / semi-urban proxy,Proxy from station/city naming,15,20,55.52,0.782608695652174,1.2777777777777777,0.42857142857142855,2.3333333333333335,10.42,11.77,11.49,46.33,25.22,Biomass / fine-particle combustion,46.33,25.22,21.11,38.76,Low confidence,PM2.5-heavy fine-particle pattern; CO and stagnant-weather influence; high weather trapping,Partially aligned,"High priority: Prioritize open-burning control, biomass-combustion monitoring, fine-particle exposure advisories, and local source inspection.",2026-07-16 10:55:13
assam__guwahati__pan_bazaar_guwahati_pcba,"Pan Bazaar, Guwahati - PCBA",Guwahati,Assam,26.1875,91.744194,2026-07-16 05:00:00,186.0,173.0,0.0,35.0,23.0,11.0,1.0,350.88,Very Poor,PM2.5,True,Valid AQI,31.4,75,0.0,2.9,99,89.83,Very high trapping,General urban / semi-urban proxy,Proxy from station/city naming,15,20,52.18,0.9301075268817204,1.0751445086705202,0.0,,4.27,16.81,28.81,58.57,24.34,Biomass / fine-particle combustion,58.57,28.81,29.76,49.93,Moderate confidence,PM2.5-heavy fine-particle pattern; CO and stagnant-weather influence; high weather trapping,Partially aligned,"High priority: Prioritize open-burning control, biomass-combustion monitoring, fine-particle exposure advisories, and local source inspection.",2026-07-16 10:55:13
assam__guwahati__railway_colony_guwahati_pcba,"Railway Colony, Guwahati - PCBA",Guwahati,Assam,26.181742,91.78063,2026-07-16 05:00:00,22.0,24.0,3.0,49.0,15.0,23.0,1.0,271.3,Poor,CO,True,Valid AQI,31.4,75,0.0,2.9,99,89.83,Very high trapping,Traffic / commercial proxy,Proxy from station/city naming,30,75,57.1,1.0909090909090908,0.9166666666666666,0.2,7.666666666666667,36.32,24.33,25.97,28.48,29.15,Vehicular traffic,36.32,29.15,7.17,27.58,Low confidence,elevated NO2/CO signal; road-density or urban-pressure influence; traffic/commercial land-use proxy,Aligned,"High priority: Prioritize traffic-flow management, public transport promotion, anti-idling enforcement, and congestion reduction near the station.",2026-07-16 10:55:13
assam__nagaon__christianpatty_nagaon_pcba,"Christianpatty, Nagaon - PCBA",Nagaon,Assam,26.349082,92.68449,2026-07-16 05:00:00,62.0,55.0,1.0,12.0,22.0,11.0,4.0,329.7,Very Poor,CO,True,Valid AQI,31.2,74,0.0,2.4,90,89.46,Very high trapping,General urban / semi-urban proxy,Proxy from station/city naming,15,20,50.06,0.8870967741935484,1.1272727272727272,0.045454545454545456,11.0,4.33,7.89,15.78,45.63,24.67,Biomass / fine-particle combustion,45.63,24.67,20.96,38.23,Low confidence,PM2.5-heavy fine-particle pattern; CO and stagnant-weather influence; high weather trapping,Partially aligned,"High priority: Prioritize open-burning control, biomass-combustion monitoring, fine-particle exposure advisories, and local source inspection.",2026-07-16 10:55:13
assam__nalbari__bata_chowk_nalbari_pcba,"Bata Chowk, Nalbari - PCBA",Nalbari,Assam,26.446912,91.439057,2026-07-16 05:00:00,63.0,46.0,14.0,8.0,21.0,19.0,6.0,323.85,Very Poor,CO,True,Valid AQI,32.0,74,0.0,11.4,42,68.37,High trapping,Traffic / commercial proxy,Proxy from station/city naming,30,75,53.04,0.7301587301587301,1.3695652173913044,0.6666666666666666,1.3571428571428572,40.28,11.12,31.71,29.98,33.6,Vehicular traffic,40.28,33.6,6.68,30.2,Low confidence,elevated NO2/CO signal; road-density or urban-pressure influence; traffic/commercial land-use proxy,Aligned,"High priority: Prioritize traffic-flow management, public transport promotion, anti-idling enforcement, and congestion reduction near the station.",2026-07-16 10:55:13
assam__silchar__tarapur_silchar_pcba,"Tarapur, Silchar - PCBA",Silchar,Assam,24.82827,92.79525,2026-07-16 05:00:00,25.0,55.0,19.0,5.0,32.0,4.0,1.0,388.28,Very Poor,CO,True,Valid AQI,32.2,70,0.0,6.1,12,73.5,High trapping,General urban / semi-urban proxy,Proxy from station/city naming,15,20,48.85,2.2,0.45454545454545453,0.59375,0.21052631578947367,10.85,9.68,19.2,33.93,31.14,Biomass / fine-particle combustion,33.93,31.14,2.79,24.59,Low confidence,PM2.5-heavy fine-particle pattern; CO and stagnant-weather influence; high weather trapping,Partially aligned,"High priority: Prioritize open-burning control, biomass-combustion monitoring, fine-particle exposure advisories, and local source inspection.",2026-07-16 10:55:13
assam__sivasagar__girls_college_sivasagar_pcba,"Girls College, Sivasagar - PCBA",Sivasagar,Assam,26.987634,94.636574,2026-07-16 05:00:00,15.0,21.0,12.0,7.0,19.0,29.0,6.0,312.13,Very Poor,CO,True,Valid AQI,26.9,94,0.0,1.6,100,99.26,Very high trapping,General urban / semi-urban proxy,Proxy from station/city naming,15,20,52.51,1.4,0.7142857142857143,0.631578947368421,2.4166666666666665,6.55,7.38,12.43,39.7,22.63,Biomass / fine-particle combustion,39.7,22.63,17.07,32.91,Low confidence,PM2.5-heavy fine-particle pattern; CO and stagnant-weather influence; high weather trapping,Partially aligned,"High priority: Prioritize open-burning control, biomass-combustion monitoring, fine-particle exposure advisories, and local source inspection.",2026-07-16 10:55:13
bihar__araria__kharahiya_basti_araria_bspcb,"Kharahiya Basti, Araria - BSPCB",Araria,Bihar,26.146529,87.454184,2026-07-16 05:00:00,23.0,23.0,15.0,21.0,20.0,38.0,4.0,317.99,Very Poor,CO,True,Valid AQI,30.7,77,0.0,10.8,73,73.66,High trapping,General urban / semi-urban proxy,Proxy from station/city naming,15,20,42.37,1.0,1.0,0.75,2.533333333333333,7.5,13.48,16.27,34.32,30.47,Biomass / fine-particle combustion,34.32,30.47,3.85,25.18,Low confidence,PM2.5-heavy fine-particle pattern; CO and stagnant-weather influence; high weather trapping,Partially aligned,"High priority: Prioritize open-burning control, biomass-combustion monitoring, fine-particle exposure advisories, and local source inspection.",2026-07-16 10:55:13
bihar__arrah__new_dm_office_arrah_bspcb,"New DM Office, Arrah - BSPCB",Arrah,Bihar,25.5626095,84.663264,2026-07-16 05:00:00,37.0,33.0,7.0,5.0,48.0,8.0,2.0,487.55,Severe,CO,True,Valid AQI,32.3,71,0.0,7.9,100,79.41,High trapping,General urban / semi-urban proxy,Proxy from station/city naming,15,20,60.56,0.8918918918918919,1.121212121212121,0.14583333333333334,1.1428571428571428,10.91,9.98,15.9,44.22,25.91,Biomass / fine-particle combustion,44.22,25.91,18.31,36.45,Low confidence,PM2.5-heavy fine-particle pattern; CO and stagnant-weather influence; high weather trapping,Partially aligned,"High priority: Prioritize open-burning control, biomass-combustion monitoring, fine-particle exposure advisories, and local source inspection.",2026-07-16 10:55:13
bihar__aurangabad__gurdeo_nagar_aurangabad_bspcb,"Gurdeo Nagar, Aurangabad - BSPCB",Aurangabad,Bihar,24.75746,84.366208,2026-07-16 05:00:00,,,8.0,8.0,103.0,7.0,2.0,,Unknown,,False,Insufficient pollutants,33.0,65,0.0,4.9,100,82.63,Very high trapping,General urban / semi-urban proxy,Proxy from station/city naming,15,20,,,,0.07766990291262135,0.875,21.84,19.32,0.0,0.0,26.78,Photochemical smog,26.78,21.84,4.94,20.23,Low confidence,O3 and temperature-related signal; urban photochemical formation likelihood,Partially aligned,"Monitor: Prioritize NOx/VOC precursor control, traffic-emission reduction, and ozone exposure advisories during sunny high-temperature periods.",2026-07-16 10:55:13
bihar__begusarai__lohiyanagar_begusarai_bspcb,"Lohiyanagar, Begusarai - BSPCB",Begusarai,Bihar,25.42742023,86.13886079,2026-07-16 05:00:00,33.0,37.0,9.0,18.0,17.0,40.0,16.0,300.0,Poor,CO,True,Valid AQI,32.3,69,0.0,9.2,91,75.42,High trapping,General urban / semi-urban proxy,Proxy from station/city naming,15,20,41.43,1.121212121212121,0.8918918918918919,0.5294117647058824,4.444444444444445,5.39,10.86,17.22,34.82,31.13,Biomass / fine-particle combustion,34.82,31.13,3.69,25.48,Low confidence,PM2.5-heavy fine-particle pattern; CO and stagnant-weather influence; high weather trapping,Partially aligned,"High priority: Prioritize open-burning control, biomass-combustion monitoring, fine-particle exposure advisories, and local source inspection.",2026-07-16 10:55:13
bihar__bettiah__kamalnath_nagar_bettiah_bspcb,"Kamalnath Nagar, Bettiah - BSPCB",Bettiah,Bihar,26.80365,84.51954,2026-07-16 05:00:00,,,,14.0,29.0,22.0,,,Unknown,,False,Insufficient pollutants,29.8,82,0.1,9.7,99,73.84,High trapping,General urban / semi-urban proxy,Proxy from station/city naming,15,20,,,,,,0.0,0.0,0.0,0.0,0.0,Insufficient pollutant signal,0.0,0.0,0.0,0.0,Low confidence,insufficient source signal,Unknown,Monitor: Collect more pollutant and land-use data before assigning intervention.,2026-07-16 10:55:13
bihar__bhagalpur__dm_office_kachari_chowk_bhagalpur_bspcb,"DM Office_Kachari Chowk, Bhagalpur - BSPCB",Bhagalpur,Bihar,25.251013,86.989001,2026-07-16 05:00:00,34.0,79.0,11.0,16.0,21.0,19.0,4.0,323.85,Very Poor,CO,True,Valid AQI,32.5,68,0.0,11.5,69,68.69,High trapping,Traffic / commercial proxy,Proxy from station/city naming,30,75,53.17,2.323529411764706,0.43037974683544306,0.5238095238095238,1.7272727272727273,39.52,13.73,37.44,20.15,32.5,Vehicular traffic,39.52,37.44,2.08,28.29,Low confidence,elevated NO2/CO signal; road-density or urban-pressure influence; traffic/commercial land-use proxy,Aligned,"High priority: Prioritize traffic-flow management, public transport promotion, anti-idling enforcement, and congestion reduction near the station.",2026-07-16 10:55:13
bihar__bhagalpur__mayaganj_bhagalpur_bspcb,"Mayaganj, Bhagalpur - BSPCB",Bhagalpur,Bihar,25.265194,87.012947,2026-07-16 05:00:00,,,8.0,28.0,41.0,22.0,3.0,,Unknown,,False,Insufficient pollutants,32.5,68,0.0,11.5,69,68.69,High trapping,General urban / semi-urban proxy,Proxy from station/city naming,15,20,,,,0.1951219512195122,2.75,9.8,18.07,0.0,0.0,29.82,Photochemical smog,29.82,18.07,11.75,24.4,Low confidence,O3 and temperature-related signal; urban photochemical formation likelihood,Partially aligned,"Monitor: Prioritize NOx/VOC precursor control, traffic-emission reduction, and ozone exposure advisories during sunny high-temperature periods.",2026-07-16 10:55:13
bihar__bihar_sharif__d_m_colony_bihar_sharif_bspcb,"D M Colony, Bihar Sharif - BSPCB",Bihar Sharif,Bihar,25.204762,85.51496,2026-07-16 05:00:00,29.0,22.0,9.0,7.0,104.0,2.0,3.0,500.0,Severe,CO,True,Valid AQI,33.0,68,0.0,5.6,100,82.47,Very high trapping,General urban / semi-urban proxy,Proxy from station/city naming,15,20,62.99,0.7586206896551724,1.3181818181818181,0.08653846153846154,0.2222222222222222,22.29,19.25,13.49,56.96,26.2,Biomass / fine-particle combustion,56.96,26.2,30.76,49.1,Moderate confidence,PM2.5-heavy fine-particle pattern; CO and stagnant-weather influence; high weather trapping,Partially aligned,"High priority: Prioritize open-burning control, biomass-combustion monitoring, fine-particle exposure advisories, and local source inspection.",2026-07-16 10:55:13
bihar__buxar__charitra_van_buxar_bspcb,"Charitra Van, Buxar - BSPCB",Buxar,Bihar,25.56752,83.966379,2026-07-16 05:00:00,51.0,44.0,9.0,30.0,25.0,41.0,3.0,347.28,Very Poor,CO,True,Valid AQI,32.3,72,0.0,3.5,98,87.54,Very high trapping,General urban / semi-urban proxy,Proxy from station/city naming,15,20,50.89,0.8627450980392157,1.1590909090909092,0.36,4.555555555555555,6.95,16.69,15.06,44.54,30.92,Biomass / fine-particle combustion,44.54,30.92,13.62,35.26,Low confidence,PM2.5-heavy fine-particle pattern; CO and stagnant-weather influence; high weather trapping,Partially aligned,"High priority: Prioritize open-burning control, biomass-combustion monitoring, fine-particle exposure advisories, and local source inspection.",2026-07-16 10:55:13
bihar__chhapra__darshan_nagar_chhapra_bspcb,"Darshan Nagar, Chhapra - BSPCB",Chhapra,Bihar,25.7808257,84.7446768,2026-07-16 05:00:00,72.0,111.0,2.0,21.0,85.0,3.0,11.0,500.0,Severe,CO,True,Valid AQI,32.4,68,0.0,11.5,100,71.79,High trapping,General urban / semi-urban proxy,Proxy from station/city naming,15,20,58.54,1.5416666666666667,0.6486486486486487,0.023529411764705882,1.5,16.82,20.74,26.82,48.96,24.69,Biomass / fine-particle combustion,48.96,26.82,22.14,40.91,Moderate confidence,PM2.5-heavy fine-particle pattern; CO and stagnant-weather influence; high weather trapping,Partially aligned,"High priority: Prioritize open-burning control, biomass-combustion monitoring, fine-particle exposure advisories, and local source inspection.",2026-07-16 10:55:13
bihar__gaya__kareemganj_gaya_bspcb,"Kareemganj, Gaya - BSPCB",Gaya,Bihar,24.792403,84.992416,2026-07-16 05:00:00,60.0,97.0,12.0,41.0,38.0,29.0,1.0,425.28,Severe,CO,True,Valid AQI,32.0,69,0.0,3.6,20,78.45,High trapping,General urban / semi-urban proxy,Proxy from station/city naming,15,20,54.36,1.6166666666666667,0.6185567010309279,0.3157894736842105,2.4166666666666665,10.24,23.37,21.83,41.8,33.13,Biomass / fine-particle combustion,41.8,33.13,8.67,31.86,Low confidence,PM2.5-heavy fine-particle pattern; CO and stagnant-weather influence; high weather trapping,Partially aligned,"High priority: Prioritize open-burning control, biomass-combustion monitoring, fine-particle exposure advisories, and local source inspection.",2026-07-16 10:55:13
bihar__gaya__sfti_kusdihra_gaya_bspcb,"SFTI Kusdihra, Gaya - BSPCB",Gaya,Bihar,24.762518,84.982348,2026-07-16 05:00:00,41.0,51.0,24.0,8.0,23.0,27.0,6.0,335.56,Very Poor,CO,True,Valid AQI,32.0,69,0.0,3.6,20,78.45,High trapping,General urban / semi-urban proxy,Proxy from station/city naming,15,20,46.01,1.2439024390243902,0.803921568627451,1.0434782608695652,1.125,10.37,10.38,16.36,38.22,34.37,Biomass / fine-particle combustion,38.22,34.37,3.85,27.91,Low confidence,PM2.5-heavy fine-particle pattern; CO and stagnant-weather influence; high weather trapping,Partially aligned,"High priority: Prioritize open-burning control, biomass-combustion monitoring, fine-particle exposure advisories, and local source inspection.",2026-07-16 10:55:13
bihar__hajipur__industrial_area_hajipur_bspcb,"Industrial Area, Hajipur - BSPCB",Hajipur,Bihar,25.697189,85.2459,2026-07-16 05:00:00,74.0,71.0,13.0,4.0,35.0,208.0,15.0,406.6,Severe,CO,True,Valid AQI,32.0,73,0.0,7.2,94,80.81,Very high trapping,Industrial / mixed urban proxy,Proxy from station/city naming,35,30,62.13,0.9594594594594594,1.0422535211267605,0.37142857142857144,16.0,17.86,32.35,25.29,35.55,58.49,Photochemical smog,58.49,35.55,22.94,47.82,Moderate confidence,O3 and temperature-related signal; urban photochemical formation likelihood,Partially aligned,"High priority: Prioritize NOx/VOC precursor control, traffic-emission reduction, and ozone exposure advisories during sunny high-temperature periods.",2026-07-16 10:55:13
bihar__katihar__mirchaibari_katihar_bspcb,"Mirchaibari, Katihar - BSPCB",Katihar,Bihar,25.560083,87.553265,2026-07-16 05:00:00,9.0,10.0,2.0,22.0,90.0,27.0,1.0,500.0,Severe,CO,True,Valid AQI,31.8,74,0.0,11.5,100,73.99,High trapping,General urban / semi-urban proxy,Proxy from station/city naming,15,20,59.46,1.1111111111111112,0.9,0.022222222222222223,13.5,17.79,21.86,15.33,45.63,27.32,Biomass / fine-particle combustion,45.63,27.32,18.31,37.43,Low confidence,PM2.5-heavy fine-particle pattern; CO and stagnant-weather influence; high weather trapping,Partially aligned,"High priority: Prioritize open-burning control, biomass-combustion monitoring, fine-particle exposure advisories, and local source inspection.",2026-07-16 10:55:13
bihar__kishanganj__sdm_office_khagra_kishanganj_bspcb,"SDM Office_Khagra, Kishanganj - BSPCB",Kishanganj,Bihar,26.0881305,87.93840336,2026-07-16 05:00:00,47.0,44.0,8.0,8.0,14.0,33.0,3.0,256.96,Poor,CO,True,Valid AQI,31.0,78,0.0,10.3,100,77.64,High trapping,General urban / semi-urban proxy,Proxy from station/city naming,15,20,38.35,0.9361702127659575,1.0681818181818181,0.5714285714285714,4.125,4.56,6.36,18.23,37.31,27.91,Biomass / fine-particle combustion,37.31,27.91,9.4,28.94,Low confidence,PM2.5-heavy fine-particle pattern; CO and stagnant-weather influence; high weather trapping,Partially aligned,"High priority: Prioritize open-burning control, biomass-combustion monitoring, fine-particle exposure advisories, and local source inspection.",2026-07-16 10:55:13
bihar__manguraha__forest_rest_house_manguraha_bspcb,"Forest Rest House, Manguraha - BSPCB",Manguraha,Bihar,27.308328,84.531742,2026-07-16 05:00:00,,,,,31.0,29.0,1.0,,Unknown,,False,Insufficient pollutants,29.4,82,0.0,9.4,100,80.74,Very high trapping,General urban / semi-urban proxy,Proxy from station/city naming,15,20,,,,,,0.0,0.0,0.0,0.0,0.0,Insufficient pollutant signal,0.0,0.0,0.0,0.0,Low confidence,insufficient source signal,Unknown,Monitor: Collect more pollutant and land-use data before assigning intervention.,2026-07-16 10:55:13
bihar__motihari__gandak_colony_motihari_bspcb,"Gandak Colony, Motihari - BSPCB",Motihari,Bihar,26.63086,84.90051,2026-07-16 05:00:00,77.0,64.0,3.0,3.0,12.0,59.0,3.0,228.26,Poor,CO,True,Valid AQI,31.5,76,0.0,11.2,100,75.27,High trapping,General urban / semi-urban proxy,Proxy from station/city naming,15,20,34.69,0.8311688311688312,1.203125,0.25,19.666666666666668,2.9,3.28,20.66,40.28,31.59,Biomass / fine-particle combustion,40.28,31.59,8.69,30.8,Low confidence,PM2.5-heavy fine-particle pattern; CO and stagnant-weather influence; high weather trapping,Partially aligned,"High priority: Prioritize open-burning control, biomass-combustion monitoring, fine-particle exposure advisories, and local source inspection.",2026-07-16 10:55:13
bihar__munger__town_hall_munger_bspcb,"Town Hall, Munger - BSPCB",Munger,Bihar,25.376776,86.471523,2026-07-16 05:00:00,44.0,68.0,2.0,11.0,36.0,4.0,3.0,412.83,Severe,CO,True,Valid AQI,32.6,68,0.0,10.6,66,70.02,High trapping,General urban / semi-urban proxy,Proxy from station/city naming,15,20,49.68,1.5454545454545454,0.6470588235294118,0.05555555555555555,2.0,7.3,9.71,21.77,36.23,26.79,Biomass / fine-particle combustion,36.23,26.79,9.44,28.19,Low confidence,PM2.5-heavy fine-particle pattern; CO and stagnant-weather influence; high weather trapping,Partially aligned,"High priority: Prioritize open-burning control, biomass-combustion monitoring, fine-particle exposure advisories, and local source inspection.",2026-07-16 10:55:13
bihar__muzaffarpur__buddha_colony_muzaffarpur_bspcb,"Buddha Colony, Muzaffarpur - BSPCB",Muzaffarpur,Bihar,26.11442,85.39813,2026-07-16 05:00:00,59.0,69.0,27.0,8.0,21.0,21.0,9.0,323.85,Very Poor,CO,True,Valid AQI,30.8,76,0.0,11.5,98,74.53,High trapping,General urban / semi-urban proxy,Proxy from station/city naming,15,20,43.28,1.1694915254237288,0.855072463768116,1.2857142857142858,0.7777777777777778,10.75,10.6,21.78,37.34,28.47,Biomass / fine-particle combustion,37.34,28.47,8.87,28.8,Low confidence,PM2.5-heavy fine-particle pattern; CO and stagnant-weather influence; high weather trapping,Partially aligned,"High priority: Prioritize open-burning control, biomass-combustion monitoring, fine-particle exposure advisories, and local source inspection.",2026-07-16 10:55:13
bihar__muzaffarpur__mit_daudpur_kothi_muzaffarpur_bspcb,"MIT-Daudpur Kothi, Muzaffarpur - BSPCB",Muzaffarpur,Bihar,26.1403345,85.3650192,2026-07-16 05:00:00,35.0,34.0,5.0,18.0,37.0,53.0,2.0,419.06,Severe,CO,True,Valid AQI,30.8,76,0.0,11.5,98,74.53,High trapping,General urban / semi-urban proxy,Proxy from station/city naming,15,20,52.15,0.9714285714285714,1.0294117647058822,0.13513513513513514,10.6,8.26,13.09,17.74,39.17,30.2,Biomass / fine-particle combustion,39.17,30.2,8.97,30.11,Low confidence,PM2.5-heavy fine-particle pattern; CO and stagnant-weather influence; high weather trapping,Partially aligned,"High priority: Prioritize open-burning control, biomass-combustion monitoring, fine-particle exposure advisories, and local source inspection.",2026-07-16 10:55:13
bihar__muzaffarpur__muzaffarpur_collectorate_muzaffarpur_bspcb,"Muzaffarpur Collectorate, Muzaffarpur - BSPCB",Muzaffarpur,Bihar,26.1209,85.3647,2026-07-16 05:00:00,44.0,,20.0,4.0,13.0,7.0,,242.61,Poor,CO,True,Valid AQI,30.8,76,0.0,11.5,98,74.53,High trapping,General urban / semi-urban proxy,Proxy from station/city naming,15,20,35.72,,,1.5384615384615385,0.35,7.41,6.69,0.0,0.0,25.61,Photochemical smog,25.61,7.41,18.2,23.39,Low confidence,O3 and temperature-related signal; urban photochemical formation likelihood,Partially aligned,"High priority: Prioritize NOx/VOC precursor control, traffic-emission reduction, and ozone exposure advisories during sunny high-temperature periods.",2026-07-16 10:55:13
bihar__patna__drm_office_danapur_patna_bspcb,"DRM Office Danapur, Patna - BSPCB",Patna,Bihar,25.586562,85.043586,2026-07-16 05:00:00,44.0,80.0,32.0,6.0,36.0,12.0,9.0,412.83,Severe,CO,True,Valid AQI,32.7,69,0.0,8.6,86,76.0,High trapping,Dense urban proxy,Proxy from station/city naming,60,55,72.92,1.8181818181818181,0.55,0.8888888888888888,0.375,50.95,21.04,37.27,37.47,39.04,Vehicular traffic,50.95,39.04,11.91,39.24,Low confidence,elevated NO2/CO signal; road-density or urban-pressure influence; traffic/commercial land-use proxy,Aligned,"High priority: Prioritize traffic-flow management, public transport promotion, anti-idling enforcement, and congestion reduction near the station.",2026-07-16 10:55:13
bihar__patna__govt_high_school_shikarpur_patna_bspcb,"Govt. High School Shikarpur, Patna - BSPCB",Patna,Bihar,25.592539,85.227158,2026-07-16 05:00:00,36.0,57.0,12.0,13.0,40.0,29.0,6.0,437.74,Severe,CO,True,Valid AQI,32.1,72,0.0,5.9,92,82.59,Very high trapping,Dense urban proxy,Proxy from station/city naming,60,55,77.99,1.5833333333333333,0.631578947368421,0.3,2.4166666666666665,46.65,20.95,33.25,40.25,37.84,Vehicular traffic,46.65,40.25,6.4,34.57,Low confidence,elevated NO2/CO signal; road-density or urban-pressure influence; traffic/commercial land-use proxy,Aligned,"High priority: Prioritize traffic-flow management, public transport promotion, anti-idling enforcement, and congestion reduction near the station.",2026-07-16 10:55:13
bihar__patna__igsc_planetarium_complex_patna_bspcb,"IGSC Planetarium Complex, Patna - BSPCB",Patna,Bihar,25.610369,85.132568,2026-07-16 05:00:00,61.0,,1.0,1.0,6.0,60.0,,149.87,Moderate,CO,True,Valid AQI,32.2,71,0.0,7.2,100,80.67,Very high trapping,Dense urban proxy,Proxy from station/city naming,60,55,50.38,,,0.16666666666666666,60.0,37.25,9.47,0.0,0.0,40.55,Photochemical smog,40.55,37.25,3.3,29.37,Low confidence,O3 and temperature-related signal; urban photochemical formation likelihood,Partially aligned,"Medium priority: Prioritize NOx/VOC precursor control, traffic-emission reduction, and ozone exposure advisories during sunny high-temperature periods.",2026-07-16 10:55:13
bihar__patna__muradpur_patna_bspcb,"Muradpur, Patna - BSPCB",Patna,Bihar,25.619651,85.147382,2026-07-16 05:00:00,44.0,84.0,3.0,12.0,54.0,10.0,5.0,500.0,Severe,CO,True,Valid AQI,32.2,71,0.0,7.2,100,80.67,Very high trapping,Dense urban proxy,Proxy from station/city naming,60,55,82.98,1.9090909090909092,0.5238095238095238,0.05555555555555555,3.3333333333333335,47.08,21.08,37.19,42.26,33.73,Vehicular traffic,47.08,42.26,4.82,34.4,Low confidence,elevated NO2/CO signal; road-density or urban-pressure influence; traffic/commercial land-use proxy,Aligned,"High priority: Prioritize traffic-flow management, public transport promotion, anti-idling enforcement, and congestion reduction near the station.",2026-07-16 10:55:13
bihar__patna__rajbansi_nagar_patna_bspcb,"Rajbansi Nagar, Patna - BSPCB",Patna,Bihar,25.599486,85.113666,2026-07-16 05:00:00,35.0,48.0,31.0,9.0,30.0,30.0,3.0,376.57,Very Poor,CO,True,Valid AQI,32.2,71,0.0,7.2,100,80.67,Very high trapping,Dense urban proxy,Proxy from station/city naming,60,55,71.49,1.3714285714285714,0.7291666666666666,1.0333333333333334,0.967741935483871,49.54,21.16,32.58,38.14,40.12,Vehicular traffic,49.54,40.12,9.42,37.5,Low confidence,elevated NO2/CO signal; road-density or urban-pressure influence; traffic/commercial land-use proxy,Aligned,"High priority: Prioritize traffic-flow management, public transport promotion, anti-idling enforcement, and congestion reduction near the station.",2026-07-16 10:55:13
bihar__patna__samanpura_patna_bspcb,"Samanpura, Patna - BSPCB",Patna,Bihar,25.596727,85.085624,2026-07-16 05:00:00,41.0,100.0,24.0,5.0,24.0,45.0,5.0,341.42,Very Poor,CO,True,Valid AQI,32.2,71,0.0,7.2,100,80.67,Very high trapping,Dense urban proxy,Proxy from station/city naming,60,55,68.22,2.4390243902439024,0.41,1.0,1.875,46.59,17.54,39.62,35.3,41.35,Vehicular traffic,46.59,41.35,5.24,34.18,Low confidence,elevated NO2/CO signal; road-density or urban-pressure influence; traffic/commercial land-use proxy,Aligned,"High priority: Prioritize traffic-flow management, public transport promotion, anti-idling enforcement, and congestion reduction near the station.",2026-07-16 10:55:13
bihar__purnia__mariam_nagar_purnia_bspcb,"Mariam Nagar, Purnia - BSPCB",Purnia,Bihar,25.366336,87.117468,2026-07-16 05:00:00,57.0,45.0,6.0,16.0,56.0,21.0,2.0,500.0,Severe,CO,True,Valid AQI,32.2,71,0.0,12.3,48,66.24,High trapping,General urban / semi-urban proxy,Proxy from station/city naming,15,20,56.22,0.7894736842105263,1.2666666666666666,0.10714285714285714,3.5,12.21,15.25,19.05,44.66,30.09,Biomass / fine-particle combustion,44.66,30.09,14.57,35.63,Low confidence,PM2.5-heavy fine-particle pattern; CO and stagnant-weather influence; high weather trapping,Partially aligned,"High priority: Prioritize open-burning control, biomass-combustion monitoring, fine-particle exposure advisories, and local source inspection.",2026-07-16 10:55:13
bihar__rajgir__dangi_tola_rajgir_bspcb,"Dangi Tola, Rajgir - BSPCB",Rajgir,Bihar,25.0328,85.41948,2026-07-16 05:00:00,51.0,47.0,14.0,3.0,43.0,27.0,3.0,456.42,Severe,CO,True,Valid AQI,32.8,70,0.0,5.1,100,84.11,Very high trapping,General urban / semi-urban proxy,Proxy from station/city naming,15,20,59.62,0.9215686274509803,1.0851063829787233,0.32558139534883723,1.9285714285714286,11.71,9.66,16.18,46.28,30.12,Biomass / fine-particle combustion,46.28,30.12,16.16,37.24,Low confidence,PM2.5-heavy fine-particle pattern; CO and stagnant-weather influence; high weather trapping,Partially aligned,"High priority: Prioritize open-burning control, biomass-combustion monitoring, fine-particle exposure advisories, and local source inspection.",2026-07-16 10:55:13
bihar__saharsa__police_line_saharsa_bspcb,"Police Line, Saharsa - BSPCB",Saharsa,Bihar,25.892357,86.590325,2026-07-16 05:00:00,,88.0,7.0,17.0,39.0,17.0,4.0,431.51,Severe,CO,True,Valid AQI,31.7,69,0.0,11.5,99,72.05,High trapping,General urban / semi-urban proxy,Proxy from station/city naming,15,20,52.27,,,0.1794871794871795,2.4285714285714284,9.16,13.33,0.0,0.0,26.46,Photochemical smog,26.46,13.33,13.13,22.46,Low confidence,O3 and temperature-related signal; urban photochemical formation likelihood,Partially aligned,"High priority: Prioritize NOx/VOC precursor control, traffic-emission reduction, and ozone exposure advisories during sunny high-temperature periods.",2026-07-16 10:55:13
bihar__samastipur__dm_office_kasipur_samastipur_bspcb,"DM Office_Kasipur, Samastipur - BSPCB",Samastipur,Bihar,25.859655,85.77944,2026-07-16 05:00:00,45.0,41.0,8.0,,4.0,8.0,1.0,124.81,Moderate,CO,True,Valid AQI,31.1,75,0.0,10.3,99,76.43,High trapping,General urban / semi-urban proxy,Proxy from station/city naming,15,20,25.54,0.9111111111111111,1.0975609756097562,2.0,1.0,2.62,0.0,17.87,35.06,24.55,Biomass / fine-particle combustion,35.06,24.55,10.51,27.7,Low confidence,PM2.5-heavy fine-particle pattern; CO and stagnant-weather influence; high weather trapping,Partially aligned,"Medium priority: Prioritize open-burning control, biomass-combustion monitoring, fine-particle exposure advisories, and local source inspection.",2026-07-16 10:55:13
bihar__sasaram__dada_peer_sasaram_bspcb,"Dada Peer, Sasaram - BSPCB",Sasaram,Bihar,24.952822,84.002396,2026-07-16 05:00:00,,,,4.0,53.0,17.0,,,Unknown,,False,Insufficient pollutants,32.0,71,0.1,4.5,77,77.01,High trapping,General urban / semi-urban proxy,Proxy from station/city naming,15,20,,,,,,0.0,0.0,0.0,0.0,0.0,Insufficient pollutant signal,0.0,0.0,0.0,0.0,Low confidence,insufficient source signal,Unknown,Monitor: Collect more pollutant and land-use data before assigning intervention.,2026-07-16 10:55:13
bihar__siwan__chitragupta_nagar_siwan_bspcb,"Chitragupta Nagar, Siwan - BSPCB",Siwan,Bihar,26.2271665,84.3570427,2026-07-16 05:00:00,,,2.0,8.0,77.0,8.0,1.0,,Unknown,,False,Insufficient pollutants,29.3,85,0.1,7.9,93,77.6,High trapping,General urban / semi-urban proxy,Proxy from station/city naming,15,20,,,,0.025974025974025976,4.0,15.27,14.52,0.0,0.0,19.3,Photochemical smog,19.3,15.27,4.03,14.72,Low confidence,O3 and temperature-related signal; urban photochemical formation likelihood,Partially aligned,"Monitor: Prioritize NOx/VOC precursor control, traffic-emission reduction, and ozone exposure advisories during sunny high-temperature periods.",2026-07-16 10:55:13
chandigarh__chandigarh__sector_22_chandigarh_cpcc,"Sector 22, Chandigarh - CPCC",Chandigarh,Chandigarh,30.735567,76.775714,2026-07-16 05:00:00,39.0,54.0,8.0,6.0,37.0,15.0,16.0,419.06,Severe,CO,True,Valid AQI,32.9,59,0.0,5.2,20,71.88,High trapping,Industrial / mixed urban proxy,Proxy from station/city naming,35,30,59.56,1.3846153846153846,0.7222222222222222,0.21621621621621623,1.875,16.98,32.57,23.11,28.13,35.42,Photochemical smog,35.42,32.57,2.85,25.65,Low confidence,O3 and temperature-related signal; urban photochemical formation likelihood,Partially aligned,"High priority: Prioritize NOx/VOC precursor control, traffic-emission reduction, and ozone exposure advisories during sunny high-temperature periods.",2026-07-16 10:55:13
chandigarh__chandigarh__sector_25_chandigarh_cpcc,"Sector-25, Chandigarh - CPCC",Chandigarh,Chandigarh,30.751462,76.762879,2026-07-16 05:00:00,65.0,90.0,7.0,8.0,19.0,20.0,13.0,312.13,Very Poor,CO,True,Valid AQI,32.8,61,0.0,5.0,20,72.98,High trapping,Industrial / mixed urban proxy,Proxy from station/city naming,35,30,50.07,1.3846153846153846,0.7222222222222222,0.3684210526315789,2.857142857142857,13.23,30.56,26.91,27.71,35.88,Photochemical smog,35.88,30.56,5.32,26.71,Low confidence,O3 and temperature-related signal; urban photochemical formation likelihood,Partially aligned,"High priority: Prioritize NOx/VOC precursor control, traffic-emission reduction, and ozone exposure advisories during sunny high-temperature periods.",2026-07-16 10:55:13
chandigarh__chandigarh__sector_53_chandigarh_cpcc,"Sector-53, Chandigarh - CPCC",Chandigarh,Chandigarh,30.719859,76.738637,2026-07-16 05:00:00,37.0,39.0,30.0,3.0,48.0,11.0,21.0,487.55,Severe,CO,True,Valid AQI,32.8,63,0.0,4.0,13,74.82,High trapping,Industrial / mixed urban proxy,Proxy from station/city naming,35,30,67.17,1.054054054054054,0.9487179487179487,0.625,0.36666666666666664,24.71,36.73,20.51,32.7,37.88,Photochemical smog,37.88,36.73,1.15,26.86,Low confidence,O3 and temperature-related signal; urban photochemical formation likelihood,Partially aligned,"High priority: Prioritize NOx/VOC precursor control, traffic-emission reduction, and ozone exposure advisories during sunny high-temperature periods.",2026-07-16 10:55:13
chhattisgarh__bhilai__32bungalows_bhilai_cecb,"32Bungalows, Bhilai - CECB",Bhilai,Chhattisgarh,21.194815,81.31477,2026-07-16 05:00:00,27.0,51.0,12.0,12.0,17.0,6.0,3.0,300.0,Poor,CO,True,Valid AQI,29.6,69,0.0,13.0,99,69.34,High trapping,General urban / semi-urban proxy,Proxy from station/city naming,15,20,38.9,1.8888888888888888,0.5294117647058824,0.7058823529411765,0.5,6.16,9.03,21.48,29.17,22.87,Biomass / fine-particle combustion,29.17,22.87,6.3,22.31,Low confidence,PM2.5-heavy fine-particle pattern; CO and stagnant-weather influence; high weather trapping,Partially aligned,"High priority: Prioritize open-burning control, biomass-combustion monitoring, fine-particle exposure advisories, and local source inspection.",2026-07-16 10:55:13
chhattisgarh__bhilai__civic_center_bhilai_bhilai_steel_plant,"Civic Center, Bhilai - Bhilai Steel Plant",Bhilai,Chhattisgarh,21.185571,81.343175,2026-07-16 05:00:00,17.0,28.0,16.0,10.0,23.0,11.0,1.0,335.56,Very Poor,CO,True,Valid AQI,29.6,69,0.0,13.0,99,69.34,High trapping,General urban / semi-urban proxy,Proxy from station/city naming,15,20,42.21,1.6470588235294117,0.6071428571428571,0.6956521739130435,0.6875,8.34,9.8,18.67,29.84,24.08,Biomass / fine-particle combustion,29.84,24.08,5.76,22.62,Low confidence,PM2.5-heavy fine-particle pattern; CO and stagnant-weather influence; high weather trapping,Partially aligned,"High priority: Prioritize open-burning control, biomass-combustion monitoring, fine-particle exposure advisories, and local source inspection.",2026-07-16 10:55:13
chhattisgarh__bhilai__hathkhoj_bhilai_cecb,"Hathkhoj, Bhilai - CECB",Bhilai,Chhattisgarh,21.224231,81.40835,2026-07-16 05:00:00,36.0,56.0,23.0,14.0,31.0,7.0,5.0,382.43,Very Poor,CO,True,Valid AQI,29.0,71,0.0,11.7,100,72.53,High trapping,General urban / semi-urban proxy,Proxy from station/city naming,15,20,47.9,1.5555555555555556,0.6428571428571429,0.7419354838709677,0.30434782608695654,11.67,13.71,20.98,34.76,23.59,Biomass / fine-particle combustion,34.76,23.59,11.17,27.68,Low confidence,PM2.5-heavy fine-particle pattern; CO and stagnant-weather influence; high weather trapping,Partially aligned,"High priority: Prioritize open-burning control, biomass-combustion monitoring, fine-particle exposure advisories, and local source inspection.",2026-07-16 10:55:13
chhattisgarh__bilaspur__mangala_bilaspur_ntpc,"Mangala, Bilaspur - NTPC",Bilaspur,Chhattisgarh,22.08815,82.13737,2026-07-16 05:00:00,40.0,49.0,17.0,13.0,31.0,,,382.43,Very Poor,CO,True,Valid AQI,31.5,65,0.0,8.1,99,76.74,High trapping,General urban / semi-urban proxy,Proxy from station/city naming,15,20,49.66,1.225,0.8163265306122449,0.5483870967741935,,10.15,12.31,18.16,38.31,0.0,Biomass / fine-particle combustion,38.31,18.16,20.15,32.86,Low confidence,PM2.5-heavy fine-particle pattern; CO and stagnant-weather influence; high weather trapping,Partially aligned,"High priority: Prioritize open-burning control, biomass-combustion monitoring, fine-particle exposure advisories, and local source inspection.",2026-07-16 10:55:13
chhattisgarh__chhal__nawapara_secl_colony_chhal_cecb,"Nawapara SECL Colony, Chhal - CECB",Chhal,Chhattisgarh,22.118125,83.140608,2026-07-16 05:00:00,46.0,37.0,7.0,9.0,11.0,46.0,,213.91,Poor,CO,True,Valid AQI,28.7,82,0.0,9.8,97,79.71,High trapping,General urban / semi-urban proxy,Proxy from station/city naming,15,20,35.21,0.8043478260869565,1.2432432432432432,0.6363636363636364,6.571428571428571,3.72,6.14,17.07,38.52,26.84,Biomass / fine-particle combustion,38.52,26.84,11.68,30.47,Low confidence,PM2.5-heavy fine-particle pattern; CO and stagnant-weather influence; high weather trapping,Partially aligned,"High priority: Prioritize open-burning control, biomass-combustion monitoring, fine-particle exposure advisories, and local source inspection.",2026-07-16 10:55:13
chhattisgarh__korba__rampur_korba_cecb,"Rampur, Korba - CECB",Korba,Chhattisgarh,22.368195,82.746431,2026-07-16 05:00:00,23.0,39.0,14.0,4.0,5.0,9.0,1.0,137.34,Moderate,CO,True,Valid AQI,31.6,65,0.0,8.5,100,76.11,High trapping,General urban / semi-urban proxy,Proxy from station/city naming,15,20,26.58,1.6956521739130435,0.5897435897435898,2.8,0.6428571428571429,4.34,4.51,17.89,29.57,26.05,Biomass / fine-particle combustion,29.57,26.05,3.52,21.76,Low confidence,PM2.5-heavy fine-particle pattern; CO and stagnant-weather influence; high weather trapping,Partially aligned,"Medium priority: Prioritize open-burning control, biomass-combustion monitoring, fine-particle exposure advisories, and local source inspection.",2026-07-16 10:55:13
chhattisgarh__korba__urja_nagar_korba_cecb,"Urja Nagar, Korba - CECB",Korba,Chhattisgarh,22.348441,82.549611,2026-07-16 05:00:00,31.0,48.0,7.0,8.0,22.0,2.0,1.0,329.7,Very Poor,CO,True,Valid AQI,32.2,63,0.0,5.2,99,81.25,Very high trapping,General urban / semi-urban proxy,Proxy from station/city naming,15,20,46.63,1.5483870967741935,0.6458333333333334,0.3181818181818182,0.2857142857142857,5.86,7.36,17.17,36.16,24.98,Biomass / fine-particle combustion,36.16,24.98,11.18,28.67,Low confidence,PM2.5-heavy fine-particle pattern; CO and stagnant-weather influence; high weather trapping,Partially aligned,"High priority: Prioritize open-burning control, biomass-combustion monitoring, fine-particle exposure advisories, and local source inspection.",2026-07-16 10:55:13
chhattisgarh__kunjemura__op_jindal_school_kunjemura_cecb,"OP Jindal School, Kunjemura - CECB",Kunjemura,Chhattisgarh,22.12665,83.483212,2026-07-16 05:00:00,13.0,50.0,19.0,13.0,22.0,7.0,2.0,329.7,Very Poor,CO,True,Valid AQI,29.5,75,0.0,7.9,94,80.28,Very high trapping,General urban / semi-urban proxy,Proxy from station/city naming,15,20,46.23,3.8461538461538463,0.26,0.8636363636363636,0.3684210526315789,8.91,11.33,21.67,30.59,24.02,Biomass / fine-particle combustion,30.59,24.02,6.57,23.38,Low confidence,PM2.5-heavy fine-particle pattern; CO and stagnant-weather influence; high weather trapping,Partially aligned,"High priority: Prioritize open-burning control, biomass-combustion monitoring, fine-particle exposure advisories, and local source inspection.",2026-07-16 10:55:13
chhattisgarh__milupara__govt_higher_secondary_school_milupara_cecb,"Govt. Higher Secondary School, Milupara - CECB",Milupara,Chhattisgarh,22.1910172,83.5197009,2026-07-16 05:00:00,29.0,37.0,25.0,14.0,7.0,4.0,1.0,162.41,Moderate,CO,True,Valid AQI,29.7,72,0.0,6.8,95,81.26,Very high trapping,General urban / semi-urban proxy,Proxy from station/city naming,15,20,31.06,1.2758620689655173,0.7837837837837838,3.5714285714285716,0.16,7.52,10.56,16.34,33.67,24.57,Biomass / fine-particle combustion,33.67,24.57,9.1,26.3,Low confidence,PM2.5-heavy fine-particle pattern; CO and stagnant-weather influence; high weather trapping,Partially aligned,"Medium priority: Prioritize open-burning control, biomass-combustion monitoring, fine-particle exposure advisories, and local source inspection.",2026-07-16 10:55:13
chhattisgarh__raipur__aiims_raipur_cecb,"AIIMS, Raipur - CECB",Raipur,Chhattisgarh,21.258815,81.578979,2026-07-16 05:00:00,,,,,18.0,9.0,,,Unknown,,False,Insufficient pollutants,28.9,72,0.0,10.3,100,75.43,High trapping,General urban / semi-urban proxy,Proxy from station/city naming,15,20,,,,,,0.0,0.0,0.0,0.0,0.0,Insufficient pollutant signal,0.0,0.0,0.0,0.0,Low confidence,insufficient source signal,Unknown,Monitor: Collect more pollutant and land-use data before assigning intervention.,2026-07-16 10:55:13
chhattisgarh__raipur__bhatagaon_new_isbt_raipur_cecb,"Bhatagaon New ISBT, Raipur - CECB",Raipur,Chhattisgarh,21.219665,81.630094,2026-07-16 05:00:00,15.0,41.0,2.0,3.0,19.0,5.0,2.0,312.13,Very Poor,CO,True,Valid AQI,28.4,75,0.1,12.0,100,67.21,High trapping,General urban / semi-urban proxy,Proxy from station/city naming,15,20,39.14,2.7333333333333334,0.36585365853658536,0.10526315789473684,2.5,4.0,4.13,18.57,26.79,17.38,Biomass / fine-particle combustion,26.79,18.57,8.22,21.22,Low confidence,PM2.5-heavy fine-particle pattern; CO and stagnant-weather influence; high weather trapping,Partially aligned,"High priority: Prioritize open-burning control, biomass-combustion monitoring, fine-particle exposure advisories, and local source inspection.",2026-07-16 10:55:13
chhattisgarh__raipur__krishak_nagar_raipur_cecb,"Krishak Nagar, Raipur - CECB",Raipur,Chhattisgarh,21.237755,81.705301,2026-07-16 05:00:00,22.0,31.0,7.0,4.0,20.0,0.0,2.0,317.99,Very Poor,CO,True,Valid AQI,28.4,76,0.1,11.1,100,69.2,High trapping,General urban / semi-urban proxy,Proxy from station/city naming,15,20,40.51,1.4090909090909092,0.7096774193548387,0.35,0.0,5.47,5.51,15.32,30.92,17.31,Biomass / fine-particle combustion,30.92,17.31,13.61,25.73,Low confidence,PM2.5-heavy fine-particle pattern; CO and stagnant-weather influence; high weather trapping,Partially aligned,"High priority: Prioritize open-burning control, biomass-combustion monitoring, fine-particle exposure advisories, and local source inspection.",2026-07-16 10:55:13
chhattisgarh__raipur__siltara_phase_ii_raipur_cecb,"Siltara Phase-II, Raipur - CECB",Raipur,Chhattisgarh,21.371751,81.664929,2026-07-16 05:00:00,30.0,59.0,6.0,13.0,17.0,9.0,2.0,300.0,Poor,CO,True,Valid AQI,28.5,76,0.0,12.0,100,73.82,High trapping,Industrial / mixed urban proxy,Proxy from station/city naming,35,30,49.29,1.9666666666666666,0.5084745762711864,0.35294117647058826,1.5,12.59,32.04,27.5,20.68,24.72,Industrial combustion,32.04,27.5,4.54,23.79,Low confidence,SO2 and combustion-related pollutant influence; industrial land-use proxy,Aligned,"High priority: Prioritize industrial emission inspection, stack monitoring, fuel-quality checks, and enforcement near industrial clusters.",2026-07-16 10:55:13
chhattisgarh__tumidih__op_jindal_industrial_park_tumidih_cecb,"OP Jindal Industrial Park, Tumidih - CECB",Tumidih,Chhattisgarh,22.06631475,83.33820077,2026-07-16 05:00:00,28.0,35.0,21.0,5.0,15.0,27.0,1.0,271.3,Poor,CO,True,Valid AQI,28.5,81,0.0,9.6,93,79.31,High trapping,Industrial / mixed urban proxy,Proxy from station/city naming,35,30,48.91,1.25,0.8,1.4,1.2857142857142858,16.01,31.18,22.87,24.12,29.52,Industrial combustion,31.18,29.52,1.66,22.32,Low confidence,SO2 and combustion-related pollutant influence; industrial land-use proxy,Aligned,"High priority: Prioritize industrial emission inspection, stack monitoring, fuel-quality checks, and enforcement near industrial clusters.",2026-07-16 10:55:13
delhi__delhi__alipur_delhi_dpcc,"Alipur, Delhi - DPCC",Delhi,Delhi,28.815329,77.15301,2026-07-16 05:00:00,73.0,180.0,62.0,10.0,36.0,4.0,16.0,412.83,Severe,CO,True,Valid AQI,34.2,53,0.0,10.1,3,59.11,Moderate trapping,Dense urban proxy,Proxy from station/city naming,60,55,65.87,2.4657534246575343,0.40555555555555556,1.7222222222222223,0.06451612903225806,58.58,27.68,49.61,34.93,47.78,Vehicular traffic,58.58,49.61,8.97,43.7,Moderate confidence,elevated NO2/CO signal; road-density or urban-pressure influence; traffic/commercial land-use proxy,Aligned,"High priority: Prioritize traffic-flow management, public transport promotion, anti-idling enforcement, and congestion reduction near the station.",2026-07-16 10:55:13
delhi__delhi__anand_vihar_delhi_dpcc,"Anand Vihar, Delhi - DPCC",Delhi,Delhi,28.647622,77.315809,2026-07-16 05:00:00,138.0,334.0,49.0,9.0,31.0,4.0,7.0,382.43,Very Poor,CO,True,Valid AQI,36.2,41,0.0,10.2,4,54.61,Moderate trapping,Dense urban proxy,Proxy from station/city naming,60,55,61.16,2.420289855072464,0.41317365269461076,1.5806451612903225,0.08163265306122448,54.31,24.36,66.23,39.76,48.63,Construction / road dust,66.23,54.31,11.92,49.94,Moderate confidence,PM10-heavy particulate pattern; road dust / coarse-particle likelihood,Partially aligned,"High priority: Prioritize road dust suppression, construction-site covering, mechanical sweeping, and enforcement of dust-control rules.",2026-07-16 10:55:13
delhi__delhi__ashok_vihar_delhi_dpcc,"Ashok Vihar, Delhi - DPCC",Delhi,Delhi,28.695381,77.181665,2026-07-16 05:00:00,85.0,174.0,25.0,12.0,51.0,5.0,5.0,500.0,Severe,CO,True,Valid AQI,35.5,45,0.0,9.9,3,56.53,Moderate trapping,Dense urban proxy,Proxy from station/city naming,60,55,72.91,2.0470588235294116,0.4885057471264368,0.49019607843137253,0.2,52.09,24.37,48.32,39.12,44.88,Vehicular traffic,52.09,48.32,3.77,37.59,Low confidence,elevated NO2/CO signal; road-density or urban-pressure influence; traffic/commercial land-use proxy,Aligned,"High priority: Prioritize traffic-flow management, public transport promotion, anti-idling enforcement, and congestion reduction near the station.",2026-07-16 10:55:13
delhi__delhi__aya_nagar_delhi_iitm,"Aya Nagar, Delhi - IITM",Delhi,Delhi,28.4706914,77.1099364,2026-07-16 05:00:00,63.0,138.0,15.0,,30.0,18.0,,376.57,Very Poor,CO,True,Valid AQI,34.3,49,0.0,14.1,5,50.6,Moderate trapping,Dense urban proxy,Proxy from station/city naming,60,55,58.94,2.1904761904761907,0.45652173913043476,0.5,1.2,45.47,0.0,46.52,30.04,43.82,Construction / road dust,46.52,45.47,1.05,32.88,Low confidence,PM10-heavy particulate pattern; road dust / coarse-particle likelihood,Partially aligned,"High priority: Prioritize road dust suppression, construction-site covering, mechanical sweeping, and enforcement of dust-control rules.",2026-07-16 10:55:13
delhi__delhi__bawana_delhi_dpcc,"Bawana, Delhi - DPCC",Delhi,Delhi,28.7762,77.051074,2026-07-16 05:00:00,,170.0,6.0,9.0,29.0,7.0,4.0,370.71,Very Poor,CO,True,Valid AQI,34.1,55,0.0,11.0,4,58.31,Moderate trapping,Dense urban proxy,Proxy from station/city naming,60,55,61.62,,,0.20689655172413793,1.1666666666666667,42.99,16.78,0.0,0.0,40.91,Vehicular traffic,42.99,40.91,2.08,30.72,Low confidence,elevated NO2/CO signal; road-density or urban-pressure influence; traffic/commercial land-use proxy,Aligned,"High priority: Prioritize traffic-flow management, public transport promotion, anti-idling enforcement, and congestion reduction near the station.",2026-07-16 10:55:13
delhi__delhi__burari_crossing_delhi_iitm,"Burari Crossing, Delhi - IITM",Delhi,Delhi,28.7256504,77.2011573,2026-07-16 05:00:00,71.0,136.0,18.0,,53.0,29.0,,500.0,Severe,CO,True,Valid AQI,35.5,45,0.0,9.9,3,56.53,Moderate trapping,Traffic / commercial proxy,Proxy from station/city naming,65,85,78.48,1.9154929577464788,0.5220588235294118,0.33962264150943394,1.6111111111111112,59.56,0.0,50.57,28.27,48.29,Vehicular traffic,59.56,50.57,8.99,44.39,Moderate confidence,elevated NO2/CO signal; road-density or urban-pressure influence; traffic/commercial land-use proxy,Aligned,"High priority: Prioritize traffic-flow management, public transport promotion, anti-idling enforcement, and congestion reduction near the station.",2026-07-16 10:55:13
delhi__delhi__crri_mathura_road_delhi_iitm,"CRRI Mathura Road, Delhi - IITM",Delhi,Delhi,28.5512005,77.2735737,2026-07-16 05:00:00,80.0,190.0,55.0,,63.0,11.0,,500.0,Severe,CO,True,Valid AQI,35.7,43,0.0,10.7,5,54.54,Moderate trapping,Traffic / commercial proxy,Proxy from station/city naming,65,100,79.52,2.375,0.42105263157894735,0.873015873015873,0.2,74.66,0.0,60.19,29.75,50.6,Vehicular traffic,74.66,60.19,14.47,56.6,Moderate confidence,elevated NO2/CO signal; road-density or urban-pressure influence; traffic/commercial land-use proxy,Aligned,"High priority: Prioritize traffic-flow management, public transport promotion, anti-idling enforcement, and congestion reduction near the station.",2026-07-16 10:55:13
delhi__delhi__cantonment_area_delhi_dpcc,"Cantonment Area, Delhi - DPCC",Delhi,Delhi,28.594169,77.1251,2026-07-16 05:00:00,35.0,115.0,14.0,3.0,28.0,10.0,6.0,364.85,Very Poor,CO,True,Valid AQI,34.5,49,0.0,11.7,2,54.64,Moderate trapping,Industrial / mixed urban proxy,Proxy from station/city naming,70,65,64.43,3.2857142857142856,0.30434782608695654,0.5,0.7142857142857143,35.05,37.47,48.1,17.13,44.78,Construction / road dust,48.1,44.78,3.32,34.67,Low confidence,PM10-heavy particulate pattern; road dust / coarse-particle likelihood; high road-density proxy,Partially aligned,"High priority: Prioritize road dust suppression, construction-site covering, mechanical sweeping, and enforcement of dust-control rules.",2026-07-16 10:55:13
delhi__delhi__chandni_chowk_delhi_iitm,"Chandni Chowk, Delhi - IITM",Delhi,Delhi,28.656756,77.227234,2026-07-16 05:00:00,75.0,80.0,23.0,,58.0,16.0,5.0,500.0,Severe,CO,True,Valid AQI,36.2,41,0.0,10.2,4,54.61,Moderate trapping,Traffic / commercial proxy,Proxy from station/city naming,65,100,79.55,1.0666666666666667,0.9375,0.39655172413793105,0.6956521739130435,65.55,0.0,46.34,32.13,47.93,Vehicular traffic,65.55,47.93,17.62,51.17,Moderate confidence,elevated NO2/CO signal; road-density or urban-pressure influence; traffic/commercial land-use proxy,Aligned,"High priority: Prioritize traffic-flow management, public transport promotion, anti-idling enforcement, and congestion reduction near the station.",2026-07-16 10:55:13
delhi__delhi__commonwealth_sports_complex_delhi_dpcc,"Commonwealth Sports Complex, Delhi - DPCC",Delhi,Delhi,28.615828,77.271992,2026-07-16 05:00:00,72.0,132.0,35.0,7.0,46.0,8.0,,475.09,Severe,CO,True,Valid AQI,36.2,41,0.0,10.2,4,54.61,Moderate trapping,Dense urban proxy,Proxy from station/city naming,60,55,69.79,1.8333333333333333,0.5454545454545454,0.7608695652173914,0.22857142857142856,53.66,23.39,43.63,36.64,47.42,Vehicular traffic,53.66,47.42,6.24,39.43,Low confidence,elevated NO2/CO signal; road-density or urban-pressure influence; traffic/commercial land-use proxy,Aligned,"High priority: Prioritize traffic-flow management, public transport promotion, anti-idling enforcement, and congestion reduction near the station.",2026-07-16 10:55:13
delhi__delhi__dtu_delhi_cpcb,"DTU, Delhi - CPCB",Delhi,Delhi,28.7500499,77.1112615,2026-07-16 05:00:00,70.0,142.0,21.0,,25.0,23.0,10.0,347.28,Very Poor,CO,True,Valid AQI,34.2,53,0.0,10.1,3,59.11,Moderate trapping,Dense urban proxy,Proxy from station/city naming,60,55,59.77,2.0285714285714285,0.49295774647887325,0.84,1.0952380952380953,46.02,0.0,44.92,33.11,45.26,Vehicular traffic,46.02,45.26,0.76,32.44,Low confidence,elevated NO2/CO signal; road-density or urban-pressure influence; traffic/commercial land-use proxy,Aligned,"High priority: Prioritize traffic-flow management, public transport promotion, anti-idling enforcement, and congestion reduction near the station.",2026-07-16 10:55:13
delhi__delhi__dr_karni_singh_shooting_range_delhi_dpcc,"Dr. Karni Singh Shooting Range, Delhi - DPCC",Delhi,Delhi,28.498571,77.26484,2026-07-16 05:00:00,56.0,,24.0,11.0,25.0,15.0,6.0,347.28,Very Poor,CO,True,Valid AQI,35.3,45,0.0,11.5,5,53.83,Moderate trapping,Dense urban proxy,Proxy from station/city naming,60,55,57.57,,,0.96,0.625,46.78,20.02,0.0,0.0,45.81,Vehicular traffic,46.78,45.81,0.97,33.04,Low confidence,elevated NO2/CO signal; road-density or urban-pressure influence; traffic/commercial land-use proxy,Aligned,"High priority: Prioritize traffic-flow management, public transport promotion, anti-idling enforcement, and congestion reduction near the station.",2026-07-16 10:55:13
delhi__delhi__dwarka_sector_8_delhi_dpcc,"Dwarka-Sector 8, Delhi - DPCC",Delhi,Delhi,28.5710274,77.0719006,2026-07-16 05:00:00,47.0,170.0,36.0,,,,6.0,146.85,Moderate,PM10,True,Valid AQI,34.5,49,0.0,11.7,2,54.64,Moderate trapping,Industrial / mixed urban proxy,Proxy from station/city naming,70,65,44.13,3.617021276595745,0.27647058823529413,,,0.0,0.0,54.48,0.0,0.0,Construction / road dust,54.48,0.0,54.48,54.48,Moderate confidence,PM10-heavy particulate pattern; road dust / coarse-particle likelihood; high road-density proxy,Partially aligned,"Medium priority: Prioritize road dust suppression, construction-site covering, mechanical sweeping, and enforcement of dust-control rules.",2026-07-16 10:55:13
delhi__delhi__igi_airport_t3_delhi_iitm,"IGI Airport (T3), Delhi - IITM",Delhi,Delhi,28.5627763,77.1180053,2026-07-16 05:00:00,71.0,148.0,105.0,,59.0,36.0,,500.0,Severe,CO,True,Valid AQI,34.5,49,0.0,11.7,2,54.64,Moderate trapping,Dense urban proxy,Proxy from station/city naming,60,55,72.12,2.084507042253521,0.4797297297297297,1.7796610169491525,0.34285714285714286,73.98,0.0,46.37,38.24,58.21,Vehicular traffic,73.98,58.21,15.77,56.52,Moderate confidence,elevated NO2/CO signal; road-density or urban-pressure influence; traffic/commercial land-use proxy,Aligned,"High priority: Prioritize traffic-flow management, public transport promotion, anti-idling enforcement, and congestion reduction near the station.",2026-07-16 10:55:13
delhi__delhi__ignou_maidan_garhi_delhi_dpcc,"IGNOU_Maidan Garhi, Delhi - DPCC",Delhi,Delhi,28.493624,77.201159,2026-07-16 05:00:00,40.0,138.0,17.0,4.0,34.0,7.0,5.0,400.0,Very Poor,CO,True,Valid AQI,34.8,46,0.0,12.4,5,52.57,Moderate trapping,Dense urban proxy,Proxy from station/city naming,60,55,61.95,3.45,0.2898550724637681,0.5,0.4117647058823529,46.75,17.42,47.42,28.05,43.15,Construction / road dust,47.42,46.75,0.67,33.4,Low confidence,PM10-heavy particulate pattern; road dust / coarse-particle likelihood,Partially aligned,"High priority: Prioritize road dust suppression, construction-site covering, mechanical sweeping, and enforcement of dust-control rules.",2026-07-16 10:55:13
delhi__delhi__ihbas_dilshad_garden_delhi_cpcb,"IHBAS, Dilshad Garden, Delhi - CPCB",Delhi,Delhi,28.6811736,77.3025234,2026-07-16 05:00:00,104.0,128.0,19.0,16.0,74.0,21.0,6.0,500.0,Severe,CO,True,Valid AQI,36.2,41,0.0,10.2,4,54.61,Moderate trapping,Dense urban proxy,Proxy from station/city naming,60,55,72.11,1.2307692307692308,0.8125,0.25675675675675674,1.105263157894737,55.03,28.26,42.4,47.4,47.22,Vehicular traffic,55.03,47.4,7.63,40.81,Moderate confidence,elevated NO2/CO signal; road-density or urban-pressure influence; traffic/commercial land-use proxy,Aligned,"High priority: Prioritize traffic-flow management, public transport promotion, anti-idling enforcement, and congestion reduction near the station.",2026-07-16 10:55:13
delhi__delhi__iit_delhi_delhi_iitm,"IIT Delhi, Delhi - IITM",Delhi,Delhi,28.54246,77.191651,2026-07-16 05:00:00,73.0,224.0,37.0,,30.0,24.0,,376.57,Very Poor,CO,True,Valid AQI,35.3,45,0.0,11.3,3,53.99,Moderate trapping,Dense urban proxy,Proxy from station/city naming,60,55,60.36,3.0684931506849313,0.32589285714285715,1.2333333333333334,0.6486486486486487,51.06,0.0,55.71,31.64,48.83,Construction / road dust,55.71,51.06,4.65,40.39,Moderate confidence,PM10-heavy particulate pattern; road dust / coarse-particle likelihood,Partially aligned,"High priority: Prioritize road dust suppression, construction-site covering, mechanical sweeping, and enforcement of dust-control rules.",2026-07-16 10:55:13
delhi__delhi__imd_lodhi_road_delhi_iitm,"IMD Lodhi Road, Delhi - IITM",Delhi,Delhi,28.5918245,77.2273074,2026-07-16 05:00:00,69.0,144.0,15.0,,34.0,7.0,,400.0,Very Poor,CO,True,Valid AQI,35.3,45,0.0,11.3,3,53.99,Moderate trapping,Traffic / commercial proxy,Proxy from station/city naming,65,100,69.98,2.0869565217391304,0.4791666666666667,0.4411764705882353,0.4666666666666667,58.86,0.0,55.11,23.1,44.54,Vehicular traffic,58.86,55.11,3.75,42.33,Moderate confidence,elevated NO2/CO signal; road-density or urban-pressure influence; traffic/commercial land-use proxy,Aligned,"High priority: Prioritize traffic-flow management, public transport promotion, anti-idling enforcement, and congestion reduction near the station.",2026-07-16 10:55:13
delhi__delhi__ito_delhi_cpcb,"ITO, Delhi - CPCB",Delhi,Delhi,28.628624,77.24106,2026-07-16 05:00:00,54.0,117.0,58.0,25.0,46.0,26.0,5.0,475.09,Severe,CO,True,Valid AQI,36.2,41,0.0,10.2,4,54.61,Moderate trapping,Dense urban proxy,Proxy from station/city naming,60,55,69.79,2.1666666666666665,0.46153846153846156,1.2608695652173914,0.4482758620689655,59.51,34.29,42.45,34.12,52.88,Vehicular traffic,59.51,52.88,6.63,43.65,Moderate confidence,elevated NO2/CO signal; road-density or urban-pressure influence; traffic/commercial land-use proxy,Aligned,"High priority: Prioritize traffic-flow management, public transport promotion, anti-idling enforcement, and congestion reduction near the station.",2026-07-16 10:55:13
delhi__delhi__jnu_delhi_dpcc,"JNU, Delhi - DPCC",Delhi,Delhi,28.540721,77.168544,2026-07-16 05:00:00,68.0,135.0,24.0,1.0,22.0,21.0,3.0,329.7,Very Poor,CO,True,Valid AQI,35.3,45,0.0,11.3,3,53.99,Moderate trapping,Dense urban proxy,Proxy from station/city naming,60,55,56.0,1.9852941176470589,0.5037037037037037,1.0909090909090908,0.875,46.2,15.7,44.65,30.84,46.76,Photochemical smog,46.76,46.2,0.56,32.9,Low confidence,O3 and temperature-related signal; urban photochemical formation likelihood,Partially aligned,"High priority: Prioritize NOx/VOC precursor control, traffic-emission reduction, and ozone exposure advisories during sunny high-temperature periods.",2026-07-16 10:55:13
delhi__delhi__jahangirpuri_delhi_dpcc,"Jahangirpuri, Delhi - DPCC",Delhi,Delhi,28.73282,77.170633,2026-07-16 05:00:00,116.0,209.0,29.0,13.0,41.0,6.0,4.0,443.96,Severe,CO,True,Valid AQI,35.5,45,0.0,9.9,3,56.53,Moderate trapping,Dense urban proxy,Proxy from station/city naming,60,55,67.69,1.8017241379310345,0.5550239234449761,0.7073170731707317,0.20689655172413793,51.16,23.98,51.77,40.95,45.53,Construction / road dust,51.77,51.16,0.61,36.42,Low confidence,PM10-heavy particulate pattern; road dust / coarse-particle likelihood,Partially aligned,"High priority: Prioritize road dust suppression, construction-site covering, mechanical sweeping, and enforcement of dust-control rules.",2026-07-16 10:55:13
delhi__delhi__jawaharlal_nehru_stadium_delhi_dpcc,"Jawaharlal Nehru Stadium, Delhi - DPCC",Delhi,Delhi,28.58028,77.233829,2026-07-16 05:00:00,64.0,153.0,28.0,11.0,54.0,14.0,15.0,500.0,Severe,CO,True,Valid AQI,35.3,45,0.0,11.3,3,53.99,Moderate trapping,Dense urban proxy,Proxy from station/city naming,60,55,71.85,2.390625,0.41830065359477125,0.5185185185185185,0.5,53.43,24.92,47.14,36.01,46.28,Vehicular traffic,53.43,47.14,6.29,39.29,Low confidence,elevated NO2/CO signal; road-density or urban-pressure influence; traffic/commercial land-use proxy,Aligned,"High priority: Prioritize traffic-flow management, public transport promotion, anti-idling enforcement, and congestion reduction near the station.",2026-07-16 10:55:13
delhi__delhi__major_dhyan_chand_national_stadium_delhi_dpcc,"Major Dhyan Chand National Stadium, Delhi - DPCC",Delhi,Delhi,28.611281,77.237738,2026-07-16 05:00:00,38.0,129.0,34.0,19.0,25.0,8.0,10.0,347.28,Very Poor,CO,True,Valid AQI,36.2,41,0.0,10.2,4,54.61,Moderate trapping,Dense urban proxy,Proxy from station/city naming,60,55,57.89,3.3947368421052633,0.29457364341085274,1.36,0.23529411764705882,49.33,24.83,45.38,27.13,47.29,Vehicular traffic,49.33,47.29,2.04,35.14,Low confidence,elevated NO2/CO signal; road-density or urban-pressure influence; traffic/commercial land-use proxy,Aligned,"High priority: Prioritize traffic-flow management, public transport promotion, anti-idling enforcement, and congestion reduction near the station.",2026-07-16 10:55:13
delhi__delhi__mandir_marg_delhi_dpcc,"Mandir Marg, Delhi - DPCC",Delhi,Delhi,28.636429,77.201067,2026-07-16 05:00:00,43.0,147.0,44.0,,,,6.0,131.56,Moderate,PM10,True,Valid AQI,35.3,46,0.0,10.3,4,56.27,Moderate trapping,Dense urban proxy,Proxy from station/city naming,60,55,38.5,3.4186046511627906,0.2925170068027211,,,0.0,0.0,47.4,0.0,0.0,Construction / road dust,47.4,0.0,47.4,47.4,Moderate confidence,PM10-heavy particulate pattern; road dust / coarse-particle likelihood,Partially aligned,"Medium priority: Prioritize road dust suppression, construction-site covering, mechanical sweeping, and enforcement of dust-control rules.",2026-07-16 10:55:13
delhi__delhi__mundka_delhi_dpcc,"Mundka, Delhi - DPCC",Delhi,Delhi,28.684678,77.076574,2026-07-16 05:00:00,67.0,189.0,85.0,8.0,41.0,2.0,7.0,443.96,Severe,CO,True,Valid AQI,35.0,46,0.0,10.6,2,55.53,Moderate trapping,Dense urban proxy,Proxy from station/city naming,60,55,67.28,2.8208955223880596,0.3544973544973545,2.073170731707317,0.023529411764705882,65.4,31.52,51.28,33.89,51.49,Vehicular traffic,65.4,51.49,13.91,49.95,Moderate confidence,elevated NO2/CO signal; road-density or urban-pressure influence; traffic/commercial land-use proxy,Aligned,"High priority: Prioritize traffic-flow management, public transport promotion, anti-idling enforcement, and congestion reduction near the station.",2026-07-16 10:55:13
delhi__delhi__nsit_dwarka_delhi_cpcb,"NSIT Dwarka, Delhi - CPCB",Delhi,Delhi,28.60909,77.0325413,2026-07-16 05:00:00,101.0,74.0,39.0,,46.0,33.0,7.0,475.09,Severe,CO,True,Valid AQI,35.4,45,0.0,10.6,5,55.46,Moderate trapping,Dense urban proxy,Proxy from station/city naming,60,55,70.15,0.7326732673267327,1.364864864864865,0.8478260869565217,0.8461538461538461,54.68,0.0,36.08,45.78,50.39,Vehicular traffic,54.68,50.39,4.29,39.56,Low confidence,elevated NO2/CO signal; road-density or urban-pressure influence; traffic/commercial land-use proxy,Aligned,"High priority: Prioritize traffic-flow management, public transport promotion, anti-idling enforcement, and congestion reduction near the station.",2026-07-16 10:55:13
delhi__delhi__nsut_jaffarpur_delhi_dpcc,"NSUT Jaffarpur, Delhi - DPCC",Delhi,Delhi,28.594004,76.909423,2026-07-16 05:00:00,66.0,123.0,17.0,6.0,45.0,14.0,3.0,468.87,Severe,CO,True,Valid AQI,34.8,50,0.0,14.6,2,49.76,Moderate trapping,Dense urban proxy,Proxy from station/city naming,60,55,67.19,1.8636363636363635,0.5365853658536586,0.37777777777777777,0.8235294117647058,48.89,19.8,44.69,33.53,44.29,Vehicular traffic,48.89,44.69,4.2,35.48,Low confidence,elevated NO2/CO signal; road-density or urban-pressure influence; traffic/commercial land-use proxy,Aligned,"High priority: Prioritize traffic-flow management, public transport promotion, anti-idling enforcement, and congestion reduction near the station.",2026-07-16 10:55:13
delhi__delhi__najafgarh_delhi_dpcc,"Najafgarh, Delhi - DPCC",Delhi,Delhi,28.570173,76.933762,2026-07-16 05:00:00,49.0,132.0,21.0,6.0,33.0,13.0,6.0,394.14,Very Poor,CO,True,Valid AQI,34.5,51,0.0,12.7,1,53.47,Moderate trapping,Dense urban proxy,Proxy from station/city naming,60,55,61.78,2.693877551020408,0.3712121212121212,0.6363636363636364,0.6190476190476191,47.58,18.73,45.91,29.56,44.33,Vehicular traffic,47.58,45.91,1.67,33.81,Low confidence,elevated NO2/CO signal; road-density or urban-pressure influence; traffic/commercial land-use proxy,Aligned,"High priority: Prioritize traffic-flow management, public transport promotion, anti-idling enforcement, and congestion reduction near the station.",2026-07-16 10:55:13
delhi__delhi__narela_delhi_dpcc,"Narela, Delhi - DPCC",Delhi,Delhi,28.822836,77.101981,2026-07-16 05:00:00,73.0,172.0,27.0,16.0,41.0,6.0,8.0,443.96,Severe,CO,True,Valid AQI,34.2,55,0.0,10.6,3,58.94,Moderate trapping,Dense urban proxy,Proxy from station/city naming,60,55,68.7,2.356164383561644,0.42441860465116277,0.6585365853658537,0.2222222222222222,50.65,24.81,48.83,35.89,43.62,Vehicular traffic,50.65,48.83,1.82,36.0,Low confidence,elevated NO2/CO signal; road-density or urban-pressure influence; traffic/commercial land-use proxy,Aligned,"High priority: Prioritize traffic-flow management, public transport promotion, anti-idling enforcement, and congestion reduction near the station.",2026-07-16 10:55:13
delhi__delhi__nehru_nagar_delhi_dpcc,"Nehru Nagar, Delhi - DPCC",Delhi,Delhi,28.56789,77.250515,2026-07-16 05:00:00,69.0,160.0,30.0,22.0,39.0,18.0,7.0,431.51,Severe,CO,True,Valid AQI,36.1,42,0.0,10.7,10,54.68,Moderate trapping,Dense urban proxy,Proxy from station/city naming,60,55,65.76,2.318840579710145,0.43125,0.7692307692307693,0.6,51.03,27.36,47.53,34.03,47.77,Vehicular traffic,51.03,47.77,3.26,36.7,Low confidence,elevated NO2/CO signal; road-density or urban-pressure influence; traffic/commercial land-use proxy,Aligned,"High priority: Prioritize traffic-flow management, public transport promotion, anti-idling enforcement, and congestion reduction near the station.",2026-07-16 10:55:13
delhi__delhi__north_campus_du_delhi_iitm,"North Campus, DU, Delhi - IITM",Delhi,Delhi,28.6573814,77.1585447,2026-07-16 05:00:00,73.0,160.0,86.0,,82.0,24.0,,500.0,Severe,CO,True,Valid AQI,35.6,45,0.0,10.4,8,56.12,Moderate trapping,Dense urban proxy,Proxy from station/city naming,60,55,72.74,2.191780821917808,0.45625,1.048780487804878,0.27906976744186046,73.62,0.0,47.22,43.42,55.2,Vehicular traffic,73.62,55.2,18.42,57.06,Moderate confidence,elevated NO2/CO signal; road-density or urban-pressure influence; traffic/commercial land-use proxy,Aligned,"High priority: Prioritize traffic-flow management, public transport promotion, anti-idling enforcement, and congestion reduction near the station.",2026-07-16 10:55:13
delhi__delhi__okhla_phase_2_delhi_dpcc,"Okhla Phase-2, Delhi - DPCC",Delhi,Delhi,28.530785,77.271255,2026-07-16 05:00:00,62.0,157.0,32.0,18.0,30.0,8.0,7.0,376.57,Very Poor,CO,True,Valid AQI,35.6,44,0.0,11.6,8,53.58,Moderate trapping,Industrial / mixed urban proxy,Proxy from station/city naming,70,65,65.07,2.532258064516129,0.39490445859872614,1.0666666666666667,0.25,40.02,46.65,51.59,20.8,47.89,Construction / road dust,51.59,47.89,3.7,37.22,Low confidence,PM10-heavy particulate pattern; road dust / coarse-particle likelihood; high road-density proxy,Partially aligned,"High priority: Prioritize road dust suppression, construction-site covering, mechanical sweeping, and enforcement of dust-control rules.",2026-07-16 10:55:13
delhi__delhi__punjabi_bagh_delhi_dpcc,"Punjabi Bagh, Delhi - DPCC",Delhi,Delhi,28.674045,77.131023,2026-07-16 05:00:00,83.0,154.0,20.0,37.0,30.0,9.0,3.0,376.57,Very Poor,CO,True,Valid AQI,35.6,45,0.0,10.4,8,56.12,Moderate trapping,Dense urban proxy,Proxy from station/city naming,60,55,61.25,1.855421686746988,0.538961038961039,0.6666666666666666,0.45,46.74,30.18,46.13,34.98,44.69,Vehicular traffic,46.74,46.13,0.61,32.9,Low confidence,elevated NO2/CO signal; road-density or urban-pressure influence; traffic/commercial land-use proxy,Aligned,"High priority: Prioritize traffic-flow management, public transport promotion, anti-idling enforcement, and congestion reduction near the station.",2026-07-16 10:55:13
delhi__delhi__pusa_delhi_dpcc,"Pusa, Delhi - DPCC",Delhi,Delhi,28.639652,77.146275,2026-07-16 05:00:00,69.0,190.0,52.0,10.0,46.0,4.0,13.0,475.09,Severe,CO,True,Valid AQI,35.6,45,0.0,10.4,8,56.12,Moderate trapping,Dense urban proxy,Proxy from station/city naming,60,55,70.42,2.753623188405797,0.3631578947368421,1.1304347826086956,0.07692307692307693,57.98,27.44,51.21,35.33,48.05,Vehicular traffic,57.98,51.21,6.77,42.62,Moderate confidence,elevated NO2/CO signal; road-density or urban-pressure influence; traffic/commercial land-use proxy,Aligned,"High priority: Prioritize traffic-flow management, public transport promotion, anti-idling enforcement, and congestion reduction near the station.",2026-07-16 10:55:13
delhi__delhi__pusa_delhi_iitm,"Pusa, Delhi - IITM",Delhi,Delhi,28.63611,77.173332,2026-07-16 05:00:00,68.0,128.0,56.0,,30.0,45.0,,376.57,Very Poor,CO,True,Valid AQI,35.6,45,0.0,10.4,8,56.12,Moderate trapping,Dense urban proxy,Proxy from station/city naming,60,55,61.25,1.8823529411764706,0.53125,1.8666666666666667,0.8035714285714286,55.89,0.0,43.35,33.33,54.35,Vehicular traffic,55.89,54.35,1.54,39.58,Low confidence,elevated NO2/CO signal; road-density or urban-pressure influence; traffic/commercial land-use proxy,Aligned,"High priority: Prioritize traffic-flow management, public transport promotion, anti-idling enforcement, and congestion reduction near the station.",2026-07-16 10:55:13
delhi__delhi__r_k_puram_delhi_dpcc,"R K Puram, Delhi - DPCC",Delhi,Delhi,28.563262,77.186937,2026-07-16 05:00:00,69.0,177.0,43.0,23.0,24.0,8.0,5.0,341.42,Very Poor,CO,True,Valid AQI,35.6,44,0.0,11.3,8,54.13,Moderate trapping,Dense urban proxy,Proxy from station/city naming,60,55,57.14,2.5652173913043477,0.3898305084745763,1.7916666666666667,0.18604651162790697,51.42,27.76,49.96,30.55,47.47,Vehicular traffic,51.42,49.96,1.46,36.43,Low confidence,elevated NO2/CO signal; road-density or urban-pressure influence; traffic/commercial land-use proxy,Aligned,"High priority: Prioritize traffic-flow management, public transport promotion, anti-idling enforcement, and congestion reduction near the station.",2026-07-16 10:55:13
delhi__delhi__rohini_delhi_dpcc,"Rohini, Delhi - DPCC",Delhi,Delhi,28.732528,77.11992,2026-07-16 05:00:00,61.0,181.0,29.0,8.0,66.0,4.0,7.0,500.0,Severe,CO,True,Valid AQI,35.8,44,0.0,10.0,7,56.38,Moderate trapping,Dense urban proxy,Proxy from station/city naming,60,55,72.85,2.9672131147540983,0.3370165745856354,0.4393939393939394,0.13793103448275862,56.02,25.67,50.34,38.33,45.43,Vehicular traffic,56.02,50.34,5.68,40.92,Moderate confidence,elevated NO2/CO signal; road-density or urban-pressure influence; traffic/commercial land-use proxy,Aligned,"High priority: Prioritize traffic-flow management, public transport promotion, anti-idling enforcement, and congestion reduction near the station.",2026-07-16 10:55:13
delhi__delhi__shadipur_delhi_cpcb,"Shadipur, Delhi - CPCB",Delhi,Delhi,28.6514781,77.1473105,2026-07-16 05:00:00,152.0,146.0,45.0,13.0,45.0,52.0,10.0,468.87,Severe,CO,True,Valid AQI,35.6,45,0.0,10.4,8,56.12,Moderate trapping,Dense urban proxy,Proxy from station/city naming,60,55,69.84,0.9605263157894737,1.0410958904109588,1.0,1.1555555555555554,56.01,27.27,44.07,48.86,53.94,Vehicular traffic,56.01,53.94,2.07,39.83,Low confidence,elevated NO2/CO signal; road-density or urban-pressure influence; traffic/commercial land-use proxy,Aligned,"High priority: Prioritize traffic-flow management, public transport promotion, anti-idling enforcement, and congestion reduction near the station.",2026-07-16 10:55:13
delhi__delhi__sirifort_delhi_cpcb,"Sirifort, Delhi - CPCB",Delhi,Delhi,28.5504249,77.2159377,2026-07-16 05:00:00,91.0,152.0,10.0,21.0,18.0,9.0,4.0,306.27,Very Poor,CO,True,Valid AQI,35.6,44,0.0,11.3,8,54.13,Moderate trapping,Dense urban proxy,Proxy from station/city naming,60,55,53.87,1.6703296703296704,0.5986842105263158,0.5555555555555556,0.9,41.87,20.52,46.07,33.23,43.41,Construction / road dust,46.07,43.41,2.66,33.05,Low confidence,PM10-heavy particulate pattern; road dust / coarse-particle likelihood,Partially aligned,"High priority: Prioritize road dust suppression, construction-site covering, mechanical sweeping, and enforcement of dust-control rules.",2026-07-16 10:55:13
delhi__delhi__sonia_vihar_delhi_dpcc,"Sonia Vihar, Delhi - DPCC",Delhi,Delhi,28.710508,77.249485,2026-07-16 05:00:00,75.0,159.0,9.0,4.0,57.0,8.0,14.0,500.0,Severe,CO,True,Valid AQI,36.0,42,0.0,10.3,6,55.0,Moderate trapping,Dense urban proxy,Proxy from station/city naming,60,55,72.27,2.12,0.4716981132075472,0.15789473684210525,0.8888888888888888,49.18,19.42,46.97,38.63,43.76,Vehicular traffic,49.18,46.97,2.21,35.09,Low confidence,elevated NO2/CO signal; road-density or urban-pressure influence; traffic/commercial land-use proxy,Aligned,"High priority: Prioritize traffic-flow management, public transport promotion, anti-idling enforcement, and congestion reduction near the station.",2026-07-16 10:55:13
delhi__delhi__sri_aurobindo_marg_delhi_dpcc,"Sri Aurobindo Marg, Delhi - DPCC",Delhi,Delhi,28.531346,77.190156,2026-07-16 05:00:00,54.0,144.0,24.0,15.0,36.0,14.0,3.0,412.83,Severe,CO,True,Valid AQI,35.1,46,0.0,12.5,10,52.89,Moderate trapping,Dense urban proxy,Proxy from station/city naming,60,55,63.28,2.6666666666666665,0.375,0.6666666666666666,0.5833333333333334,48.92,23.18,47.08,30.6,45.16,Vehicular traffic,48.92,47.08,1.84,34.8,Low confidence,elevated NO2/CO signal; road-density or urban-pressure influence; traffic/commercial land-use proxy,Aligned,"High priority: Prioritize traffic-flow management, public transport promotion, anti-idling enforcement, and congestion reduction near the station.",2026-07-16 10:55:13
delhi__delhi__talkatora_garden_delhi_dpcc,"Talkatora Garden, Delhi - DPCC",Delhi,Delhi,28.62181,77.1944633,2026-07-16 05:00:00,67.0,123.0,23.0,,39.0,10.0,4.0,431.51,Severe,CO,True,Valid AQI,35.6,45,0.0,10.4,8,56.12,Moderate trapping,Dense urban proxy,Proxy from station/city naming,60,55,66.36,1.835820895522388,0.5447154471544715,0.5897435897435898,0.43478260869565216,49.25,0.0,42.75,35.07,45.21,Vehicular traffic,49.25,45.21,4.04,35.69,Low confidence,elevated NO2/CO signal; road-density or urban-pressure influence; traffic/commercial land-use proxy,Aligned,"High priority: Prioritize traffic-flow management, public transport promotion, anti-idling enforcement, and congestion reduction near the station.",2026-07-16 10:55:13
delhi__delhi__vivek_vihar_delhi_dpcc,"Vivek Vihar, Delhi - DPCC",Delhi,Delhi,28.672342,77.31526,2026-07-16 05:00:00,62.0,163.0,38.0,10.0,34.0,20.0,6.0,400.0,Very Poor,CO,True,Valid AQI,36.6,40,0.0,10.2,8,54.65,Moderate trapping,Dense urban proxy,Proxy from station/city naming,60,55,62.82,2.629032258064516,0.3803680981595092,1.1176470588235294,0.5263157894736842,52.09,23.32,48.04,32.06,49.8,Vehicular traffic,52.09,49.8,2.29,37.15,Low confidence,elevated NO2/CO signal; road-density or urban-pressure influence; traffic/commercial land-use proxy,Aligned,"High priority: Prioritize traffic-flow management, public transport promotion, anti-idling enforcement, and congestion reduction near the station.",2026-07-16 10:55:13
delhi__delhi__wazirpur_delhi_dpcc,"Wazirpur, Delhi - DPCC",Delhi,Delhi,28.699793,77.165453,2026-07-16 05:00:00,100.0,228.0,39.0,9.0,42.0,16.0,6.0,450.19,Severe,CO,True,Valid AQI,35.8,44,0.0,10.0,7,56.38,Moderate trapping,Dense urban proxy,Proxy from station/city naming,60,55,68.21,2.28,0.43859649122807015,0.9285714285714286,0.41025641025641024,53.9,24.26,54.5,38.54,48.39,Construction / road dust,54.5,53.9,0.6,38.33,Low confidence,PM10-heavy particulate pattern; road dust / coarse-particle likelihood,Partially aligned,"High priority: Prioritize road dust suppression, construction-site covering, mechanical sweeping, and enforcement of dust-control rules.",2026-07-16 10:55:13
gujarat__ahmedabad__chandkheda_ahmedabad_iitm,"Chandkheda, Ahmedabad - IITM",Ahmedabad,Gujarat,23.107969,72.574648,2026-07-16 05:00:00,32.0,63.0,13.0,7.0,31.0,3.0,5.0,382.43,Very Poor,CO,True,Valid AQI,32.2,58,0.0,8.7,19,65.08,High trapping,Dense urban proxy,Proxy from station/city naming,60,55,65.53,1.96875,0.5079365079365079,0.41935483870967744,0.23076923076923078,45.15,17.48,35.68,32.17,38.07,Vehicular traffic,45.15,38.07,7.08,33.73,Low confidence,elevated NO2/CO signal; road-density or urban-pressure influence; traffic/commercial land-use proxy,Aligned,"High priority: Prioritize traffic-flow management, public transport promotion, anti-idling enforcement, and congestion reduction near the station.",2026-07-16 10:55:13
gujarat__ahmedabad__gyaspur_ahmedabad_iitm,"Gyaspur, Ahmedabad - IITM",Ahmedabad,Gujarat,22.977134,72.553024,2026-07-16 05:00:00,21.0,79.0,19.0,12.0,27.0,11.0,6.0,358.99,Very Poor,CO,True,Valid AQI,31.4,64,0.0,9.2,47,69.18,High trapping,Dense urban proxy,Proxy from station/city naming,60,55,65.06,3.761904761904762,0.26582278481012656,0.7037037037037037,0.5789473684210527,45.9,19.86,40.02,29.38,37.54,Vehicular traffic,45.9,40.02,5.88,33.89,Low confidence,elevated NO2/CO signal; road-density or urban-pressure influence; traffic/commercial land-use proxy,Aligned,"High priority: Prioritize traffic-flow management, public transport promotion, anti-idling enforcement, and congestion reduction near the station.",2026-07-16 10:55:13
gujarat__ahmedabad__maninagar_ahmedabad_gpcb,"Maninagar, Ahmedabad - GPCB",Ahmedabad,Gujarat,23.002657,72.591912,2026-07-16 05:00:00,56.0,76.0,34.0,36.0,28.0,19.0,,364.85,Very Poor,CO,True,Valid AQI,31.8,60,0.0,8.1,25,67.5,High trapping,Dense urban proxy,Proxy from station/city naming,60,55,64.9,1.3571428571428572,0.7368421052631579,1.2142857142857142,0.5588235294117647,49.91,31.88,36.0,36.53,42.19,Vehicular traffic,49.91,42.19,7.72,37.25,Low confidence,elevated NO2/CO signal; road-density or urban-pressure influence; traffic/commercial land-use proxy,Aligned,"High priority: Prioritize traffic-flow management, public transport promotion, anti-idling enforcement, and congestion reduction near the station.",2026-07-16 10:55:13
gujarat__ahmedabad__raikhad_ahmedabad_iitm,"Raikhad, Ahmedabad - IITM",Ahmedabad,Gujarat,23.020509,72.579261,2026-07-16 05:00:00,33.0,76.0,18.0,16.0,42.0,11.0,4.0,450.19,Severe,CO,True,Valid AQI,31.8,60,0.0,8.1,25,67.5,High trapping,Dense urban proxy,Proxy from station/city naming,60,55,72.85,2.303030303030303,0.4342105263157895,0.42857142857142855,0.6111111111111112,48.56,23.43,37.26,34.62,39.02,Vehicular traffic,48.56,39.02,9.54,36.85,Low confidence,elevated NO2/CO signal; road-density or urban-pressure influence; traffic/commercial land-use proxy,Aligned,"High priority: Prioritize traffic-flow management, public transport promotion, anti-idling enforcement, and congestion reduction near the station.",2026-07-16 10:55:13
gujarat__ahmedabad__rakhial_ahmedabad_iitm,"Rakhial, Ahmedabad - IITM",Ahmedabad,Gujarat,23.016834,72.625775,2026-07-16 05:00:00,28.0,66.0,11.0,15.0,31.0,9.0,4.0,382.43,Very Poor,CO,True,Valid AQI,31.8,60,0.0,8.1,25,67.5,High trapping,Dense urban proxy,Proxy from station/city naming,60,55,66.54,2.357142857142857,0.42424242424242425,0.3548387096774194,0.8181818181818182,44.64,20.25,36.25,31.88,37.85,Vehicular traffic,44.64,37.85,6.79,33.28,Low confidence,elevated NO2/CO signal; road-density or urban-pressure influence; traffic/commercial land-use proxy,Aligned,"High priority: Prioritize traffic-flow management, public transport promotion, anti-idling enforcement, and congestion reduction near the station.",2026-07-16 10:55:13
gujarat__ahmedabad__sac_isro_bopal_ahmedabad_iitm,"SAC ISRO Bopal, Ahmedabad - IITM",Ahmedabad,Gujarat,23.041137,72.456691,2026-07-16 05:00:00,43.0,50.0,4.0,1.0,3.0,12.0,2.0,112.28,Moderate,CO,True,Valid AQI,31.8,62,0.0,10.3,66,68.35,High trapping,Dense urban proxy,Proxy from station/city naming,60,55,41.74,1.1627906976744187,0.86,1.3333333333333333,3.0,37.43,9.54,33.92,30.91,35.33,Vehicular traffic,37.43,35.33,2.1,26.83,Low confidence,elevated NO2/CO signal; road-density or urban-pressure influence; traffic/commercial land-use proxy,Aligned,"Medium priority: Prioritize traffic-flow management, public transport promotion, anti-idling enforcement, and congestion reduction near the station.",2026-07-16 10:55:13
gujarat__ahmedabad__sac_isro_satellite_ahmedabad_iitm,"SAC ISRO Satellite, Ahmedabad - IITM",Ahmedabad,Gujarat,23.023389,72.515201,2026-07-16 05:00:00,47.0,59.0,26.0,5.0,96.0,16.0,3.0,500.0,Severe,CO,True,Valid AQI,31.6,62,0.0,9.0,39,68.01,High trapping,Dense urban proxy,Proxy from station/city naming,60,55,77.7,1.2553191489361701,0.7966101694915254,0.2708333333333333,0.6153846153846154,61.08,28.37,34.43,49.14,39.79,Vehicular traffic,61.08,49.14,11.94,46.34,Moderate confidence,elevated NO2/CO signal; road-density or urban-pressure influence; traffic/commercial land-use proxy,Aligned,"High priority: Prioritize traffic-flow management, public transport promotion, anti-idling enforcement, and congestion reduction near the station.",2026-07-16 10:55:13
gujarat__ahmedabad__svpi_airport_hansol_ahmedabad_iitm,"SVPI Airport Hansol, Ahmedabad - IITM",Ahmedabad,Gujarat,23.076793,72.627874,2026-07-16 05:00:00,32.0,77.0,11.0,15.0,46.0,11.0,1.0,475.09,Severe,CO,True,Valid AQI,32.2,58,0.0,8.7,19,65.08,High trapping,Dense urban proxy,Proxy from station/city naming,60,55,74.16,2.40625,0.4155844155844156,0.2391304347826087,1.0,47.56,22.43,37.77,34.41,38.94,Vehicular traffic,47.56,38.94,8.62,35.88,Low confidence,elevated NO2/CO signal; road-density or urban-pressure influence; traffic/commercial land-use proxy,Aligned,"High priority: Prioritize traffic-flow management, public transport promotion, anti-idling enforcement, and congestion reduction near the station.",2026-07-16 10:55:13
gujarat__ankleshwar__gidc_ankleshwar_gpcb,"GIDC, Ankleshwar - GPCB",Ankleshwar,Gujarat,21.613267,73.010555,2026-07-16 05:00:00,39.0,62.0,27.0,22.0,49.0,9.0,5.0,493.77,Severe,CO,True,Valid AQI,29.7,75,0.0,11.8,100,73.82,High trapping,General urban / semi-urban proxy,Proxy from station/city naming,15,20,58.81,1.5897435897435896,0.6290322580645161,0.5510204081632653,0.3333333333333333,16.18,20.12,21.72,38.77,25.28,Biomass / fine-particle combustion,38.77,25.28,13.49,31.19,Low confidence,PM2.5-heavy fine-particle pattern; CO and stagnant-weather influence; high weather trapping,Partially aligned,"High priority: Prioritize open-burning control, biomass-combustion monitoring, fine-particle exposure advisories, and local source inspection.",2026-07-16 10:55:13
gujarat__bhavnagar__vidhyanagar_bhavnagar_nexteng_enviro,"Vidhyanagar, Bhavnagar - Nexteng Enviro",Bhavnagar,Gujarat,21.755417,72.139056,2026-07-16 05:00:00,28.0,50.0,49.0,7.0,80.0,19.0,4.0,500.0,Severe,CO,True,Valid AQI,30.8,70,0.0,5.5,85,81.88,Very high trapping,General urban / semi-urban proxy,Proxy from station/city naming,15,20,62.75,1.7857142857142858,0.56,0.6125,0.3877551020408163,27.8,22.53,17.84,46.57,31.64,Biomass / fine-particle combustion,46.57,31.64,14.93,37.08,Low confidence,PM2.5-heavy fine-particle pattern; CO and stagnant-weather influence; high weather trapping,Partially aligned,"High priority: Prioritize open-burning control, biomass-combustion monitoring, fine-particle exposure advisories, and local source inspection.",2026-07-16 10:55:13
gujarat__gandhinagar__gift_city_gandhinagar_iitm,"GIFT City, Gandhinagar - IITM",Gandhinagar,Gujarat,23.163798,72.677768,2026-07-16 05:00:00,28.0,71.0,28.0,2.0,29.0,7.0,2.0,370.71,Very Poor,CO,True,Valid AQI,32.4,58,0.0,9.6,17,63.25,High trapping,General urban / semi-urban proxy,Proxy from station/city naming,15,20,42.94,2.5357142857142856,0.39436619718309857,0.9655172413793104,0.25,12.56,9.6,22.96,29.87,32.71,Photochemical smog,32.71,29.87,2.84,23.75,Low confidence,O3 and temperature-related signal; urban photochemical formation likelihood,Partially aligned,"High priority: Prioritize NOx/VOC precursor control, traffic-emission reduction, and ozone exposure advisories during sunny high-temperature periods.",2026-07-16 10:55:13
gujarat__gandhinagar__iiphg_lekawada_gandhinagar_iitm,"IIPHG Lekawada, Gandhinagar - IITM",Gandhinagar,Gujarat,23.243639,72.68994,2026-07-16 05:00:00,22.0,60.0,7.0,3.0,36.0,4.0,1.0,412.83,Severe,CO,True,Valid AQI,31.8,61,0.1,9.8,15,57.54,Moderate trapping,General urban / semi-urban proxy,Proxy from station/city naming,15,20,44.48,2.727272727272727,0.36666666666666664,0.19444444444444445,0.5714285714285714,8.58,7.45,19.62,28.92,26.45,Biomass / fine-particle combustion,28.92,26.45,2.47,20.98,Low confidence,PM2.5-heavy fine-particle pattern; CO and stagnant-weather influence,Partially aligned,"High priority: Prioritize open-burning control, biomass-combustion monitoring, fine-particle exposure advisories, and local source inspection.",2026-07-16 10:55:13
gujarat__gandhinagar__sector_10_gandhinagar_gpcb,"Sector-10, Gandhinagar - GPCB",Gandhinagar,Gujarat,23.221714,72.654328,2026-07-16 05:00:00,30.0,40.0,7.0,5.0,20.0,2.0,1.0,317.99,Very Poor,CO,True,Valid AQI,32.0,60,0.0,10.0,15,63.06,High trapping,Industrial / mixed urban proxy,Proxy from station/city naming,35,30,46.47,1.3333333333333333,0.75,0.35,0.2857142857142857,13.42,29.53,23.7,20.78,32.56,Photochemical smog,32.56,29.53,3.03,23.7,Low confidence,O3 and temperature-related signal; urban photochemical formation likelihood,Partially aligned,"High priority: Prioritize NOx/VOC precursor control, traffic-emission reduction, and ozone exposure advisories during sunny high-temperature periods.",2026-07-16 10:55:13
gujarat__mehsana__sadanand_nagar_mehsana_nexteng_enviro,"Sadanand Nagar, Mehsana - Nexteng Enviro",Mehsana,Gujarat,23.59315,72.372792,2026-07-16 05:00:00,48.0,57.0,10.0,13.0,70.0,11.0,1.0,500.0,Severe,CO,True,Valid AQI,31.8,60,0.0,10.5,16,62.26,High trapping,General urban / semi-urban proxy,Proxy from station/city naming,15,20,54.56,1.1875,0.8421052631578947,0.14285714285714285,1.1,15.94,16.8,20.06,42.75,30.27,Biomass / fine-particle combustion,42.75,30.27,12.48,33.67,Low confidence,PM2.5-heavy fine-particle pattern; CO and stagnant-weather influence; high weather trapping,Partially aligned,"High priority: Prioritize open-burning control, biomass-combustion monitoring, fine-particle exposure advisories, and local source inspection.",2026-07-16 10:55:13
gujarat__rajkot__mavdi_rajkot_nexteng_enviro,"Mavdi, Rajkot - Nexteng Enviro",Rajkot,Gujarat,22.248853,70.776774,2026-07-16 05:00:00,37.0,43.0,65.0,10.0,90.0,10.0,1.0,500.0,Severe,CO,True,Valid AQI,31.5,61,0.0,12.5,38,61.2,High trapping,General urban / semi-urban proxy,Proxy from station/city naming,15,20,54.12,1.162162162162162,0.8604651162790697,0.7222222222222222,0.15384615384615385,33.81,27.87,19.42,44.88,35.64,Biomass / fine-particle combustion,44.88,35.64,9.24,34.19,Low confidence,PM2.5-heavy fine-particle pattern; CO and stagnant-weather influence; high weather trapping,Partially aligned,"High priority: Prioritize open-burning control, biomass-combustion monitoring, fine-particle exposure advisories, and local source inspection.",2026-07-16 10:55:13
gujarat__surat__katargam_surat_nexteng_enviro,"Katargam, Surat - Nexteng Enviro",Surat,Gujarat,21.217779,72.834787,2026-07-16 05:00:00,22.0,63.0,14.0,8.0,40.0,5.0,1.0,437.74,Severe,CO,True,Valid AQI,27.5,81,0.1,10.2,34,66.07,High trapping,Dense urban proxy,Proxy from station/city naming,60,55,71.09,2.8636363636363638,0.3492063492063492,0.35,0.35714285714285715,47.15,19.35,35.05,31.61,29.24,Vehicular traffic,47.15,35.05,12.1,36.64,Low confidence,elevated NO2/CO signal; road-density or urban-pressure influence; traffic/commercial land-use proxy,Aligned,"High priority: Prioritize traffic-flow management, public transport promotion, anti-idling enforcement, and congestion reduction near the station.",2026-07-16 10:55:13
gujarat__surat__science_center_surat_smc,"Science Center, Surat - SMC",Surat,Gujarat,21.170046,72.795405,2026-07-16 05:00:00,19.0,43.0,3.0,15.0,34.0,,,400.0,Very Poor,CO,True,Valid AQI,27.2,82,0.1,11.2,27,63.93,High trapping,Dense urban proxy,Proxy from station/city naming,60,55,66.69,2.263157894736842,0.4418604651162791,0.08823529411764706,,43.19,19.33,32.54,30.04,0.0,Vehicular traffic,43.19,32.54,10.65,33.43,Low confidence,elevated NO2/CO signal; road-density or urban-pressure influence; traffic/commercial land-use proxy,Aligned,"High priority: Prioritize traffic-flow management, public transport promotion, anti-idling enforcement, and congestion reduction near the station.",2026-07-16 10:55:13
gujarat__vadodara__bapunagar_vadodara_nexteng_enviro,"Bapunagar, Vadodara - Nexteng Enviro",Vadodara,Gujarat,22.320153,73.216285,2026-07-16 05:00:00,46.0,54.0,12.0,6.0,96.0,4.0,2.0,500.0,Severe,CO,True,Valid AQI,30.5,71,0.0,10.9,0,63.98,High trapping,Dense urban proxy,Proxy from station/city naming,60,55,76.02,1.173913043478261,0.8518518518518519,0.125,0.3333333333333333,57.52,26.38,34.64,48.0,36.86,Vehicular traffic,57.52,48.0,9.52,43.12,Moderate confidence,elevated NO2/CO signal; road-density or urban-pressure influence; traffic/commercial land-use proxy,Aligned,"High priority: Prioritize traffic-flow management, public transport promotion, anti-idling enforcement, and congestion reduction near the station.",2026-07-16 10:55:13
gujarat__vapi__phase_1_gidc_vapi_gpcb,"Phase-1 GIDC, Vapi - GPCB",Vapi,Gujarat,20.362421,72.918013,2026-07-16 05:00:00,67.0,67.0,19.0,24.0,,5.0,3.0,121.48,Moderate,PM2.5,True,Valid AQI,29.3,73,0.0,12.1,47,67.24,High trapping,Industrial / mixed urban proxy,Proxy from station/city naming,35,30,29.92,1.0,1.0,,0.2631578947368421,0.0,0.0,27.13,0.0,29.47,Photochemical smog,29.47,27.13,2.34,21.33,Low confidence,O3 and temperature-related signal; urban photochemical formation likelihood,Partially aligned,"Medium priority: Prioritize NOx/VOC precursor control, traffic-emission reduction, and ozone exposure advisories during sunny high-temperature periods.",2026-07-16 10:55:13
gujarat__vatva__phase_4_gidc_vatva_gpcb,"Phase-4 GIDC, Vatva - GPCB",Vatva,Gujarat,22.969611,72.6435,2026-07-16 05:00:00,108.0,110.0,36.0,7.0,31.0,11.0,2.0,382.43,Very Poor,CO,True,Valid AQI,31.3,64,0.0,9.0,28,67.64,High trapping,Industrial / mixed urban proxy,Proxy from station/city naming,35,30,54.38,1.0185185185185186,0.9818181818181818,1.1612903225806452,0.3055555555555556,22.93,36.83,30.39,34.24,35.98,Industrial combustion,36.83,35.98,0.85,26.04,Low confidence,SO2 and combustion-related pollutant influence; industrial land-use proxy,Aligned,"High priority: Prioritize industrial emission inspection, stack monitoring, fuel-quality checks, and enforcement near industrial clusters.",2026-07-16 10:55:13
haryana__ambala__patti_mehar_ambala_hspcb,"Patti Mehar, Ambala - HSPCB",Ambala,Haryana,30.379589,76.778328,2026-07-16 05:00:00,99.0,135.0,6.0,39.0,54.0,37.0,8.0,500.0,Severe,CO,True,Valid AQI,33.5,59,0.0,6.7,14,68.57,High trapping,General urban / semi-urban proxy,Proxy from station/city naming,15,20,57.2,1.3636363636363635,0.7333333333333333,0.1111111111111111,6.166666666666667,11.82,23.9,27.0,46.7,35.71,Biomass / fine-particle combustion,46.7,35.71,10.99,35.99,Low confidence,PM2.5-heavy fine-particle pattern; CO and stagnant-weather influence; high weather trapping,Partially aligned,"High priority: Prioritize open-burning control, biomass-combustion monitoring, fine-particle exposure advisories, and local source inspection.",2026-07-16 10:55:13
haryana__bahadurgarh__arya_nagar_bahadurgarh_hspcb,"Arya Nagar, Bahadurgarh - HSPCB",Bahadurgarh,Haryana,28.6701,76.9254,2026-07-16 05:00:00,177.0,101.0,18.0,6.0,49.0,26.0,11.0,493.77,Severe,CO,True,Valid AQI,34.5,51,0.0,12.1,1,54.55,Moderate trapping,General urban / semi-urban proxy,Proxy from station/city naming,15,20,50.77,0.5706214689265536,1.7524752475247525,0.3673469387755102,1.4444444444444444,13.9,12.37,24.72,56.67,37.6,Biomass / fine-particle combustion,56.67,37.6,19.07,45.39,Moderate confidence,PM2.5-heavy fine-particle pattern; CO and stagnant-weather influence,Partially aligned,"High priority: Prioritize open-burning control, biomass-combustion monitoring, fine-particle exposure advisories, and local source inspection.",2026-07-16 10:55:13
haryana__ballabgarh__nathu_colony_ballabgarh_hspcb,"Nathu Colony, Ballabgarh - HSPCB",Ballabgarh,Haryana,28.3419248,77.319699,2026-07-16 05:00:00,173.0,161.0,20.0,3.0,51.0,4.0,5.0,500.0,Severe,CO,True,Valid AQI,35.6,44,0.0,12.4,14,52.73,Moderate trapping,General urban / semi-urban proxy,Proxy from station/city naming,15,20,50.59,0.930635838150289,1.0745341614906831,0.39215686274509803,0.2,14.79,11.84,31.81,51.19,35.5,Biomass / fine-particle combustion,51.19,35.5,15.69,40.54,Moderate confidence,PM2.5-heavy fine-particle pattern; CO and stagnant-weather influence,Partially aligned,"High priority: Prioritize open-burning control, biomass-combustion monitoring, fine-particle exposure advisories, and local source inspection.",2026-07-16 10:55:13
haryana__bhiwani__h_b_colony_bhiwani_hspcb,"H.B. Colony, Bhiwani - HSPCB",Bhiwani,Haryana,28.806223,76.141105,2026-07-16 05:00:00,103.0,73.0,9.0,13.0,19.0,15.0,2.0,312.13,Very Poor,CO,True,Valid AQI,35.5,45,0.0,14.8,3,47.66,Moderate trapping,General urban / semi-urban proxy,Proxy from station/city naming,15,20,30.98,0.7087378640776699,1.4109589041095891,0.47368421052631576,1.6666666666666667,5.78,9.2,23.1,38.18,36.08,Biomass / fine-particle combustion,38.18,36.08,2.1,27.36,Low confidence,PM2.5-heavy fine-particle pattern; CO and stagnant-weather influence,Partially aligned,"High priority: Prioritize open-burning control, biomass-combustion monitoring, fine-particle exposure advisories, and local source inspection.",2026-07-16 10:55:13
haryana__charkhi_dadri__mini_secretariat_charkhi_dadri_hspcb,"Mini Secretariat, Charkhi Dadri - HSPCB",Charkhi Dadri,Haryana,28.593883,76.270653,2026-07-16 05:00:00,211.0,99.0,15.0,8.0,18.0,20.0,6.0,370.07,Very Poor,PM2.5,True,Valid AQI,35.1,47,0.0,17.4,0,43.39,Moderate trapping,General urban / semi-urban proxy,Proxy from station/city naming,15,20,34.59,0.46919431279620855,2.1313131313131315,0.8333333333333334,1.3333333333333333,7.11,8.13,26.76,53.01,37.19,Biomass / fine-particle combustion,53.01,37.19,15.82,41.85,Moderate confidence,PM2.5-heavy fine-particle pattern; CO and stagnant-weather influence,Partially aligned,"High priority: Prioritize open-burning control, biomass-combustion monitoring, fine-particle exposure advisories, and local source inspection.",2026-07-16 10:55:13
haryana__dharuhera__municipal_corporation_office_dharuhera_hspcb,"Municipal Corporation Office, Dharuhera -  HSPCB",Dharuhera,Haryana,28.2068,76.7997,2026-07-16 05:00:00,122.0,103.0,29.0,8.0,72.0,8.0,8.0,500.0,Severe,CO,True,Valid AQI,35.0,47,0.0,16.6,2,45.04,Moderate trapping,Industrial / mixed urban proxy,Proxy from station/city naming,35,30,55.9,0.8442622950819673,1.1844660194174756,0.4027777777777778,0.27586206896551724,29.11,42.0,32.84,37.78,40.68,Industrial combustion,42.0,40.68,1.32,29.8,Low confidence,SO2 and combustion-related pollutant influence; industrial land-use proxy,Aligned,"High priority: Prioritize industrial emission inspection, stack monitoring, fuel-quality checks, and enforcement near industrial clusters.",2026-07-16 10:55:13
haryana__faridabad__new_industrial_town_faridabad_hspcb,"New Industrial Town, Faridabad - HSPCB",Faridabad,Haryana,28.39072,77.30059,2026-07-16 05:00:00,135.0,133.0,25.0,13.0,23.0,14.0,11.0,335.56,Very Poor,CO,True,Valid AQI,35.6,44,0.0,12.4,14,52.73,Moderate trapping,Industrial / mixed urban proxy,Proxy from station/city naming,70,65,60.9,0.9851851851851852,1.0150375939849625,1.0869565217391304,0.56,36.88,42.5,47.3,31.29,47.55,Photochemical smog,47.55,47.3,0.25,33.36,Low confidence,O3 and temperature-related signal; urban photochemical formation likelihood,Partially aligned,"High priority: Prioritize NOx/VOC precursor control, traffic-emission reduction, and ozone exposure advisories during sunny high-temperature periods.",2026-07-16 10:55:13
haryana__faridabad__sector_11_faridabad_hspcb,"Sector 11, Faridabad - HSPCB",Faridabad,Haryana,28.376058,77.315741,2026-07-16 05:00:00,196.0,180.0,31.0,9.0,67.0,16.0,9.0,500.0,Severe,CO,True,Valid AQI,35.6,44,0.0,12.4,14,52.73,Moderate trapping,Industrial / mixed urban proxy,Proxy from station/city naming,70,65,76.21,0.9183673469387755,1.0888888888888888,0.4626865671641791,0.5161290322580645,46.95,48.37,52.29,46.84,48.59,Construction / road dust,52.29,48.59,3.7,37.71,Low confidence,PM10-heavy particulate pattern; road dust / coarse-particle likelihood; high road-density proxy,Partially aligned,"High priority: Prioritize road dust suppression, construction-site covering, mechanical sweeping, and enforcement of dust-control rules.",2026-07-16 10:55:13
haryana__faridabad__sector_30_faridabad_hspcb,"Sector 30, Faridabad - HSPCB",Faridabad,Haryana,28.4417,77.3217,2026-07-16 05:00:00,85.0,117.0,38.0,3.0,50.0,12.0,11.0,500.0,Severe,CO,True,Valid AQI,35.4,45,0.0,12.0,12,53.63,Moderate trapping,Industrial / mixed urban proxy,Proxy from station/city naming,70,65,76.59,1.3764705882352941,0.7264957264957265,0.76,0.3157894736842105,45.43,44.74,45.91,29.45,48.76,Photochemical smog,48.76,45.91,2.85,34.99,Low confidence,O3 and temperature-related signal; urban photochemical formation likelihood,Partially aligned,"High priority: Prioritize NOx/VOC precursor control, traffic-emission reduction, and ozone exposure advisories during sunny high-temperature periods.",2026-07-16 10:55:13
haryana__fatehabad__huda_sector_fatehabad_hspcb,"Huda Sector, Fatehabad - HSPCB",Fatehabad,Haryana,29.503664,75.467934,2026-07-16 05:00:00,139.0,153.0,19.0,70.0,48.0,31.0,14.0,487.55,Severe,CO,True,Valid AQI,36.0,45,0.0,10.6,20,56.96,Moderate trapping,Industrial / mixed urban proxy,Proxy from station/city naming,35,30,59.72,1.1007194244604317,0.9084967320261438,0.3958333333333333,1.631578947368421,21.91,60.92,35.87,37.26,43.03,Industrial combustion,60.92,43.03,17.89,48.01,Moderate confidence,SO2 and combustion-related pollutant influence; industrial land-use proxy,Aligned,"High priority: Prioritize industrial emission inspection, stack monitoring, fuel-quality checks, and enforcement near industrial clusters.",2026-07-16 10:55:13
haryana__gurugram__nise_gwal_pahari_gurugram_iitm,"NISE Gwal Pahari, Gurugram - IITM",Gurugram,Haryana,28.422681,77.148944,2026-07-16 05:00:00,67.0,151.0,15.0,,59.0,11.0,,500.0,Severe,CO,True,Valid AQI,34.7,48,0.0,14.2,7,50.25,Moderate trapping,Dense urban proxy,Proxy from station/city naming,60,55,70.29,2.253731343283582,0.44370860927152317,0.2542372881355932,0.7333333333333333,51.1,0.0,48.05,35.89,43.24,Vehicular traffic,51.1,48.05,3.05,36.68,Low confidence,elevated NO2/CO signal; road-density or urban-pressure influence; traffic/commercial land-use proxy,Aligned,"High priority: Prioritize traffic-flow management, public transport promotion, anti-idling enforcement, and congestion reduction near the station.",2026-07-16 10:55:13
haryana__gurugram__sector_51_gurugram_hspcb,"Sector-51, Gurugram - HSPCB",Gurugram,Haryana,28.4227,77.0667,2026-07-16 05:00:00,199.0,153.0,40.0,,27.0,14.0,13.0,360.86,Very Poor,PM2.5,True,Valid AQI,34.7,48,0.0,14.2,7,50.25,Moderate trapping,Industrial / mixed urban proxy,Proxy from station/city naming,70,65,62.22,0.7688442211055276,1.3006535947712419,1.4814814814814814,0.35,41.47,0.0,49.99,39.9,48.66,Construction / road dust,49.99,48.66,1.33,35.39,Low confidence,PM10-heavy particulate pattern; road dust / coarse-particle likelihood; high road-density proxy,Partially aligned,"High priority: Prioritize road dust suppression, construction-site covering, mechanical sweeping, and enforcement of dust-control rules.",2026-07-16 10:55:13
haryana__gurugram__teri_gram_gurugram_hspcb,"Teri Gram, Gurugram - HSPCB",Gurugram,Haryana,28.4275,77.1465,2026-07-16 05:00:00,106.0,86.0,28.0,13.0,30.0,11.0,6.0,376.57,Very Poor,CO,True,Valid AQI,34.7,48,0.0,14.2,7,50.25,Moderate trapping,Dense urban proxy,Proxy from station/city naming,60,55,58.8,0.8113207547169812,1.2325581395348837,0.9333333333333333,0.39285714285714285,48.77,22.21,39.11,40.13,44.89,Vehicular traffic,48.77,44.89,3.88,35.3,Low confidence,elevated NO2/CO signal; road-density or urban-pressure influence; traffic/commercial land-use proxy,Aligned,"High priority: Prioritize traffic-flow management, public transport promotion, anti-idling enforcement, and congestion reduction near the station.",2026-07-16 10:55:13
haryana__gurugram__vikas_sadan_gurugram_hspcb,"Vikas Sadan, Gurugram - HSPCB",Gurugram,Haryana,28.4501238,77.0263051,2026-07-16 05:00:00,331.0,212.0,6.0,1.0,26.0,8.0,,432.81,Severe,PM2.5,True,Valid AQI,35.2,45,0.0,14.1,6,49.23,Moderate trapping,Dense urban proxy,Proxy from station/city naming,60,55,63.61,0.6404833836858006,1.5613207547169812,0.23076923076923078,1.3333333333333333,42.4,13.23,52.45,65.37,42.35,Biomass / fine-particle combustion,65.37,52.45,12.92,49.64,Moderate confidence,PM2.5-heavy fine-particle pattern; CO and stagnant-weather influence,Partially aligned,"High priority: Prioritize open-burning control, biomass-combustion monitoring, fine-particle exposure advisories, and local source inspection.",2026-07-16 10:55:13
haryana__hisar__urban_estate_ii_hisar_hspcb,"Urban Estate-II, Hisar - HSPCB",Hisar,Haryana,29.14056,75.744941,2026-07-16 05:00:00,125.0,144.0,28.0,11.0,101.0,36.0,11.0,500.0,Severe,CO,True,Valid AQI,37.1,38,0.0,11.4,11,52.04,Moderate trapping,Industrial / mixed urban proxy,Proxy from station/city naming,35,30,58.82,1.152,0.8680555555555556,0.27722772277227725,1.2857142857142858,34.49,47.22,35.33,44.36,46.73,Industrial combustion,47.22,46.73,0.49,33.2,Low confidence,SO2 and combustion-related pollutant influence; industrial land-use proxy,Aligned,"High priority: Prioritize industrial emission inspection, stack monitoring, fuel-quality checks, and enforcement near industrial clusters.",2026-07-16 10:55:13
haryana__jind__police_lines_jind_hspcb,"Police Lines, Jind - HSPCB",Jind,Haryana,29.307814,76.337619,2026-07-16 05:00:00,206.0,120.0,13.0,28.0,6.0,10.0,5.0,366.23,Very Poor,PM2.5,True,Valid AQI,34.8,53,0.0,10.3,4,58.84,Moderate trapping,General urban / semi-urban proxy,Proxy from station/city naming,15,20,40.68,0.5825242718446602,1.7166666666666666,2.1666666666666665,0.7692307692307693,4.28,13.82,25.97,52.62,34.94,Biomass / fine-particle combustion,52.62,34.94,17.68,42.14,Moderate confidence,PM2.5-heavy fine-particle pattern; CO and stagnant-weather influence,Partially aligned,"High priority: Prioritize open-burning control, biomass-combustion monitoring, fine-particle exposure advisories, and local source inspection.",2026-07-16 10:55:13
haryana__kaithal__rishi_nagar_kaithal_hspcb,"Rishi Nagar, Kaithal - HSPCB",Kaithal,Haryana,29.8006,76.4155,2026-07-16 05:00:00,,,,,21.0,69.0,,,Unknown,,False,Insufficient pollutants,34.6,57,0.0,7.6,14,66.2,High trapping,General urban / semi-urban proxy,Proxy from station/city naming,15,20,,,,,,0.0,0.0,0.0,0.0,0.0,Insufficient pollutant signal,0.0,0.0,0.0,0.0,Low confidence,insufficient source signal,Unknown,Monitor: Collect more pollutant and land-use data before assigning intervention.,2026-07-16 10:55:13
haryana__karnal__sector_12_karnal_hspcb,"Sector-12, Karnal - HSPCB",Karnal,Haryana,29.6953,77.0027,2026-07-16 05:00:00,165.0,131.0,15.0,13.0,49.0,8.0,8.0,493.77,Severe,CO,True,Valid AQI,33.8,60,0.0,9.1,17,64.89,High trapping,Industrial / mixed urban proxy,Proxy from station/city naming,35,30,63.6,0.793939393939394,1.2595419847328244,0.30612244897959184,0.5333333333333333,21.09,38.22,32.41,45.09,36.62,Biomass / fine-particle combustion,45.09,38.22,6.87,33.62,Low confidence,PM2.5-heavy fine-particle pattern; CO and stagnant-weather influence; high weather trapping,Not strongly aligned,"High priority: Prioritize open-burning control, biomass-combustion monitoring, fine-particle exposure advisories, and local source inspection.",2026-07-16 10:55:13
haryana__kurukshetra__sector_7_kurukshetra_hspcb,"Sector-7, Kurukshetra - HSPCB",Kurukshetra,Haryana,29.966942,76.875879,2026-07-16 05:00:00,119.0,148.0,63.0,7.0,20.0,61.0,12.0,317.99,Very Poor,CO,True,Valid AQI,33.5,62,0.0,7.5,20,68.82,High trapping,Industrial / mixed urban proxy,Proxy from station/city naming,35,30,48.88,1.2436974789915967,0.8040540540540541,3.15,0.9682539682539683,27.66,39.8,34.12,32.62,49.68,Photochemical smog,49.68,39.8,9.88,37.74,Low confidence,O3 and temperature-related signal; urban photochemical formation likelihood,Partially aligned,"High priority: Prioritize NOx/VOC precursor control, traffic-emission reduction, and ozone exposure advisories during sunny high-temperature periods.",2026-07-16 10:55:13
haryana__mandikhera__general_hospital_mandikhera_nuh_hspcb,"General Hospital, Mandikhera(Nuh) - HSPCB",Mandikhera,Haryana,27.9002,76.9938,2026-07-16 05:00:00,51.0,78.0,15.0,21.0,33.0,48.0,7.0,394.14,Very Poor,CO,True,Valid AQI,35.1,48,0.0,17.4,5,44.26,Moderate trapping,General urban / semi-urban proxy,Proxy from station/city naming,15,20,37.2,1.5294117647058822,0.6538461538461539,0.45454545454545453,3.2,10.03,15.37,25.91,28.45,40.89,Photochemical smog,40.89,28.45,12.44,32.35,Low confidence,O3 and temperature-related signal; urban photochemical formation likelihood,Partially aligned,"High priority: Prioritize NOx/VOC precursor control, traffic-emission reduction, and ozone exposure advisories during sunny high-temperature periods.",2026-07-16 10:55:13
haryana__manesar__sector_2_imt_manesar_hspcb,"Sector-2 IMT, Manesar - HSPCB",Manesar,Haryana,28.360699,76.93609,2026-07-16 05:00:00,164.0,114.0,39.0,13.0,32.0,8.0,11.0,388.28,Very Poor,CO,True,Valid AQI,34.5,50,0.0,15.0,2,49.03,Moderate trapping,Industrial / mixed urban proxy,Proxy from station/city naming,35,30,47.16,0.6951219512195121,1.4385964912280702,1.21875,0.20512820512820512,23.89,39.82,33.11,37.67,41.31,Photochemical smog,41.31,39.82,1.49,29.36,Low confidence,O3 and temperature-related signal; urban photochemical formation likelihood,Partially aligned,"High priority: Prioritize NOx/VOC precursor control, traffic-emission reduction, and ozone exposure advisories during sunny high-temperature periods.",2026-07-16 10:55:13
haryana__narnaul__shastri_nagar_narnaul_hspcb,"Shastri Nagar, Narnaul - HSPCB",Narnaul,Haryana,28.060249,76.113115,2026-07-16 05:00:00,125.0,111.0,28.0,10.0,15.0,17.0,6.0,304.07,Very Poor,PM2.5,True,Valid AQI,34.7,46,0.0,18.2,1,41.67,Moderate trapping,General urban / semi-urban proxy,Proxy from station/city naming,15,20,27.73,0.888,1.1261261261261262,1.8666666666666667,0.6071428571428571,9.84,10.67,28.98,35.4,37.85,Photochemical smog,37.85,35.4,2.45,27.23,Low confidence,O3 and temperature-related signal; urban photochemical formation likelihood,Partially aligned,"High priority: Prioritize NOx/VOC precursor control, traffic-emission reduction, and ozone exposure advisories during sunny high-temperature periods.",2026-07-16 10:55:13
haryana__palwal__shyam_nagar_palwal_hspcb,"Shyam Nagar, Palwal - HSPCB",Palwal,Haryana,28.1485564,77.3320667,2026-07-16 05:00:00,52.0,81.0,24.0,11.0,47.0,5.0,8.0,481.32,Severe,CO,True,Valid AQI,34.2,53,0.0,13.8,6,52.71,Moderate trapping,General urban / semi-urban proxy,Proxy from station/city naming,15,20,48.84,1.5576923076923077,0.6419753086419753,0.5106382978723404,0.20833333333333334,15.03,15.04,24.64,34.12,34.76,Photochemical smog,34.76,34.12,0.64,24.52,Low confidence,O3 and temperature-related signal; urban photochemical formation likelihood,Partially aligned,"High priority: Prioritize NOx/VOC precursor control, traffic-emission reduction, and ozone exposure advisories during sunny high-temperature periods.",2026-07-16 10:55:13
haryana__panchgaon__amity_university_panchgaon_iitm,"Amity University, Panchgaon - IITM",Panchgaon,Haryana,28.3153,76.9143,2026-07-16 05:00:00,244.0,133.0,20.0,11.0,14.0,22.0,4.0,395.4,Very Poor,PM2.5,True,Valid AQI,34.1,51,0.0,15.5,1,48.4,Moderate trapping,General urban / semi-urban proxy,Proxy from station/city naming,15,20,39.04,0.5450819672131147,1.8345864661654134,1.4285714285714286,1.1,7.61,9.56,29.68,55.27,36.78,Biomass / fine-particle combustion,55.27,36.78,18.49,44.24,Moderate confidence,PM2.5-heavy fine-particle pattern; CO and stagnant-weather influence,Partially aligned,"High priority: Prioritize open-burning control, biomass-combustion monitoring, fine-particle exposure advisories, and local source inspection.",2026-07-16 10:55:13
haryana__panchkula__sector_6_panchkula_hspcb,"Sector-6, Panchkula - HSPCB",Panchkula,Haryana,30.7057778,76.8531805555555,2026-07-16 05:00:00,40.0,,9.0,11.0,19.0,30.0,,312.13,Very Poor,CO,True,Valid AQI,33.4,60,0.0,4.1,26,74.84,High trapping,Industrial / mixed urban proxy,Proxy from station/city naming,35,30,50.84,,,0.47368421052631576,3.3333333333333335,13.74,32.06,0.0,0.0,38.01,Photochemical smog,38.01,32.06,5.95,28.39,Low confidence,O3 and temperature-related signal; urban photochemical formation likelihood,Partially aligned,"High priority: Prioritize NOx/VOC precursor control, traffic-emission reduction, and ozone exposure advisories during sunny high-temperature periods.",2026-07-16 10:55:13
haryana__panipat__sector_18_panipat_hspcb,"Sector-18, Panipat - HSPCB",Panipat,Haryana,29.432304,76.972765,2026-07-16 05:00:00,,227.0,7.0,51.0,26.0,30.0,10.0,353.14,Very Poor,CO,True,Valid AQI,34.2,60,0.0,8.6,4,64.5,High trapping,Industrial / mixed urban proxy,Proxy from station/city naming,35,30,50.35,,,0.2692307692307692,4.285714285714286,14.59,48.3,0.0,0.0,39.87,Industrial combustion,48.3,39.87,8.43,36.34,Low confidence,SO2 and combustion-related pollutant influence; industrial land-use proxy,Aligned,"High priority: Prioritize industrial emission inspection, stack monitoring, fuel-quality checks, and enforcement near industrial clusters.",2026-07-16 10:55:13
haryana__rohtak__md_university_rohtak_hspcb,"MD University, Rohtak - HSPCB",Rohtak,Haryana,28.52123,76.37138,2026-07-16 05:00:00,107.0,108.0,,10.0,38.0,15.0,,425.28,Severe,CO,True,Valid AQI,35.2,46,0.0,17.8,0,42.3,Moderate trapping,General urban / semi-urban proxy,Proxy from station/city naming,15,20,39.28,1.0093457943925233,0.9907407407407407,,,0.0,0.0,28.64,37.22,0.0,Biomass / fine-particle combustion,37.22,28.64,8.58,28.63,Low confidence,PM2.5-heavy fine-particle pattern; CO and stagnant-weather influence,Partially aligned,"High priority: Prioritize open-burning control, biomass-combustion monitoring, fine-particle exposure advisories, and local source inspection.",2026-07-16 10:55:13
haryana__sirsa__f_block_sirsa_hspcb,"F-Block, Sirsa - HSPCB",Sirsa,Haryana,29.5364,75.0158,2026-07-16 05:00:00,101.0,113.0,20.0,20.0,84.0,33.0,13.0,500.0,Severe,CO,True,Valid AQI,36.9,38,0.0,12.0,0,49.85,Moderate trapping,General urban / semi-urban proxy,Proxy from station/city naming,15,20,49.39,1.118811881188119,0.8938053097345132,0.23809523809523808,1.65,21.2,23.25,26.7,48.02,41.95,Biomass / fine-particle combustion,48.02,41.95,6.07,35.43,Low confidence,PM2.5-heavy fine-particle pattern; CO and stagnant-weather influence,Partially aligned,"High priority: Prioritize open-burning control, biomass-combustion monitoring, fine-particle exposure advisories, and local source inspection.",2026-07-16 10:55:13
haryana__sonipat__murthal_sonipat_hspcb,"Murthal, Sonipat - HSPCB",Sonipat,Haryana,29.0272,77.0621,2026-07-16 05:00:00,205.0,147.0,7.0,42.0,32.0,42.0,9.0,388.28,Very Poor,CO,True,Valid AQI,34.2,56,0.0,9.9,11,61.37,High trapping,General urban / semi-urban proxy,Proxy from station/city naming,15,20,43.79,0.7170731707317073,1.3945578231292517,0.21875,6.0,7.8,22.03,28.88,55.95,37.58,Biomass / fine-particle combustion,55.95,37.58,18.37,44.68,Moderate confidence,PM2.5-heavy fine-particle pattern; CO and stagnant-weather influence; high weather trapping,Partially aligned,"High priority: Prioritize open-burning control, biomass-combustion monitoring, fine-particle exposure advisories, and local source inspection.",2026-07-16 10:55:13
haryana__yamuna_nagar__gobind_pura_yamuna_nagar_hspcb,"Gobind Pura, Yamuna Nagar - HSPCB",Yamuna Nagar,Haryana,30.1480566,77.2893471,2026-07-16 05:00:00,152.0,130.0,32.0,19.0,15.0,15.0,8.0,324.79,Very Poor,PM2.5,True,Valid AQI,33.1,64,0.0,5.1,6,72.5,High trapping,General urban / semi-urban proxy,Proxy from station/city naming,15,20,42.52,0.8552631578947368,1.1692307692307693,2.1333333333333333,0.46875,10.85,14.85,25.06,49.26,35.79,Biomass / fine-particle combustion,49.26,35.79,13.47,38.52,Low confidence,PM2.5-heavy fine-particle pattern; CO and stagnant-weather influence; high weather trapping,Partially aligned,"High priority: Prioritize open-burning control, biomass-combustion monitoring, fine-particle exposure advisories, and local source inspection.",2026-07-16 10:55:13
himachal_pradesh__baddi__himuda_complex_phase_1_baddi_hppcb,"HIMUDA Complex Phase-1, Baddi - HPPCB",Baddi,Himachal Pradesh,30.943887,76.801991,2026-07-16 05:00:00,69.0,155.0,9.0,,53.0,,7.0,500.0,Severe,CO,True,Valid AQI,32.2,58,0.0,8.3,3,64.2,High trapping,Industrial / mixed urban proxy,Proxy from station/city naming,35,30,63.89,2.246376811594203,0.44516129032258067,0.16981132075471697,,20.34,0.0,36.57,29.78,0.0,Construction / road dust,36.57,29.78,6.79,27.64,Low confidence,PM10-heavy particulate pattern; road dust / coarse-particle likelihood,Partially aligned,"High priority: Prioritize road dust suppression, construction-site covering, mechanical sweeping, and enforcement of dust-control rules.",2026-07-16 10:55:13
jammu_and_kashmir__pampore__khrew_pampore_jkpcc,"Khrew, Pampore - JKPCC",Pampore,Jammu and Kashmir,34.031606,75.009712,2026-07-16 05:00:00,61.0,78.0,,,,,,,Unknown,,False,Insufficient pollutants,26.1,51,0.0,2.4,0,72.01,High trapping,General urban / semi-urban proxy,Proxy from station/city naming,15,20,,1.278688524590164,0.782051282051282,,,0.0,0.0,18.78,0.0,0.0,Construction / road dust,18.78,0.0,18.78,18.78,Low confidence,PM10-heavy particulate pattern; road dust / coarse-particle likelihood,Partially aligned,"Monitor: Prioritize road dust suppression, construction-site covering, mechanical sweeping, and enforcement of dust-control rules.",2026-07-16 10:55:13
jammu_and_kashmir__srinagar__khunmoh_srinagar_jkpcc,"Khunmoh, Srinagar - JKPCC",Srinagar,Jammu and Kashmir,34.06313,74.96017,2026-07-16 05:00:00,91.0,72.0,13.0,5.0,,,,201.0,Poor,PM2.5,True,Valid AQI,26.1,56,0.0,4.2,1,70.69,High trapping,General urban / semi-urban proxy,Proxy from station/city naming,15,20,30.24,0.7912087912087912,1.2638888888888888,,,0.0,0.0,18.3,0.0,0.0,Construction / road dust,18.3,0.0,18.3,18.3,Low confidence,PM10-heavy particulate pattern; road dust / coarse-particle likelihood,Partially aligned,"High priority: Prioritize road dust suppression, construction-site covering, mechanical sweeping, and enforcement of dust-control rules.",2026-07-16 10:55:13
jammu_and_kashmir__srinagar__rajbagh_srinagar_jkpcc,"Rajbagh, Srinagar - JKPCC",Srinagar,Jammu and Kashmir,34.066206,74.81982,2026-07-16 05:00:00,28.0,45.0,19.0,3.0,15.0,1.0,9.0,271.3,Poor,CO,True,Valid AQI,26.9,51,0.0,2.6,0,71.65,High trapping,General urban / semi-urban proxy,Proxy from station/city naming,15,20,37.19,1.6071428571428572,0.6222222222222222,1.2666666666666666,0.05263157894736842,7.55,6.43,15.75,32.49,24.56,Biomass / fine-particle combustion,32.49,24.56,7.93,25.12,Low confidence,PM2.5-heavy fine-particle pattern; CO and stagnant-weather influence; high weather trapping,Partially aligned,"High priority: Prioritize open-burning control, biomass-combustion monitoring, fine-particle exposure advisories, and local source inspection.",2026-07-16 10:55:13
jharkhand__dhanbad__sardar_patel_nagar_dhanbad_jspcb,"Sardar Patel Nagar, Dhanbad - JSPCB",Dhanbad,Jharkhand,23.80569,86.44268,2026-07-16 05:00:00,,54.0,99.0,,4.0,26.0,,124.81,Moderate,CO,True,Valid AQI,30.6,71,0.0,11.6,66,69.31,High trapping,General urban / semi-urban proxy,Proxy from station/city naming,15,20,22.57,,,24.75,0.26262626262626265,25.75,0.0,0.0,0.0,39.68,Photochemical smog,39.68,25.75,13.93,31.96,Low confidence,O3 and temperature-related signal; urban photochemical formation likelihood,Partially aligned,"Medium priority: Prioritize NOx/VOC precursor control, traffic-emission reduction, and ozone exposure advisories during sunny high-temperature periods.",2026-07-16 10:55:13
jharkhand__jorapokhar__tata_stadium_jorapokhar_jspcb,"Tata Stadium, Jorapokhar - JSPCB",Jorapokhar,Jharkhand,23.707909,86.41467,2026-07-16 05:00:00,47.0,100.0,8.0,4.0,39.0,3.0,3.0,431.51,Severe,CO,True,Valid AQI,30.3,73,0.0,9.1,16,69.57,High trapping,General urban / semi-urban proxy,Proxy from station/city naming,15,20,51.24,2.127659574468085,0.47,0.20512820512820512,0.375,9.41,8.45,25.32,36.07,26.98,Biomass / fine-particle combustion,36.07,26.98,9.09,27.98,Low confidence,PM2.5-heavy fine-particle pattern; CO and stagnant-weather influence; high weather trapping,Partially aligned,"High priority: Prioritize open-burning control, biomass-combustion monitoring, fine-particle exposure advisories, and local source inspection.",2026-07-16 10:55:13
karnataka__bagalkot__vidayagiri_bagalkot_kspcb,"Vidayagiri, Bagalkot - KSPCB",Bagalkot,Karnataka,16.172806,75.659694,2026-07-16 05:00:00,32.0,51.0,10.0,10.0,24.0,18.0,1.0,341.42,Very Poor,CO,True,Valid AQI,29.7,54,0.0,17.5,23,48.08,Moderate trapping,General urban / semi-urban proxy,Proxy from station/city naming,15,20,33.88,1.59375,0.6274509803921569,0.4166666666666667,1.8,7.01,8.93,23.12,25.43,28.24,Photochemical smog,28.24,25.43,2.81,20.61,Low confidence,O3 and temperature-related signal; urban photochemical formation likelihood,Partially aligned,"High priority: Prioritize NOx/VOC precursor control, traffic-emission reduction, and ozone exposure advisories during sunny high-temperature periods.",2026-07-16 10:55:13
karnataka__bengaluru__btm_layout_bengaluru_cpcb,"BTM Layout, Bengaluru - CPCB",Bengaluru,Karnataka,12.9135218,77.5950804,2026-07-16 05:00:00,30.0,59.0,24.0,19.0,,25.0,4.0,59.0,Satisfactory,PM10,True,Valid AQI,26.8,54,0.0,12.8,97,63.99,High trapping,Dense urban proxy,Proxy from station/city naming,60,55,34.96,1.9666666666666666,0.5084745762711864,,1.0416666666666667,0.0,0.0,37.1,0.0,31.8,Construction / road dust,37.1,31.8,5.3,27.56,Low confidence,PM10-heavy particulate pattern; road dust / coarse-particle likelihood,Partially aligned,"Monitor: Prioritize road dust suppression, construction-site covering, mechanical sweeping, and enforcement of dust-control rules.",2026-07-16 10:55:13
karnataka__bengaluru__bwssb_kadabesanahalli_bengaluru_cpcb,"BWSSB Kadabesanahalli, Bengaluru - CPCB",Bengaluru,Karnataka,12.9352049,77.6814488,2026-07-16 05:00:00,60.0,54.0,3.0,4.0,37.0,22.0,1.0,419.06,Severe,CO,True,Valid AQI,26.7,55,0.0,13.9,97,62.36,High trapping,Dense urban proxy,Proxy from station/city naming,60,55,67.81,0.9,1.1111111111111112,0.08108108108108109,7.333333333333333,43.78,15.49,35.64,38.82,28.57,Vehicular traffic,43.78,38.82,4.96,32.13,Low confidence,elevated NO2/CO signal; road-density or urban-pressure influence; traffic/commercial land-use proxy,Aligned,"High priority: Prioritize traffic-flow management, public transport promotion, anti-idling enforcement, and congestion reduction near the station.",2026-07-16 10:55:13
karnataka__bengaluru__bapuji_nagar_bengaluru_kspcb,"Bapuji Nagar, Bengaluru - KSPCB",Bengaluru,Karnataka,12.951913,77.539784,2026-07-16 05:00:00,32.0,52.0,26.0,29.0,,34.0,3.0,52.69,Satisfactory,PM2.5,True,Valid AQI,27.5,47,0.0,12.5,97,61.96,High trapping,Dense urban proxy,Proxy from station/city naming,60,55,33.53,1.625,0.6153846153846154,,1.3076923076923077,0.0,0.0,35.75,0.0,34.21,Construction / road dust,35.75,34.21,1.54,25.49,Low confidence,PM10-heavy particulate pattern; road dust / coarse-particle likelihood,Partially aligned,"Monitor: Prioritize road dust suppression, construction-site covering, mechanical sweeping, and enforcement of dust-control rules.",2026-07-16 10:55:13
karnataka__bengaluru__city_railway_station_bengaluru_kspcb,"City Railway Station, Bengaluru - KSPCB",Bengaluru,Karnataka,12.9756843,77.5660749,2026-07-16 05:00:00,,115.0,34.0,10.0,53.0,,,500.0,Severe,CO,True,Valid AQI,27.5,47,0.0,12.5,97,61.96,High trapping,Traffic / commercial proxy,Proxy from station/city naming,65,100,82.62,,,0.6415094339622641,,67.38,26.32,0.0,0.0,0.0,Vehicular traffic,67.38,26.32,41.06,59.48,Moderate confidence,elevated NO2/CO signal; road-density or urban-pressure influence; traffic/commercial land-use proxy,Aligned,"High priority: Prioritize traffic-flow management, public transport promotion, anti-idling enforcement, and congestion reduction near the station.",2026-07-16 10:55:13
karnataka__bengaluru__hebbal_bengaluru_kspcb,"Hebbal, Bengaluru - KSPCB",Bengaluru,Karnataka,13.029152,77.585901,2026-07-16 05:00:00,,49.0,18.0,11.0,16.0,3.0,2.0,285.65,Poor,CO,True,Valid AQI,27.3,49,0.0,13.3,93,60.84,High trapping,Dense urban proxy,Proxy from station/city naming,60,55,54.75,,,1.125,0.16666666666666666,43.51,17.69,0.0,0.0,28.76,Vehicular traffic,43.51,28.76,14.75,34.88,Low confidence,elevated NO2/CO signal; road-density or urban-pressure influence; traffic/commercial land-use proxy,Aligned,"High priority: Prioritize traffic-flow management, public transport promotion, anti-idling enforcement, and congestion reduction near the station.",2026-07-16 10:55:13
karnataka__bengaluru__hombegowda_nagar_bengaluru_kspcb,"Hombegowda Nagar, Bengaluru - KSPCB",Bengaluru,Karnataka,12.938539,77.5901,2026-07-16 05:00:00,36.0,60.0,18.0,5.0,8.0,20.0,1.0,174.94,Moderate,CO,True,Valid AQI,27.5,47,0.0,12.5,97,61.96,High trapping,Dense urban proxy,Proxy from station/city naming,60,55,44.91,1.6666666666666667,0.6,2.25,1.1111111111111112,41.96,14.2,36.67,27.15,31.22,Vehicular traffic,41.96,36.67,5.29,30.96,Low confidence,elevated NO2/CO signal; road-density or urban-pressure influence; traffic/commercial land-use proxy,Aligned,"Medium priority: Prioritize traffic-flow management, public transport promotion, anti-idling enforcement, and congestion reduction near the station.",2026-07-16 10:55:13
karnataka__bengaluru__jayanagar_5th_block_bengaluru_kspcb,"Jayanagar 5th Block, Bengaluru - KSPCB",Bengaluru,Karnataka,12.920984,77.584908,2026-07-16 05:00:00,39.0,70.0,8.0,15.0,9.0,49.0,1.0,187.47,Moderate,CO,True,Valid AQI,26.8,54,0.0,12.8,97,63.99,High trapping,Dense urban proxy,Proxy from station/city naming,60,55,46.93,1.794871794871795,0.5571428571428572,0.8888888888888888,6.125,39.61,16.54,38.06,27.8,33.15,Vehicular traffic,39.61,38.06,1.55,28.19,Low confidence,elevated NO2/CO signal; road-density or urban-pressure influence; traffic/commercial land-use proxy,Aligned,"Medium priority: Prioritize traffic-flow management, public transport promotion, anti-idling enforcement, and congestion reduction near the station.",2026-07-16 10:55:13
karnataka__bengaluru__jigani_bengaluru_kspcb,"Jigani, Bengaluru - KSPCB",Bengaluru,Karnataka,12.7816279,77.6299145,2026-07-16 05:00:00,41.0,57.0,24.0,18.0,39.0,29.0,4.0,431.51,Severe,CO,True,Valid AQI,26.7,56,0.0,16.5,97,58.03,Moderate trapping,Dense urban proxy,Proxy from station/city naming,60,55,67.16,1.3902439024390243,0.7192982456140351,0.6153846153846154,1.2083333333333333,49.5,24.78,37.79,32.68,32.23,Vehicular traffic,49.5,37.79,11.71,38.16,Low confidence,elevated NO2/CO signal; road-density or urban-pressure influence; traffic/commercial land-use proxy,Aligned,"High priority: Prioritize traffic-flow management, public transport promotion, anti-idling enforcement, and congestion reduction near the station.",2026-07-16 10:55:13
karnataka__bengaluru__sanegurava_halli_bengaluru_kspcb,"Sanegurava Halli, Bengaluru - KSPCB",Bengaluru,Karnataka,12.990328,77.5431385,2026-07-16 05:00:00,,54.0,18.0,6.0,21.0,,,323.85,Very Poor,CO,True,Valid AQI,27.5,47,0.0,12.5,97,61.96,High trapping,Dense urban proxy,Proxy from station/city naming,60,55,58.78,,,0.8571428571428571,,44.48,16.48,0.0,0.0,0.0,Vehicular traffic,44.48,16.48,28.0,39.54,Low confidence,elevated NO2/CO signal; road-density or urban-pressure influence; traffic/commercial land-use proxy,Aligned,"High priority: Prioritize traffic-flow management, public transport promotion, anti-idling enforcement, and congestion reduction near the station.",2026-07-16 10:55:13
karnataka__bengaluru__silk_board_bengaluru_kspcb,"Silk Board, Bengaluru - KSPCB",Bengaluru,Karnataka,12.917348,77.622813,2026-07-16 05:00:00,48.0,99.0,12.0,4.0,,22.0,4.0,99.0,Satisfactory,PM10,True,Valid AQI,26.7,55,0.0,13.9,97,62.36,High trapping,Dense urban proxy,Proxy from station/city naming,60,55,38.01,2.0625,0.48484848484848486,,1.8333333333333333,0.0,0.0,42.04,0.0,29.72,Construction / road dust,42.04,29.72,12.32,33.12,Low confidence,PM10-heavy particulate pattern; road dust / coarse-particle likelihood,Partially aligned,"Monitor: Prioritize road dust suppression, construction-site covering, mechanical sweeping, and enforcement of dust-control rules.",2026-07-16 10:55:13
karnataka__chamarajanagar__urban_chamarajanagar_kspcb,"Urban, Chamarajanagar - KSPCB",Chamarajanagar,Karnataka,11.55358,76.55521,2026-07-16 05:00:00,29.0,42.0,25.0,4.0,22.0,25.0,2.0,329.7,Very Poor,CO,True,Valid AQI,27.4,47,0.0,16.4,100,55.2,Moderate trapping,General urban / semi-urban proxy,Proxy from station/city naming,15,20,35.76,1.4482758620689655,0.6904761904761905,1.1363636363636365,1.0,10.43,8.85,21.46,27.21,24.35,Biomass / fine-particle combustion,27.21,24.35,2.86,19.9,Low confidence,PM2.5-heavy fine-particle pattern; CO and stagnant-weather influence,Partially aligned,"High priority: Prioritize open-burning control, biomass-combustion monitoring, fine-particle exposure advisories, and local source inspection.",2026-07-16 10:55:13
karnataka__chikkaballapur__chikkaballapur_rural_chikkaballapur_kspcb,"Chikkaballapur Rural, Chikkaballapur - KSPCB",Chikkaballapur,Karnataka,13.428828,77.731418,2026-07-16 05:00:00,19.0,68.0,3.0,11.0,25.0,50.0,1.0,347.28,Very Poor,CO,True,Valid AQI,27.1,51,0.0,17.4,78,52.66,Moderate trapping,General urban / semi-urban proxy,Proxy from station/city naming,15,20,36.34,3.5789473684210527,0.27941176470588236,0.12,16.666666666666668,5.42,8.28,27.55,22.89,25.81,Construction / road dust,27.55,25.81,1.74,19.81,Low confidence,PM10-heavy particulate pattern; road dust / coarse-particle likelihood,Partially aligned,"High priority: Prioritize road dust suppression, construction-site covering, mechanical sweeping, and enforcement of dust-control rules.",2026-07-16 10:55:13
karnataka__chikkamagaluru__kalyana_nagara_chikkamagaluru_kspcb,"Kalyana Nagara, Chikkamagaluru - KSPCB",Chikkamagaluru,Karnataka,13.328028,75.797056,2026-07-16 05:00:00,32.0,41.0,25.0,1.0,15.0,41.0,3.0,271.3,Poor,CO,True,Valid AQI,23.8,68,0.0,17.4,100,61.11,High trapping,General urban / semi-urban proxy,Proxy from station/city naming,15,20,32.79,1.28125,0.7804878048780488,1.6666666666666667,1.64,9.07,6.67,21.58,28.08,22.03,Biomass / fine-particle combustion,28.08,22.03,6.05,21.47,Low confidence,PM2.5-heavy fine-particle pattern; CO and stagnant-weather influence; high weather trapping,Partially aligned,"High priority: Prioritize open-burning control, biomass-combustion monitoring, fine-particle exposure advisories, and local source inspection.",2026-07-16 10:55:13
karnataka__dharwad__kalabhavan_dharwad_kspcb,"Kalabhavan, Dharwad - KSPCB",Dharwad,Karnataka,15.459706,75.008381,2026-07-16 05:00:00,62.0,83.0,23.0,7.0,39.0,40.0,6.0,431.51,Severe,CO,True,Valid AQI,27.2,63,0.0,19.1,27,48.89,Moderate trapping,General urban / semi-urban proxy,Proxy from station/city naming,15,20,42.61,1.3387096774193548,0.7469879518072289,0.5897435897435898,1.7391304347826086,13.23,12.15,26.96,32.23,29.62,Biomass / fine-particle combustion,32.23,29.62,2.61,23.34,Low confidence,PM2.5-heavy fine-particle pattern; CO and stagnant-weather influence,Partially aligned,"High priority: Prioritize open-burning control, biomass-combustion monitoring, fine-particle exposure advisories, and local source inspection.",2026-07-16 10:55:13
karnataka__gadag__panchal_nagar_gadag_kspcb,"Panchal Nagar, Gadag - KSPCB",Gadag,Karnataka,15.411456,75.638133,2026-07-16 05:00:00,20.0,30.0,0.0,24.0,13.0,17.0,4.0,242.61,Poor,CO,True,Valid AQI,27.7,59,0.1,18.4,23,42.04,Moderate trapping,General urban / semi-urban proxy,Proxy from station/city naming,15,20,22.16,1.5,0.6666666666666666,0.0,,2.33,11.08,18.63,20.59,21.78,Photochemical smog,21.78,20.59,1.19,15.6,Low confidence,O3 and temperature-related signal; urban photochemical formation likelihood,Partially aligned,"High priority: Prioritize NOx/VOC precursor control, traffic-emission reduction, and ozone exposure advisories during sunny high-temperature periods.",2026-07-16 10:55:13
karnataka__hubballi__lingaraj_nagar_hubballi_kspcb,"Lingaraj Nagar, Hubballi - KSPCB",Hubballi,Karnataka,15.3714823,75.1160168,2026-07-16 05:00:00,46.0,66.0,11.0,2.0,14.0,26.0,2.0,256.96,Poor,CO,True,Valid AQI,27.7,62,0.1,18.3,25,43.52,Moderate trapping,General urban / semi-urban proxy,Proxy from station/city naming,15,20,24.12,1.434782608695652,0.696969696969697,0.7857142857142857,2.3636363636363638,5.32,4.54,22.39,24.16,24.35,Photochemical smog,24.35,24.16,0.19,17.1,Low confidence,O3 and temperature-related signal; urban photochemical formation likelihood,Partially aligned,"High priority: Prioritize NOx/VOC precursor control, traffic-emission reduction, and ozone exposure advisories during sunny high-temperature periods.",2026-07-16 10:55:13
karnataka__kalaburagi__mahatma_basaveswar_colony_kalaburgi_kspcb,"Mahatma Basaveswar Colony, Kalaburgi - KSPCB",Kalaburagi,Karnataka,17.336318,76.847397,2026-07-16 05:00:00,23.0,31.0,15.0,4.0,31.0,14.0,3.0,382.43,Very Poor,CO,True,Valid AQI,29.9,55,0.0,16.8,82,55.62,Moderate trapping,General urban / semi-urban proxy,Proxy from station/city naming,15,20,40.85,1.3478260869565217,0.7419354838709677,0.4838709677419355,0.9333333333333333,9.64,8.47,20.32,28.71,25.61,Biomass / fine-particle combustion,28.71,25.61,3.1,21.03,Low confidence,PM2.5-heavy fine-particle pattern; CO and stagnant-weather influence,Partially aligned,"High priority: Prioritize open-burning control, biomass-combustion monitoring, fine-particle exposure advisories, and local source inspection.",2026-07-16 10:55:13
karnataka__karwar__khb_colony_karwar_kspcb,"KHB Colony, Karwar - KSPCB",Karwar,Karnataka,14.816666,74.141003,2026-07-16 05:00:00,34.0,39.0,24.0,17.0,28.0,17.0,4.0,364.85,Very Poor,CO,True,Valid AQI,28.8,74,0.1,10.6,44,63.77,High trapping,General urban / semi-urban proxy,Proxy from station/city naming,15,20,42.61,1.1470588235294117,0.8717948717948718,0.8571428571428571,0.7083333333333334,11.34,14.61,15.61,33.68,25.18,Biomass / fine-particle combustion,33.68,25.18,8.5,26.13,Low confidence,PM2.5-heavy fine-particle pattern; CO and stagnant-weather influence; high weather trapping,Partially aligned,"High priority: Prioritize open-burning control, biomass-combustion monitoring, fine-particle exposure advisories, and local source inspection.",2026-07-16 10:55:13
karnataka__koppal__diwator_nagar_koppal_kspcb,"Diwator Nagar, Koppal - KSPCB",Koppal,Karnataka,15.34763,76.181767,2026-07-16 05:00:00,,31.0,30.0,15.0,21.0,6.0,8.0,323.85,Very Poor,CO,True,Valid AQI,31.1,48,0.0,18.3,25,44.63,Moderate trapping,General urban / semi-urban proxy,Proxy from station/city naming,15,20,30.81,,,1.4285714285714286,0.2,11.51,13.83,0.0,0.0,30.77,Photochemical smog,30.77,13.83,16.94,26.62,Low confidence,O3 and temperature-related signal; urban photochemical formation likelihood,Partially aligned,"High priority: Prioritize NOx/VOC precursor control, traffic-emission reduction, and ozone exposure advisories during sunny high-temperature periods.",2026-07-16 10:55:13
karnataka__madikeri__stuart_hill_madikeri_kspcb,"Stuart Hill, Madikeri - KSPCB",Madikeri,Karnataka,12.415911,75.73505,2026-07-16 05:00:00,22.0,30.0,2.0,7.0,13.0,3.0,1.0,242.61,Poor,CO,True,Valid AQI,21.4,83,0.1,12.3,100,69.6,High trapping,General urban / semi-urban proxy,Proxy from station/city naming,15,20,33.66,1.3636363636363635,0.7333333333333333,0.15384615384615385,1.5,2.84,4.81,15.69,29.57,8.18,Biomass / fine-particle combustion,29.57,15.69,13.88,24.86,Low confidence,PM2.5-heavy fine-particle pattern; CO and stagnant-weather influence; high weather trapping,Partially aligned,"High priority: Prioritize open-burning control, biomass-combustion monitoring, fine-particle exposure advisories, and local source inspection.",2026-07-16 10:55:13
karnataka__mangalore__kadri_mangalore_kspcb,"Kadri, Mangalore - KSPCB",Mangalore,Karnataka,12.88925,74.853,2026-07-16 05:00:00,50.0,62.0,3.0,,,37.0,1.0,83.1,Satisfactory,PM2.5,True,Valid AQI,28.7,75,0.0,5.8,98,84.48,Very high trapping,General urban / semi-urban proxy,Proxy from station/city naming,15,20,25.02,1.24,0.8064516129032258,,12.333333333333334,0.0,0.0,18.54,0.0,25.01,Photochemical smog,25.01,18.54,6.47,19.45,Low confidence,O3 and temperature-related signal; urban photochemical formation likelihood,Partially aligned,"Monitor: Prioritize NOx/VOC precursor control, traffic-emission reduction, and ozone exposure advisories during sunny high-temperature periods.",2026-07-16 10:55:13
karnataka__mysuru__hebbal_1st_stage_mysuru_kspcb,"Hebbal 1st Stage, Mysuru - KSPCB",Mysuru,Karnataka,12.21041,76.37376,2026-07-16 05:00:00,27.0,64.0,18.0,,,10.0,4.0,64.0,Satisfactory,PM10,True,Valid AQI,28.0,55,0.0,18.7,100,53.98,Moderate trapping,General urban / semi-urban proxy,Proxy from station/city naming,15,20,10.51,2.3703703703703702,0.421875,,0.5555555555555556,0.0,0.0,26.1,0.0,22.11,Construction / road dust,26.1,22.11,3.99,19.47,Low confidence,PM10-heavy particulate pattern; road dust / coarse-particle likelihood,Partially aligned,"Monitor: Prioritize road dust suppression, construction-site covering, mechanical sweeping, and enforcement of dust-control rules.",2026-07-16 10:55:13
karnataka__ramanagara__vijay_nagar_ramanagara_kspcb,"Vijay Nagar, Ramanagara - KSPCB",Ramanagara,Karnataka,12.733409,77.298051,2026-07-16 05:00:00,38.0,51.0,,17.0,23.0,21.0,,335.56,Very Poor,CO,True,Valid AQI,27.6,56,0.0,12.7,98,65.0,High trapping,General urban / semi-urban proxy,Proxy from station/city naming,15,20,40.4,1.3421052631578947,0.7450980392156863,,,0.0,0.0,20.61,32.05,0.0,Biomass / fine-particle combustion,32.05,20.61,11.44,25.87,Low confidence,PM2.5-heavy fine-particle pattern; CO and stagnant-weather influence; high weather trapping,Partially aligned,"High priority: Prioritize open-burning control, biomass-combustion monitoring, fine-particle exposure advisories, and local source inspection.",2026-07-16 10:55:13
karnataka__shivamogga__vinoba_nagara_shivamogga_kspcb,"Vinoba Nagara, Shivamogga - KSPCB",Shivamogga,Karnataka,13.94,75.555917,2026-07-16 05:00:00,38.0,50.0,24.0,5.0,28.0,47.0,3.0,364.85,Very Poor,CO,True,Valid AQI,27.9,61,0.0,15.6,98,61.59,High trapping,General urban / semi-urban proxy,Proxy from station/city naming,15,20,41.7,1.3157894736842106,0.76,0.8571428571428571,1.9583333333333333,11.34,9.94,21.78,31.62,28.07,Biomass / fine-particle combustion,31.62,28.07,3.55,23.2,Low confidence,PM2.5-heavy fine-particle pattern; CO and stagnant-weather influence; high weather trapping,Partially aligned,"High priority: Prioritize open-burning control, biomass-combustion monitoring, fine-particle exposure advisories, and local source inspection.",2026-07-16 10:55:13
karnataka__vijayapura__ibrahimpur_vijayapura_kspcb,"Ibrahimpur, Vijayapura - KSPCB",Vijayapura,Karnataka,16.802639,75.722694,2026-07-16 05:00:00,27.0,43.0,12.0,3.0,22.0,16.0,4.0,329.7,Very Poor,CO,True,Valid AQI,29.4,54,0.0,17.3,31,49.24,Moderate trapping,General urban / semi-urban proxy,Proxy from station/city naming,15,20,33.27,1.5925925925925926,0.627906976744186,0.5454545454545454,1.3333333333333333,7.13,6.26,22.16,24.85,27.43,Photochemical smog,27.43,24.85,2.58,19.97,Low confidence,O3 and temperature-related signal; urban photochemical formation likelihood,Partially aligned,"High priority: Prioritize NOx/VOC precursor control, traffic-emission reduction, and ozone exposure advisories during sunny high-temperature periods.",2026-07-16 10:55:13
karnataka__yadgir__collector_office_yadgir_kspcb,"Collector Office, Yadgir - KSPCB",Yadgir,Karnataka,16.7602,77.1428,2026-07-16 05:00:00,12.0,48.0,18.0,15.0,11.0,24.0,0.0,213.91,Poor,CO,True,Valid AQI,30.6,56,0.0,16.5,75,55.83,Moderate trapping,General urban / semi-urban proxy,Proxy from station/city naming,15,20,25.24,4.0,0.25,1.6363636363636365,1.3333333333333333,6.52,10.34,25.55,20.21,28.65,Photochemical smog,28.65,25.55,3.1,20.98,Low confidence,O3 and temperature-related signal; urban photochemical formation likelihood,Partially aligned,"High priority: Prioritize NOx/VOC precursor control, traffic-emission reduction, and ozone exposure advisories during sunny high-temperature periods.",2026-07-16 10:55:13
kerala__thiruvananthapuram__kariavattom_thiruvananthapuram_kerala_pcb,"Kariavattom, Thiruvananthapuram - Kerala PCB",Thiruvananthapuram,Kerala,8.5637,76.8865,2026-07-16 05:00:00,,,,,22.0,30.0,,,Unknown,,False,Insufficient pollutants,28.9,73,0.0,17.5,94,62.17,High trapping,General urban / semi-urban proxy,Proxy from station/city naming,15,20,,,,,,0.0,0.0,0.0,0.0,0.0,Insufficient pollutant signal,0.0,0.0,0.0,0.0,Low confidence,insufficient source signal,Unknown,Monitor: Collect more pollutant and land-use data before assigning intervention.,2026-07-16 10:55:13
kerala__thrissur__corporation_ground_thrissur_kerala_pcb,"Corporation Ground, Thrissur - Kerala PCB",Thrissur,Kerala,10.5324,76.2159,2026-07-16 05:00:00,47.0,59.0,8.0,0.0,22.0,29.0,0.0,329.7,Very Poor,CO,True,Valid AQI,28.7,72,0.1,9.9,99,69.8,High trapping,General urban / semi-urban proxy,Proxy from station/city naming,15,20,41.85,1.2553191489361701,0.7966101694915254,0.36363636363636365,3.625,6.11,4.41,17.59,35.02,21.97,Biomass / fine-particle combustion,35.02,21.97,13.05,28.43,Low confidence,PM2.5-heavy fine-particle pattern; CO and stagnant-weather influence; high weather trapping,Partially aligned,"High priority: Prioritize open-burning control, biomass-combustion monitoring, fine-particle exposure advisories, and local source inspection.",2026-07-16 10:55:13
madhya_pradesh__bhopal__idgah_hills_bhopal_mppcb,"Idgah Hills, Bhopal - MPPCB",Bhopal,Madhya Pradesh,23.264759,77.381568,2026-07-16 05:00:00,48.0,114.0,27.0,6.0,19.0,15.0,2.0,312.13,Very Poor,CO,True,Valid AQI,29.7,64,0.0,14.2,24,57.83,Moderate trapping,Dense urban proxy,Proxy from station/city naming,60,55,55.96,2.375,0.42105263157894735,1.4210526315789473,0.5555555555555556,46.38,17.71,44.22,27.85,38.11,Vehicular traffic,46.38,44.22,2.16,33.11,Low confidence,elevated NO2/CO signal; road-density or urban-pressure influence; traffic/commercial land-use proxy,Aligned,"High priority: Prioritize traffic-flow management, public transport promotion, anti-idling enforcement, and congestion reduction near the station.",2026-07-16 10:55:13
madhya_pradesh__bhopal__paryavaran_parisar_bhopal_mppcb,"Paryavaran Parisar, Bhopal - MPPCB",Bhopal,Madhya Pradesh,23.210494,77.425409,2026-07-16 05:00:00,33.0,78.0,16.0,6.0,15.0,22.0,5.0,271.3,Poor,CO,True,Valid AQI,30.3,60,0.0,14.0,33,57.62,Moderate trapping,Dense urban proxy,Proxy from station/city naming,60,55,52.07,2.3636363636363638,0.4230769230769231,1.0666666666666667,1.375,42.81,15.27,40.22,25.49,38.01,Vehicular traffic,42.81,40.22,2.59,30.74,Low confidence,elevated NO2/CO signal; road-density or urban-pressure influence; traffic/commercial land-use proxy,Aligned,"High priority: Prioritize traffic-flow management, public transport promotion, anti-idling enforcement, and congestion reduction near the station.",2026-07-16 10:55:13
madhya_pradesh__bhopal__t_t_nagar_bhopal_mppcb,"T T Nagar, Bhopal - MPPCB",Bhopal,Madhya Pradesh,23.233584,77.400574,2026-07-16 05:00:00,43.0,91.0,22.0,,,30.0,6.0,91.0,Satisfactory,PM10,True,Valid AQI,29.7,64,0.0,14.2,24,57.83,Moderate trapping,Dense urban proxy,Proxy from station/city naming,60,55,35.37,2.116279069767442,0.4725274725274725,,1.3636363636363635,0.0,0.0,41.39,0.0,39.59,Construction / road dust,41.39,39.59,1.8,29.51,Low confidence,PM10-heavy particulate pattern; road dust / coarse-particle likelihood,Partially aligned,"Monitor: Prioritize road dust suppression, construction-site covering, mechanical sweeping, and enforcement of dust-control rules.",2026-07-16 10:55:13
madhya_pradesh__damoh__shrivastav_colony_damoh_mppcb,"Shrivastav Colony, Damoh - MPPCB",Damoh,Madhya Pradesh,23.81748678,79.446246,2026-07-16 05:00:00,36.0,50.0,,51.0,21.0,,,323.85,Very Poor,CO,True,Valid AQI,32.4,55,0.0,17.0,100,57.05,Moderate trapping,General urban / semi-urban proxy,Proxy from station/city naming,15,20,35.99,1.3888888888888888,0.72,,,0.0,0.0,22.51,28.3,0.0,Biomass / fine-particle combustion,28.3,22.51,5.79,21.55,Low confidence,PM2.5-heavy fine-particle pattern; CO and stagnant-weather influence,Partially aligned,"High priority: Prioritize open-burning control, biomass-combustion monitoring, fine-particle exposure advisories, and local source inspection.",2026-07-16 10:55:13
madhya_pradesh__dewas__bhopal_chauraha_dewas_mppcb,"Bhopal Chauraha, Dewas - MPPCB",Dewas,Madhya Pradesh,22.9682591,76.064118,2026-07-16 05:00:00,32.0,79.0,89.0,22.0,,14.0,,109.0,Moderate,NO2,True,Valid AQI,29.2,64,0.0,15.5,44,57.48,Moderate trapping,General urban / semi-urban proxy,Proxy from station/city naming,15,20,16.16,2.46875,0.4050632911392405,,0.15730337078651685,0.0,0.0,26.4,0.0,36.03,Photochemical smog,36.03,26.4,9.63,28.11,Low confidence,O3 and temperature-related signal; urban photochemical formation likelihood,Partially aligned,"Medium priority: Prioritize NOx/VOC precursor control, traffic-emission reduction, and ozone exposure advisories during sunny high-temperature periods.",2026-07-16 10:55:13
madhya_pradesh__gwalior__city_center_gwalior_mppcb,"City Center, Gwalior - MPPCB",Gwalior,Madhya Pradesh,26.203442,78.193251,2026-07-16 05:00:00,58.0,66.0,29.0,24.0,24.0,50.0,1.0,341.42,Very Poor,CO,True,Valid AQI,33.4,56,0.0,16.9,7,48.3,Moderate trapping,General urban / semi-urban proxy,Proxy from station/city naming,15,20,33.97,1.1379310344827587,0.8787878787878788,1.2083333333333333,1.7241379310344827,11.84,17.6,23.86,30.2,40.69,Photochemical smog,40.69,30.2,10.49,31.63,Low confidence,O3 and temperature-related signal; urban photochemical formation likelihood,Partially aligned,"High priority: Prioritize NOx/VOC precursor control, traffic-emission reduction, and ozone exposure advisories during sunny high-temperature periods.",2026-07-16 10:55:13
madhya_pradesh__gwalior__deen_dayal_nagar_gwalior_mppcb,"Deen Dayal Nagar, Gwalior - MPPCB",Gwalior,Madhya Pradesh,26.259242,78.216432,2026-07-16 05:00:00,50.0,85.0,28.0,,38.0,12.0,6.0,425.28,Severe,CO,True,Valid AQI,34.1,53,0.0,16.2,8,48.57,Moderate trapping,General urban / semi-urban proxy,Proxy from station/city naming,15,20,41.89,1.7,0.5882352941176471,0.7368421052631579,0.42857142857142855,14.3,0.0,26.35,30.19,36.03,Photochemical smog,36.03,30.19,5.84,26.97,Low confidence,O3 and temperature-related signal; urban photochemical formation likelihood,Partially aligned,"High priority: Prioritize NOx/VOC precursor control, traffic-emission reduction, and ozone exposure advisories during sunny high-temperature periods.",2026-07-16 10:55:13
madhya_pradesh__gwalior__maharaj_bada_gwalior_mppcb,"Maharaj Bada, Gwalior - MPPCB",Gwalior,Madhya Pradesh,26.200388,78.147714,2026-07-16 05:00:00,71.0,68.0,25.0,8.0,36.0,32.0,1.0,412.83,Severe,CO,True,Valid AQI,33.4,56,0.0,16.9,7,48.3,Moderate trapping,General urban / semi-urban proxy,Proxy from station/city naming,15,20,40.62,0.9577464788732394,1.0441176470588236,0.6944444444444444,1.28,13.15,12.45,23.84,35.11,37.64,Photochemical smog,37.64,35.11,2.53,27.11,Low confidence,O3 and temperature-related signal; urban photochemical formation likelihood,Partially aligned,"High priority: Prioritize NOx/VOC precursor control, traffic-emission reduction, and ozone exposure advisories during sunny high-temperature periods.",2026-07-16 10:55:13
madhya_pradesh__indore__airport_area_indore_imc,"Airport Area, Indore - IMC",Indore,Madhya Pradesh,22.7289,75.8076,2026-07-16 05:00:00,61.0,58.0,45.0,7.0,40.0,5.0,0.0,437.74,Severe,CO,True,Valid AQI,28.7,66,0.0,12.9,20,60.52,High trapping,Industrial / mixed urban proxy,Proxy from station/city naming,70,65,73.67,0.9508196721311475,1.0517241379310345,1.125,0.1111111111111111,45.26,46.03,39.38,28.85,39.73,Industrial combustion,46.03,45.26,0.77,32.45,Low confidence,SO2 and combustion-related pollutant influence; industrial land-use proxy,Aligned,"High priority: Prioritize industrial emission inspection, stack monitoring, fuel-quality checks, and enforcement near industrial clusters.",2026-07-16 10:55:13
madhya_pradesh__indore__chhoti_gwaltoli_indore_mppcb,"Chhoti Gwaltoli, Indore - MPPCB",Indore,Madhya Pradesh,22.431,75.5213,2026-07-16 05:00:00,44.0,81.0,54.0,13.0,21.0,20.0,4.0,323.85,Very Poor,CO,True,Valid AQI,28.9,66,0.1,13.7,36,54.42,Moderate trapping,Dense urban proxy,Proxy from station/city naming,60,55,55.63,1.8409090909090908,0.5432098765432098,2.5714285714285716,0.37037037037037035,53.64,25.3,37.21,27.96,38.13,Vehicular traffic,53.64,38.13,15.51,42.2,Moderate confidence,elevated NO2/CO signal; road-density or urban-pressure influence; traffic/commercial land-use proxy,Aligned,"High priority: Prioritize traffic-flow management, public transport promotion, anti-idling enforcement, and congestion reduction near the station.",2026-07-16 10:55:13
madhya_pradesh__indore__maguda_nagar_indore_imc,"Maguda Nagar, Indore - IMC",Indore,Madhya Pradesh,22.7524,75.8872,2026-07-16 05:00:00,23.0,35.0,3.0,18.0,17.0,12.0,,300.0,Poor,CO,True,Valid AQI,29.4,58,0.1,12.1,39,54.67,Moderate trapping,Dense urban proxy,Proxy from station/city naming,60,55,53.51,1.5217391304347827,0.6571428571428571,0.17647058823529413,4.0,39.89,18.02,31.1,26.2,31.0,Vehicular traffic,39.89,31.1,8.79,30.56,Low confidence,elevated NO2/CO signal; road-density or urban-pressure influence; traffic/commercial land-use proxy,Aligned,"High priority: Prioritize traffic-flow management, public transport promotion, anti-idling enforcement, and congestion reduction near the station.",2026-07-16 10:55:13
madhya_pradesh__indore__regional_park_indore_imc,"Regional Park, Indore - IMC",Indore,Madhya Pradesh,22.678,75.8559,2026-07-16 05:00:00,38.0,,,35.0,88.0,5.0,,500.0,Severe,CO,True,Valid AQI,28.5,64,0.0,12.9,21,59.88,Moderate trapping,Dense urban proxy,Proxy from station/city naming,60,55,74.31,,,,,0.0,0.0,0.0,0.0,0.0,Insufficient pollutant signal,0.0,0.0,0.0,0.0,Low confidence,insufficient source signal,Unknown,High priority: Collect more pollutant and land-use data before assigning intervention.,2026-07-16 10:55:13
madhya_pradesh__indore__residency_area_indore_imc,"Residency Area, Indore - IMC",Indore,Madhya Pradesh,22.7084,75.8815,2026-07-16 05:00:00,40.0,48.0,7.0,3.0,9.0,6.0,0.0,187.47,Moderate,CO,True,Valid AQI,28.5,64,0.0,12.9,21,59.88,Moderate trapping,Industrial / mixed urban proxy,Proxy from station/city naming,70,65,50.1,1.2,0.8333333333333334,0.7777777777777778,0.8571428571428571,29.58,33.52,38.63,18.85,34.73,Construction / road dust,38.63,34.73,3.9,28.21,Low confidence,PM10-heavy particulate pattern; road dust / coarse-particle likelihood; high road-density proxy,Partially aligned,"Medium priority: Prioritize road dust suppression, construction-site covering, mechanical sweeping, and enforcement of dust-control rules.",2026-07-16 10:55:13
madhya_pradesh__jabalpur__govindh_bhavan_colony_jabalpur_jmc,"Govindh Bhavan Colony, Jabalpur - JMC",Jabalpur,Madhya Pradesh,23.163174,79.973061,2026-07-16 05:00:00,33.0,37.0,10.0,3.0,12.0,15.0,3.0,228.26,Poor,CO,True,Valid AQI,31.6,59,0.0,13.6,92,63.88,High trapping,General urban / semi-urban proxy,Proxy from station/city naming,15,20,29.94,1.121212121212121,0.8918918918918919,0.8333333333333334,1.5,4.68,4.46,19.21,29.96,26.78,Biomass / fine-particle combustion,29.96,26.78,3.18,21.93,Low confidence,PM2.5-heavy fine-particle pattern; CO and stagnant-weather influence; high weather trapping,Partially aligned,"High priority: Prioritize open-burning control, biomass-combustion monitoring, fine-particle exposure advisories, and local source inspection.",2026-07-16 10:55:13
madhya_pradesh__jabalpur__gupteshwar_jabalpur_jmc,"Gupteshwar, Jabalpur - JMC",Jabalpur,Madhya Pradesh,23.142888,79.916147,2026-07-16 05:00:00,56.0,78.0,16.0,6.0,30.0,11.0,2.0,376.57,Very Poor,CO,True,Valid AQI,31.6,58,0.0,13.6,95,63.81,High trapping,General urban / semi-urban proxy,Proxy from station/city naming,15,20,43.72,1.3928571428571428,0.717948717948718,0.5333333333333333,0.6875,9.7,9.27,24.0,34.62,26.83,Biomass / fine-particle combustion,34.62,26.83,7.79,26.57,Low confidence,PM2.5-heavy fine-particle pattern; CO and stagnant-weather influence; high weather trapping,Partially aligned,"High priority: Prioritize open-burning control, biomass-combustion monitoring, fine-particle exposure advisories, and local source inspection.",2026-07-16 10:55:13
madhya_pradesh__jabalpur__marhatal_jabalpur_mppcb,"Marhatal, Jabalpur - MPPCB",Jabalpur,Madhya Pradesh,23.168606,79.932247,2026-07-16 05:00:00,37.0,76.0,25.0,10.0,36.0,32.0,1.0,412.83,Severe,CO,True,Valid AQI,31.6,58,0.0,13.6,95,63.81,High trapping,General urban / semi-urban proxy,Proxy from station/city naming,15,20,47.09,2.054054054054054,0.4868421052631579,0.6944444444444444,1.28,13.15,13.22,24.67,32.09,30.94,Biomass / fine-particle combustion,32.09,30.94,1.15,22.81,Low confidence,PM2.5-heavy fine-particle pattern; CO and stagnant-weather influence; high weather trapping,Partially aligned,"High priority: Prioritize open-burning control, biomass-combustion monitoring, fine-particle exposure advisories, and local source inspection.",2026-07-16 10:55:13
madhya_pradesh__jabalpur__suhagi_jabalpur_jmc,"Suhagi, Jabalpur - JMC",Jabalpur,Madhya Pradesh,23.218135,79.95777,2026-07-16 05:00:00,26.0,19.0,13.0,6.0,49.0,31.0,3.0,493.77,Severe,CO,True,Valid AQI,31.8,58,0.0,13.5,93,63.79,High trapping,General urban / semi-urban proxy,Proxy from station/city naming,15,20,54.62,0.7307692307692307,1.368421052631579,0.2653061224489796,2.3846153846153846,12.63,11.53,16.7,39.86,29.63,Biomass / fine-particle combustion,39.86,29.63,10.23,30.97,Low confidence,PM2.5-heavy fine-particle pattern; CO and stagnant-weather influence; high weather trapping,Partially aligned,"High priority: Prioritize open-burning control, biomass-combustion monitoring, fine-particle exposure advisories, and local source inspection.",2026-07-16 10:55:13
madhya_pradesh__katni__gole_bazar_katni_mppcb,"Gole Bazar, Katni - MPPCB",Katni,Madhya Pradesh,23.50016,80.23284,2026-07-16 05:00:00,56.0,118.0,12.0,46.0,29.0,29.0,2.0,370.71,Very Poor,CO,True,Valid AQI,31.7,58,0.0,14.9,99,61.86,High trapping,General urban / semi-urban proxy,Proxy from station/city naming,15,20,42.36,2.107142857142857,0.4745762711864407,0.41379310344827586,2.4166666666666665,8.49,24.0,29.86,31.87,28.8,Biomass / fine-particle combustion,31.87,29.86,2.01,22.91,Low confidence,PM2.5-heavy fine-particle pattern; CO and stagnant-weather influence; high weather trapping,Partially aligned,"High priority: Prioritize open-burning control, biomass-combustion monitoring, fine-particle exposure advisories, and local source inspection.",2026-07-16 10:55:13
madhya_pradesh__maihar__sahilara_maihar_kjs_cements,"Sahilara, Maihar - KJS Cements",Maihar,Madhya Pradesh,24.2613009,80.7231783,2026-07-16 05:00:00,,52.0,,15.0,22.0,,,329.7,Very Poor,CO,True,Valid AQI,32.0,54,0.1,14.0,99,55.77,Moderate trapping,General urban / semi-urban proxy,Proxy from station/city naming,15,20,36.0,,,,,0.0,0.0,0.0,0.0,0.0,Insufficient pollutant signal,0.0,0.0,0.0,0.0,Low confidence,insufficient source signal,Unknown,High priority: Collect more pollutant and land-use data before assigning intervention.,2026-07-16 10:55:13
madhya_pradesh__mandideep__sector_d_industrial_area_mandideep_mppcb,"Sector-D Industrial Area, Mandideep - MPPCB",Mandideep,Madhya Pradesh,23.10844,77.511428,2026-07-16 05:00:00,54.0,108.0,30.0,6.0,26.0,29.0,,353.14,Very Poor,CO,True,Valid AQI,30.4,62,0.0,14.7,32,56.99,Moderate trapping,Industrial / mixed urban proxy,Proxy from station/city naming,35,30,47.21,2.0,0.5,1.1538461538461537,0.9666666666666667,20.44,34.7,34.06,20.09,36.41,Photochemical smog,36.41,34.7,1.71,26.0,Low confidence,O3 and temperature-related signal; urban photochemical formation likelihood,Partially aligned,"High priority: Prioritize NOx/VOC precursor control, traffic-emission reduction, and ozone exposure advisories during sunny high-temperature periods.",2026-07-16 10:55:13
madhya_pradesh__pithampur__sector_2_industrial_area_pithampur_mppcb,"Sector-2 Industrial Area, Pithampur - MPPCB",Pithampur,Madhya Pradesh,22.624758,75.675238,2026-07-16 05:00:00,76.0,67.0,8.0,,,30.0,,152.21,Moderate,PM2.5,True,Valid AQI,28.6,66,0.0,13.3,20,59.79,Moderate trapping,Industrial / mixed urban proxy,Proxy from station/city naming,35,30,29.67,0.881578947368421,1.1343283582089552,,3.75,0.0,0.0,27.51,0.0,32.07,Photochemical smog,32.07,27.51,4.56,23.82,Low confidence,O3 and temperature-related signal; urban photochemical formation likelihood,Partially aligned,"Medium priority: Prioritize NOx/VOC precursor control, traffic-emission reduction, and ozone exposure advisories during sunny high-temperature periods.",2026-07-16 10:55:13
madhya_pradesh__sagar__civil_lines_sagar_mppcb,"Civil Lines, Sagar - MPPCB",Sagar,Madhya Pradesh,23.838586,78.759431,2026-07-16 05:00:00,42.0,57.0,9.0,7.0,35.0,26.0,2.0,406.6,Severe,CO,True,Valid AQI,30.8,61,0.0,17.1,58,54.88,Moderate trapping,General urban / semi-urban proxy,Proxy from station/city naming,15,20,42.79,1.3571428571428572,0.7368421052631579,0.2571428571428571,2.888888888888889,8.89,9.2,23.27,31.21,28.89,Biomass / fine-particle combustion,31.21,28.89,2.32,22.54,Low confidence,PM2.5-heavy fine-particle pattern; CO and stagnant-weather influence,Partially aligned,"High priority: Prioritize open-burning control, biomass-combustion monitoring, fine-particle exposure advisories, and local source inspection.",2026-07-16 10:55:13
madhya_pradesh__satna__bandhavgar_colony_satna_birla_cement,"Bandhavgar Colony, Satna - Birla Cement",Satna,Madhya Pradesh,24.58434363,80.8549414,2026-07-16 05:00:00,50.0,70.0,,18.0,18.0,,,306.27,Very Poor,CO,True,Valid AQI,33.1,51,0.0,12.9,93,62.3,High trapping,General urban / semi-urban proxy,Proxy from station/city naming,15,20,36.54,1.4,0.7142857142857143,,,0.0,0.0,22.83,31.4,0.0,Biomass / fine-particle combustion,31.4,22.83,8.57,24.55,Low confidence,PM2.5-heavy fine-particle pattern; CO and stagnant-weather influence; high weather trapping,Partially aligned,"High priority: Prioritize open-burning control, biomass-combustion monitoring, fine-particle exposure advisories, and local source inspection.",2026-07-16 10:55:13
madhya_pradesh__singrauli__suryakiran_bhawan_ncl_singrauli_mppcb,"Suryakiran Bhawan NCL, Singrauli - MPPCB",Singrauli,Madhya Pradesh,24.10897,82.64558,2026-07-16 05:00:00,,98.0,59.0,35.0,,10.0,,98.0,Satisfactory,PM10,True,Valid AQI,32.7,62,0.0,10.7,86,69.63,High trapping,General urban / semi-urban proxy,Proxy from station/city naming,15,20,20.21,,,,0.1694915254237288,0.0,0.0,0.0,0.0,34.01,Photochemical smog,34.01,0.0,34.01,34.01,Low confidence,O3 and temperature-related signal; urban photochemical formation likelihood,Partially aligned,"Monitor: Prioritize NOx/VOC precursor control, traffic-emission reduction, and ozone exposure advisories during sunny high-temperature periods.",2026-07-16 10:55:13
madhya_pradesh__ujjain__mahashweta_nagar_ujjain_mppcb,"Mahashweta Nagar, Ujjain - MPPCB",Ujjain,Madhya Pradesh,23.1633321,75.800225,2026-07-16 05:00:00,42.0,67.0,12.0,8.0,25.0,,6.0,347.28,Very Poor,CO,True,Valid AQI,29.2,65,0.0,13.1,19,59.69,Moderate trapping,General urban / semi-urban proxy,Proxy from station/city naming,15,20,39.27,1.5952380952380953,0.6268656716417911,0.48,,7.71,8.64,22.86,30.58,0.0,Biomass / fine-particle combustion,30.58,22.86,7.72,23.72,Low confidence,PM2.5-heavy fine-particle pattern; CO and stagnant-weather influence,Partially aligned,"High priority: Prioritize open-burning control, biomass-combustion monitoring, fine-particle exposure advisories, and local source inspection.",2026-07-16 10:55:13
maharashtra__ahmednagar__tarakpur_ahmednagar_mpcb,"Tarakpur, Ahmednagar - MPCB",Ahmednagar,Maharashtra,19.10122,74.73339,2026-07-16 05:00:00,31.0,42.0,16.0,19.0,13.0,7.0,6.0,242.61,Poor,CO,True,Valid AQI,27.4,63,0.1,12.9,38,54.97,Moderate trapping,General urban / semi-urban proxy,Proxy from station/city naming,15,20,27.56,1.3548387096774193,0.7380952380952381,1.2307692307692308,0.4375,6.4,11.85,17.25,26.76,21.27,Biomass / fine-particle combustion,26.76,21.27,5.49,20.38,Low confidence,PM2.5-heavy fine-particle pattern; CO and stagnant-weather influence,Partially aligned,"High priority: Prioritize open-burning control, biomass-combustion monitoring, fine-particle exposure advisories, and local source inspection.",2026-07-16 10:55:13
maharashtra__akola__ramdaspeth_akola_mpcb,"Ramdaspeth, Akola - MPCB",Akola,Maharashtra,20.719516,77.000253,2026-07-16 05:00:00,45.0,77.0,11.0,5.0,16.0,10.0,8.0,285.65,Poor,CO,True,Valid AQI,32.0,56,0.0,19.3,22,45.46,Moderate trapping,General urban / semi-urban proxy,Proxy from station/city naming,15,20,27.6,1.711111111111111,0.5844155844155844,0.6875,0.9090909090909091,5.71,5.99,26.9,23.88,30.21,Photochemical smog,30.21,26.9,3.31,22.14,Low confidence,O3 and temperature-related signal; urban photochemical formation likelihood,Partially aligned,"High priority: Prioritize NOx/VOC precursor control, traffic-emission reduction, and ozone exposure advisories during sunny high-temperature periods.",2026-07-16 10:55:13
maharashtra__ambernath__chinchpada_ambernath_mpcb,"Chinchpada, Ambernath - MPCB",Ambernath,Maharashtra,19.215784,73.199781,2026-07-16 05:00:00,36.0,67.0,4.0,2.0,13.0,3.0,4.0,242.61,Poor,CO,True,Valid AQI,30.4,65,0.0,13.1,33,61.09,High trapping,General urban / semi-urban proxy,Proxy from station/city naming,15,20,30.11,1.8611111111111112,0.5373134328358209,0.3076923076923077,0.75,3.35,3.2,23.21,27.32,25.75,Biomass / fine-particle combustion,27.32,25.75,1.57,19.6,Low confidence,PM2.5-heavy fine-particle pattern; CO and stagnant-weather influence; high weather trapping,Partially aligned,"High priority: Prioritize open-burning control, biomass-combustion monitoring, fine-particle exposure advisories, and local source inspection.",2026-07-16 10:55:13
maharashtra__amravati__shivneri_colony_amravati_mpcb,"Shivneri Colony, Amravati - MPCB",Amravati,Maharashtra,20.9402359,77.7895248,2026-07-16 05:00:00,36.0,52.0,6.0,8.0,11.0,14.0,2.0,213.91,Poor,CO,True,Valid AQI,31.1,58,0.0,15.7,31,53.61,Moderate trapping,General urban / semi-urban proxy,Proxy from station/city naming,15,20,24.32,1.4444444444444444,0.6923076923076923,0.5454545454545454,2.3333333333333335,3.47,5.58,22.21,25.59,28.55,Photochemical smog,28.55,25.59,2.96,20.87,Low confidence,O3 and temperature-related signal; urban photochemical formation likelihood,Partially aligned,"High priority: Prioritize NOx/VOC precursor control, traffic-emission reduction, and ozone exposure advisories during sunny high-temperature periods.",2026-07-16 10:55:13
maharashtra__amravati__shri_shivaji_science_college_amravati_mpcb,"Shri Shivaji Science College, Amravati - MPCB",Amravati,Maharashtra,20.939198,77.765701,2026-07-16 05:00:00,33.0,67.0,4.0,5.0,18.0,15.0,2.0,306.27,Very Poor,CO,True,Valid AQI,31.1,58,0.0,15.7,31,53.61,Moderate trapping,General urban / semi-urban proxy,Proxy from station/city naming,15,20,32.92,2.0303030303030303,0.4925373134328358,0.2222222222222222,3.75,4.32,5.1,24.61,25.18,28.44,Photochemical smog,28.44,25.18,3.26,20.89,Low confidence,O3 and temperature-related signal; urban photochemical formation likelihood,Partially aligned,"High priority: Prioritize NOx/VOC precursor control, traffic-emission reduction, and ozone exposure advisories during sunny high-temperature periods.",2026-07-16 10:55:13
maharashtra__aurangabad__midc_chilkalthana_aurangabad_mpcb,"MIDC Chilkalthana, Aurangabad - MPCB",Aurangabad,Maharashtra,19.87562,75.38731,2026-07-16 05:00:00,60.0,88.0,7.0,7.0,26.0,18.0,2.0,353.14,Very Poor,CO,True,Valid AQI,27.8,64,0.0,14.6,26,57.31,Moderate trapping,Industrial / mixed urban proxy,Proxy from station/city naming,35,30,47.35,1.4666666666666666,0.6818181818181818,0.2692307692307692,2.5714285714285716,14.59,31.19,31.15,22.15,28.92,Industrial combustion,31.19,31.15,0.04,21.84,Low confidence,SO2 and combustion-related pollutant influence; industrial land-use proxy,Aligned,"High priority: Prioritize industrial emission inspection, stack monitoring, fuel-quality checks, and enforcement near industrial clusters.",2026-07-16 10:55:13
maharashtra__aurangabad__more_chowk_waluj_aurangabad_mpcb,"More Chowk Waluj, Aurangabad - MPCB",Aurangabad,Maharashtra,19.8389439,75.244448,2026-07-16 05:00:00,50.0,50.0,10.0,28.0,86.0,13.0,7.0,500.0,Severe,CO,True,Valid AQI,28.2,64,0.1,14.9,34,51.31,Moderate trapping,Traffic / commercial proxy,Proxy from station/city naming,30,75,62.32,1.0,1.0,0.11627906976744186,1.3,51.89,27.69,31.59,33.48,25.3,Vehicular traffic,51.89,33.48,18.41,41.85,Moderate confidence,elevated NO2/CO signal; road-density or urban-pressure influence; traffic/commercial land-use proxy,Aligned,"High priority: Prioritize traffic-flow management, public transport promotion, anti-idling enforcement, and congestion reduction near the station.",2026-07-16 10:55:13
maharashtra__aurangabad__rachnakar_colony_aurangabad_mpcb,"Rachnakar Colony, Aurangabad - MPCB",Aurangabad,Maharashtra,19.863756,75.321188,2026-07-16 05:00:00,52.0,64.0,19.0,5.0,27.0,8.0,1.0,358.99,Very Poor,CO,True,Valid AQI,27.8,64,0.0,14.6,26,57.31,Moderate trapping,General urban / semi-urban proxy,Proxy from station/city naming,15,20,39.37,1.2307692307692308,0.8125,0.7037037037037037,0.42105263157894735,9.88,8.95,22.73,32.44,25.4,Biomass / fine-particle combustion,32.44,25.4,7.04,24.82,Low confidence,PM2.5-heavy fine-particle pattern; CO and stagnant-weather influence,Partially aligned,"High priority: Prioritize open-burning control, biomass-combustion monitoring, fine-particle exposure advisories, and local source inspection.",2026-07-16 10:55:13
maharashtra__badlapur__katrap_badlapur_mpcb,"Katrap, Badlapur - MPCB",Badlapur,Maharashtra,19.16485,73.23409,2026-07-16 05:00:00,43.0,48.0,17.0,3.0,19.0,26.0,7.0,312.13,Very Poor,CO,True,Valid AQI,29.0,74,0.0,13.6,38,63.99,High trapping,General urban / semi-urban proxy,Proxy from station/city naming,15,20,37.79,1.1162790697674418,0.8958333333333334,0.8947368421052632,1.5294117647058822,7.82,6.67,20.4,32.44,28.62,Biomass / fine-particle combustion,32.44,28.62,3.82,23.85,Low confidence,PM2.5-heavy fine-particle pattern; CO and stagnant-weather influence; high weather trapping,Partially aligned,"High priority: Prioritize open-burning control, biomass-combustion monitoring, fine-particle exposure advisories, and local source inspection.",2026-07-16 10:55:13
maharashtra__beed__bir_beed_mpcb,"Bir, Beed - MPCB",Beed,Maharashtra,18.988474,75.753873,2026-07-16 05:00:00,26.0,62.0,13.0,3.0,14.0,10.0,3.0,256.96,Poor,CO,True,Valid AQI,30.0,54,0.0,15.7,65,55.54,Moderate trapping,General urban / semi-urban proxy,Proxy from station/city naming,15,20,29.13,2.3846153846153846,0.41935483870967744,0.9285714285714286,0.7692307692307693,5.83,5.26,24.55,23.62,25.77,Photochemical smog,25.77,24.55,1.22,18.4,Low confidence,O3 and temperature-related signal; urban photochemical formation likelihood,Partially aligned,"High priority: Prioritize NOx/VOC precursor control, traffic-emission reduction, and ozone exposure advisories during sunny high-temperature periods.",2026-07-16 10:55:13
maharashtra__belapur__cbd_belapur_belapur_mpcb,"CBD Belapur, Belapur - MPCB",Belapur,Maharashtra,19.0243902,73.0406721,2026-07-16 05:00:00,45.0,67.0,22.0,9.0,16.0,19.0,3.0,285.65,Poor,CO,True,Valid AQI,28.9,76,0.0,14.7,20,60.94,High trapping,General urban / semi-urban proxy,Proxy from station/city naming,15,20,34.06,1.488888888888889,0.6716417910447762,1.375,0.8636363636363636,8.51,9.41,23.44,29.43,29.04,Biomass / fine-particle combustion,29.43,29.04,0.39,20.72,Low confidence,PM2.5-heavy fine-particle pattern; CO and stagnant-weather influence; high weather trapping,Partially aligned,"High priority: Prioritize open-burning control, biomass-combustion monitoring, fine-particle exposure advisories, and local source inspection.",2026-07-16 10:55:13
maharashtra__bhiwandi__gokul_nagar_bhiwandi_mpcb,"Gokul Nagar, Bhiwandi - MPCB",Bhiwandi,Maharashtra,19.309073,73.057223,2026-07-16 05:00:00,35.0,57.0,26.0,3.0,12.0,13.0,7.0,228.26,Poor,CO,True,Valid AQI,29.3,75,0.0,12.4,45,67.23,High trapping,General urban / semi-urban proxy,Proxy from station/city naming,15,20,31.34,1.6285714285714286,0.6140350877192983,2.1666666666666665,0.5,8.75,7.18,21.51,29.27,27.96,Biomass / fine-particle combustion,29.27,27.96,1.31,20.88,Low confidence,PM2.5-heavy fine-particle pattern; CO and stagnant-weather influence; high weather trapping,Partially aligned,"High priority: Prioritize open-burning control, biomass-combustion monitoring, fine-particle exposure advisories, and local source inspection.",2026-07-16 10:55:13
maharashtra__boisar__khaira_boisar_mpcb,"Khaira, Boisar - MPCB",Boisar,Maharashtra,19.786089,72.757971,2026-07-16 05:00:00,40.0,53.0,18.0,15.0,16.0,20.0,4.0,285.65,Poor,CO,True,Valid AQI,28.7,74,0.0,12.1,95,72.41,High trapping,General urban / semi-urban proxy,Proxy from station/city naming,15,20,38.84,1.325,0.7547169811320755,1.125,1.1111111111111112,7.49,11.07,20.53,32.96,24.66,Biomass / fine-particle combustion,32.96,24.66,8.3,25.56,Low confidence,PM2.5-heavy fine-particle pattern; CO and stagnant-weather influence; high weather trapping,Partially aligned,"High priority: Prioritize open-burning control, biomass-combustion monitoring, fine-particle exposure advisories, and local source inspection.",2026-07-16 10:55:13
maharashtra__chandrapur__chauhan_colony_chandrapur_mpcb,"Chauhan Colony, Chandrapur - MPCB",Chandrapur,Maharashtra,19.9629,79.298714,2026-07-16 05:00:00,58.0,91.0,12.0,17.0,51.0,17.0,2.0,500.0,Severe,CO,True,Valid AQI,32.3,58,0.0,16.6,89,57.78,Moderate trapping,General urban / semi-urban proxy,Proxy from station/city naming,15,20,52.69,1.5689655172413792,0.6373626373626373,0.23529411764705882,1.4166666666666667,12.76,15.93,27.0,36.13,28.36,Biomass / fine-particle combustion,36.13,28.36,7.77,27.62,Low confidence,PM2.5-heavy fine-particle pattern; CO and stagnant-weather influence,Partially aligned,"High priority: Prioritize open-burning control, biomass-combustion monitoring, fine-particle exposure advisories, and local source inspection.",2026-07-16 10:55:13
maharashtra__chandrapur__midc_khutala_chandrapur_mpcb,"MIDC Khutala, Chandrapur - MPCB",Chandrapur,Maharashtra,19.9775302,79.2337086,2026-07-16 05:00:00,21.0,57.0,,4.0,39.0,14.0,,431.51,Severe,CO,True,Valid AQI,32.3,58,0.0,18.2,87,54.68,Moderate trapping,Industrial / mixed urban proxy,Proxy from station/city naming,35,30,53.55,2.7142857142857144,0.3684210526315789,,,0.0,0.0,31.09,16.79,0.0,Construction / road dust,31.09,16.79,14.3,26.05,Low confidence,PM10-heavy particulate pattern; road dust / coarse-particle likelihood,Partially aligned,"High priority: Prioritize road dust suppression, construction-site covering, mechanical sweeping, and enforcement of dust-control rules.",2026-07-16 10:55:13
maharashtra__dombivli__kalu_nagar_dombivli_mpcb,"Kalu Nagar, Dombivli - MPCB",Dombivli,Maharashtra,19.2268427,73.0788456,2026-07-16 05:00:00,8.0,26.0,11.0,6.0,13.0,5.0,1.0,242.61,Poor,CO,True,Valid AQI,29.4,74,0.1,12.6,34,59.15,Moderate trapping,General urban / semi-urban proxy,Proxy from station/city naming,15,20,29.3,3.25,0.3076923076923077,0.8461538461538461,0.45454545454545453,5.13,5.95,17.91,22.31,23.1,Photochemical smog,23.1,22.31,0.79,16.41,Low confidence,O3 and temperature-related signal; urban photochemical formation likelihood,Partially aligned,"High priority: Prioritize NOx/VOC precursor control, traffic-emission reduction, and ozone exposure advisories during sunny high-temperature periods.",2026-07-16 10:55:13
maharashtra__hingoli__ashta_vinayak_nagar_hingoli_mpcb,"Ashta Vinayak Nagar, Hingoli - MPCB",Hingoli,Maharashtra,19.710842,77.151824,2026-07-16 05:00:00,21.0,37.0,9.0,4.0,9.0,33.0,2.0,187.47,Moderate,CO,True,Valid AQI,29.5,60,0.0,17.1,72,55.91,Moderate trapping,General urban / semi-urban proxy,Proxy from station/city naming,15,20,22.82,1.7619047619047619,0.5675675675675675,1.0,3.6666666666666665,3.84,4.25,21.65,22.97,27.53,Photochemical smog,27.53,22.97,4.56,20.64,Low confidence,O3 and temperature-related signal; urban photochemical formation likelihood,Partially aligned,"Medium priority: Prioritize NOx/VOC precursor control, traffic-emission reduction, and ozone exposure advisories during sunny high-temperature periods.",2026-07-16 10:55:13
maharashtra__jalna__old_midc_jalna_mpcb,"Old MIDC, Jalna - MPCB",Jalna,Maharashtra,19.854616,75.905894,2026-07-16 05:00:00,25.0,36.0,19.0,8.0,11.0,1.0,4.0,213.91,Poor,CO,True,Valid AQI,29.8,58,0.0,16.3,62,55.62,Moderate trapping,Industrial / mixed urban proxy,Proxy from station/city naming,35,30,33.68,1.44,0.6944444444444444,1.7272727272727273,0.05263157894736842,14.73,31.42,26.26,14.81,28.79,Industrial combustion,31.42,28.79,2.63,22.78,Low confidence,SO2 and combustion-related pollutant influence; industrial land-use proxy,Aligned,"High priority: Prioritize industrial emission inspection, stack monitoring, fuel-quality checks, and enforcement near industrial clusters.",2026-07-16 10:55:13
maharashtra__kalyan__khadakpada_kalyan_mpcb,"Khadakpada, Kalyan - MPCB",Kalyan,Maharashtra,19.25292,73.142019,2026-07-16 05:00:00,,,,,,8.0,,,Unknown,,False,Insufficient pollutants,30.4,65,0.0,13.1,33,61.09,High trapping,General urban / semi-urban proxy,Proxy from station/city naming,15,20,,,,,,0.0,0.0,0.0,0.0,0.0,Insufficient pollutant signal,0.0,0.0,0.0,0.0,Low confidence,insufficient source signal,Unknown,Monitor: Collect more pollutant and land-use data before assigning intervention.,2026-07-16 10:55:13
maharashtra__kalyan__pimpleshwar_mandir_kalyan_mpcb,"Pimpleshwar Mandir, Kalyan - MPCB",Kalyan,Maharashtra,19.192056,72.9585188,2026-07-16 05:00:00,56.0,,23.0,11.0,40.0,11.0,6.0,437.74,Severe,CO,True,Valid AQI,29.0,75,0.0,10.6,31,69.09,High trapping,General urban / semi-urban proxy,Proxy from station/city naming,15,20,51.62,,,0.575,0.4782608695652174,13.42,13.86,0.0,0.0,27.61,Photochemical smog,27.61,13.86,13.75,23.45,Low confidence,O3 and temperature-related signal; urban photochemical formation likelihood,Partially aligned,"High priority: Prioritize NOx/VOC precursor control, traffic-emission reduction, and ozone exposure advisories during sunny high-temperature periods.",2026-07-16 10:55:13
maharashtra__kolhapur__shivaji_university_kolhapur_mpcb,"Shivaji University, Kolhapur - MPCB",Kolhapur,Maharashtra,16.6870449,74.2505872,2026-07-16 05:00:00,39.0,51.0,11.0,1.0,6.0,12.0,3.0,149.87,Moderate,CO,True,Valid AQI,26.3,73,0.0,16.2,30,58.12,Moderate trapping,General urban / semi-urban proxy,Proxy from station/city naming,15,20,20.24,1.3076923076923077,0.7647058823529411,1.8333333333333333,1.0909090909090908,3.77,2.98,22.15,26.48,22.84,Biomass / fine-particle combustion,26.48,22.84,3.64,19.63,Low confidence,PM2.5-heavy fine-particle pattern; CO and stagnant-weather influence,Partially aligned,"Medium priority: Prioritize open-burning control, biomass-combustion monitoring, fine-particle exposure advisories, and local source inspection.",2026-07-16 10:55:13
maharashtra__kolhapur__sinchan_bhavan_kolhapur_mpcb,"Sinchan Bhavan, Kolhapur - MPCB",Kolhapur,Maharashtra,16.7143745,74.2426398,2026-07-16 05:00:00,29.0,52.0,16.0,2.0,8.0,19.0,2.0,174.94,Moderate,CO,True,Valid AQI,26.3,73,0.0,16.2,30,58.12,Moderate trapping,General urban / semi-urban proxy,Proxy from station/city naming,15,20,22.57,1.793103448275862,0.5576923076923077,2.0,1.1875,5.43,4.51,22.9,24.31,24.46,Photochemical smog,24.46,24.31,0.15,17.17,Low confidence,O3 and temperature-related signal; urban photochemical formation likelihood,Partially aligned,"Medium priority: Prioritize NOx/VOC precursor control, traffic-emission reduction, and ozone exposure advisories during sunny high-temperature periods.",2026-07-16 10:55:13
maharashtra__latur__sawe_wadi_latur_mpcb,"Sawe Wadi, Latur - MPCB",Latur,Maharashtra,18.39963,76.57452,2026-07-16 05:00:00,32.0,42.0,9.0,5.0,12.0,21.0,3.0,228.26,Poor,CO,True,Valid AQI,29.5,56,0.0,15.9,52,54.61,Moderate trapping,General urban / semi-urban proxy,Proxy from station/city naming,15,20,26.07,1.3125,0.7619047619047619,0.75,2.3333333333333335,4.42,5.07,21.05,26.07,26.83,Photochemical smog,26.83,26.07,0.76,19.01,Low confidence,O3 and temperature-related signal; urban photochemical formation likelihood,Partially aligned,"High priority: Prioritize NOx/VOC precursor control, traffic-emission reduction, and ozone exposure advisories during sunny high-temperature periods.",2026-07-16 10:55:13
maharashtra__mahad__kamble_tarf_birwadi_mahad_mpcb,"Kamble Tarf Birwadi, Mahad - MPCB",Mahad,Maharashtra,18.1023399,73.4783687,2026-07-16 05:00:00,58.0,50.0,22.0,18.0,22.0,16.0,6.0,329.7,Very Poor,CO,True,Valid AQI,30.0,70,0.1,9.8,99,69.25,High trapping,General urban / semi-urban proxy,Proxy from station/city naming,15,20,41.62,0.8620689655172413,1.16,1.0,0.7272727272727273,9.67,13.79,16.05,38.71,23.56,Biomass / fine-particle combustion,38.71,23.56,15.15,31.64,Low confidence,PM2.5-heavy fine-particle pattern; CO and stagnant-weather influence; high weather trapping,Partially aligned,"High priority: Prioritize open-burning control, biomass-combustion monitoring, fine-particle exposure advisories, and local source inspection.",2026-07-16 10:55:13
maharashtra__malegaon__mahesh_nagar_malegaon_mpcb,"Mahesh Nagar, Malegaon - MPCB",Malegaon,Maharashtra,20.555712,74.529236,2026-07-16 05:00:00,71.0,78.0,,,15.0,13.0,1.0,271.3,Poor,CO,True,Valid AQI,29.8,61,0.0,14.9,14,54.46,Moderate trapping,General urban / semi-urban proxy,Proxy from station/city naming,15,20,30.02,1.0985915492957747,0.9102564102564102,,,0.0,0.0,24.2,32.06,0.0,Biomass / fine-particle combustion,32.06,24.2,7.86,24.8,Low confidence,PM2.5-heavy fine-particle pattern; CO and stagnant-weather influence,Partially aligned,"High priority: Prioritize open-burning control, biomass-combustion monitoring, fine-particle exposure advisories, and local source inspection.",2026-07-16 10:55:13
maharashtra__mira_bhayandar__bhayandar_west_mira_bhayandar_mpcb,"Bhayandar West, Mira-Bhayandar - MPCB",Mira-Bhayandar,Maharashtra,19.296481,72.840923,2026-07-16 05:00:00,26.0,30.0,3.0,4.0,17.0,8.0,4.0,300.0,Poor,CO,True,Valid AQI,29.2,74,0.0,11.5,20,65.99,High trapping,General urban / semi-urban proxy,Proxy from station/city naming,15,20,37.5,1.1538461538461537,0.8666666666666667,0.17647058823529413,2.6666666666666665,3.87,4.39,17.55,31.01,25.45,Biomass / fine-particle combustion,31.01,25.45,5.56,23.38,Low confidence,PM2.5-heavy fine-particle pattern; CO and stagnant-weather influence; high weather trapping,Partially aligned,"High priority: Prioritize open-burning control, biomass-combustion monitoring, fine-particle exposure advisories, and local source inspection.",2026-07-16 10:55:13
maharashtra__mumbai__bandra_kurla_complex_mumbai_iitm,"Bandra Kurla Complex, Mumbai - IITM",Mumbai,Maharashtra,19.053536,72.84643,2026-07-16 05:00:00,18.0,60.0,10.0,4.0,10.0,15.0,4.0,200.0,Moderate,CO,True,Valid AQI,28.2,76,0.0,11.3,40,69.09,High trapping,Dense urban proxy,Proxy from station/city naming,60,55,50.22,3.3333333333333335,0.3,1.0,1.5,40.31,12.74,38.35,25.51,33.24,Vehicular traffic,40.31,38.35,1.96,28.8,Low confidence,elevated NO2/CO signal; road-density or urban-pressure influence; traffic/commercial land-use proxy,Aligned,"Medium priority: Prioritize traffic-flow management, public transport promotion, anti-idling enforcement, and congestion reduction near the station.",2026-07-16 10:55:13
maharashtra__mumbai__bandra_kurla_complex_mumbai_mpcb,"Bandra Kurla Complex, Mumbai - MPCB",Mumbai,Maharashtra,19.065931,72.862131,2026-07-16 05:00:00,47.0,61.0,12.0,5.0,28.0,10.0,3.0,364.85,Very Poor,CO,True,Valid AQI,28.2,76,0.0,11.3,40,69.09,High trapping,Dense urban proxy,Proxy from station/city naming,60,55,65.57,1.297872340425532,0.7704918032786885,0.42857142857142855,0.8333333333333334,44.32,16.09,35.75,35.5,32.78,Vehicular traffic,44.32,35.75,8.57,33.6,Low confidence,elevated NO2/CO signal; road-density or urban-pressure influence; traffic/commercial land-use proxy,Aligned,"High priority: Prioritize traffic-flow management, public transport promotion, anti-idling enforcement, and congestion reduction near the station.",2026-07-16 10:55:13
maharashtra__mumbai__borivali_east_mumbai_iitm,"Borivali East, Mumbai - IITM",Mumbai,Maharashtra,19.23241,72.86895,2026-07-16 05:00:00,33.0,58.0,21.0,,1.0,17.0,3.0,58.0,Satisfactory,PM10,True,Valid AQI,28.9,74,0.0,10.7,29,68.34,High trapping,Dense urban proxy,Proxy from station/city naming,60,55,36.69,1.7575757575757576,0.5689655172413793,21.0,0.8095238095238095,41.36,0.0,35.76,27.26,36.36,Vehicular traffic,41.36,36.36,5.0,30.45,Low confidence,elevated NO2/CO signal; road-density or urban-pressure influence; traffic/commercial land-use proxy,Aligned,"Monitor: Prioritize traffic-flow management, public transport promotion, anti-idling enforcement, and congestion reduction near the station.",2026-07-16 10:55:13
maharashtra__mumbai__byculla_mumbai_bmc,"Byculla, Mumbai - BMC",Mumbai,Maharashtra,18.9767,72.838,2026-07-16 05:00:00,22.0,37.0,13.0,7.0,19.0,7.0,2.0,312.13,Very Poor,CO,True,Valid AQI,28.1,76,0.0,13.4,41,65.39,High trapping,Dense urban proxy,Proxy from station/city naming,60,55,59.12,1.6818181818181819,0.5945945945945946,0.6842105263157895,0.5384615384615384,42.82,15.73,34.61,28.42,32.31,Vehicular traffic,42.82,34.61,8.21,32.44,Low confidence,elevated NO2/CO signal; road-density or urban-pressure influence; traffic/commercial land-use proxy,Aligned,"High priority: Prioritize traffic-flow management, public transport promotion, anti-idling enforcement, and congestion reduction near the station.",2026-07-16 10:55:13
maharashtra__mumbai__chakala_andheri_east_mumbai_iitm,"Chakala-Andheri East, Mumbai - IITM",Mumbai,Maharashtra,19.11074,72.86084,2026-07-16 05:00:00,22.0,46.0,13.0,4.0,10.0,10.0,6.0,200.0,Moderate,CO,True,Valid AQI,28.2,76,0.0,11.3,40,69.09,High trapping,Dense urban proxy,Proxy from station/city naming,60,55,50.22,2.090909090909091,0.4782608695652174,1.3,0.7692307692307693,41.08,13.25,35.18,27.23,32.91,Vehicular traffic,41.08,35.18,5.9,30.53,Low confidence,elevated NO2/CO signal; road-density or urban-pressure influence; traffic/commercial land-use proxy,Aligned,"Medium priority: Prioritize traffic-flow management, public transport promotion, anti-idling enforcement, and congestion reduction near the station.",2026-07-16 10:55:13
maharashtra__mumbai__chembur_mumbai_mpcb,"Chembur, Mumbai - MPCB",Mumbai,Maharashtra,19.0364585,72.8954371,2026-07-16 05:00:00,19.0,48.0,9.0,1.0,19.0,5.0,4.0,312.13,Very Poor,CO,True,Valid AQI,28.1,76,0.0,13.4,41,65.39,High trapping,Dense urban proxy,Proxy from station/city naming,60,55,59.12,2.526315789473684,0.3958333333333333,0.47368421052631576,0.5555555555555556,41.81,12.72,36.93,26.66,31.52,Vehicular traffic,41.81,36.93,4.88,30.73,Low confidence,elevated NO2/CO signal; road-density or urban-pressure influence; traffic/commercial land-use proxy,Aligned,"High priority: Prioritize traffic-flow management, public transport promotion, anti-idling enforcement, and congestion reduction near the station.",2026-07-16 10:55:13
maharashtra__mumbai__deonar_mumbai_iitm,"Deonar, Mumbai - IITM",Mumbai,Maharashtra,19.04946,72.923,2026-07-16 05:00:00,19.0,90.0,5.0,2.0,38.0,9.0,6.0,425.28,Severe,CO,True,Valid AQI,28.9,75,0.0,11.9,30,66.64,High trapping,Dense urban proxy,Proxy from station/city naming,60,55,70.17,4.7368421052631575,0.2111111111111111,0.13157894736842105,1.8,44.48,15.2,43.73,29.66,33.14,Vehicular traffic,44.48,43.73,0.75,31.36,Low confidence,elevated NO2/CO signal; road-density or urban-pressure influence; traffic/commercial land-use proxy,Aligned,"High priority: Prioritize traffic-flow management, public transport promotion, anti-idling enforcement, and congestion reduction near the station.",2026-07-16 10:55:13
maharashtra__mumbai__ghatkopar_mumbai_bmc,"Ghatkopar, Mumbai - BMC",Mumbai,Maharashtra,19.083694,72.920967,2026-07-16 05:00:00,27.0,74.0,11.0,1.0,23.0,30.0,6.0,335.56,Very Poor,CO,True,Valid AQI,28.9,75,0.0,11.9,30,66.64,High trapping,Dense urban proxy,Proxy from station/city naming,60,55,61.82,2.740740740740741,0.36486486486486486,0.4782608695652174,2.727272727272727,43.09,13.64,39.34,28.71,36.87,Vehicular traffic,43.09,39.34,3.75,31.29,Low confidence,elevated NO2/CO signal; road-density or urban-pressure influence; traffic/commercial land-use proxy,Aligned,"High priority: Prioritize traffic-flow management, public transport promotion, anti-idling enforcement, and congestion reduction near the station.",2026-07-16 10:55:13
maharashtra__mumbai__kandivali_west_mumbai_bmc,"Kandivali West, Mumbai - BMC",Mumbai,Maharashtra,19.215859,72.831718,2026-07-16 05:00:00,25.0,24.0,17.0,1.0,12.0,6.0,2.0,228.26,Poor,CO,True,Valid AQI,28.3,76,0.0,12.2,29,66.36,High trapping,Dense urban proxy,Proxy from station/city naming,60,55,51.71,0.96,1.0416666666666667,1.4166666666666667,0.35294117647058826,42.48,13.05,31.71,31.14,33.53,Vehicular traffic,42.48,33.53,8.95,32.42,Low confidence,elevated NO2/CO signal; road-density or urban-pressure influence; traffic/commercial land-use proxy,Aligned,"High priority: Prioritize traffic-flow management, public transport promotion, anti-idling enforcement, and congestion reduction near the station.",2026-07-16 10:55:13
maharashtra__mumbai__kherwadi_bandra_east_mumbai_mpcb,"Kherwadi_Bandra East, Mumbai - MPCB",Mumbai,Maharashtra,19.0632143,72.8456324,2026-07-16 05:00:00,26.0,45.0,9.0,5.0,19.0,15.0,4.0,312.13,Very Poor,CO,True,Valid AQI,28.2,76,0.0,11.3,40,69.09,High trapping,Dense urban proxy,Proxy from station/city naming,60,55,60.66,1.7307692307692308,0.5777777777777777,0.47368421052631576,1.6666666666666667,41.81,14.27,34.59,30.12,33.11,Vehicular traffic,41.81,34.59,7.22,31.43,Low confidence,elevated NO2/CO signal; road-density or urban-pressure influence; traffic/commercial land-use proxy,Aligned,"High priority: Prioritize traffic-flow management, public transport promotion, anti-idling enforcement, and congestion reduction near the station.",2026-07-16 10:55:13
maharashtra__mumbai__khindipada_bhandup_west_mumbai_iitm,"Khindipada-Bhandup West, Mumbai - IITM",Mumbai,Maharashtra,19.1653323,72.922099,2026-07-16 05:00:00,23.0,47.0,19.0,4.0,31.0,8.0,1.0,382.43,Very Poor,CO,True,Valid AQI,29.0,75,0.0,10.6,31,69.09,High trapping,Dense urban proxy,Proxy from station/city naming,60,55,67.2,2.0434782608695654,0.48936170212765956,0.6129032258064516,0.42105263157894735,46.68,17.33,34.91,31.65,34.86,Vehicular traffic,46.68,34.91,11.77,36.21,Low confidence,elevated NO2/CO signal; road-density or urban-pressure influence; traffic/commercial land-use proxy,Aligned,"High priority: Prioritize traffic-flow management, public transport promotion, anti-idling enforcement, and congestion reduction near the station.",2026-07-16 10:55:13
maharashtra__mumbai__kurla_mumbai_mpcb,"Kurla, Mumbai - MPCB",Mumbai,Maharashtra,19.0863,72.8888,2026-07-16 05:00:00,65.0,75.0,7.0,29.0,25.0,28.0,2.0,347.28,Very Poor,CO,True,Valid AQI,28.2,76,0.0,11.3,40,69.09,High trapping,Dense urban proxy,Proxy from station/city naming,60,55,63.93,1.1538461538461537,0.8666666666666667,0.28,4.0,42.46,24.14,37.07,37.52,34.69,Vehicular traffic,42.46,37.52,4.94,31.2,Low confidence,elevated NO2/CO signal; road-density or urban-pressure influence; traffic/commercial land-use proxy,Aligned,"High priority: Prioritize traffic-flow management, public transport promotion, anti-idling enforcement, and congestion reduction near the station.",2026-07-16 10:55:13
maharashtra__mumbai__malad_west_mumbai_iitm,"Malad West, Mumbai - IITM",Mumbai,Maharashtra,19.19709,72.82204,2026-07-16 05:00:00,18.0,58.0,,5.0,35.0,10.0,,406.6,Severe,CO,True,Valid AQI,28.3,76,0.0,12.2,29,66.36,High trapping,Dense urban proxy,Proxy from station/city naming,60,55,68.32,3.2222222222222223,0.3103448275862069,,,0.0,0.0,38.39,29.55,0.0,Construction / road dust,38.39,29.55,8.84,29.52,Low confidence,PM10-heavy particulate pattern; road dust / coarse-particle likelihood,Partially aligned,"High priority: Prioritize road dust suppression, construction-site covering, mechanical sweeping, and enforcement of dust-control rules.",2026-07-16 10:55:13
maharashtra__mumbai__mazgaon_mumbai_iitm,"Mazgaon, Mumbai - IITM",Mumbai,Maharashtra,18.96702,72.84214,2026-07-16 05:00:00,33.0,59.0,22.0,12.0,43.0,20.0,2.0,456.42,Severe,CO,True,Valid AQI,28.0,76,0.0,13.4,41,65.39,High trapping,Dense urban proxy,Proxy from station/city naming,60,55,72.55,1.7878787878787878,0.559322033898305,0.5116279069767442,0.9090909090909091,49.77,22.69,37.13,33.99,35.16,Vehicular traffic,49.77,37.13,12.64,38.63,Low confidence,elevated NO2/CO signal; road-density or urban-pressure influence; traffic/commercial land-use proxy,Aligned,"High priority: Prioritize traffic-flow management, public transport promotion, anti-idling enforcement, and congestion reduction near the station.",2026-07-16 10:55:13
maharashtra__mumbai__navy_nagar_colaba_mumbai_iitm,"Navy Nagar-Colaba, Mumbai - IITM",Mumbai,Maharashtra,18.897756,72.81332,2026-07-16 05:00:00,34.0,63.0,66.0,10.0,34.0,26.0,6.0,400.0,Very Poor,CO,True,Valid AQI,27.8,78,0.0,17.4,12,55.99,Moderate trapping,Dense urban proxy,Proxy from station/city naming,60,55,63.37,1.8529411764705883,0.5396825396825397,1.9411764705882353,0.3939393939393939,59.21,28.06,39.46,28.95,42.8,Vehicular traffic,59.21,42.8,16.41,46.37,Moderate confidence,elevated NO2/CO signal; road-density or urban-pressure influence; traffic/commercial land-use proxy,Aligned,"High priority: Prioritize traffic-flow management, public transport promotion, anti-idling enforcement, and congestion reduction near the station.",2026-07-16 10:55:13
maharashtra__mumbai__powai_mumbai_mpcb,"Powai, Mumbai - MPCB",Mumbai,Maharashtra,19.1375,72.915056,2026-07-16 05:00:00,,18.0,7.0,16.0,,,,20.0,Good,SO2,True,Valid AQI,29.0,75,0.0,10.6,31,69.09,High trapping,Dense urban proxy,Proxy from station/city naming,60,55,33.46,,,,,0.0,0.0,0.0,0.0,0.0,Insufficient pollutant signal,0.0,0.0,0.0,0.0,Low confidence,insufficient source signal,Unknown,Monitor: Collect more pollutant and land-use data before assigning intervention.,2026-07-16 10:55:13
maharashtra__mumbai__sewri_mumbai_bmc,"Sewri, Mumbai - BMC",Mumbai,Maharashtra,19.000084,72.85673,2026-07-16 05:00:00,,,,,16.0,14.0,,,Unknown,,False,Insufficient pollutants,28.1,76,0.0,13.4,41,65.39,High trapping,Dense urban proxy,Proxy from station/city naming,60,55,,,,,,0.0,0.0,0.0,0.0,0.0,Insufficient pollutant signal,0.0,0.0,0.0,0.0,Low confidence,insufficient source signal,Unknown,Monitor: Collect more pollutant and land-use data before assigning intervention.,2026-07-16 10:55:13
maharashtra__mumbai__shivaji_nagar_mumbai_bmc,"Shivaji Nagar, Mumbai - BMC",Mumbai,Maharashtra,19.060498,72.923356,2026-07-16 05:00:00,30.0,59.0,12.0,6.0,28.0,8.0,4.0,364.85,Very Poor,CO,True,Valid AQI,28.9,75,0.0,11.9,30,66.64,High trapping,Dense urban proxy,Proxy from station/city naming,60,55,64.55,1.9666666666666666,0.5084745762711864,0.42857142857142855,0.6666666666666666,44.32,16.48,36.69,31.04,33.89,Vehicular traffic,44.32,36.69,7.63,33.31,Low confidence,elevated NO2/CO signal; road-density or urban-pressure influence; traffic/commercial land-use proxy,Aligned,"High priority: Prioritize traffic-flow management, public transport promotion, anti-idling enforcement, and congestion reduction near the station.",2026-07-16 10:55:13
maharashtra__mumbai__siddharth_nagar_worli_mumbai_iitm,"Siddharth Nagar-Worli, Mumbai - IITM",Mumbai,Maharashtra,19.000083,72.813993,2026-07-16 05:00:00,30.0,62.0,15.0,,11.0,23.0,1.0,213.91,Poor,CO,True,Valid AQI,28.0,76,0.0,13.4,41,65.39,High trapping,Dense urban proxy,Proxy from station/city naming,60,55,49.97,2.066666666666667,0.4838709677419355,1.3636363636363635,1.5333333333333334,41.78,0.0,37.83,26.91,34.7,Vehicular traffic,41.78,37.83,3.95,30.43,Low confidence,elevated NO2/CO signal; road-density or urban-pressure influence; traffic/commercial land-use proxy,Aligned,"High priority: Prioritize traffic-flow management, public transport promotion, anti-idling enforcement, and congestion reduction near the station.",2026-07-16 10:55:13
maharashtra__mumbai__sion_mumbai_mpcb,"Sion, Mumbai - MPCB",Mumbai,Maharashtra,19.047,72.8746,2026-07-16 05:00:00,15.0,20.0,42.0,,18.0,,6.0,306.27,Very Poor,CO,True,Valid AQI,28.1,76,0.0,13.4,41,65.39,High trapping,Dense urban proxy,Proxy from station/city naming,60,55,58.57,1.3333333333333333,0.75,2.3333333333333335,,50.0,0.0,32.31,28.61,0.0,Vehicular traffic,50.0,32.31,17.69,40.31,Moderate confidence,elevated NO2/CO signal; road-density or urban-pressure influence; traffic/commercial land-use proxy,Aligned,"High priority: Prioritize traffic-flow management, public transport promotion, anti-idling enforcement, and congestion reduction near the station.",2026-07-16 10:55:13
maharashtra__mumbai__worli_mumbai_mpcb,"Worli, Mumbai - MPCB",Mumbai,Maharashtra,18.9936162,72.8128113,2026-07-16 05:00:00,42.0,65.0,6.0,4.0,37.0,7.0,6.0,419.06,Severe,CO,True,Valid AQI,28.1,76,0.0,13.4,41,65.39,High trapping,Dense urban proxy,Proxy from station/city naming,60,55,69.07,1.5476190476190477,0.6461538461538462,0.16216216216216217,1.1666666666666667,44.54,16.0,37.46,34.41,31.42,Vehicular traffic,44.54,37.46,7.08,33.3,Low confidence,elevated NO2/CO signal; road-density or urban-pressure influence; traffic/commercial land-use proxy,Aligned,"High priority: Prioritize traffic-flow management, public transport promotion, anti-idling enforcement, and congestion reduction near the station.",2026-07-16 10:55:13
maharashtra__nagpur__ambazari_nagpur_mpcb,"Ambazari, Nagpur - MPCB",Nagpur,Maharashtra,21.121801,79.04952,2026-07-16 05:00:00,40.0,63.0,10.0,7.0,15.0,10.0,4.0,271.3,Poor,CO,True,Valid AQI,31.7,59,0.0,15.1,98,61.76,High trapping,Dense urban proxy,Proxy from station/city naming,60,55,53.8,1.575,0.6349206349206349,0.6666666666666666,1.0,41.28,14.64,38.05,28.55,34.09,Vehicular traffic,41.28,38.05,3.23,29.86,Low confidence,elevated NO2/CO signal; road-density or urban-pressure influence; traffic/commercial land-use proxy,Aligned,"High priority: Prioritize traffic-flow management, public transport promotion, anti-idling enforcement, and congestion reduction near the station.",2026-07-16 10:55:13
maharashtra__nagpur__mahal_nagpur_mpcb,"Mahal, Nagpur - MPCB",Nagpur,Maharashtra,21.14472,79.107595,2026-07-16 05:00:00,48.0,72.0,17.0,19.0,21.0,14.0,4.0,323.85,Very Poor,CO,True,Valid AQI,32.3,54,0.0,14.2,100,61.75,High trapping,Dense urban proxy,Proxy from station/city naming,60,55,58.69,1.5,0.6666666666666666,0.8095238095238095,0.8235294117647058,44.23,21.36,38.51,31.0,36.21,Vehicular traffic,44.23,38.51,5.72,32.68,Low confidence,elevated NO2/CO signal; road-density or urban-pressure influence; traffic/commercial land-use proxy,Aligned,"High priority: Prioritize traffic-flow management, public transport promotion, anti-idling enforcement, and congestion reduction near the station.",2026-07-16 10:55:13
maharashtra__nagpur__opp_gpo_civil_lines_nagpur_mpcb,"Opp GPO Civil Lines, Nagpur - MPCB",Nagpur,Maharashtra,21.152875,79.0517531,2026-07-16 05:00:00,41.0,79.0,16.0,5.0,28.0,9.0,5.0,364.85,Very Poor,CO,True,Valid AQI,31.7,59,0.0,15.1,98,61.76,High trapping,Dense urban proxy,Proxy from station/city naming,60,55,62.51,1.9268292682926829,0.5189873417721519,0.5714285714285714,0.5625,45.33,16.77,40.25,30.34,34.71,Vehicular traffic,45.33,40.25,5.08,33.25,Low confidence,elevated NO2/CO signal; road-density or urban-pressure influence; traffic/commercial land-use proxy,Aligned,"High priority: Prioritize traffic-flow management, public transport promotion, anti-idling enforcement, and congestion reduction near the station.",2026-07-16 10:55:13
maharashtra__nagpur__ram_nagar_nagpur_mpcb,"Ram Nagar, Nagpur - MPCB",Nagpur,Maharashtra,21.143383,79.048912,2026-07-16 05:00:00,44.0,59.0,10.0,9.0,13.0,9.0,4.0,242.61,Poor,CO,True,Valid AQI,31.7,59,0.0,15.1,98,61.76,High trapping,Dense urban proxy,Proxy from station/city naming,60,55,51.13,1.3409090909090908,0.7457627118644068,0.7692307692307693,0.9,40.9,15.12,37.31,29.39,33.95,Vehicular traffic,40.9,37.31,3.59,29.71,Low confidence,elevated NO2/CO signal; road-density or urban-pressure influence; traffic/commercial land-use proxy,Aligned,"High priority: Prioritize traffic-flow management, public transport promotion, anti-idling enforcement, and congestion reduction near the station.",2026-07-16 10:55:13
maharashtra__nanded__sneh_nagar_nanded_mpcb,"Sneh Nagar, Nanded - MPCB",Nanded,Maharashtra,19.173852,77.296291,2026-07-16 05:00:00,26.0,55.0,23.0,6.0,21.0,44.0,4.0,323.85,Very Poor,CO,True,Valid AQI,31.0,56,0.0,16.0,83,57.53,Moderate trapping,General urban / semi-urban proxy,Proxy from station/city naming,15,20,36.19,2.1153846153846154,0.4727272727272727,1.0952380952380953,1.9130434782608696,9.73,9.14,23.57,25.79,32.22,Photochemical smog,32.22,25.79,6.43,24.48,Low confidence,O3 and temperature-related signal; urban photochemical formation likelihood,Partially aligned,"High priority: Prioritize NOx/VOC precursor control, traffic-emission reduction, and ozone exposure advisories during sunny high-temperature periods.",2026-07-16 10:55:13
maharashtra__nashik__gangapur_road_nashik_mpcb,"Gangapur Road, Nashik - MPCB",Nashik,Maharashtra,20.0073285,73.7762427,2026-07-16 05:00:00,37.0,36.0,5.0,5.0,22.0,21.0,3.0,329.7,Very Poor,CO,True,Valid AQI,26.5,74,0.0,15.4,26,59.53,Moderate trapping,Traffic / commercial proxy,Proxy from station/city naming,65,100,65.75,0.972972972972973,1.0277777777777777,0.22727272727272727,4.2,53.99,14.94,43.81,21.82,32.89,Vehicular traffic,53.99,43.81,10.18,40.85,Moderate confidence,elevated NO2/CO signal; road-density or urban-pressure influence; traffic/commercial land-use proxy,Aligned,"High priority: Prioritize traffic-flow management, public transport promotion, anti-idling enforcement, and congestion reduction near the station.",2026-07-16 10:55:13
maharashtra__nashik__hirawadi_nashik_mpcb,"Hirawadi, Nashik - MPCB",Nashik,Maharashtra,20.021503,73.813844,2026-07-16 05:00:00,33.0,45.0,5.0,10.0,33.0,20.0,4.0,394.14,Very Poor,CO,True,Valid AQI,26.5,74,0.0,15.4,26,59.53,Moderate trapping,Dense urban proxy,Proxy from station/city naming,60,55,64.31,1.3636363636363635,0.7333333333333333,0.15151515151515152,4.0,43.51,17.58,35.96,31.39,31.84,Vehicular traffic,43.51,35.96,7.55,32.72,Low confidence,elevated NO2/CO signal; road-density or urban-pressure influence; traffic/commercial land-use proxy,Aligned,"High priority: Prioritize traffic-flow management, public transport promotion, anti-idling enforcement, and congestion reduction near the station.",2026-07-16 10:55:13
maharashtra__nashik__midc_ambad_nashik_mpcb,"MIDC Ambad, Nashik - MPCB",Nashik,Maharashtra,19.95022,73.73148,2026-07-16 05:00:00,41.0,63.0,5.0,2.0,15.0,19.0,3.0,271.3,Poor,CO,True,Valid AQI,26.0,77,0.0,16.5,53,61.35,High trapping,Industrial / mixed urban proxy,Proxy from station/city naming,70,65,58.52,1.5365853658536586,0.6507936507936508,0.3333333333333333,3.8,30.24,33.66,42.33,18.35,31.53,Construction / road dust,42.33,33.66,8.67,32.23,Low confidence,PM10-heavy particulate pattern; road dust / coarse-particle likelihood; high road-density proxy,Partially aligned,"High priority: Prioritize road dust suppression, construction-site covering, mechanical sweeping, and enforcement of dust-control rules.",2026-07-16 10:55:13
maharashtra__nashik__pandav_nagari_nashik_mpcb,"Pandav Nagari, Nashik - MPCB",Nashik,Maharashtra,19.9591346,73.7788008,2026-07-16 05:00:00,25.0,53.0,4.0,2.0,10.0,17.0,1.0,200.0,Moderate,CO,True,Valid AQI,26.5,74,0.0,15.4,26,59.53,Moderate trapping,Dense urban proxy,Proxy from station/city naming,60,55,46.23,2.12,0.4716981132075472,0.4,4.25,38.79,10.95,37.83,24.18,31.29,Vehicular traffic,38.79,37.83,0.96,27.44,Low confidence,elevated NO2/CO signal; road-density or urban-pressure influence; traffic/commercial land-use proxy,Aligned,"Medium priority: Prioritize traffic-flow management, public transport promotion, anti-idling enforcement, and congestion reduction near the station.",2026-07-16 10:55:13
maharashtra__navi_mumbai__kopripada_vashi_navi_mumbai_mpcb,"Kopripada-Vashi, Navi Mumbai - MPCB",Navi Mumbai,Maharashtra,19.090337,73.014232,2026-07-16 05:00:00,41.0,46.0,11.0,1.0,20.0,22.0,8.0,317.99,Very Poor,CO,True,Valid AQI,29.0,74,0.0,13.3,23,63.04,High trapping,General urban / semi-urban proxy,Proxy from station/city naming,15,20,37.94,1.1219512195121952,0.8913043478260869,0.55,2.0,6.49,5.02,20.05,32.22,28.04,Biomass / fine-particle combustion,32.22,28.04,4.18,23.81,Low confidence,PM2.5-heavy fine-particle pattern; CO and stagnant-weather influence; high weather trapping,Partially aligned,"High priority: Prioritize open-burning control, biomass-combustion monitoring, fine-particle exposure advisories, and local source inspection.",2026-07-16 10:55:13
maharashtra__navi_mumbai__mahape_navi_mumbai_mpcb,"Mahape, Navi Mumbai - MPCB",Navi Mumbai,Maharashtra,19.1135051,73.008978,2026-07-16 05:00:00,27.0,59.0,43.0,17.0,47.0,9.0,1.0,481.32,Severe,CO,True,Valid AQI,29.0,74,0.0,13.3,23,63.04,High trapping,General urban / semi-urban proxy,Proxy from station/city naming,15,20,53.15,2.185185185185185,0.4576271186440678,0.9148936170212766,0.20930232558139536,19.86,20.6,22.87,32.83,30.27,Biomass / fine-particle combustion,32.83,30.27,2.56,23.75,Low confidence,PM2.5-heavy fine-particle pattern; CO and stagnant-weather influence; high weather trapping,Partially aligned,"High priority: Prioritize open-burning control, biomass-combustion monitoring, fine-particle exposure advisories, and local source inspection.",2026-07-16 10:55:13
maharashtra__navi_mumbai__nerul_navi_mumbai_mpcb,"Nerul, Navi Mumbai - MPCB",Navi Mumbai,Maharashtra,19.008751,73.01662,2026-07-16 05:00:00,10.0,,9.0,,,,1.0,16.67,Good,PM2.5,True,Valid AQI,28.9,76,0.0,14.7,20,60.94,High trapping,General urban / semi-urban proxy,Proxy from station/city naming,15,20,9.01,,,,,0.0,0.0,0.0,0.0,0.0,Insufficient pollutant signal,0.0,0.0,0.0,0.0,Low confidence,insufficient source signal,Unknown,Monitor: Collect more pollutant and land-use data before assigning intervention.,2026-07-16 10:55:13
maharashtra__navi_mumbai__sanpada_navi_mumbai_mpcb,"Sanpada, Navi Mumbai - MPCB",Navi Mumbai,Maharashtra,19.0575752,73.0151367,2026-07-16 05:00:00,25.0,37.0,3.0,5.0,4.0,10.0,1.0,124.81,Moderate,CO,True,Valid AQI,29.0,74,0.0,13.3,23,63.04,High trapping,General urban / semi-urban proxy,Proxy from station/city naming,15,20,19.96,1.48,0.6756756756756757,0.75,3.3333333333333335,1.35,2.89,19.56,25.85,25.33,Biomass / fine-particle combustion,25.85,25.33,0.52,18.25,Low confidence,PM2.5-heavy fine-particle pattern; CO and stagnant-weather influence; high weather trapping,Partially aligned,"Medium priority: Prioritize open-burning control, biomass-combustion monitoring, fine-particle exposure advisories, and local source inspection.",2026-07-16 10:55:13
maharashtra__navi_mumbai__sector_2e_kalamboli_navi_mumbai_mpcb,"Sector-2E Kalamboli, Navi Mumbai - MPCB",Navi Mumbai,Maharashtra,19.02579,73.10297,2026-07-16 05:00:00,20.0,44.0,8.0,5.0,12.0,13.0,6.0,228.26,Poor,CO,True,Valid AQI,28.9,76,0.0,14.7,20,60.94,High trapping,Industrial / mixed urban proxy,Proxy from station/city naming,35,30,37.23,2.2,0.45454545454545453,0.6666666666666666,1.625,12.12,28.54,27.41,14.43,30.04,Photochemical smog,30.04,28.54,1.5,21.48,Low confidence,O3 and temperature-related signal; urban photochemical formation likelihood,Partially aligned,"High priority: Prioritize NOx/VOC precursor control, traffic-emission reduction, and ozone exposure advisories during sunny high-temperature periods.",2026-07-16 10:55:13
maharashtra__navi_mumbai__tondare_taloja_navi_mumbai_mpcb,"Tondare-Taloja, Navi Mumbai - MPCB",Navi Mumbai,Maharashtra,19.063,73.1209,2026-07-16 05:00:00,25.0,64.0,5.0,21.0,14.0,36.0,5.0,256.96,Poor,CO,True,Valid AQI,28.5,76,0.0,14.0,37,63.9,High trapping,General urban / semi-urban proxy,Proxy from station/city naming,15,20,32.62,2.56,0.390625,0.35714285714285715,7.2,3.8,10.91,24.23,25.78,27.92,Photochemical smog,27.92,25.78,2.14,20.19,Low confidence,O3 and temperature-related signal; urban photochemical formation likelihood,Partially aligned,"High priority: Prioritize NOx/VOC precursor control, traffic-emission reduction, and ozone exposure advisories during sunny high-temperature periods.",2026-07-16 10:55:13
maharashtra__parbhani__masoom_colony_parbhani_mpcb,"Masoom Colony, Parbhani - MPCB",Parbhani,Maharashtra,19.265594,76.761463,2026-07-16 05:00:00,40.0,58.0,28.0,2.0,12.0,7.0,4.0,228.26,Poor,CO,True,Valid AQI,30.2,59,0.0,17.1,63,54.64,Moderate trapping,General urban / semi-urban proxy,Proxy from station/city naming,15,20,26.08,1.45,0.6896551724137931,2.3333333333333335,0.25,9.25,7.13,23.5,26.13,27.61,Photochemical smog,27.61,26.13,1.48,19.77,Low confidence,O3 and temperature-related signal; urban photochemical formation likelihood,Partially aligned,"High priority: Prioritize NOx/VOC precursor control, traffic-emission reduction, and ozone exposure advisories during sunny high-temperature periods.",2026-07-16 10:55:13
maharashtra__pimpri_chinchwad__bhosari_pune_iitm,"Bhosari, Pune - IITM",Pimpri-Chinchwad,Maharashtra,18.640051,73.848956,2026-07-16 05:00:00,,,,,21.0,8.0,,,Unknown,,False,Insufficient pollutants,27.4,67,0.0,14.2,43,60.83,High trapping,General urban / semi-urban proxy,Proxy from station/city naming,15,20,,,,,,0.0,0.0,0.0,0.0,0.0,Insufficient pollutant signal,0.0,0.0,0.0,0.0,Low confidence,insufficient source signal,Unknown,Monitor: Collect more pollutant and land-use data before assigning intervention.,2026-07-16 10:55:13
maharashtra__pimpri_chinchwad__gavalinagar_pimpri_chinchwad_mpcb,"Gavalinagar, Pimpri Chinchwad - MPCB",Pimpri-Chinchwad,Maharashtra,18.63673,73.82487,2026-07-16 05:00:00,20.0,40.0,,1.0,9.0,7.0,,187.47,Moderate,CO,True,Valid AQI,27.4,67,0.0,14.2,43,60.83,High trapping,General urban / semi-urban proxy,Proxy from station/city naming,15,20,24.87,2.0,0.5,,,0.0,0.0,20.98,24.26,0.0,Biomass / fine-particle combustion,24.26,20.98,3.28,17.97,Low confidence,PM2.5-heavy fine-particle pattern; CO and stagnant-weather influence; high weather trapping,Partially aligned,"Medium priority: Prioritize open-burning control, biomass-combustion monitoring, fine-particle exposure advisories, and local source inspection.",2026-07-16 10:55:13
maharashtra__pimpri_chinchwad__park_street_wakad_pimpri_chinchwad_mpcb,"Park Street Wakad, Pimpri Chinchwad - MPCB",Pimpri-Chinchwad,Maharashtra,18.59051,73.77946,2026-07-16 05:00:00,17.0,29.0,13.0,,8.0,12.0,,174.94,Moderate,CO,True,Valid AQI,27.2,68,0.0,14.3,41,60.82,High trapping,General urban / semi-urban proxy,Proxy from station/city naming,15,20,23.7,1.7058823529411764,0.5862068965517241,1.625,0.9230769230769231,4.66,0.0,19.44,24.35,23.69,Biomass / fine-particle combustion,24.35,23.69,0.66,17.24,Low confidence,PM2.5-heavy fine-particle pattern; CO and stagnant-weather influence; high weather trapping,Partially aligned,"Medium priority: Prioritize open-burning control, biomass-combustion monitoring, fine-particle exposure advisories, and local source inspection.",2026-07-16 10:55:13
maharashtra__pimpri_chinchwad__savta_mali_nagar_pimpri_chinchwad_iitm,"Savta Mali Nagar, Pimpri-Chinchwad - IITM",Pimpri-Chinchwad,Maharashtra,18.614767,73.799516,2026-07-16 05:00:00,21.0,,18.0,,28.0,11.0,,364.85,Very Poor,CO,True,Valid AQI,27.2,68,0.0,14.3,41,60.82,High trapping,General urban / semi-urban proxy,Proxy from station/city naming,15,20,41.38,,,0.6428571428571429,0.6111111111111112,9.82,0.0,0.0,0.0,24.18,Photochemical smog,24.18,9.82,14.36,21.23,Low confidence,O3 and temperature-related signal; urban photochemical formation likelihood,Partially aligned,"High priority: Prioritize NOx/VOC precursor control, traffic-emission reduction, and ozone exposure advisories during sunny high-temperature periods.",2026-07-16 10:55:13
maharashtra__pimpri_chinchwad__thergaon_pimpri_chinchwad_mpcb,"Thergaon, Pimpri Chinchwad - MPCB",Pimpri-Chinchwad,Maharashtra,18.616318,73.765797,2026-07-16 05:00:00,52.0,74.0,7.0,1.0,20.0,10.0,5.0,317.99,Very Poor,CO,True,Valid AQI,27.2,68,0.0,14.3,41,60.82,High trapping,General urban / semi-urban proxy,Proxy from station/city naming,15,20,37.02,1.4230769230769231,0.7027027027027027,0.35,1.4285714285714286,5.47,4.34,23.93,31.23,22.64,Biomass / fine-particle combustion,31.23,23.93,7.3,24.05,Low confidence,PM2.5-heavy fine-particle pattern; CO and stagnant-weather influence; high weather trapping,Partially aligned,"High priority: Prioritize open-burning control, biomass-combustion monitoring, fine-particle exposure advisories, and local source inspection.",2026-07-16 10:55:13
maharashtra__pimpri_chinchwad__transport_nagar_nigdi_pune_iitm,"Transport Nagar-Nigdi, Pune - IITM",Pimpri-Chinchwad,Maharashtra,18.664282,73.763966,2026-07-16 05:00:00,22.0,48.0,18.0,,39.0,9.0,,431.51,Severe,CO,True,Valid AQI,27.1,70,0.1,14.5,47,55.54,Moderate trapping,General urban / semi-urban proxy,Proxy from station/city naming,15,20,45.38,2.1818181818181817,0.4583333333333333,0.46153846153846156,0.5,11.95,0.0,19.72,28.6,20.97,Biomass / fine-particle combustion,28.6,20.97,7.63,22.31,Low confidence,PM2.5-heavy fine-particle pattern; CO and stagnant-weather influence,Partially aligned,"High priority: Prioritize open-burning control, biomass-combustion monitoring, fine-particle exposure advisories, and local source inspection.",2026-07-16 10:55:13
maharashtra__pune__dhankawadi_pune_iitm,"Dhankawadi, Pune - IITM",Pune,Maharashtra,18.459883,73.852193,2026-07-16 05:00:00,29.0,58.0,23.0,,79.0,2.0,,500.0,Severe,CO,True,Valid AQI,26.3,72,0.0,14.1,25,61.05,High trapping,Dense urban proxy,Proxy from station/city naming,60,55,74.8,2.0,0.5,0.2911392405063291,0.08695652173913043,57.02,0.0,37.62,38.88,31.38,Vehicular traffic,57.02,38.88,18.14,45.36,Moderate confidence,elevated NO2/CO signal; road-density or urban-pressure influence; traffic/commercial land-use proxy,Aligned,"High priority: Prioritize traffic-flow management, public transport promotion, anti-idling enforcement, and congestion reduction near the station.",2026-07-16 10:55:13
maharashtra__pune__mhada_colony_pune_iitm,"Mhada Colony, Pune - IITM",Pune,Maharashtra,18.57304,73.927715,2026-07-16 05:00:00,42.0,73.0,36.0,,44.0,10.0,,462.64,Severe,CO,True,Valid AQI,28.1,65,0.0,14.1,29,58.88,Moderate trapping,Dense urban proxy,Proxy from station/city naming,60,55,70.41,1.7380952380952381,0.5753424657534246,0.8181818181818182,0.2777777777777778,53.52,0.0,38.89,33.47,36.26,Vehicular traffic,53.52,38.89,14.63,41.85,Moderate confidence,elevated NO2/CO signal; road-density or urban-pressure influence; traffic/commercial land-use proxy,Aligned,"High priority: Prioritize traffic-flow management, public transport promotion, anti-idling enforcement, and congestion reduction near the station.",2026-07-16 10:55:13
maharashtra__pune__panchawati_pashan_pune_iitm,"Panchawati_Pashan, Pune - IITM",Pune,Maharashtra,18.536457,73.805454,2026-07-16 05:00:00,28.0,54.0,9.0,,68.0,2.0,,500.0,Severe,CO,True,Valid AQI,27.2,70,0.0,14.9,42,60.57,High trapping,Dense urban proxy,Proxy from station/city naming,60,55,74.6,1.9285714285714286,0.5185185185185185,0.1323529411764706,0.2222222222222222,51.32,0.0,37.46,36.47,29.9,Vehicular traffic,51.32,37.46,13.86,40.08,Moderate confidence,elevated NO2/CO signal; road-density or urban-pressure influence; traffic/commercial land-use proxy,Aligned,"High priority: Prioritize traffic-flow management, public transport promotion, anti-idling enforcement, and congestion reduction near the station.",2026-07-16 10:55:13
maharashtra__pune__revenue_colony_shivajinagar_pune_iitm,"Revenue Colony-Shivajinagar, Pune - IITM",Pune,Maharashtra,18.530085,73.849598,2026-07-16 05:00:00,28.0,34.0,,19.0,17.0,13.0,,300.0,Poor,CO,True,Valid AQI,27.4,67,0.0,13.7,30,60.44,High trapping,Dense urban proxy,Proxy from station/city naming,60,55,55.92,1.2142857142857142,0.8235294117647058,,,0.0,0.0,33.8,29.02,0.0,Construction / road dust,33.8,29.02,4.78,25.09,Low confidence,PM10-heavy particulate pattern; road dust / coarse-particle likelihood,Partially aligned,"High priority: Prioritize road dust suppression, construction-site covering, mechanical sweeping, and enforcement of dust-control rules.",2026-07-16 10:55:13
maharashtra__pune__savitribai_phule_pune_university_pune_mpcb,"Savitribai Phule Pune University, Pune - MPCB",Pune,Maharashtra,18.547056,73.826908,2026-07-16 05:00:00,21.0,33.0,8.0,4.0,26.0,9.0,1.0,353.14,Very Poor,CO,True,Valid AQI,27.4,67,0.0,13.7,30,60.44,High trapping,Dense urban proxy,Proxy from station/city naming,60,55,60.87,1.5714285714285714,0.6363636363636364,0.3076923076923077,1.125,42.91,14.73,34.17,28.67,31.61,Vehicular traffic,42.91,34.17,8.74,32.66,Low confidence,elevated NO2/CO signal; road-density or urban-pressure influence; traffic/commercial land-use proxy,Aligned,"High priority: Prioritize traffic-flow management, public transport promotion, anti-idling enforcement, and congestion reduction near the station.",2026-07-16 10:55:13
maharashtra__sangli__vijay_nagar_sangli_mpcb,"Vijay Nagar, Sangli - MPCB",Sangli,Maharashtra,16.5038,74.3623,2026-07-16 05:00:00,32.0,55.0,2.0,7.0,13.0,17.0,0.0,242.61,Poor,CO,True,Valid AQI,27.0,70,0.0,16.8,30,55.93,Moderate trapping,General urban / semi-urban proxy,Proxy from station/city naming,15,20,27.96,1.71875,0.5818181818181818,0.15384615384615385,8.5,2.84,4.81,23.4,25.09,23.29,Biomass / fine-particle combustion,25.09,23.4,1.69,18.07,Low confidence,PM2.5-heavy fine-particle pattern; CO and stagnant-weather influence,Partially aligned,"High priority: Prioritize open-burning control, biomass-combustion monitoring, fine-particle exposure advisories, and local source inspection.",2026-07-16 10:55:13
maharashtra__solapur__dnyaneshwar_nagar_solapur_mpcb,"Dnyaneshwar Nagar, Solapur - MPCB",Solapur,Maharashtra,17.6336264,75.9132495,2026-07-16 05:00:00,33.0,43.0,10.0,2.0,7.0,8.0,9.0,162.41,Moderate,CO,True,Valid AQI,30.3,53,0.1,14.4,62,50.97,Moderate trapping,General urban / semi-urban proxy,Proxy from station/city naming,15,20,18.42,1.303030303030303,0.7674418604651163,1.4285714285714286,0.8,3.71,3.35,17.97,24.68,23.14,Biomass / fine-particle combustion,24.68,23.14,1.54,17.74,Low confidence,PM2.5-heavy fine-particle pattern; CO and stagnant-weather influence,Partially aligned,"Medium priority: Prioritize open-burning control, biomass-combustion monitoring, fine-particle exposure advisories, and local source inspection.",2026-07-16 10:55:13
maharashtra__solapur__ratandeep_housing_society_solapur_mpcb,"Ratandeep Housing Society, Solapur - MPCB",Solapur,Maharashtra,17.65439,75.90649,2026-07-16 05:00:00,33.0,45.0,,3.0,18.0,7.0,4.0,306.27,Very Poor,CO,True,Valid AQI,30.2,52,0.1,14.1,78,52.75,Moderate trapping,General urban / semi-urban proxy,Proxy from station/city naming,15,20,32.56,1.3636363636363635,0.7333333333333333,,,0.0,0.0,18.13,27.08,0.0,Biomass / fine-particle combustion,27.08,18.13,8.95,21.64,Low confidence,PM2.5-heavy fine-particle pattern; CO and stagnant-weather influence,Partially aligned,"High priority: Prioritize open-burning control, biomass-combustion monitoring, fine-particle exposure advisories, and local source inspection.",2026-07-16 10:55:13
maharashtra__thane__kasarvadavali_thane_mpcb,"Kasarvadavali, Thane - MPCB",Thane,Maharashtra,19.26777,72.97182,2026-07-16 05:00:00,23.0,57.0,10.0,3.0,15.0,68.0,0.0,271.3,Poor,CO,True,Valid AQI,28.9,77,0.0,11.2,66,72.24,High trapping,General urban / semi-urban proxy,Proxy from station/city naming,15,20,37.43,2.4782608695652173,0.40350877192982454,0.6666666666666666,6.8,5.26,4.9,22.09,28.58,32.14,Photochemical smog,32.14,28.58,3.56,23.57,Low confidence,O3 and temperature-related signal; urban photochemical formation likelihood,Partially aligned,"High priority: Prioritize NOx/VOC precursor control, traffic-emission reduction, and ozone exposure advisories during sunny high-temperature periods.",2026-07-16 10:55:13
maharashtra__thane__upvan_fort_thane_mpcb,"Upvan Fort, Thane - MPCB",Thane,Maharashtra,19.222279,72.957979,2026-07-16 05:00:00,23.0,33.0,,3.0,12.0,0.0,,228.26,Poor,CO,True,Valid AQI,29.1,75,0.0,11.1,31,68.18,High trapping,General urban / semi-urban proxy,Proxy from station/city naming,15,20,31.73,1.434782608695652,0.696969696969697,,,0.0,0.0,18.07,29.13,0.0,Biomass / fine-particle combustion,29.13,18.07,11.06,23.71,Low confidence,PM2.5-heavy fine-particle pattern; CO and stagnant-weather influence; high weather trapping,Partially aligned,"High priority: Prioritize open-burning control, biomass-combustion monitoring, fine-particle exposure advisories, and local source inspection.",2026-07-16 10:55:13
maharashtra__ulhasnagar__sidhi_vinayak_nagar_ulhasnagar_mpcb,"Sidhi Vinayak Nagar, Ulhasnagar - MPCB",Ulhasnagar,Maharashtra,19.235581,73.159121,2026-07-16 05:00:00,49.0,57.0,,7.0,23.0,13.0,3.0,335.56,Very Poor,CO,True,Valid AQI,30.4,65,0.0,13.1,33,61.09,High trapping,General urban / semi-urban proxy,Proxy from station/city naming,15,20,38.76,1.163265306122449,0.8596491228070176,,,0.0,0.0,21.2,32.98,0.0,Biomass / fine-particle combustion,32.98,21.2,11.78,26.62,Low confidence,PM2.5-heavy fine-particle pattern; CO and stagnant-weather influence; high weather trapping,Partially aligned,"High priority: Prioritize open-burning control, biomass-combustion monitoring, fine-particle exposure advisories, and local source inspection.",2026-07-16 10:55:13
maharashtra__ulhasnagar__vithalwadi_ulhasnagar_mpcb,"Vithalwadi, Ulhasnagar - MPCB",Ulhasnagar,Maharashtra,19.2307571,73.155192,2026-07-16 05:00:00,20.0,40.0,10.0,12.0,22.0,10.0,0.0,329.7,Very Poor,CO,True,Valid AQI,30.4,65,0.0,13.1,33,61.09,High trapping,General urban / semi-urban proxy,Proxy from station/city naming,15,20,38.22,2.0,0.5,0.45454545454545453,1.0,6.62,9.42,20.48,27.1,27.5,Photochemical smog,27.5,27.1,0.4,19.37,Low confidence,O3 and temperature-related signal; urban photochemical formation likelihood,Partially aligned,"High priority: Prioritize NOx/VOC precursor control, traffic-emission reduction, and ozone exposure advisories during sunny high-temperature periods.",2026-07-16 10:55:13
maharashtra__virar__bolinj_virar_mpcb,"Bolinj, Virar - MPCB",Virar,Maharashtra,19.445821,72.7988231,2026-07-16 05:00:00,39.0,78.0,15.0,3.0,26.0,23.0,9.0,353.14,Very Poor,CO,True,Valid AQI,28.6,75,0.0,14.4,22,61.31,High trapping,General urban / semi-urban proxy,Proxy from station/city naming,15,20,40.49,2.0,0.5,0.5769230769230769,1.5333333333333334,8.67,7.35,25.17,29.65,28.23,Biomass / fine-particle combustion,29.65,28.23,1.42,21.18,Low confidence,PM2.5-heavy fine-particle pattern; CO and stagnant-weather influence; high weather trapping,Partially aligned,"High priority: Prioritize open-burning control, biomass-combustion monitoring, fine-particle exposure advisories, and local source inspection.",2026-07-16 10:55:13
meghalaya__byrnihat__tamulikuchi_byrnihat_meghalaya_pcb,"Tamulikuchi, Byrnihat - Meghalaya PCB",Byrnihat,Meghalaya,26.079047,91.875185,2026-07-16 05:00:00,95.0,62.0,,,7.0,,0.0,214.66,Poor,PM2.5,True,Valid AQI,31.9,73,0.0,3.7,62,83.94,Very high trapping,General urban / semi-urban proxy,Proxy from station/city naming,15,20,37.04,0.6526315789473685,1.532258064516129,,,0.0,0.0,16.81,47.48,0.0,Biomass / fine-particle combustion,47.48,16.81,30.67,42.44,Moderate confidence,PM2.5-heavy fine-particle pattern; CO and stagnant-weather influence; high weather trapping,Partially aligned,"High priority: Prioritize open-burning control, biomass-combustion monitoring, fine-particle exposure advisories, and local source inspection.",2026-07-16 10:55:13
meghalaya__shillong__lumpyngngad_shillong_meghalaya_pcb,"Lumpyngngad, Shillong - Meghalaya PCB",Shillong,Meghalaya,25.5586,91.8985,2026-07-16 05:00:00,,,0.0,10.0,14.0,15.0,0.0,,Unknown,,False,Insufficient pollutants,23.8,70,0.1,9.0,75,68.3,High trapping,General urban / semi-urban proxy,Proxy from station/city naming,15,20,,,,0.0,,2.52,5.78,0.0,0.0,13.93,Photochemical smog,13.93,5.78,8.15,12.2,Low confidence,O3 and temperature-related signal; urban photochemical formation likelihood,Partially aligned,"Monitor: Prioritize NOx/VOC precursor control, traffic-emission reduction, and ozone exposure advisories during sunny high-temperature periods.",2026-07-16 10:55:13
mizoram__aizawl__sikulpuikawn_aizawl_mizoram_pcb,"Sikulpuikawn, Aizawl - Mizoram PCB",Aizawl,Mizoram,23.7176342,92.7192841,2026-07-16 05:00:00,,13.0,1.0,15.0,3.0,6.0,0.0,112.28,Moderate,CO,True,Valid AQI,26.5,64,0.0,7.7,34,70.59,High trapping,General urban / semi-urban proxy,Proxy from station/city naming,15,20,21.94,,,0.3333333333333333,6.0,0.64,6.29,0.0,0.0,20.77,Photochemical smog,20.77,6.29,14.48,18.88,Low confidence,O3 and temperature-related signal; urban photochemical formation likelihood,Partially aligned,"Medium priority: Prioritize NOx/VOC precursor control, traffic-emission reduction, and ozone exposure advisories during sunny high-temperature periods.",2026-07-16 10:55:13
nagaland__kohima__pwd_junction_kohima_npcb,"PWD Junction, Kohima - NPCB",Kohima,Nagaland,25.6635413,94.0989878,2026-07-16 05:00:00,1.0,,4.0,53.0,4.0,,1.0,124.81,Moderate,CO,True,Valid AQI,22.9,96,0.0,3.9,98,95.64,Very high trapping,Traffic / commercial proxy,Proxy from station/city naming,30,75,45.89,,,1.0,,34.44,24.45,0.0,0.0,0.0,Vehicular traffic,34.44,24.45,9.99,27.1,Low confidence,elevated NO2/CO signal; road-density or urban-pressure influence; traffic/commercial land-use proxy,Aligned,"Medium priority: Prioritize traffic-flow management, public transport promotion, anti-idling enforcement, and congestion reduction near the station.",2026-07-16 10:55:13
odisha__angul__hakimapada_angul_ospcb,"Hakimapada, Angul - OSPCB",Angul,Odisha,20.832874,85.104082,2026-07-16 05:00:00,32.0,70.0,20.0,24.0,64.0,14.0,3.0,500.0,Severe,CO,True,Valid AQI,27.1,89,0.1,20.1,100,57.69,Moderate trapping,General urban / semi-urban proxy,Proxy from station/city naming,15,20,52.66,2.1875,0.45714285714285713,0.3125,0.7,17.32,21.9,24.64,33.78,19.28,Biomass / fine-particle combustion,33.78,24.64,9.14,26.39,Low confidence,PM2.5-heavy fine-particle pattern; CO and stagnant-weather influence,Partially aligned,"High priority: Prioritize open-burning control, biomass-combustion monitoring, fine-particle exposure advisories, and local source inspection.",2026-07-16 10:55:13
odisha__balasore__kalidaspur_balasore_ospcb,"Kalidaspur, Balasore - OSPCB",Balasore,Odisha,21.51161,86.89088,2026-07-16 05:00:00,24.0,32.0,12.0,4.0,33.0,38.0,3.0,394.14,Very Poor,CO,True,Valid AQI,31.0,73,0.1,13.9,55,58.53,Moderate trapping,General urban / semi-urban proxy,Proxy from station/city naming,15,20,43.15,1.3333333333333333,0.75,0.36363636363636365,3.1666666666666665,9.26,8.25,16.59,30.65,28.88,Biomass / fine-particle combustion,30.65,28.88,1.77,21.99,Low confidence,PM2.5-heavy fine-particle pattern; CO and stagnant-weather influence,Partially aligned,"High priority: Prioritize open-burning control, biomass-combustion monitoring, fine-particle exposure advisories, and local source inspection.",2026-07-16 10:55:13
odisha__barbil__forest_office_barbil_ospcb,"Forest Office, Barbil - OSPCB",Barbil,Odisha,22.1166054,85.3945546,2026-07-16 05:00:00,41.0,76.0,5.0,12.0,19.0,26.0,2.0,312.13,Very Poor,CO,True,Valid AQI,28.0,76,0.0,11.9,98,73.8,High trapping,General urban / semi-urban proxy,Proxy from station/city naming,15,20,41.89,1.853658536585366,0.5394736842105263,0.2631578947368421,5.2,4.77,8.14,23.63,32.48,22.82,Biomass / fine-particle combustion,32.48,23.63,8.85,25.39,Low confidence,PM2.5-heavy fine-particle pattern; CO and stagnant-weather influence; high weather trapping,Partially aligned,"High priority: Prioritize open-burning control, biomass-combustion monitoring, fine-particle exposure advisories, and local source inspection.",2026-07-16 10:55:13
odisha__baripada__meher_colony_baripada_ospcb,"Meher Colony, Baripada - OSPCB",Baripada,Odisha,21.941841,86.728318,2026-07-16 05:00:00,29.0,36.0,15.0,10.0,4.0,25.0,2.0,124.81,Moderate,CO,True,Valid AQI,30.7,73,0.1,11.3,90,66.74,High trapping,General urban / semi-urban proxy,Proxy from station/city naming,15,20,21.5,1.2413793103448276,0.8055555555555556,3.75,1.6666666666666667,4.4,6.87,15.73,28.59,25.29,Biomass / fine-particle combustion,28.59,25.29,3.3,21.0,Low confidence,PM2.5-heavy fine-particle pattern; CO and stagnant-weather influence; high weather trapping,Partially aligned,"Medium priority: Prioritize open-burning control, biomass-combustion monitoring, fine-particle exposure advisories, and local source inspection.",2026-07-16 10:55:13
odisha__bhubaneswar__lingraj_mandir_bhubaneswar_ospcb,"Lingraj Mandir, Bhubaneswar - OSPCB",Bhubaneswar,Odisha,20.24079,85.836784,2026-07-16 05:00:00,64.0,60.0,22.0,4.0,41.0,26.0,4.0,443.96,Severe,CO,True,Valid AQI,26.1,94,0.3,23.7,97,40.21,Moderate trapping,General urban / semi-urban proxy,Proxy from station/city naming,15,20,40.15,0.9375,1.0666666666666667,0.5365853658536586,1.1818181818181819,13.36,11.11,18.52,31.94,15.11,Biomass / fine-particle combustion,31.94,18.52,13.42,26.38,Low confidence,PM2.5-heavy fine-particle pattern; CO and stagnant-weather influence,Partially aligned,"High priority: Prioritize open-burning control, biomass-combustion monitoring, fine-particle exposure advisories, and local source inspection.",2026-07-16 10:55:13
odisha__bhubaneswar__patia_bhubaneswar_ospcb,"Patia, Bhubaneswar - OSPCB",Bhubaneswar,Odisha,20.34652,85.8163,2026-07-16 05:00:00,37.0,65.0,10.0,12.0,47.0,44.0,2.0,481.32,Severe,CO,True,Valid AQI,25.8,95,0.4,21.1,100,39.34,Moderate trapping,General urban / semi-urban proxy,Proxy from station/city naming,15,20,43.26,1.7567567567567568,0.5692307692307692,0.2127659574468085,4.4,11.47,13.06,16.48,27.0,13.1,Biomass / fine-particle combustion,27.0,16.48,10.52,22.06,Low confidence,PM2.5-heavy fine-particle pattern; CO and stagnant-weather influence,Partially aligned,"High priority: Prioritize open-burning control, biomass-combustion monitoring, fine-particle exposure advisories, and local source inspection.",2026-07-16 10:55:13
odisha__bileipada__tata_township_bileipada_ospcb,"Tata Township, Bileipada - OSPCB",Bileipada,Odisha,22.06156703,85.47409613,2026-07-16 05:00:00,76.0,98.0,16.0,8.0,24.0,15.0,5.0,341.42,Very Poor,CO,True,Valid AQI,28.5,74,0.0,14.3,96,68.53,High trapping,General urban / semi-urban proxy,Proxy from station/city naming,15,20,42.41,1.2894736842105263,0.7755102040816326,0.6666666666666666,0.9375,8.53,9.17,26.34,37.01,23.4,Biomass / fine-particle combustion,37.01,26.34,10.67,29.11,Low confidence,PM2.5-heavy fine-particle pattern; CO and stagnant-weather influence; high weather trapping,Partially aligned,"High priority: Prioritize open-burning control, biomass-combustion monitoring, fine-particle exposure advisories, and local source inspection.",2026-07-16 10:55:13
odisha__brajrajnagar__gm_office_brajrajnagar_ospcb,"GM Office, Brajrajnagar - OSPCB",Brajrajnagar,Odisha,21.8004996,83.8396977,2026-07-16 05:00:00,25.0,35.0,23.0,24.0,28.0,42.0,4.0,364.85,Very Poor,CO,True,Valid AQI,28.6,80,0.0,8.3,98,81.79,Very high trapping,General urban / semi-urban proxy,Proxy from station/city naming,15,20,50.13,1.4,0.7142857142857143,0.8214285714285714,1.826086956521739,11.09,17.16,16.97,36.61,28.13,Biomass / fine-particle combustion,36.61,28.13,8.48,28.17,Low confidence,PM2.5-heavy fine-particle pattern; CO and stagnant-weather influence; high weather trapping,Partially aligned,"High priority: Prioritize open-burning control, biomass-combustion monitoring, fine-particle exposure advisories, and local source inspection.",2026-07-16 10:55:13
odisha__byasanagar__ferro_chrome_colony_byasanagar_ospcb,"Ferro Chrome Colony, Byasanagar - OSPCB",Byasanagar,Odisha,20.94185,86.1151,2026-07-16 05:00:00,,,,,23.0,31.0,,,Unknown,,False,Insufficient pollutants,28.1,92,0.0,10.6,95,81.74,Very high trapping,General urban / semi-urban proxy,Proxy from station/city naming,15,20,,,,,,0.0,0.0,0.0,0.0,0.0,Insufficient pollutant signal,0.0,0.0,0.0,0.0,Low confidence,insufficient source signal,Unknown,Monitor: Collect more pollutant and land-use data before assigning intervention.,2026-07-16 10:55:13
odisha__cuttack__cda_area_cuttack_ospcb,"CDA Area, Cuttack - OSPCB",Cuttack,Odisha,20.48891,85.84768,2026-07-16 05:00:00,57.0,78.0,30.0,13.0,55.0,47.0,8.0,500.0,Severe,CO,True,Valid AQI,25.8,95,0.1,23.1,100,54.47,Moderate trapping,Industrial / mixed urban proxy,Proxy from station/city naming,35,30,59.84,1.368421052631579,0.7307692307692307,0.5454545454545454,1.5666666666666667,26.07,41.64,31.28,25.18,27.2,Industrial combustion,41.64,31.28,10.36,32.26,Low confidence,SO2 and combustion-related pollutant influence; industrial land-use proxy,Aligned,"High priority: Prioritize industrial emission inspection, stack monitoring, fuel-quality checks, and enforcement near industrial clusters.",2026-07-16 10:55:13
odisha__keonjhar__jagamohanpur_keonjhar_ospcb,"Jagamohanpur, Keonjhar - OSPCB",Keonjhar,Odisha,21.6439,85.599355,2026-07-16 05:00:00,31.0,63.0,14.0,13.0,35.0,17.0,2.0,406.6,Severe,CO,True,Valid AQI,28.3,75,0.1,16.3,77,57.12,Moderate trapping,General urban / semi-urban proxy,Proxy from station/city naming,15,20,43.72,2.032258064516129,0.49206349206349204,0.4,1.2142857142857142,10.16,12.38,21.96,29.01,21.62,Biomass / fine-particle combustion,29.01,21.96,7.05,22.42,Low confidence,PM2.5-heavy fine-particle pattern; CO and stagnant-weather influence,Partially aligned,"High priority: Prioritize open-burning control, biomass-combustion monitoring, fine-particle exposure advisories, and local source inspection.",2026-07-16 10:55:13
odisha__rairangpur__divisional_forest_office_rairangpur_ospcb,"Divisional Forest Office, Rairangpur - OSPCB",Rairangpur,Odisha,22.265816,86.174829,2026-07-16 05:00:00,22.0,38.0,6.0,7.0,15.0,7.0,3.0,271.3,Poor,CO,True,Valid AQI,29.4,77,0.1,11.0,93,69.05,High trapping,General urban / semi-urban proxy,Proxy from station/city naming,15,20,36.1,1.7272727272727273,0.5789473684210527,0.4,1.1666666666666667,4.24,5.78,16.45,28.99,19.79,Biomass / fine-particle combustion,28.99,19.79,9.2,23.05,Low confidence,PM2.5-heavy fine-particle pattern; CO and stagnant-weather influence; high weather trapping,Partially aligned,"High priority: Prioritize open-burning control, biomass-combustion monitoring, fine-particle exposure advisories, and local source inspection.",2026-07-16 10:55:13
odisha__rourkela__fertilizer_township_rourkela_ospcb,"Fertilizer Township, Rourkela - OSPCB",Rourkela,Odisha,22.18972222,84.86277778,2026-07-16 05:00:00,64.0,58.0,11.0,11.0,18.0,,,306.27,Very Poor,CO,True,Valid AQI,29.8,80,0.0,7.6,35,76.76,High trapping,General urban / semi-urban proxy,Proxy from station/city naming,15,20,42.58,0.90625,1.103448275862069,0.6111111111111112,,6.1,8.62,18.48,40.53,0.0,Biomass / fine-particle combustion,40.53,18.48,22.05,34.99,Low confidence,PM2.5-heavy fine-particle pattern; CO and stagnant-weather influence; high weather trapping,Partially aligned,"High priority: Prioritize open-burning control, biomass-combustion monitoring, fine-particle exposure advisories, and local source inspection.",2026-07-16 10:55:13
odisha__rourkela__raghunathpali_rourkela_ospcb,"Raghunathpali, Rourkela - OSPCB",Rourkela,Odisha,22.220833,84.809444,2026-07-16 05:00:00,33.0,155.0,15.0,6.0,43.0,8.0,2.0,456.42,Severe,CO,True,Valid AQI,29.2,82,0.1,8.6,63,72.23,High trapping,General urban / semi-urban proxy,Proxy from station/city naming,15,20,54.66,4.696969696969697,0.2129032258064516,0.3488372093023256,0.5333333333333333,11.97,10.99,31.96,34.28,22.32,Biomass / fine-particle combustion,34.28,31.96,2.32,24.69,Low confidence,PM2.5-heavy fine-particle pattern; CO and stagnant-weather influence; high weather trapping,Partially aligned,"High priority: Prioritize open-burning control, biomass-combustion monitoring, fine-particle exposure advisories, and local source inspection.",2026-07-16 10:55:13
odisha__rourkela__sector_2_rourkela_ospcb,"Sector-2, Rourkela - OSPCB",Rourkela,Odisha,22.245,84.88111111,2026-07-16 05:00:00,53.0,57.0,11.0,,18.0,,,306.27,Very Poor,CO,True,Valid AQI,28.9,85,0.0,7.1,60,82.0,Very high trapping,Industrial / mixed urban proxy,Proxy from station/city naming,35,30,53.28,1.0754716981132075,0.9298245614035088,0.6111111111111112,,14.05,0.0,23.88,29.53,0.0,Biomass / fine-particle combustion,29.53,23.88,5.65,22.37,Low confidence,PM2.5-heavy fine-particle pattern; CO and stagnant-weather influence; high weather trapping,Not strongly aligned,"High priority: Prioritize open-burning control, biomass-combustion monitoring, fine-particle exposure advisories, and local source inspection.",2026-07-16 10:55:13
odisha__suakati__omc_colony_suakati_ospcb,"OMC Colony, Suakati - OSPCB",Suakati,Odisha,21.606865,85.510538,2026-07-16 05:00:00,42.0,88.0,18.0,3.0,8.0,16.0,3.0,174.94,Moderate,CO,True,Valid AQI,26.9,79,0.0,16.4,98,66.76,High trapping,General urban / semi-urban proxy,Proxy from station/city naming,15,20,26.18,2.0952380952380953,0.4772727272727273,2.25,0.8888888888888888,5.94,5.24,27.29,27.22,21.66,Construction / road dust,27.29,27.22,0.07,19.12,Low confidence,PM10-heavy particulate pattern; road dust / coarse-particle likelihood,Partially aligned,"Medium priority: Prioritize road dust suppression, construction-site covering, mechanical sweeping, and enforcement of dust-control rules.",2026-07-16 10:55:13
odisha__talcher__talcher_coalfields_talcher_ospcb,"Talcher Coalfields,Talcher - OSPCB",Talcher,Odisha,20.9360711,85.1707021,2026-07-16 05:00:00,,35.0,40.0,58.0,26.0,18.0,7.0,353.14,Very Poor,CO,True,Valid AQI,27.7,85,0.1,16.1,100,63.46,High trapping,General urban / semi-urban proxy,Proxy from station/city naming,15,20,41.39,,,1.5384615384615385,0.45,15.02,32.98,0.0,0.0,23.15,Industrial combustion,32.98,23.15,9.83,26.03,Low confidence,SO2 and combustion-related pollutant influence,Not strongly aligned,"High priority: Prioritize industrial emission inspection, stack monitoring, fuel-quality checks, and enforcement near industrial clusters.",2026-07-16 10:55:13
odisha__tensa__barsua_iron_ore_mines_tensa_ospcb,"Barsua Iron Ore Mines, Tensa - OSPCB",Tensa,Odisha,21.869985,85.167016,2026-07-16 05:00:00,27.0,55.0,,31.0,,,,55.0,Satisfactory,PM10,True,Valid AQI,26.0,80,0.0,12.3,100,74.75,High trapping,General urban / semi-urban proxy,Proxy from station/city naming,15,20,18.34,2.037037037037037,0.4909090909090909,,,0.0,0.0,21.79,0.0,0.0,Construction / road dust,21.79,0.0,21.79,21.79,Low confidence,PM10-heavy particulate pattern; road dust / coarse-particle likelihood,Partially aligned,"Monitor: Prioritize road dust suppression, construction-site covering, mechanical sweeping, and enforcement of dust-control rules.",2026-07-16 10:55:13
puducherry__puducherry__jawahar_nagar_puducherry_ppcc,"Jawahar Nagar, Puducherry - PPCC",Puducherry,Puducherry,11.9309,79.8027,2026-07-16 05:00:00,29.0,54.0,10.0,8.0,16.0,33.0,3.0,285.65,Poor,CO,True,Valid AQI,34.3,43,0.0,13.8,33,51.73,Moderate trapping,General urban / semi-urban proxy,Proxy from station/city naming,15,20,30.21,1.8620689655172413,0.5370370370370371,0.625,3.3,5.45,6.99,22.13,24.65,35.72,Photochemical smog,35.72,24.65,11.07,28.32,Low confidence,O3 and temperature-related signal; urban photochemical formation likelihood,Partially aligned,"High priority: Prioritize NOx/VOC precursor control, traffic-emission reduction, and ozone exposure advisories during sunny high-temperature periods.",2026-07-16 10:55:13
punjab__amritsar__golden_temple_amritsar_ppcb,"Golden Temple, Amritsar - PPCB",Amritsar,Punjab,31.62,74.876512,2026-07-16 05:00:00,99.0,106.0,16.0,13.0,29.0,39.0,7.0,370.71,Very Poor,CO,True,Valid AQI,33.3,59,0.0,2.3,3,75.43,High trapping,General urban / semi-urban proxy,Proxy from station/city naming,15,20,48.02,1.0707070707070707,0.9339622641509434,0.5517241379310345,2.4375,9.5,11.85,21.49,46.02,37.56,Biomass / fine-particle combustion,46.02,37.56,8.46,34.75,Low confidence,PM2.5-heavy fine-particle pattern; CO and stagnant-weather influence; high weather trapping,Partially aligned,"High priority: Prioritize open-burning control, biomass-combustion monitoring, fine-particle exposure advisories, and local source inspection.",2026-07-16 10:55:13
punjab__bathinda__hardev_nagar_bathinda_ppcb,"Hardev Nagar, Bathinda - PPCB",Bathinda,Punjab,30.233011,74.907758,2026-07-16 05:00:00,24.0,37.0,32.0,16.0,66.0,,,500.0,Severe,CO,True,Valid AQI,36.3,47,0.0,8.2,5,60.54,High trapping,General urban / semi-urban proxy,Proxy from station/city naming,15,20,53.85,1.5416666666666667,0.6486486486486487,0.48484848484848486,,20.76,21.11,17.33,38.11,0.0,Biomass / fine-particle combustion,38.11,21.11,17.0,31.78,Low confidence,PM2.5-heavy fine-particle pattern; CO and stagnant-weather influence; high weather trapping,Partially aligned,"High priority: Prioritize open-burning control, biomass-combustion monitoring, fine-particle exposure advisories, and local source inspection.",2026-07-16 10:55:13
punjab__jalandhar__civil_line_jalandhar_ppcb,"Civil Line, Jalandhar - PPCB",Jalandhar,Punjab,31.321907,75.578914,2026-07-16 05:00:00,46.0,77.0,32.0,14.0,41.0,45.0,4.0,443.96,Severe,CO,True,Valid AQI,33.6,57,0.0,2.7,1,73.77,High trapping,General urban / semi-urban proxy,Proxy from station/city naming,15,20,54.15,1.673913043478261,0.5974025974025974,0.7804878048780488,1.40625,15.9,16.69,19.34,39.78,40.92,Photochemical smog,40.92,39.78,1.14,28.99,Low confidence,O3 and temperature-related signal; urban photochemical formation likelihood,Partially aligned,"High priority: Prioritize NOx/VOC precursor control, traffic-emission reduction, and ozone exposure advisories during sunny high-temperature periods.",2026-07-16 10:55:13
punjab__khanna__kalal_majra_khanna_ppcb,"Kalal Majra, Khanna - PPCB",Khanna,Punjab,30.736056,76.209694,2026-07-16 05:00:00,44.0,70.0,28.0,15.0,45.0,24.0,7.0,468.87,Severe,CO,True,Valid AQI,33.4,61,0.0,5.5,12,71.27,High trapping,General urban / semi-urban proxy,Proxy from station/city naming,15,20,55.42,1.5909090909090908,0.6285714285714286,0.6222222222222222,0.8571428571428571,15.66,16.99,19.74,39.31,36.64,Biomass / fine-particle combustion,39.31,36.64,2.67,28.32,Low confidence,PM2.5-heavy fine-particle pattern; CO and stagnant-weather influence; high weather trapping,Partially aligned,"High priority: Prioritize open-burning control, biomass-combustion monitoring, fine-particle exposure advisories, and local source inspection.",2026-07-16 10:55:13
punjab__ludhiana__punjab_agricultural_university_ludhiana_ppcb,"Punjab Agricultural University, Ludhiana - PPCB",Ludhiana,Punjab,30.9028,75.8086,2026-07-16 05:00:00,92.0,106.0,32.0,11.0,25.0,71.0,7.0,347.28,Very Poor,CO,True,Valid AQI,34.2,54,0.0,4.6,3,69.43,High trapping,Dense urban proxy,Proxy from station/city naming,60,55,64.07,1.1521739130434783,0.8679245283018868,1.28,2.21875,48.82,21.38,37.38,42.0,53.44,Photochemical smog,53.44,48.82,4.62,38.79,Low confidence,O3 and temperature-related signal; urban photochemical formation likelihood,Partially aligned,"High priority: Prioritize NOx/VOC precursor control, traffic-emission reduction, and ozone exposure advisories during sunny high-temperature periods.",2026-07-16 10:55:13
punjab__mandi_gobindgarh__rimt_university_mandi_gobindgarh_ppcb,"RIMT University, Mandi Gobindgarh - PPCB",Mandi Gobindgarh,Punjab,30.649961,76.331442,2026-07-16 05:00:00,93.0,117.0,24.0,26.0,50.0,39.0,5.0,500.0,Severe,CO,True,Valid AQI,33.5,60,0.1,5.7,21,65.19,High trapping,Industrial / mixed urban proxy,Proxy from station/city naming,35,30,64.31,1.2580645161290323,0.7948717948717948,0.48,1.625,23.57,44.95,27.47,35.12,39.06,Industrial combustion,44.95,39.06,5.89,33.23,Low confidence,SO2 and combustion-related pollutant influence; industrial land-use proxy,Aligned,"High priority: Prioritize industrial emission inspection, stack monitoring, fuel-quality checks, and enforcement near industrial clusters.",2026-07-16 10:55:13
punjab__patiala__model_town_patiala_ppcb,"Model Town, Patiala - PPCB",Patiala,Punjab,30.349388,76.366642,2026-07-16 05:00:00,67.0,123.0,17.0,11.0,27.0,18.0,6.0,358.99,Very Poor,CO,True,Valid AQI,33.9,57,0.0,6.1,2,67.72,High trapping,General urban / semi-urban proxy,Proxy from station/city naming,15,20,43.71,1.835820895522388,0.5447154471544715,0.6296296296296297,1.0588235294117647,9.37,10.95,26.06,36.62,35.53,Biomass / fine-particle combustion,36.62,35.53,1.09,25.96,Low confidence,PM2.5-heavy fine-particle pattern; CO and stagnant-weather influence; high weather trapping,Partially aligned,"High priority: Prioritize open-burning control, biomass-combustion monitoring, fine-particle exposure advisories, and local source inspection.",2026-07-16 10:55:13
punjab__rupnagar__ratanpura_rupnagar_ambuja_cements,"Ratanpura, Rupnagar - Ambuja Cements",Rupnagar,Punjab,31.0325454,76.5623046,2026-07-16 05:00:00,106.0,68.0,27.0,12.0,50.0,,,500.0,Severe,CO,True,Valid AQI,33.9,57,0.0,2.7,4,74.07,High trapping,General urban / semi-urban proxy,Proxy from station/city naming,15,20,59.49,0.6415094339622641,1.5588235294117647,0.54,,16.38,16.38,16.99,54.94,0.0,Biomass / fine-particle combustion,54.94,16.99,37.95,49.84,Moderate confidence,PM2.5-heavy fine-particle pattern; CO and stagnant-weather influence; high weather trapping,Partially aligned,"High priority: Prioritize open-burning control, biomass-combustion monitoring, fine-particle exposure advisories, and local source inspection.",2026-07-16 10:55:13
rajasthan__ajmer__civil_lines_ajmer_rspcb,"Civil Lines,  Ajmer - RSPCB",Ajmer,Rajasthan,26.470859,74.646594,2026-07-16 05:00:00,88.0,109.0,39.0,4.0,17.0,15.0,5.0,300.0,Poor,CO,True,Valid AQI,30.9,57,0.0,16.1,5,49.92,Moderate trapping,General urban / semi-urban proxy,Proxy from station/city naming,15,20,30.79,1.2386363636363635,0.8073394495412844,2.2941176470588234,0.38461538461538464,13.02,10.5,28.28,32.09,33.93,Photochemical smog,33.93,32.09,1.84,24.3,Low confidence,O3 and temperature-related signal; urban photochemical formation likelihood,Partially aligned,"High priority: Prioritize NOx/VOC precursor control, traffic-emission reduction, and ozone exposure advisories during sunny high-temperature periods.",2026-07-16 10:55:13
rajasthan__alwar__moti_doongri_alwar_rspcb,"Moti Doongri, Alwar - RSPCB",Alwar,Rajasthan,27.554793,76.611536,2026-07-16 05:00:00,115.0,95.0,57.0,40.0,25.0,23.0,10.0,347.28,Very Poor,CO,True,Valid AQI,34.8,46,0.0,14.2,5,49.31,Moderate trapping,General urban / semi-urban proxy,Proxy from station/city naming,15,20,34.94,0.8260869565217391,1.2105263157894737,2.28,0.40350877192982454,19.15,28.71,25.36,39.71,42.32,Photochemical smog,42.32,39.71,2.61,30.41,Low confidence,O3 and temperature-related signal; urban photochemical formation likelihood,Partially aligned,"High priority: Prioritize NOx/VOC precursor control, traffic-emission reduction, and ozone exposure advisories during sunny high-temperature periods.",2026-07-16 10:55:13
rajasthan__banswara__rati_talai_banswara_rspcb,"Rati Talai, Banswara - RSPCB",Banswara,Rajasthan,23.55519,74.44001,2026-07-16 05:00:00,63.0,96.0,24.0,4.0,9.0,23.0,2.0,187.47,Moderate,CO,True,Valid AQI,30.5,63,0.0,11.4,16,61.73,High trapping,General urban / semi-urban proxy,Proxy from station/city naming,15,20,25.24,1.5238095238095237,0.65625,2.6666666666666665,0.9583333333333334,7.66,6.79,25.13,30.81,32.09,Photochemical smog,32.09,30.81,1.28,22.85,Low confidence,O3 and temperature-related signal; urban photochemical formation likelihood,Partially aligned,"Medium priority: Prioritize NOx/VOC precursor control, traffic-emission reduction, and ozone exposure advisories during sunny high-temperature periods.",2026-07-16 10:55:13
rajasthan__baran__bamboliya_baran_rspcb,"Bamboliya, Baran - RSPCB",Baran,Rajasthan,25.106006,76.469948,2026-07-16 05:00:00,48.0,98.0,19.0,12.0,36.0,30.0,5.0,412.83,Severe,CO,True,Valid AQI,33.5,52,0.0,14.9,9,50.65,Moderate trapping,General urban / semi-urban proxy,Proxy from station/city naming,15,20,41.6,2.0416666666666665,0.4897959183673469,0.5277777777777778,1.5789473684210527,11.63,12.98,27.62,29.69,36.62,Photochemical smog,36.62,29.69,6.93,27.71,Low confidence,O3 and temperature-related signal; urban photochemical formation likelihood,Partially aligned,"High priority: Prioritize NOx/VOC precursor control, traffic-emission reduction, and ozone exposure advisories during sunny high-temperature periods.",2026-07-16 10:55:13
rajasthan__barmer__railway_colony_barmer_rspcb,"Railway Colony, Barmer - RSPCB",Barmer,Rajasthan,25.747299,71.393989,2026-07-16 05:00:00,25.0,96.0,8.0,3.0,10.0,29.0,6.0,200.0,Moderate,CO,True,Valid AQI,32.2,54,0.0,13.3,7,54.08,Moderate trapping,Traffic / commercial proxy,Proxy from station/city naming,30,75,35.55,3.84,0.2604166666666667,0.8,3.625,36.62,6.56,42.11,11.76,36.25,Construction / road dust,42.11,36.62,5.49,31.12,Low confidence,PM10-heavy particulate pattern; road dust / coarse-particle likelihood; high road-density proxy,Partially aligned,"Medium priority: Prioritize road dust suppression, construction-site covering, mechanical sweeping, and enforcement of dust-control rules.",2026-07-16 10:55:13
rajasthan__bharatpur__krishna_nagar_bharatpur_rspcb,"Krishna Nagar, Bharatpur - RSPCB",Bharatpur,Rajasthan,27.215415,77.50873,2026-07-16 05:00:00,28.0,69.0,16.0,,12.0,26.0,8.0,228.26,Poor,CO,True,Valid AQI,34.9,50,0.0,12.8,4,53.22,Moderate trapping,General urban / semi-urban proxy,Proxy from station/city naming,15,20,25.49,2.4642857142857144,0.4057971014492754,1.3333333333333333,1.625,6.2,0.0,24.1,23.42,37.71,Photochemical smog,37.71,24.1,13.61,30.48,Low confidence,O3 and temperature-related signal; urban photochemical formation likelihood,Partially aligned,"High priority: Prioritize NOx/VOC precursor control, traffic-emission reduction, and ozone exposure advisories during sunny high-temperature periods.",2026-07-16 10:55:13
rajasthan__bhilwara__pratap_nagar_bhilwara_rspcb,"Pratap Nagar, Bhilwara - RSPCB",Bhilwara,Rajasthan,25.339605,74.618883,2026-07-16 05:00:00,51.0,104.0,14.0,7.0,38.0,33.0,5.0,425.28,Severe,CO,True,Valid AQI,31.2,57,0.0,10.9,14,60.23,High trapping,General urban / semi-urban proxy,Proxy from station/city naming,15,20,46.76,2.0392156862745097,0.49038461538461536,0.3684210526315789,2.357142857142857,10.74,10.48,26.45,33.7,33.23,Biomass / fine-particle combustion,33.7,33.23,0.47,23.73,Low confidence,PM2.5-heavy fine-particle pattern; CO and stagnant-weather influence; high weather trapping,Partially aligned,"High priority: Prioritize open-burning control, biomass-combustion monitoring, fine-particle exposure advisories, and local source inspection.",2026-07-16 10:55:13
rajasthan__bhiwadi__riico_ind_area_iii_bhiwadi_rspcb,"RIICO Ind. Area III, Bhiwadi - RSPCB",Bhiwadi,Rajasthan,28.194909,76.862296,2026-07-16 05:00:00,104.0,129.0,36.0,12.0,28.0,10.0,10.0,364.85,Very Poor,CO,True,Valid AQI,34.5,48,0.0,15.9,0,46.47,Moderate trapping,Industrial / mixed urban proxy,Proxy from station/city naming,35,30,43.91,1.2403846153846154,0.8062015503875969,1.2857142857142858,0.2777777777777778,22.35,38.34,35.86,25.1,41.31,Photochemical smog,41.31,38.34,2.97,29.81,Low confidence,O3 and temperature-related signal; urban photochemical formation likelihood,Partially aligned,"High priority: Prioritize NOx/VOC precursor control, traffic-emission reduction, and ozone exposure advisories during sunny high-temperature periods.",2026-07-16 10:55:13
rajasthan__bhiwadi__vasundhara_nagar_uit_bhiwadi_rspcb,"Vasundhara Nagar_UIT, Bhiwadi - RSPCB",Bhiwadi,Rajasthan,28.207266,76.829265,2026-07-16 05:00:00,69.0,100.0,17.0,8.0,17.0,25.0,7.0,300.0,Poor,CO,True,Valid AQI,34.5,48,0.0,15.9,0,46.47,Moderate trapping,General urban / semi-urban proxy,Proxy from station/city naming,15,20,29.35,1.4492753623188406,0.69,1.0,1.4705882352941178,7.43,8.32,27.5,28.41,37.38,Photochemical smog,37.38,28.41,8.97,28.86,Low confidence,O3 and temperature-related signal; urban photochemical formation likelihood,Partially aligned,"High priority: Prioritize NOx/VOC precursor control, traffic-emission reduction, and ozone exposure advisories during sunny high-temperature periods.",2026-07-16 10:55:13
rajasthan__bikaner__mm_ground_bikaner_rspcb,"MM Ground, Bikaner - RSPCB",Bikaner,Rajasthan,28.018792,73.292658,2026-07-16 05:00:00,29.0,141.0,12.0,6.0,14.0,35.0,5.0,256.96,Poor,CO,True,Valid AQI,35.9,40,0.0,12.4,1,49.96,Moderate trapping,General urban / semi-urban proxy,Proxy from station/city naming,15,20,26.8,4.862068965517241,0.20567375886524822,0.8571428571428571,2.9166666666666665,5.58,6.26,34.88,21.73,39.89,Photochemical smog,39.89,34.88,5.01,29.43,Low confidence,O3 and temperature-related signal; urban photochemical formation likelihood,Partially aligned,"High priority: Prioritize NOx/VOC precursor control, traffic-emission reduction, and ozone exposure advisories during sunny high-temperature periods.",2026-07-16 10:55:13
rajasthan__bundi__new_colony_bundi_rspcb,"New Colony, Bundi - RSPCB",Bundi,Rajasthan,25.435774,75.644272,2026-07-16 05:00:00,34.0,80.0,30.0,5.0,14.0,40.0,,256.96,Poor,CO,True,Valid AQI,33.1,53,0.0,13.4,28,55.63,Moderate trapping,General urban / semi-urban proxy,Proxy from station/city naming,15,20,29.17,2.3529411764705883,0.425,2.142857142857143,1.3333333333333333,10.15,8.92,25.41,25.05,37.97,Photochemical smog,37.97,25.41,12.56,30.35,Low confidence,O3 and temperature-related signal; urban photochemical formation likelihood,Partially aligned,"High priority: Prioritize NOx/VOC precursor control, traffic-emission reduction, and ozone exposure advisories during sunny high-temperature periods.",2026-07-16 10:55:13
rajasthan__chittorgarh__shastri_nagar_chittorgarh_rspcb,"Shastri Nagar, Chittorgarh - RSPCB",Chittorgarh,Rajasthan,24.892047,74.623527,2026-07-16 05:00:00,61.0,84.0,58.0,11.0,5.0,28.0,5.0,137.34,Moderate,CO,True,Valid AQI,30.7,59,0.0,10.6,18,61.91,High trapping,General urban / semi-urban proxy,Proxy from station/city naming,15,20,20.65,1.3770491803278688,0.7261904761904762,11.6,0.4827586206896552,15.52,14.69,23.27,30.56,37.28,Photochemical smog,37.28,30.56,6.72,28.11,Low confidence,O3 and temperature-related signal; urban photochemical formation likelihood,Partially aligned,"Medium priority: Prioritize NOx/VOC precursor control, traffic-emission reduction, and ozone exposure advisories during sunny high-temperature periods.",2026-07-16 10:55:13
rajasthan__churu__subash_chowk_churu_rspcb,"Subash Chowk, Churu - RSPCB",Churu,Rajasthan,28.296139,74.961696,2026-07-16 05:00:00,37.0,163.0,4.0,3.0,19.0,25.0,6.0,312.13,Very Poor,CO,True,Valid AQI,35.2,44,0.0,15.3,3,46.39,Moderate trapping,Traffic / commercial proxy,Proxy from station/city naming,30,75,42.78,4.405405405405405,0.22699386503067484,0.21052631578947367,6.25,37.35,7.19,51.0,12.16,39.2,Construction / road dust,51.0,39.2,11.8,39.24,Low confidence,PM10-heavy particulate pattern; road dust / coarse-particle likelihood; high road-density proxy,Partially aligned,"High priority: Prioritize road dust suppression, construction-site covering, mechanical sweeping, and enforcement of dust-control rules.",2026-07-16 10:55:13
rajasthan__dausa__khatikan_mohalla_dausa_rspcb,"Khatikan Mohalla, Dausa - RSPCB",Dausa,Rajasthan,26.895552,76.334753,2026-07-16 05:00:00,46.0,118.0,34.0,2.0,39.0,13.0,12.0,431.51,Severe,CO,True,Valid AQI,34.2,48,0.0,16.2,6,46.53,Moderate trapping,General urban / semi-urban proxy,Proxy from station/city naming,15,20,41.62,2.5652173913043477,0.3898305084745763,0.8717948717948718,0.38235294117647056,16.02,12.07,31.06,28.01,37.17,Photochemical smog,37.17,31.06,6.11,27.85,Low confidence,O3 and temperature-related signal; urban photochemical formation likelihood,Partially aligned,"High priority: Prioritize NOx/VOC precursor control, traffic-emission reduction, and ozone exposure advisories during sunny high-temperature periods.",2026-07-16 10:55:13
rajasthan__dholpur__raja_ganj_dholpur_rspcb,"Raja Ganj, Dholpur - RSPCB",Dholpur,Rajasthan,26.699557,77.898881,2026-07-16 05:00:00,49.0,40.0,12.0,5.0,21.0,19.0,5.0,323.85,Very Poor,CO,True,Valid AQI,35.2,47,0.0,15.9,5,46.6,Moderate trapping,General urban / semi-urban proxy,Proxy from station/city naming,15,20,31.63,0.8163265306122449,1.225,0.5714285714285714,1.5833333333333333,6.93,6.89,20.17,30.98,36.54,Photochemical smog,36.54,30.98,5.56,27.25,Low confidence,O3 and temperature-related signal; urban photochemical formation likelihood,Partially aligned,"High priority: Prioritize NOx/VOC precursor control, traffic-emission reduction, and ozone exposure advisories during sunny high-temperature periods.",2026-07-16 10:55:13
rajasthan__dungarpur__bhoiwada_dungarpur_rspcb,"Bhoiwada, Dungarpur - RSPCB",Dungarpur,Rajasthan,23.837789,73.714926,2026-07-16 05:00:00,42.0,47.0,12.0,9.0,30.0,31.0,12.0,376.57,Very Poor,CO,True,Valid AQI,30.6,61,0.0,11.5,26,61.81,High trapping,General urban / semi-urban proxy,Proxy from station/city naming,15,20,42.88,1.119047619047619,0.8936170212765957,0.4,2.5833333333333335,8.68,9.76,19.34,34.38,31.33,Biomass / fine-particle combustion,34.38,31.33,3.05,24.98,Low confidence,PM2.5-heavy fine-particle pattern; CO and stagnant-weather influence; high weather trapping,Partially aligned,"High priority: Prioritize open-burning control, biomass-combustion monitoring, fine-particle exposure advisories, and local source inspection.",2026-07-16 10:55:13
rajasthan__hanumangarh__housing_board_hanumangarh_rspcb,"Housing Board, Hanumangarh - RSPCB",Hanumangarh,Rajasthan,29.61075,74.283608,2026-07-16 05:00:00,29.0,96.0,5.0,5.0,17.0,54.0,10.0,300.0,Poor,CO,True,Valid AQI,36.4,41,0.0,11.5,0,51.86,Moderate trapping,General urban / semi-urban proxy,Proxy from station/city naming,15,20,31.6,3.310344827586207,0.3020833333333333,0.29411764705882354,10.8,4.38,5.12,27.55,23.7,42.38,Photochemical smog,42.38,27.55,14.83,34.12,Low confidence,O3 and temperature-related signal; urban photochemical formation likelihood,Partially aligned,"High priority: Prioritize NOx/VOC precursor control, traffic-emission reduction, and ozone exposure advisories during sunny high-temperature periods.",2026-07-16 10:55:13
rajasthan__jaipur__adarsh_nagar_jaipur_rspcb,"Adarsh Nagar, Jaipur - RSPCB",Jaipur,Rajasthan,26.902909,75.836858,2026-07-16 05:00:00,89.0,97.0,38.0,24.0,27.0,49.0,5.0,358.99,Very Poor,CO,True,Valid AQI,33.8,46,0.0,13.2,2,50.82,Moderate trapping,Dense urban proxy,Proxy from station/city naming,60,55,57.4,1.0898876404494382,0.9175257731958762,1.4074074074074074,1.2894736842105263,50.73,27.74,40.22,35.82,50.63,Vehicular traffic,50.73,50.63,0.1,35.54,Low confidence,elevated NO2/CO signal; road-density or urban-pressure influence; traffic/commercial land-use proxy,Aligned,"High priority: Prioritize traffic-flow management, public transport promotion, anti-idling enforcement, and congestion reduction near the station.",2026-07-16 10:55:13
rajasthan__jaipur__mansarovar_sector_12_jaipur_rspcb,"Mansarovar Sector-12, Jaipur - RSPCB",Jaipur,Rajasthan,26.843698,75.766894,2026-07-16 05:00:00,55.0,136.0,17.0,3.0,30.0,37.0,7.0,376.57,Very Poor,CO,True,Valid AQI,32.8,53,0.0,15.0,4,50.34,Moderate trapping,Industrial / mixed urban proxy,Proxy from station/city naming,70,65,63.72,2.4727272727272727,0.40441176470588236,0.5666666666666667,2.176470588235294,36.2,38.27,50.78,18.55,46.71,Construction / road dust,50.78,46.71,4.07,36.77,Low confidence,PM10-heavy particulate pattern; road dust / coarse-particle likelihood; high road-density proxy,Partially aligned,"High priority: Prioritize road dust suppression, construction-site covering, mechanical sweeping, and enforcement of dust-control rules.",2026-07-16 10:55:13
rajasthan__jaipur__police_commissionerate_jaipur_rspcb,"Police Commissionerate, Jaipur - RSPCB",Jaipur,Rajasthan,26.9164092,75.7994901,2026-07-16 05:00:00,95.0,106.0,52.0,19.0,43.0,28.0,10.0,456.42,Severe,CO,True,Valid AQI,33.8,46,0.0,13.2,2,50.82,Moderate trapping,Dense urban proxy,Proxy from station/city naming,60,55,66.47,1.1157894736842104,0.8962264150943396,1.2093023255813953,0.5384615384615384,57.4,30.5,41.22,39.41,49.45,Vehicular traffic,57.4,49.45,7.95,42.56,Moderate confidence,elevated NO2/CO signal; road-density or urban-pressure influence; traffic/commercial land-use proxy,Aligned,"High priority: Prioritize traffic-flow management, public transport promotion, anti-idling enforcement, and congestion reduction near the station.",2026-07-16 10:55:13
rajasthan__jaipur__riico_sitapura_jaipur_rspcb,"RIICO Sitapura, Jaipur - RSPCB",Jaipur,Rajasthan,26.786682,75.827928,2026-07-16 05:00:00,232.0,134.0,30.0,8.0,35.0,25.0,2.0,406.6,Severe,CO,True,Valid AQI,33.2,51,0.0,14.4,6,50.89,Moderate trapping,Dense urban proxy,Proxy from station/city naming,60,55,61.86,0.5775862068965517,1.7313432835820894,0.8571428571428571,0.8333333333333334,50.25,21.33,44.08,58.19,45.26,Biomass / fine-particle combustion,58.19,50.25,7.94,43.11,Moderate confidence,PM2.5-heavy fine-particle pattern; CO and stagnant-weather influence,Partially aligned,"High priority: Prioritize open-burning control, biomass-combustion monitoring, fine-particle exposure advisories, and local source inspection.",2026-07-16 10:55:13
rajasthan__jaipur__sector_2_murlipura_jaipur_rspcb,"Sector-2 Murlipura, Jaipur - RSPCB",Jaipur,Rajasthan,26.960669,75.771817,2026-07-16 05:00:00,70.0,139.0,23.0,3.0,53.0,36.0,5.0,500.0,Severe,CO,True,Valid AQI,33.3,48,0.0,13.6,15,52.13,Moderate trapping,Industrial / mixed urban proxy,Proxy from station/city naming,70,65,75.96,1.9857142857142858,0.5035971223021583,0.4339622641509434,1.565217391304348,42.19,42.64,49.82,26.09,47.42,Construction / road dust,49.82,47.42,2.4,35.59,Low confidence,PM10-heavy particulate pattern; road dust / coarse-particle likelihood; high road-density proxy,Partially aligned,"High priority: Prioritize road dust suppression, construction-site covering, mechanical sweeping, and enforcement of dust-control rules.",2026-07-16 10:55:13
rajasthan__jaipur__shastri_nagar_jaipur_rspcb,"Shastri Nagar, Jaipur - RSPCB",Jaipur,Rajasthan,26.9502929,75.730943,2026-07-16 05:00:00,97.0,117.0,26.0,20.0,39.0,37.0,9.0,431.51,Severe,CO,True,Valid AQI,32.6,52,0.0,13.9,8,52.36,Moderate trapping,Dense urban proxy,Proxy from station/city naming,60,55,64.79,1.2061855670103092,0.8290598290598291,0.6666666666666666,1.4230769230769231,50.01,25.9,42.85,38.59,45.58,Vehicular traffic,50.01,45.58,4.43,36.34,Low confidence,elevated NO2/CO signal; road-density or urban-pressure influence; traffic/commercial land-use proxy,Aligned,"High priority: Prioritize traffic-flow management, public transport promotion, anti-idling enforcement, and congestion reduction near the station.",2026-07-16 10:55:13
rajasthan__jaisalmer__sadar_bazar_jaisalmer_rspcb,"Sadar Bazar, Jaisalmer - RSPCB",Jaisalmer,Rajasthan,26.912329,70.909168,2026-07-16 05:00:00,43.0,127.0,11.0,2.0,12.0,26.0,15.0,228.26,Poor,CO,True,Valid AQI,33.3,49,0.0,14.9,1,48.75,Moderate trapping,General urban / semi-urban proxy,Proxy from station/city naming,15,20,23.63,2.953488372093023,0.33858267716535434,0.9166666666666666,2.3636363636363638,4.93,4.24,31.96,22.93,35.18,Photochemical smog,35.18,31.96,3.22,25.59,Low confidence,O3 and temperature-related signal; urban photochemical formation likelihood,Partially aligned,"High priority: Prioritize NOx/VOC precursor control, traffic-emission reduction, and ozone exposure advisories during sunny high-temperature periods.",2026-07-16 10:55:13
rajasthan__jalore__mudtra_sili_jalore_rspcb,"Mudtra Sili, Jalore - RSPCB",Jalore,Rajasthan,25.344694,72.626208,2026-07-16 05:00:00,36.0,85.0,11.0,2.0,14.0,36.0,3.0,256.96,Poor,CO,True,Valid AQI,32.3,55,0.0,14.5,2,51.78,Moderate trapping,General urban / semi-urban proxy,Proxy from station/city naming,15,20,27.56,2.361111111111111,0.4235294117647059,0.7857142857142857,3.272727272727273,5.32,4.54,26.46,24.04,35.27,Photochemical smog,35.27,26.46,8.81,27.33,Low confidence,O3 and temperature-related signal; urban photochemical formation likelihood,Partially aligned,"High priority: Prioritize NOx/VOC precursor control, traffic-emission reduction, and ozone exposure advisories during sunny high-temperature periods.",2026-07-16 10:55:13
rajasthan__jhalawar__rajlaxmi_nagar_jhalawar_rspcb,"Rajlaxmi Nagar, Jhalawar - RSPCB",Jhalawar,Rajasthan,24.588397,76.172782,2026-07-16 05:00:00,39.0,74.0,29.0,9.0,40.0,38.0,4.0,437.74,Severe,CO,True,Valid AQI,32.1,57,0.0,13.3,29,57.39,Moderate trapping,General urban / semi-urban proxy,Proxy from station/city naming,15,20,46.73,1.8974358974358974,0.527027027027027,0.725,1.3103448275862069,14.95,14.09,24.11,31.83,36.24,Photochemical smog,36.24,31.83,4.41,26.69,Low confidence,O3 and temperature-related signal; urban photochemical formation likelihood,Partially aligned,"High priority: Prioritize NOx/VOC precursor control, traffic-emission reduction, and ozone exposure advisories during sunny high-temperature periods.",2026-07-16 10:55:13
rajasthan__jhunjhunu__indra_nagar_jhunjhunu_rspcb,"Indra Nagar, Jhunjhunu - RSPCB",Jhunjhunu,Rajasthan,28.108988,75.386577,2026-07-16 05:00:00,58.0,131.0,6.0,3.0,10.0,33.0,7.0,200.0,Moderate,CO,True,Valid AQI,34.5,45,0.0,14.9,4,47.58,Moderate trapping,General urban / semi-urban proxy,Proxy from station/city naming,15,20,20.51,2.2586206896551726,0.44274809160305345,0.6,5.5,3.27,3.49,31.47,24.59,36.91,Photochemical smog,36.91,31.47,5.44,27.47,Low confidence,O3 and temperature-related signal; urban photochemical formation likelihood,Partially aligned,"Medium priority: Prioritize NOx/VOC precursor control, traffic-emission reduction, and ozone exposure advisories during sunny high-temperature periods.",2026-07-16 10:55:13
rajasthan__jodhpur__collectorate_jodhpur_rspcb,"Collectorate, Jodhpur - RSPCB",Jodhpur,Rajasthan,26.268249,73.0193853,2026-07-16 05:00:00,49.0,81.0,17.0,5.0,43.0,19.0,4.0,456.42,Severe,CO,True,Valid AQI,33.3,48,0.0,13.3,0,51.18,Moderate trapping,General urban / semi-urban proxy,Proxy from station/city naming,15,20,45.88,1.653061224489796,0.6049382716049383,0.3953488372093023,1.1176470588235294,12.48,10.94,24.54,32.49,35.01,Photochemical smog,35.01,32.49,2.52,25.26,Low confidence,O3 and temperature-related signal; urban photochemical formation likelihood,Partially aligned,"High priority: Prioritize NOx/VOC precursor control, traffic-emission reduction, and ozone exposure advisories during sunny high-temperature periods.",2026-07-16 10:55:13
rajasthan__jodhpur__digari_kalan_jodhpur_rspcb,"Digari Kalan, Jodhpur - RSPCB",Jodhpur,Rajasthan,26.29581,73.082283,2026-07-16 05:00:00,33.0,76.0,22.0,2.0,12.0,42.0,6.0,228.26,Poor,CO,True,Valid AQI,33.3,48,0.0,13.0,0,51.72,Moderate trapping,General urban / semi-urban proxy,Proxy from station/city naming,15,20,24.87,2.303030303030303,0.4342105263157895,1.8333333333333333,1.9090909090909092,7.73,6.11,24.73,23.73,38.89,Photochemical smog,38.89,24.73,14.16,31.47,Low confidence,O3 and temperature-related signal; urban photochemical formation likelihood,Partially aligned,"High priority: Prioritize NOx/VOC precursor control, traffic-emission reduction, and ozone exposure advisories during sunny high-temperature periods.",2026-07-16 10:55:13
rajasthan__jodhpur__jhalamand_jodhpur_rspcb,"Jhalamand, Jodhpur - RSPCB",Jodhpur,Rajasthan,26.215415,73.070156,2026-07-16 05:00:00,34.0,70.0,6.0,4.0,9.0,30.0,5.0,187.47,Moderate,CO,True,Valid AQI,33.0,50,0.0,13.9,0,50.83,Moderate trapping,General urban / semi-urban proxy,Proxy from station/city naming,15,20,20.7,2.0588235294117645,0.4857142857142857,0.6666666666666666,5.0,3.08,3.74,24.16,23.2,34.78,Photochemical smog,34.78,24.16,10.62,27.53,Low confidence,O3 and temperature-related signal; urban photochemical formation likelihood,Partially aligned,"Medium priority: Prioritize NOx/VOC precursor control, traffic-emission reduction, and ozone exposure advisories during sunny high-temperature periods.",2026-07-16 10:55:13
rajasthan__jodhpur__mandor_jodhpur_rspcb,"Mandor, Jodhpur - RSPCB",Jodhpur,Rajasthan,26.358805,73.047444,2026-07-16 05:00:00,38.0,89.0,5.0,3.0,14.0,47.0,,256.96,Poor,CO,True,Valid AQI,33.2,51,0.0,13.9,1,51.29,Moderate trapping,General urban / semi-urban proxy,Proxy from station/city naming,15,20,27.36,2.3421052631578947,0.42696629213483145,0.35714285714285715,9.4,3.8,3.91,26.59,24.29,37.26,Photochemical smog,37.26,26.59,10.67,29.28,Low confidence,O3 and temperature-related signal; urban photochemical formation likelihood,Partially aligned,"High priority: Prioritize NOx/VOC precursor control, traffic-emission reduction, and ozone exposure advisories during sunny high-temperature periods.",2026-07-16 10:55:13
rajasthan__jodhpur__samrat_ashok_udhyan_jodhpur_rspcb,"Samrat Ashok Udhyan, Jodhpur - RSPCB",Jodhpur,Rajasthan,26.253384,72.976571,2026-07-16 05:00:00,,,5.0,2.0,12.0,23.0,,,Unknown,,False,Insufficient pollutants,33.3,48,0.0,13.3,0,51.18,Moderate trapping,General urban / semi-urban proxy,Proxy from station/city naming,15,20,,,,0.4166666666666667,4.6,3.41,3.23,0.0,0.0,34.05,Photochemical smog,34.05,3.41,30.64,33.03,Low confidence,O3 and temperature-related signal; urban photochemical formation likelihood,Partially aligned,"Monitor: Prioritize NOx/VOC precursor control, traffic-emission reduction, and ozone exposure advisories during sunny high-temperature periods.",2026-07-16 10:55:13
rajasthan__karauli__satyawati_vihar_karauli_rspcb,"Satyawati Vihar, Karauli - RSPCB",Karauli,Rajasthan,26.506177,77.025989,2026-07-16 05:00:00,82.0,83.0,47.0,8.0,18.0,16.0,9.0,306.27,Very Poor,CO,True,Valid AQI,33.4,52,0.0,17.1,17,47.47,Moderate trapping,General urban / semi-urban proxy,Proxy from station/city naming,15,20,30.35,1.0121951219512195,0.9879518072289156,2.611111111111111,0.3404255319148936,15.25,13.55,25.62,32.12,37.67,Photochemical smog,37.67,32.12,5.55,28.03,Low confidence,O3 and temperature-related signal; urban photochemical formation likelihood,Partially aligned,"High priority: Prioritize NOx/VOC precursor control, traffic-emission reduction, and ozone exposure advisories during sunny high-temperature periods.",2026-07-16 10:55:13
rajasthan__khairthal__new_anaj_mandi_khairthal_rspcb,"New Anaj Mandi, Khairthal - RSPCB",Khairthal,Rajasthan,27.8015617,76.6365217,2026-07-16 05:00:00,94.0,122.0,6.0,4.0,18.0,18.0,3.0,306.27,Very Poor,CO,True,Valid AQI,34.2,49,0.0,16.8,1,45.31,Moderate trapping,General urban / semi-urban proxy,Proxy from station/city naming,15,20,29.45,1.297872340425532,0.7704918032786885,0.3333333333333333,3.0,4.83,5.05,30.08,31.34,34.56,Photochemical smog,34.56,31.34,3.22,25.16,Low confidence,O3 and temperature-related signal; urban photochemical formation likelihood,Partially aligned,"High priority: Prioritize NOx/VOC precursor control, traffic-emission reduction, and ozone exposure advisories during sunny high-temperature periods.",2026-07-16 10:55:13
rajasthan__kota__dhanmandi_kota_rspcb,"Dhanmandi, Kota - RSPCB",Kota,Rajasthan,25.16409,75.858137,2026-07-16 05:00:00,38.0,72.0,27.0,8.0,35.0,17.0,2.0,406.6,Severe,CO,True,Valid AQI,33.6,48,0.0,12.4,12,54.01,Moderate trapping,General urban / semi-urban proxy,Proxy from station/city naming,15,20,42.42,1.894736842105263,0.5277777777777778,0.7714285714285715,0.6296296296296297,13.47,12.64,23.48,30.12,35.78,Photochemical smog,35.78,30.12,5.66,26.74,Low confidence,O3 and temperature-related signal; urban photochemical formation likelihood,Partially aligned,"High priority: Prioritize NOx/VOC precursor control, traffic-emission reduction, and ozone exposure advisories during sunny high-temperature periods.",2026-07-16 10:55:13
rajasthan__kota__nayapura_kota_rspcb,"Nayapura, Kota - RSPCB",Kota,Rajasthan,25.196024,75.855668,2026-07-16 05:00:00,39.0,100.0,18.0,12.0,11.0,43.0,4.0,213.91,Poor,CO,True,Valid AQI,33.7,49,0.0,12.2,6,54.14,Moderate trapping,General urban / semi-urban proxy,Proxy from station/city naming,15,20,24.54,2.5641025641025643,0.39,1.6363636363636365,2.388888888888889,6.52,9.17,27.31,24.64,38.73,Photochemical smog,38.73,27.31,11.42,30.54,Low confidence,O3 and temperature-related signal; urban photochemical formation likelihood,Partially aligned,"High priority: Prioritize NOx/VOC precursor control, traffic-emission reduction, and ozone exposure advisories during sunny high-temperature periods.",2026-07-16 10:55:13
rajasthan__kota__shrinath_puram_kota_rspcb,"Shrinath Puram, Kota - RSPCB",Kota,Rajasthan,25.14389,75.821256,2026-07-16 05:00:00,68.0,72.0,18.0,8.0,24.0,10.0,5.0,341.42,Very Poor,CO,True,Valid AQI,33.6,48,0.0,12.4,12,54.01,Moderate trapping,General urban / semi-urban proxy,Proxy from station/city naming,15,20,36.36,1.0588235294117647,0.9444444444444444,0.75,0.5555555555555556,9.04,9.51,22.37,34.19,33.64,Biomass / fine-particle combustion,34.19,33.64,0.55,24.1,Low confidence,PM2.5-heavy fine-particle pattern; CO and stagnant-weather influence,Partially aligned,"High priority: Prioritize open-burning control, biomass-combustion monitoring, fine-particle exposure advisories, and local source inspection.",2026-07-16 10:55:13
rajasthan__nagaur__karni_colony_nagaur_rspcb,"Karni Colony, Nagaur - RSPCB",Nagaur,Rajasthan,27.213494,73.734444,2026-07-16 05:00:00,39.0,93.0,8.0,6.0,18.0,21.0,3.0,306.27,Very Poor,CO,True,Valid AQI,34.2,47,0.0,14.7,15,49.77,Moderate trapping,General urban / semi-urban proxy,Proxy from station/city naming,15,20,31.31,2.3846153846153846,0.41935483870967744,0.4444444444444444,2.625,5.33,6.16,27.44,24.55,34.54,Photochemical smog,34.54,27.44,7.1,26.31,Low confidence,O3 and temperature-related signal; urban photochemical formation likelihood,Partially aligned,"High priority: Prioritize NOx/VOC precursor control, traffic-emission reduction, and ozone exposure advisories during sunny high-temperature periods.",2026-07-16 10:55:13
rajasthan__pali__indira_colony_vistar_pali_rspcb,"Indira Colony Vistar, Pali - RSPCB",Pali,Rajasthan,25.771061,73.340227,2026-07-16 05:00:00,160.0,118.0,24.0,11.0,29.0,29.0,6.0,370.71,Very Poor,CO,True,Valid AQI,33.5,48,0.0,13.1,33,54.84,Moderate trapping,General urban / semi-urban proxy,Proxy from station/city naming,15,20,39.43,0.7375,1.3559322033898304,0.8275862068965517,1.2083333333333333,11.54,12.42,27.23,47.95,35.91,Biomass / fine-particle combustion,47.95,35.91,12.04,37.18,Low confidence,PM2.5-heavy fine-particle pattern; CO and stagnant-weather influence,Partially aligned,"High priority: Prioritize open-burning control, biomass-combustion monitoring, fine-particle exposure advisories, and local source inspection.",2026-07-16 10:55:13
rajasthan__pratapgarh__pragati_nagar_pratapgarh_rspcb,"Pragati Nagar, Pratapgarh - RSPCB",Pratapgarh,Rajasthan,24.041198,74.780702,2026-07-16 05:00:00,31.0,67.0,10.0,1.0,17.0,41.0,4.0,300.0,Poor,CO,True,Valid AQI,29.2,64,0.1,15.9,35,49.6,Moderate trapping,General urban / semi-urban proxy,Proxy from station/city naming,15,20,30.66,2.161290322580645,0.4626865671641791,0.5882352941176471,4.1,5.65,4.41,22.38,23.51,27.75,Photochemical smog,27.75,23.51,4.24,20.7,Low confidence,O3 and temperature-related signal; urban photochemical formation likelihood,Partially aligned,"High priority: Prioritize NOx/VOC precursor control, traffic-emission reduction, and ozone exposure advisories during sunny high-temperature periods.",2026-07-16 10:55:13
rajasthan__rajsamand__dhoinda_rajsamand_rspcb,"Dhoinda, Rajsamand - RSPCB",Rajsamand,Rajasthan,25.03636,73.883502,2026-07-16 05:00:00,38.0,83.0,6.0,4.0,31.0,46.0,8.0,382.43,Very Poor,CO,True,Valid AQI,30.7,58,0.0,8.6,24,65.76,High trapping,General urban / semi-urban proxy,Proxy from station/city naming,15,20,45.08,2.1842105263157894,0.4578313253012048,0.1935483870967742,7.666666666666667,7.35,6.94,23.34,32.63,32.91,Photochemical smog,32.91,32.63,0.28,23.12,Low confidence,O3 and temperature-related signal; urban photochemical formation likelihood,Partially aligned,"High priority: Prioritize NOx/VOC precursor control, traffic-emission reduction, and ozone exposure advisories during sunny high-temperature periods.",2026-07-16 10:55:13
rajasthan__sawai_madhopur__sahu_nagar_sawai_madhopur_rspcb,"Sahu Nagar, Sawai Madhopur - RSPCB",Sawai Madhopur,Rajasthan,26.031443,76.359327,2026-07-16 05:00:00,39.0,116.0,17.0,5.0,16.0,55.0,4.0,285.65,Poor,CO,True,Valid AQI,34.1,48,0.0,16.4,29,48.47,Moderate trapping,General urban / semi-urban proxy,Proxy from station/city naming,15,20,28.85,2.9743589743589745,0.33620689655172414,1.0625,3.235294117647059,7.23,7.01,31.48,22.85,39.66,Photochemical smog,39.66,31.48,8.18,30.22,Low confidence,O3 and temperature-related signal; urban photochemical formation likelihood,Partially aligned,"High priority: Prioritize NOx/VOC precursor control, traffic-emission reduction, and ozone exposure advisories during sunny high-temperature periods.",2026-07-16 10:55:13
rajasthan__sikar__radhakishan_pura_sikar_rspcb,"Radhakishan Pura, Sikar - RSPCB",Sikar,Rajasthan,27.608912,75.153302,2026-07-16 05:00:00,52.0,108.0,10.0,3.0,13.0,33.0,6.0,242.61,Poor,CO,True,Valid AQI,32.7,52,0.0,15.0,5,50.07,Moderate trapping,General urban / semi-urban proxy,Proxy from station/city naming,15,20,25.51,2.076923076923077,0.48148148148148145,0.7692307692307693,3.3,4.87,4.61,28.79,25.42,35.08,Photochemical smog,35.08,28.79,6.29,26.44,Low confidence,O3 and temperature-related signal; urban photochemical formation likelihood,Partially aligned,"High priority: Prioritize NOx/VOC precursor control, traffic-emission reduction, and ozone exposure advisories during sunny high-temperature periods.",2026-07-16 10:55:13
rajasthan__sri_ganganagar__old_city_sri_ganganagar_rspcb,"Old City, Sri Ganganagar - RSPCB",Sri Ganganagar,Rajasthan,29.931624,73.864511,2026-07-16 05:00:00,50.0,81.0,67.0,4.0,18.0,68.0,19.0,306.27,Very Poor,CO,True,Valid AQI,36.9,38,0.0,8.6,0,56.01,Moderate trapping,General urban / semi-urban proxy,Proxy from station/city naming,15,20,33.92,1.62,0.6172839506172839,3.7222222222222223,1.0149253731343284,20.33,15.39,22.37,30.1,52.87,Photochemical smog,52.87,30.1,22.77,43.84,Moderate confidence,O3 and temperature-related signal; urban photochemical formation likelihood,Partially aligned,"High priority: Prioritize NOx/VOC precursor control, traffic-emission reduction, and ozone exposure advisories during sunny high-temperature periods.",2026-07-16 10:55:13
rajasthan__tonk__shastri_nagar_tonk_rspcb,"Shastri Nagar, Tonk - RSPCB",Tonk,Rajasthan,26.159933,75.780517,2026-07-16 05:00:00,64.0,133.0,2.0,2.0,32.0,43.0,4.0,388.28,Very Poor,CO,True,Valid AQI,33.5,51,0.0,15.7,19,49.84,Moderate trapping,General urban / semi-urban proxy,Proxy from station/city naming,15,20,38.98,2.078125,0.48120300751879697,0.0625,21.5,6.53,5.63,31.81,30.16,35.8,Photochemical smog,35.8,31.81,3.99,26.26,Low confidence,O3 and temperature-related signal; urban photochemical formation likelihood,Partially aligned,"High priority: Prioritize NOx/VOC precursor control, traffic-emission reduction, and ozone exposure advisories during sunny high-temperature periods.",2026-07-16 10:55:13
rajasthan__udaipur__ashok_nagar_udaipur_rspcb,"Ashok Nagar, Udaipur - RSPCB",Udaipur,Rajasthan,24.5886166,73.6321397,2026-07-16 05:00:00,71.0,108.0,15.0,9.0,34.0,4.0,4.0,400.0,Very Poor,CO,True,Valid AQI,28.5,62,0.0,13.5,50,60.96,High trapping,General urban / semi-urban proxy,Proxy from station/city naming,15,20,44.71,1.5211267605633803,0.6574074074074074,0.4411764705882353,0.26666666666666666,10.22,10.85,27.37,35.85,24.02,Biomass / fine-particle combustion,35.85,27.37,8.48,27.64,Low confidence,PM2.5-heavy fine-particle pattern; CO and stagnant-weather influence; high weather trapping,Partially aligned,"High priority: Prioritize open-burning control, biomass-combustion monitoring, fine-particle exposure advisories, and local source inspection.",2026-07-16 10:55:13
sikkim__gangtok__zero_point_gici_gangtok_sspcb,"Zero Point GICI, Gangtok - SSPCB",Gangtok,Sikkim,27.33853,88.614099,2026-07-16 05:00:00,16.0,12.0,8.0,1.0,4.0,1.0,1.0,124.81,Moderate,CO,True,Valid AQI,22.4,77,0.0,4.2,44,82.71,Very high trapping,General urban / semi-urban proxy,Proxy from station/city naming,15,20,28.16,0.75,1.3333333333333333,2.0,0.125,2.62,2.18,11.77,36.65,15.23,Biomass / fine-particle combustion,36.65,15.23,21.42,32.08,Low confidence,PM2.5-heavy fine-particle pattern; CO and stagnant-weather influence; high weather trapping,Partially aligned,"Medium priority: Prioritize open-burning control, biomass-combustion monitoring, fine-particle exposure advisories, and local source inspection.",2026-07-16 10:55:13
tamil_nadu__chennai__arumbakkam_chennai_tnpcb,"Arumbakkam, Chennai - TNPCB",Chennai,Tamil Nadu,13.0664,80.2112,2026-07-16 05:00:00,47.0,99.0,19.0,4.0,,,4.0,99.0,Satisfactory,PM10,True,Valid AQI,34.9,39,0.0,12.6,99,59.03,Moderate trapping,Dense urban proxy,Proxy from station/city naming,60,55,36.62,2.106382978723404,0.47474747474747475,,,0.0,0.0,41.51,0.0,0.0,Construction / road dust,41.51,0.0,41.51,41.51,Moderate confidence,PM10-heavy particulate pattern; road dust / coarse-particle likelihood,Partially aligned,"Monitor: Prioritize road dust suppression, construction-site covering, mechanical sweeping, and enforcement of dust-control rules.",2026-07-16 10:55:13
tamil_nadu__chennai__kodungaiyur_chennai_tnpcb,"Kodungaiyur, Chennai - TNPCB",Chennai,Tamil Nadu,13.1278,80.2642,2026-07-16 05:00:00,65.0,80.0,13.0,6.0,31.0,30.0,4.0,382.43,Very Poor,CO,True,Valid AQI,35.4,36,0.0,12.5,99,58.11,Moderate trapping,Dense urban proxy,Proxy from station/city naming,60,55,62.62,1.2307692307692308,0.8125,0.41935483870967744,2.3076923076923075,45.15,17.09,38.25,35.27,41.96,Vehicular traffic,45.15,41.96,3.19,32.56,Low confidence,elevated NO2/CO signal; road-density or urban-pressure influence; traffic/commercial land-use proxy,Aligned,"High priority: Prioritize traffic-flow management, public transport promotion, anti-idling enforcement, and congestion reduction near the station.",2026-07-16 10:55:13
tamil_nadu__chennai__manali_village_chennai_tnpcb,"Manali Village, Chennai - TNPCB",Chennai,Tamil Nadu,13.1662,80.2584,2026-07-16 05:00:00,45.0,66.0,15.0,13.0,46.0,283.0,2.0,475.09,Severe,CO,True,Valid AQI,34.3,42,0.0,13.2,100,59.15,Moderate trapping,Dense urban proxy,Proxy from station/city naming,60,55,71.68,1.4666666666666666,0.6818181818181818,0.32608695652173914,18.866666666666667,48.57,22.33,37.37,35.22,76.52,Photochemical smog,76.52,48.57,27.95,61.95,Moderate confidence,O3 and temperature-related signal; urban photochemical formation likelihood,Partially aligned,"High priority: Prioritize NOx/VOC precursor control, traffic-emission reduction, and ozone exposure advisories during sunny high-temperature periods.",2026-07-16 10:55:13
tamil_nadu__chennai__perungudi_chennai_tnpcb,"Perungudi, Chennai - TNPCB",Chennai,Tamil Nadu,12.9533,80.2357,2026-07-16 05:00:00,61.0,187.0,6.0,5.0,32.0,2.0,0.0,388.28,Very Poor,CO,True,Valid AQI,34.6,41,0.0,13.5,99,58.14,Moderate trapping,Dense urban proxy,Proxy from station/city naming,60,55,63.18,3.0655737704918034,0.32620320855614976,0.1875,0.3333333333333333,43.57,15.66,52.7,31.3,36.09,Construction / road dust,52.7,43.57,9.13,39.63,Low confidence,PM10-heavy particulate pattern; road dust / coarse-particle likelihood,Partially aligned,"High priority: Prioritize road dust suppression, construction-site covering, mechanical sweeping, and enforcement of dust-control rules.",2026-07-16 10:55:13
tamil_nadu__chennai__royapuram_chennai_tnpcb,"Royapuram, Chennai - TNPCB",Chennai,Tamil Nadu,13.1036,80.2909,2026-07-16 05:00:00,40.0,53.0,14.0,5.0,53.0,31.0,4.0,500.0,Severe,CO,True,Valid AQI,35.4,36,0.0,12.5,99,58.11,Moderate trapping,Dense urban proxy,Proxy from station/city naming,60,55,73.57,1.325,0.7547169811320755,0.2641509433962264,2.2142857142857144,49.68,20.07,35.46,36.48,42.23,Vehicular traffic,49.68,42.23,7.45,37.01,Low confidence,elevated NO2/CO signal; road-density or urban-pressure influence; traffic/commercial land-use proxy,Aligned,"High priority: Prioritize traffic-flow management, public transport promotion, anti-idling enforcement, and congestion reduction near the station.",2026-07-16 10:55:13
tamil_nadu__chennai__velachery_res_area_chennai_cpcb,"Velachery Res. Area, Chennai - CPCB",Chennai,Tamil Nadu,13.0052189,80.2398125,2026-07-16 05:00:00,74.0,113.0,11.0,6.0,,9.0,3.0,145.38,Moderate,PM2.5,True,Valid AQI,35.7,35,0.0,13.2,98,56.38,Moderate trapping,Industrial / mixed urban proxy,Proxy from station/city naming,70,65,44.72,1.527027027027027,0.6548672566371682,,0.8181818181818182,0.0,0.0,46.22,0.0,40.99,Construction / road dust,46.22,40.99,5.23,33.92,Low confidence,PM10-heavy particulate pattern; road dust / coarse-particle likelihood; high road-density proxy,Partially aligned,"Medium priority: Prioritize road dust suppression, construction-site covering, mechanical sweeping, and enforcement of dust-control rules.",2026-07-16 10:55:13
tamil_nadu__coimbatore__sidco_kurichi_coimbatore_tnpcb,"SIDCO Kurichi, Coimbatore - TNPCB",Coimbatore,Tamil Nadu,10.942451,76.978996,2026-07-16 05:00:00,43.0,34.0,23.0,26.0,9.0,20.0,1.0,187.47,Moderate,CO,True,Valid AQI,29.7,59,0.0,15.8,100,60.7,High trapping,General urban / semi-urban proxy,Proxy from station/city naming,15,20,24.81,0.7906976744186046,1.2647058823529411,2.5555555555555554,0.8695652173913043,7.4,15.17,19.45,31.85,26.32,Biomass / fine-particle combustion,31.85,26.32,5.53,23.95,Low confidence,PM2.5-heavy fine-particle pattern; CO and stagnant-weather influence; high weather trapping,Partially aligned,"Medium priority: Prioritize open-burning control, biomass-combustion monitoring, fine-particle exposure advisories, and local source inspection.",2026-07-16 10:55:13
tamil_nadu__cuddalore__kudikadu_cuddalore_tnpcb,"Kudikadu, Cuddalore - TNPCB",Cuddalore,Tamil Nadu,11.6829898,79.7532099,2026-07-16 05:00:00,,,,,,9.0,,,Unknown,,False,Insufficient pollutants,33.6,48,0.0,4.8,28,69.36,High trapping,General urban / semi-urban proxy,Proxy from station/city naming,15,20,,,,,,0.0,0.0,0.0,0.0,0.0,Insufficient pollutant signal,0.0,0.0,0.0,0.0,Low confidence,insufficient source signal,Unknown,Monitor: Collect more pollutant and land-use data before assigning intervention.,2026-07-16 10:55:13
tamil_nadu__cuddalore__semmandalam_cuddalore_tnpcb,"Semmandalam, Cuddalore - TNPCB",Cuddalore,Tamil Nadu,11.7637683,79.7499835,2026-07-16 05:00:00,,59.0,,,,2.0,6.0,59.0,Satisfactory,PM10,True,Valid AQI,33.4,49,0.0,9.0,35,62.83,High trapping,General urban / semi-urban proxy,Proxy from station/city naming,15,20,13.74,,,,,0.0,0.0,0.0,0.0,0.0,Insufficient pollutant signal,0.0,0.0,0.0,0.0,Low confidence,insufficient source signal,Unknown,Monitor: Collect more pollutant and land-use data before assigning intervention.,2026-07-16 10:55:13
tamil_nadu__gummidipoondi__anthoni_pillai_nagar_gummidipoondi_tnpcb,"Anthoni Pillai Nagar, Gummidipoondi - TNPCB",Gummidipoondi,Tamil Nadu,13.4127,80.1081,2026-07-16 05:00:00,108.0,119.0,20.0,20.0,,,1.0,259.03,Poor,PM2.5,True,Valid AQI,33.8,47,0.0,11.0,97,64.67,High trapping,General urban / semi-urban proxy,Proxy from station/city naming,15,20,33.13,1.1018518518518519,0.907563025210084,,,0.0,0.0,26.87,0.0,0.0,Construction / road dust,26.87,0.0,26.87,26.87,Low confidence,PM10-heavy particulate pattern; road dust / coarse-particle likelihood,Partially aligned,"High priority: Prioritize road dust suppression, construction-site covering, mechanical sweeping, and enforcement of dust-control rules.",2026-07-16 10:55:13
tamil_nadu__madurai__uchapatti_madurai_tnpcb,"Uchapatti, Madurai - TNPCB",Madurai,Tamil Nadu,9.865935,78.022669,2026-07-16 05:00:00,,,,56.0,46.0,1.0,9.0,,Unknown,,False,Insufficient pollutants,35.2,35,0.0,9.7,99,62.81,High trapping,General urban / semi-urban proxy,Proxy from station/city naming,15,20,,,,,,0.0,0.0,0.0,0.0,0.0,Insufficient pollutant signal,0.0,0.0,0.0,0.0,Low confidence,insufficient source signal,Unknown,Monitor: Collect more pollutant and land-use data before assigning intervention.,2026-07-16 10:55:13
tamil_nadu__thoothukudi__meelavittan_thoothukudi_tnpcb,"Meelavittan, Thoothukudi - TNPCB",Thoothukudi,Tamil Nadu,8.816428,78.099039,2026-07-16 05:00:00,,80.0,18.0,12.0,30.0,30.0,,376.57,Very Poor,CO,True,Valid AQI,36.4,28,0.0,11.4,96,56.86,Moderate trapping,General urban / semi-urban proxy,Proxy from station/city naming,15,20,40.82,,,0.6,1.6666666666666667,10.21,11.94,0.0,0.0,35.84,Photochemical smog,35.84,11.94,23.9,32.26,Low confidence,O3 and temperature-related signal; urban photochemical formation likelihood,Partially aligned,"High priority: Prioritize NOx/VOC precursor control, traffic-emission reduction, and ozone exposure advisories during sunny high-temperature periods.",2026-07-16 10:55:13
telangana__hyderabad__central_university_hyderabad_tspcb,"Central University, Hyderabad - TSPCB",Hyderabad,Telangana,17.460103,78.334361,2026-07-16 05:00:00,21.0,23.0,24.0,8.0,2.0,10.0,4.0,100.0,Satisfactory,CO,True,Valid AQI,30.1,56,0.0,17.6,98,56.13,Moderate trapping,Dense urban proxy,Proxy from station/city naming,60,55,35.5,1.0952380952380953,0.9130434782608695,12.0,0.4166666666666667,42.32,15.51,34.22,24.06,33.83,Vehicular traffic,42.32,34.22,8.1,32.05,Low confidence,elevated NO2/CO signal; road-density or urban-pressure influence; traffic/commercial land-use proxy,Aligned,"Monitor: Prioritize traffic-flow management, public transport promotion, anti-idling enforcement, and congestion reduction near the station.",2026-07-16 10:55:13
telangana__hyderabad__ecil_kapra_hyderabad_tspcb,"ECIL Kapra, Hyderabad - TSPCB",Hyderabad,Telangana,17.470431,78.566959,2026-07-16 05:00:00,42.0,57.0,6.0,17.0,15.0,20.0,2.0,271.3,Poor,CO,True,Valid AQI,30.7,53,0.0,15.4,89,58.11,Moderate trapping,Dense urban proxy,Proxy from station/city naming,60,55,52.28,1.3571428571428572,0.7368421052631579,0.4,3.3333333333333335,40.27,17.85,37.25,28.52,34.17,Vehicular traffic,40.27,37.25,3.02,29.1,Low confidence,elevated NO2/CO signal; road-density or urban-pressure influence; traffic/commercial land-use proxy,Aligned,"High priority: Prioritize traffic-flow management, public transport promotion, anti-idling enforcement, and congestion reduction near the station.",2026-07-16 10:55:13
telangana__hyderabad__icrisat_patancheru_hyderabad_tspcb,"ICRISAT Patancheru, Hyderabad - TSPCB",Hyderabad,Telangana,17.5184,78.278777,2026-07-16 05:00:00,33.0,67.0,13.0,9.0,34.0,21.0,2.0,400.0,Very Poor,CO,True,Valid AQI,29.3,61,0.0,18.9,94,55.22,Moderate trapping,Dense urban proxy,Proxy from station/city naming,60,55,63.05,2.0303030303030303,0.4925373134328358,0.38235294117647056,1.6153846153846154,45.74,18.69,40.81,27.97,33.17,Vehicular traffic,45.74,40.81,4.93,33.5,Low confidence,elevated NO2/CO signal; road-density or urban-pressure influence; traffic/commercial land-use proxy,Aligned,"High priority: Prioritize traffic-flow management, public transport promotion, anti-idling enforcement, and congestion reduction near the station.",2026-07-16 10:55:13
telangana__hyderabad__ida_pashamylaram_hyderabad_tspcb,"IDA Pashamylaram, Hyderabad - TSPCB",Hyderabad,Telangana,17.5316895,78.218939,2026-07-16 05:00:00,32.0,53.0,30.0,14.0,7.0,19.0,2.0,162.41,Moderate,CO,True,Valid AQI,29.3,61,0.0,18.9,94,55.22,Moderate trapping,Dense urban proxy,Proxy from station/city naming,60,55,40.93,1.65625,0.6037735849056604,4.285714285714286,0.6333333333333333,44.81,19.58,38.8,23.43,35.04,Vehicular traffic,44.81,38.8,6.01,33.17,Low confidence,elevated NO2/CO signal; road-density or urban-pressure influence; traffic/commercial land-use proxy,Aligned,"Medium priority: Prioritize traffic-flow management, public transport promotion, anti-idling enforcement, and congestion reduction near the station.",2026-07-16 10:55:13
telangana__hyderabad__kokapet_hyderabad_tspcb,"Kokapet, Hyderabad - TSPCB",Hyderabad,Telangana,17.393559,78.339194,2026-07-16 05:00:00,47.0,60.0,13.0,9.0,23.0,17.0,3.0,335.56,Very Poor,CO,True,Valid AQI,30.4,55,0.0,17.3,95,56.01,Moderate trapping,Dense urban proxy,Proxy from station/city naming,60,55,57.38,1.2765957446808511,0.7833333333333333,0.5652173913043478,1.3076923076923077,43.6,17.09,38.32,29.99,33.95,Vehicular traffic,43.6,38.32,5.28,32.1,Low confidence,elevated NO2/CO signal; road-density or urban-pressure influence; traffic/commercial land-use proxy,Aligned,"High priority: Prioritize traffic-flow management, public transport promotion, anti-idling enforcement, and congestion reduction near the station.",2026-07-16 10:55:13
telangana__hyderabad__kompally_municipal_office_hyderabad_tspcb,"Kompally Municipal Office, Hyderabad - TSPCB",Hyderabad,Telangana,17.544899,78.486949,2026-07-16 05:00:00,38.0,57.0,13.0,9.0,13.0,12.0,3.0,242.61,Poor,CO,True,Valid AQI,29.3,60,0.0,17.7,98,57.42,Moderate trapping,Dense urban proxy,Proxy from station/city naming,60,55,49.32,1.5,0.6666666666666666,1.0,0.9230769230769231,41.66,15.63,38.48,26.51,31.69,Vehicular traffic,41.66,38.48,3.18,30.12,Low confidence,elevated NO2/CO signal; road-density or urban-pressure influence; traffic/commercial land-use proxy,Aligned,"High priority: Prioritize traffic-flow management, public transport promotion, anti-idling enforcement, and congestion reduction near the station.",2026-07-16 10:55:13
telangana__hyderabad__nacharam_tsiic_iala_hyderabad_tspcb,"Nacharam_TSIIC IALA, Hyderabad - TSPCB",Hyderabad,Telangana,17.429398,78.569354,2026-07-16 05:00:00,41.0,65.0,13.0,12.0,22.0,16.0,6.0,329.7,Very Poor,CO,True,Valid AQI,31.5,50,0.0,14.3,74,57.5,Moderate trapping,Dense urban proxy,Proxy from station/city naming,60,55,57.46,1.5853658536585367,0.6307692307692307,0.5909090909090909,1.2307692307692308,43.41,18.11,37.92,29.1,36.26,Vehicular traffic,43.41,37.92,5.49,32.03,Low confidence,elevated NO2/CO signal; road-density or urban-pressure influence; traffic/commercial land-use proxy,Aligned,"High priority: Prioritize traffic-flow management, public transport promotion, anti-idling enforcement, and congestion reduction near the station.",2026-07-16 10:55:13
telangana__hyderabad__new_malakpet_hyderabad_tspcb,"New Malakpet, Hyderabad - TSPCB",Hyderabad,Telangana,17.37206,78.50864,2026-07-16 05:00:00,40.0,57.0,16.0,11.0,24.0,15.0,3.0,341.42,Very Poor,CO,True,Valid AQI,31.5,50,0.0,14.3,74,57.5,Moderate trapping,Dense urban proxy,Proxy from station/city naming,60,55,58.55,1.425,0.7017543859649122,0.6666666666666666,0.9375,44.56,18.52,36.84,29.9,36.5,Vehicular traffic,44.56,36.84,7.72,33.51,Low confidence,elevated NO2/CO signal; road-density or urban-pressure influence; traffic/commercial land-use proxy,Aligned,"High priority: Prioritize traffic-flow management, public transport promotion, anti-idling enforcement, and congestion reduction near the station.",2026-07-16 10:55:13
telangana__hyderabad__ramachandrapuram_hyderabad_tspcb,"Ramachandrapuram, Hyderabad - TSPCB",Hyderabad,Telangana,17.528544,78.286195,2026-07-16 05:00:00,44.0,76.0,12.0,16.0,18.0,29.0,3.0,306.27,Very Poor,CO,True,Valid AQI,29.3,61,0.0,18.9,94,55.22,Moderate trapping,Dense urban proxy,Proxy from station/city naming,60,55,54.33,1.7272727272727273,0.5789473684210527,0.6666666666666666,2.4166666666666665,42.37,18.91,41.38,26.66,34.17,Vehicular traffic,42.37,41.38,0.99,29.96,Low confidence,elevated NO2/CO signal; road-density or urban-pressure influence; traffic/commercial land-use proxy,Aligned,"High priority: Prioritize traffic-flow management, public transport promotion, anti-idling enforcement, and congestion reduction near the station.",2026-07-16 10:55:13
telangana__hyderabad__sanathnagar_hyderabad_tspcb,"Sanathnagar, Hyderabad - TSPCB",Hyderabad,Telangana,17.4559458,78.4332152,2026-07-16 05:00:00,25.0,,36.0,9.0,39.0,22.0,,431.51,Severe,CO,True,Valid AQI,30.3,54,0.0,15.5,95,58.9,Moderate trapping,Dense urban proxy,Proxy from station/city naming,60,55,67.52,,,0.9230769230769231,0.6111111111111112,52.55,23.32,0.0,0.0,37.46,Vehicular traffic,52.55,37.46,15.09,41.31,Moderate confidence,elevated NO2/CO signal; road-density or urban-pressure influence; traffic/commercial land-use proxy,Aligned,"High priority: Prioritize traffic-flow management, public transport promotion, anti-idling enforcement, and congestion reduction near the station.",2026-07-16 10:55:13
telangana__hyderabad__somajiguda_hyderabad_tspcb,"Somajiguda, Hyderabad - TSPCB",Hyderabad,Telangana,17.417094,78.457437,2026-07-16 05:00:00,49.0,56.0,16.0,10.0,17.0,18.0,4.0,300.0,Poor,CO,True,Valid AQI,30.9,52,0.0,15.0,89,58.47,Moderate trapping,Dense urban proxy,Proxy from station/city naming,60,55,55.1,1.1428571428571428,0.875,0.9411764705882353,1.125,43.2,17.11,36.67,30.84,35.41,Vehicular traffic,43.2,36.67,6.53,32.2,Low confidence,elevated NO2/CO signal; road-density or urban-pressure influence; traffic/commercial land-use proxy,Aligned,"High priority: Prioritize traffic-flow management, public transport promotion, anti-idling enforcement, and congestion reduction near the station.",2026-07-16 10:55:13
telangana__hyderabad__zoo_park_hyderabad_tspcb,"Zoo Park, Hyderabad - TSPCB",Hyderabad,Telangana,17.349694,78.451437,2026-07-16 05:00:00,37.0,38.0,9.0,7.0,33.0,4.0,2.0,394.14,Very Poor,CO,True,Valid AQI,30.8,53,0.0,16.1,75,55.45,Moderate trapping,Dense urban proxy,Proxy from station/city naming,60,55,62.6,1.027027027027027,0.9736842105263158,0.2727272727272727,0.4444444444444444,44.52,17.09,35.07,32.38,33.12,Vehicular traffic,44.52,35.07,9.45,34.0,Low confidence,elevated NO2/CO signal; road-density or urban-pressure influence; traffic/commercial land-use proxy,Aligned,"High priority: Prioritize traffic-flow management, public transport promotion, anti-idling enforcement, and congestion reduction near the station.",2026-07-16 10:55:13
tripura__agartala__bardowali_agartala_tripura_spcb,"Bardowali, Agartala - Tripura SPCB",Agartala,Tripura,23.8175497,91.2726974,2026-07-16 05:00:00,51.0,81.0,19.0,9.0,24.0,13.0,0.0,341.42,Very Poor,CO,True,Valid AQI,32.2,68,0.0,17.3,10,52.29,Moderate trapping,General urban / semi-urban proxy,Proxy from station/city naming,15,20,35.64,1.588235294117647,0.6296296296296297,0.7916666666666666,0.6842105263157895,9.3,10.07,26.26,28.56,32.51,Photochemical smog,32.51,28.56,3.95,23.94,Low confidence,O3 and temperature-related signal; urban photochemical formation likelihood,Partially aligned,"High priority: Prioritize NOx/VOC precursor control, traffic-emission reduction, and ozone exposure advisories during sunny high-temperature periods.",2026-07-16 10:55:13
uttar_pradesh__agra__manoharpur_agra_uppcb,"Manoharpur, Agra - UPPCB",Agra,Uttar Pradesh,27.23711,78.01936,2026-07-16 05:00:00,106.0,81.0,30.0,18.0,22.0,5.0,1.0,329.7,Very Poor,CO,True,Valid AQI,35.1,50,0.0,11.5,6,55.77,Moderate trapping,Dense urban proxy,Proxy from station/city naming,60,55,56.74,0.7641509433962265,1.308641975308642,1.3636363636363635,0.16666666666666666,47.73,23.32,37.29,41.12,44.85,Vehicular traffic,47.73,44.85,2.88,34.27,Low confidence,elevated NO2/CO signal; road-density or urban-pressure influence; traffic/commercial land-use proxy,Aligned,"High priority: Prioritize traffic-flow management, public transport promotion, anti-idling enforcement, and congestion reduction near the station.",2026-07-16 10:55:13
uttar_pradesh__agra__rohta_agra_uppcb,"Rohta, Agra - UPPCB",Agra,Uttar Pradesh,27.106972,78.000111,2026-07-16 05:00:00,37.0,137.0,15.0,13.0,22.0,12.0,5.0,329.7,Very Poor,CO,True,Valid AQI,34.7,52,0.0,12.2,4,55.04,Moderate trapping,Dense urban proxy,Proxy from station/city naming,60,55,56.43,3.7027027027027026,0.27007299270072993,0.6818181818181818,0.8,43.91,18.84,47.56,25.92,43.53,Construction / road dust,47.56,43.91,3.65,34.39,Low confidence,PM10-heavy particulate pattern; road dust / coarse-particle likelihood,Partially aligned,"High priority: Prioritize road dust suppression, construction-site covering, mechanical sweeping, and enforcement of dust-control rules.",2026-07-16 10:55:13
uttar_pradesh__agra__sanjay_palace_agra_uppcb,"Sanjay Palace, Agra - UPPCB",Agra,Uttar Pradesh,27.19865833,78.00598056,2026-07-16 05:00:00,58.0,89.0,4.0,2.0,24.0,2.0,,341.42,Very Poor,CO,True,Valid AQI,35.0,49,0.0,10.9,5,56.39,Moderate trapping,Dense urban proxy,Proxy from station/city naming,60,55,58.09,1.5344827586206897,0.651685393258427,0.16666666666666666,0.5,41.51,12.99,38.9,31.94,41.05,Vehicular traffic,41.51,41.05,0.46,29.19,Low confidence,elevated NO2/CO signal; road-density or urban-pressure influence; traffic/commercial land-use proxy,Aligned,"High priority: Prioritize traffic-flow management, public transport promotion, anti-idling enforcement, and congestion reduction near the station.",2026-07-16 10:55:13
uttar_pradesh__agra__sector_3b_avas_vikas_colony_agra_uppcb,"Sector-3B Avas Vikas Colony, Agra - UPPCB",Agra,Uttar Pradesh,27.19412,77.96237,2026-07-16 05:00:00,63.0,88.0,35.0,21.0,17.0,14.0,10.0,300.0,Poor,CO,True,Valid AQI,35.0,49,0.0,10.9,5,56.39,Moderate trapping,Industrial / mixed urban proxy,Proxy from station/city naming,70,65,59.12,1.3968253968253967,0.7159090909090909,2.0588235294117645,0.4,38.26,46.43,42.31,21.57,48.5,Photochemical smog,48.5,46.43,2.07,34.57,Low confidence,O3 and temperature-related signal; urban photochemical formation likelihood,Partially aligned,"High priority: Prioritize NOx/VOC precursor control, traffic-emission reduction, and ozone exposure advisories during sunny high-temperature periods.",2026-07-16 10:55:13
uttar_pradesh__agra__shahjahan_garden_agra_uppcb,"Shahjahan Garden, Agra - UPPCB",Agra,Uttar Pradesh,27.169338,78.03582,2026-07-16 05:00:00,70.0,58.0,31.0,90.0,21.0,5.0,1.0,323.85,Very Poor,CO,True,Valid AQI,34.9,51,0.0,11.4,6,56.32,Moderate trapping,Dense urban proxy,Proxy from station/city naming,60,55,56.42,0.8285714285714286,1.206896551724138,1.4761904761904763,0.16129032258064516,47.79,51.35,34.84,36.53,44.73,Industrial combustion,51.35,47.79,3.56,37.01,Low confidence,SO2 and combustion-related pollutant influence,Not strongly aligned,"High priority: Prioritize industrial emission inspection, stack monitoring, fuel-quality checks, and enforcement near industrial clusters.",2026-07-16 10:55:13
uttar_pradesh__agra__shastripuram_agra_uppcb,"Shastripuram, Agra - UPPCB",Agra,Uttar Pradesh,27.19862,77.92066,2026-07-16 05:00:00,45.0,,26.0,11.0,14.0,34.0,3.0,256.96,Poor,CO,True,Valid AQI,34.4,54,0.0,11.5,3,56.94,Moderate trapping,Dense urban proxy,Proxy from station/city naming,60,55,50.45,,,1.8571428571428572,1.3076923076923077,45.16,18.76,0.0,0.0,47.7,Photochemical smog,47.7,45.16,2.54,34.15,Low confidence,O3 and temperature-related signal; urban photochemical formation likelihood,Partially aligned,"High priority: Prioritize NOx/VOC precursor control, traffic-emission reduction, and ozone exposure advisories during sunny high-temperature periods.",2026-07-16 10:55:13
uttar_pradesh__baghpat__sardar_patel_inter_college_baghpat_uppcb,"Sardar Patel Inter College, Baghpat - UPPCB",Baghpat,Uttar Pradesh,28.964949,77.278761,2026-07-16 05:00:00,51.0,108.0,20.0,6.0,14.0,17.0,2.0,256.96,Poor,CO,True,Valid AQI,33.7,60,0.0,9.7,6,62.7,High trapping,General urban / semi-urban proxy,Proxy from station/city naming,15,20,32.12,2.1176470588235294,0.4722222222222222,1.4285714285714286,0.85,7.61,7.62,26.45,29.8,35.31,Photochemical smog,35.31,29.8,5.51,26.37,Low confidence,O3 and temperature-related signal; urban photochemical formation likelihood,Partially aligned,"High priority: Prioritize NOx/VOC precursor control, traffic-emission reduction, and ozone exposure advisories during sunny high-temperature periods.",2026-07-16 10:55:13
uttar_pradesh__bareilly__civil_lines_bareilly_uppcb,"Civil Lines, Bareilly - UPPCB",Bareilly,Uttar Pradesh,28.359581,79.414455,2026-07-16 05:00:00,43.0,41.0,8.0,76.0,33.0,44.0,4.0,394.14,Very Poor,CO,True,Valid AQI,33.8,66,0.0,2.9,15,78.12,High trapping,General urban / semi-urban proxy,Proxy from station/city naming,15,20,51.32,0.9534883720930233,1.048780487804878,0.24242424242424243,5.5,8.25,35.57,14.58,42.23,37.28,Biomass / fine-particle combustion,42.23,37.28,4.95,31.05,Low confidence,PM2.5-heavy fine-particle pattern; CO and stagnant-weather influence; high weather trapping,Partially aligned,"High priority: Prioritize open-burning control, biomass-combustion monitoring, fine-particle exposure advisories, and local source inspection.",2026-07-16 10:55:13
uttar_pradesh__bareilly__rajendra_nagar_bareilly_uppcb,"Rajendra Nagar, Bareilly - UPPCB",Bareilly,Uttar Pradesh,28.38910936,79.42963708,2026-07-16 05:00:00,20.0,48.0,9.0,9.0,8.0,,1.0,174.94,Moderate,CO,True,Valid AQI,33.4,69,0.0,2.3,17,80.51,Very high trapping,General urban / semi-urban proxy,Proxy from station/city naming,15,20,31.91,2.4,0.4166666666666667,1.125,,3.65,6.04,16.99,31.08,0.0,Biomass / fine-particle combustion,31.08,16.99,14.09,25.98,Low confidence,PM2.5-heavy fine-particle pattern; CO and stagnant-weather influence; high weather trapping,Partially aligned,"Medium priority: Prioritize open-burning control, biomass-combustion monitoring, fine-particle exposure advisories, and local source inspection.",2026-07-16 10:55:13
uttar_pradesh__bulandshahr__yamunapuram_bulandshahr_uppcb,"Yamunapuram, Bulandshahr - UPPCB",Bulandshahr,Uttar Pradesh,28.406963,77.849831,2026-07-16 05:00:00,53.0,141.0,16.0,,32.0,15.0,6.0,388.28,Very Poor,CO,True,Valid AQI,34.0,56,0.0,11.3,3,58.04,Moderate trapping,General urban / semi-urban proxy,Proxy from station/city naming,15,20,42.4,2.660377358490566,0.375886524822695,0.5,0.9375,10.09,0.0,31.46,31.28,35.05,Photochemical smog,35.05,31.46,3.59,25.61,Low confidence,O3 and temperature-related signal; urban photochemical formation likelihood,Partially aligned,"High priority: Prioritize NOx/VOC precursor control, traffic-emission reduction, and ozone exposure advisories during sunny high-temperature periods.",2026-07-16 10:55:13
uttar_pradesh__firozabad__nagla_bhau_firozabad_uppcb,"Nagla Bhau, Firozabad - UPPCB",Firozabad,Uttar Pradesh,27.168897,78.37696,2026-07-16 05:00:00,51.0,73.0,17.0,36.0,21.0,9.0,2.0,323.85,Very Poor,CO,True,Valid AQI,34.8,51,0.0,11.5,11,56.64,Moderate trapping,General urban / semi-urban proxy,Proxy from station/city naming,15,20,35.82,1.4313725490196079,0.6986301369863014,0.8095238095238095,0.5294117647058824,8.21,19.79,22.57,30.88,34.95,Photochemical smog,34.95,30.88,4.07,25.69,Low confidence,O3 and temperature-related signal; urban photochemical formation likelihood,Partially aligned,"High priority: Prioritize NOx/VOC precursor control, traffic-emission reduction, and ozone exposure advisories during sunny high-temperature periods.",2026-07-16 10:55:13
uttar_pradesh__firozabad__vibhab_nagar_firozabad_uppcb,"Vibhab Nagar, Firozabad - UPPCB",Firozabad,Uttar Pradesh,27.1594,78.3953,2026-07-16 05:00:00,25.0,36.0,15.0,7.0,37.0,1.0,7.0,419.06,Severe,CO,True,Valid AQI,34.8,51,0.0,11.5,11,56.64,Moderate trapping,General urban / semi-urban proxy,Proxy from station/city naming,15,20,44.68,1.44,0.6944444444444444,0.40540540540540543,0.06666666666666667,10.8,10.51,18.58,31.2,33.57,Photochemical smog,33.57,31.2,2.37,24.21,Low confidence,O3 and temperature-related signal; urban photochemical formation likelihood,Partially aligned,"High priority: Prioritize NOx/VOC precursor control, traffic-emission reduction, and ozone exposure advisories during sunny high-temperature periods.",2026-07-16 10:55:13
uttar_pradesh__ghaziabad__govindpuram_ghaziabad_uppcb,"Govindpuram, Ghaziabad - UPPCB",Ghaziabad,Uttar Pradesh,28.694528,77.494705,2026-07-16 05:00:00,52.0,91.0,17.0,5.0,42.0,7.0,4.0,450.19,Severe,CO,True,Valid AQI,34.4,53,0.0,9.6,4,60.11,High trapping,Dense urban proxy,Proxy from station/city naming,60,55,69.77,1.75,0.5714285714285714,0.40476190476190477,0.4117647058823529,48.31,18.98,38.82,35.44,42.69,Vehicular traffic,48.31,42.69,5.62,35.5,Low confidence,elevated NO2/CO signal; road-density or urban-pressure influence; traffic/commercial land-use proxy,Aligned,"High priority: Prioritize traffic-flow management, public transport promotion, anti-idling enforcement, and congestion reduction near the station.",2026-07-16 10:55:13
uttar_pradesh__ghaziabad__indirapuram_ghaziabad_uppcb,"Indirapuram, Ghaziabad - UPPCB",Ghaziabad,Uttar Pradesh,28.646233,77.358075,2026-07-16 05:00:00,73.0,173.0,38.0,17.0,46.0,17.0,10.0,475.09,Severe,CO,True,Valid AQI,36.4,40,0.0,9.6,5,55.43,Moderate trapping,Dense urban proxy,Proxy from station/city naming,60,55,70.13,2.3698630136986303,0.42196531791907516,0.8260869565217391,0.4473684210526316,54.42,27.79,48.5,36.19,49.27,Vehicular traffic,54.42,49.27,5.15,39.64,Low confidence,elevated NO2/CO signal; road-density or urban-pressure influence; traffic/commercial land-use proxy,Aligned,"High priority: Prioritize traffic-flow management, public transport promotion, anti-idling enforcement, and congestion reduction near the station.",2026-07-16 10:55:13
uttar_pradesh__ghaziabad__loni_ghaziabad_uppcb,"Loni, Ghaziabad - UPPCB",Ghaziabad,Uttar Pradesh,28.757294,77.278792,2026-07-16 05:00:00,76.0,207.0,37.0,21.0,43.0,18.0,5.0,456.42,Severe,CO,True,Valid AQI,36.0,42,0.0,10.3,6,55.0,Moderate trapping,Dense urban proxy,Proxy from station/city naming,60,55,68.21,2.723684210526316,0.3671497584541063,0.8604651162790697,0.4864864864864865,53.58,28.74,52.96,35.26,48.73,Vehicular traffic,53.58,52.96,0.62,37.69,Low confidence,elevated NO2/CO signal; road-density or urban-pressure influence; traffic/commercial land-use proxy,Aligned,"High priority: Prioritize traffic-flow management, public transport promotion, anti-idling enforcement, and congestion reduction near the station.",2026-07-16 10:55:13
uttar_pradesh__ghaziabad__sanjay_nagar_ghaziabad_uppcb,"Sanjay Nagar, Ghaziabad - UPPCB",Ghaziabad,Uttar Pradesh,28.685382,77.453839,2026-07-16 05:00:00,79.0,185.0,47.0,15.0,34.0,10.0,15.0,400.0,Very Poor,CO,True,Valid AQI,34.4,53,0.0,9.6,4,60.11,High trapping,Dense urban proxy,Proxy from station/city naming,60,55,65.09,2.3417721518987342,0.42702702702702705,1.3823529411764706,0.2127659574468085,54.38,26.79,49.76,35.7,46.93,Vehicular traffic,54.38,49.76,4.62,39.45,Low confidence,elevated NO2/CO signal; road-density or urban-pressure influence; traffic/commercial land-use proxy,Aligned,"High priority: Prioritize traffic-flow management, public transport promotion, anti-idling enforcement, and congestion reduction near the station.",2026-07-16 10:55:13
uttar_pradesh__ghaziabad__vasundhara_ghaziabad_uppcb,"Vasundhara, Ghaziabad - UPPCB",Ghaziabad,Uttar Pradesh,28.6603346,77.3572563,2026-07-16 05:00:00,95.0,175.0,32.0,12.0,68.0,18.0,5.0,500.0,Severe,CO,True,Valid AQI,36.4,40,0.0,9.6,5,55.43,Moderate trapping,Dense urban proxy,Proxy from station/city naming,60,55,72.45,1.8421052631578947,0.5428571428571428,0.47058823529411764,0.5625,57.17,28.03,48.02,43.67,48.65,Vehicular traffic,57.17,48.65,8.52,42.58,Moderate confidence,elevated NO2/CO signal; road-density or urban-pressure influence; traffic/commercial land-use proxy,Aligned,"High priority: Prioritize traffic-flow management, public transport promotion, anti-idling enforcement, and congestion reduction near the station.",2026-07-16 10:55:13
uttar_pradesh__gorakhpur__madan_mohan_malaviya_university_of_technology_gorakhpur_uppcb,"Madan Mohan Malaviya University of Technology, Gorakhpur - UPPCB",Gorakhpur,Uttar Pradesh,26.730136,83.433859,2026-07-16 05:00:00,,75.0,11.0,42.0,5.0,36.0,1.0,137.34,Moderate,CO,True,Valid AQI,29.0,87,0.0,6.9,100,87.1,Very high trapping,General urban / semi-urban proxy,Proxy from station/city naming,15,20,31.16,,,2.2,3.272727272727273,3.57,18.78,0.0,0.0,26.17,Photochemical smog,26.17,18.78,7.39,20.54,Low confidence,O3 and temperature-related signal; urban photochemical formation likelihood,Partially aligned,"Medium priority: Prioritize NOx/VOC precursor control, traffic-emission reduction, and ozone exposure advisories during sunny high-temperature periods.",2026-07-16 10:55:13
uttar_pradesh__greater_noida__knowledge_park_iii_greater_noida_uppcb,"Knowledge Park - III, Greater Noida - UPPCB",Greater Noida,Uttar Pradesh,28.47272,77.482,2026-07-16 05:00:00,72.0,196.0,25.0,8.0,37.0,14.0,8.0,419.06,Severe,CO,True,Valid AQI,34.8,50,0.0,11.5,5,55.67,Moderate trapping,General urban / semi-urban proxy,Proxy from station/city naming,15,20,44.28,2.7222222222222223,0.3673469387755102,0.6756756756756757,0.56,13.35,12.59,37.57,33.57,36.98,Construction / road dust,37.57,36.98,0.59,26.48,Low confidence,PM10-heavy particulate pattern; road dust / coarse-particle likelihood,Partially aligned,"High priority: Prioritize road dust suppression, construction-site covering, mechanical sweeping, and enforcement of dust-control rules.",2026-07-16 10:55:13
uttar_pradesh__greater_noida__knowledge_park_v_greater_noida_uppcb,"Knowledge Park - V, Greater Noida - UPPCB",Greater Noida,Uttar Pradesh,28.557054,77.453663,2026-07-16 05:00:00,83.0,228.0,39.0,10.0,15.0,8.0,9.0,271.3,Poor,CO,True,Valid AQI,34.9,49,0.0,10.4,7,57.49,Moderate trapping,General urban / semi-urban proxy,Proxy from station/city naming,15,20,31.28,2.746987951807229,0.36403508771929827,2.6,0.20512820512820512,12.63,12.54,40.56,31.14,37.94,Construction / road dust,40.56,37.94,2.62,29.18,Low confidence,PM10-heavy particulate pattern; road dust / coarse-particle likelihood,Partially aligned,"High priority: Prioritize road dust suppression, construction-site covering, mechanical sweeping, and enforcement of dust-control rules.",2026-07-16 10:55:13
uttar_pradesh__hapur__anand_vihar_hapur_uppcb,"Anand Vihar, Hapur - UPPCB",Hapur,Uttar Pradesh,28.725645,77.749675,2026-07-16 05:00:00,65.0,117.0,12.0,17.0,,,1.0,114.66,Moderate,PM2.5,True,Valid AQI,33.8,57,0.0,10.0,0,60.46,High trapping,General urban / semi-urban proxy,Proxy from station/city naming,15,20,17.94,1.8,0.5555555555555556,,,0.0,0.0,27.13,0.0,0.0,Construction / road dust,27.13,0.0,27.13,27.13,Low confidence,PM10-heavy particulate pattern; road dust / coarse-particle likelihood,Partially aligned,"Medium priority: Prioritize road dust suppression, construction-site covering, mechanical sweeping, and enforcement of dust-control rules.",2026-07-16 10:55:13
uttar_pradesh__jhansi__shivaji_nagar_jhansi_uppcb,"Shivaji Nagar, Jhansi - UPPCB",Jhansi,Uttar Pradesh,25.4547,78.6039,2026-07-16 05:00:00,27.0,58.0,6.0,22.0,8.0,6.0,4.0,174.94,Moderate,CO,True,Valid AQI,33.5,56,0.0,14.4,100,62.13,High trapping,General urban / semi-urban proxy,Proxy from station/city naming,15,20,24.24,2.1481481481481484,0.46551724137931033,0.75,1.0,2.88,10.59,23.21,24.84,27.02,Photochemical smog,27.02,24.84,2.18,19.57,Low confidence,O3 and temperature-related signal; urban photochemical formation likelihood,Partially aligned,"Medium priority: Prioritize NOx/VOC precursor control, traffic-emission reduction, and ozone exposure advisories during sunny high-temperature periods.",2026-07-16 10:55:13
uttar_pradesh__kanpur__fti_kidwai_nagar_kanpur_uppcb,"FTI Kidwai Nagar, Kanpur - UPPCB",Kanpur,Uttar Pradesh,26.428282,80.327067,2026-07-16 05:00:00,56.0,75.0,27.0,30.0,35.0,11.0,3.0,406.6,Severe,CO,True,Valid AQI,34.4,53,0.0,12.8,30,56.92,Moderate trapping,Dense urban proxy,Proxy from station/city naming,60,55,64.38,1.3392857142857142,0.7466666666666667,0.7714285714285715,0.4074074074074074,49.49,29.38,37.99,34.25,43.23,Vehicular traffic,49.49,43.23,6.26,36.52,Low confidence,elevated NO2/CO signal; road-density or urban-pressure influence; traffic/commercial land-use proxy,Aligned,"High priority: Prioritize traffic-flow management, public transport promotion, anti-idling enforcement, and congestion reduction near the station.",2026-07-16 10:55:13
uttar_pradesh__kanpur__nsi_kalyanpur_kanpur_uppcb,"NSI Kalyanpur, Kanpur - UPPCB",Kanpur,Uttar Pradesh,26.509954,80.249612,2026-07-16 05:00:00,46.0,90.0,31.0,23.0,27.0,21.0,2.0,358.99,Very Poor,CO,True,Valid AQI,34.3,55,0.0,12.4,20,57.38,Moderate trapping,Dense urban proxy,Proxy from station/city naming,60,55,60.14,1.9565217391304348,0.5111111111111111,1.1481481481481481,0.6774193548387096,48.95,26.17,40.25,30.14,45.52,Vehicular traffic,48.95,45.52,3.43,35.29,Low confidence,elevated NO2/CO signal; road-density or urban-pressure influence; traffic/commercial land-use proxy,Aligned,"High priority: Prioritize traffic-flow management, public transport promotion, anti-idling enforcement, and congestion reduction near the station.",2026-07-16 10:55:13
uttar_pradesh__kanpur__nehru_nagar_kanpur_uppcb,"Nehru Nagar, Kanpur - UPPCB",Kanpur,Uttar Pradesh,26.4703136,80.3229863,2026-07-16 05:00:00,59.0,53.0,45.0,12.0,50.0,2.0,,500.0,Severe,CO,True,Valid AQI,34.7,51,0.0,12.0,21,56.73,Moderate trapping,Dense urban proxy,Proxy from station/city naming,60,55,72.99,0.8983050847457628,1.1132075471698113,0.9,0.044444444444444446,56.98,27.61,34.67,40.28,45.08,Vehicular traffic,56.98,45.08,11.9,43.46,Moderate confidence,elevated NO2/CO signal; road-density or urban-pressure influence; traffic/commercial land-use proxy,Aligned,"High priority: Prioritize traffic-flow management, public transport promotion, anti-idling enforcement, and congestion reduction near the station.",2026-07-16 10:55:13
uttar_pradesh__khora__prashant_garden_khora_uppcb,"Prashant Garden, Khora - UPPCB",Khora,Uttar Pradesh,28.61119,77.34206,2026-07-16 05:00:00,247.0,150.0,33.0,11.0,102.0,6.0,11.0,500.0,Severe,CO,True,Valid AQI,36.4,40,0.0,9.6,5,55.43,Moderate trapping,General urban / semi-urban proxy,Proxy from station/city naming,15,20,51.71,0.6072874493927125,1.6466666666666667,0.3235294117647059,0.18181818181818182,28.0,24.58,28.93,74.4,38.9,Biomass / fine-particle combustion,74.4,38.9,35.5,62.73,Moderate confidence,PM2.5-heavy fine-particle pattern; CO and stagnant-weather influence,Partially aligned,"High priority: Prioritize open-burning control, biomass-combustion monitoring, fine-particle exposure advisories, and local source inspection.",2026-07-16 10:55:13
uttar_pradesh__khurja__kalindi_kunj_khurja_uppcb,"Kalindi Kunj, Khurja - UPPCB",Khurja,Uttar Pradesh,28.2348927,77.8683002,2026-07-16 05:00:00,35.0,60.0,13.0,10.0,15.0,23.0,1.0,271.3,Poor,CO,True,Valid AQI,34.0,57,0.0,12.1,8,57.46,Moderate trapping,General urban / semi-urban proxy,Proxy from station/city naming,15,20,31.27,1.7142857142857142,0.5833333333333334,0.8666666666666667,1.7692307692307692,6.02,8.13,21.81,27.25,35.55,Photochemical smog,35.55,27.25,8.3,27.38,Low confidence,O3 and temperature-related signal; urban photochemical formation likelihood,Partially aligned,"High priority: Prioritize NOx/VOC precursor control, traffic-emission reduction, and ozone exposure advisories during sunny high-temperature periods.",2026-07-16 10:55:13
uttar_pradesh__lucknow__b_r_ambedkar_university_lucknow_uppcb,"B R Ambedkar University, Lucknow - UPPCB",Lucknow,Uttar Pradesh,26.766433,80.927299,2026-07-16 05:00:00,61.0,97.0,12.0,34.0,26.0,38.0,3.0,353.14,Very Poor,CO,True,Valid AQI,34.0,59,0.0,8.7,20,65.55,High trapping,Dense urban proxy,Proxy from station/city naming,60,55,63.0,1.5901639344262295,0.6288659793814433,0.46153846153846156,3.1666666666666665,43.93,27.08,38.85,35.27,45.13,Photochemical smog,45.13,43.93,1.2,31.95,Low confidence,O3 and temperature-related signal; urban photochemical formation likelihood,Partially aligned,"High priority: Prioritize NOx/VOC precursor control, traffic-emission reduction, and ozone exposure advisories during sunny high-temperature periods.",2026-07-16 10:55:13
uttar_pradesh__lucknow__gomti_nagar_lucknow_uppcb,"Gomti Nagar, Lucknow - UPPCB",Lucknow,Uttar Pradesh,26.86812,81.005119,2026-07-16 05:00:00,69.0,61.0,10.0,14.0,39.0,41.0,,431.51,Severe,CO,True,Valid AQI,33.9,61,0.0,5.4,18,72.05,High trapping,Dense urban proxy,Proxy from station/city naming,60,55,73.01,0.8840579710144928,1.1311475409836065,0.2564102564102564,4.1,45.94,20.86,32.53,44.66,45.27,Vehicular traffic,45.94,45.27,0.67,32.36,Low confidence,elevated NO2/CO signal; road-density or urban-pressure influence; traffic/commercial land-use proxy,Aligned,"High priority: Prioritize traffic-flow management, public transport promotion, anti-idling enforcement, and congestion reduction near the station.",2026-07-16 10:55:13
uttar_pradesh__lucknow__kendriya_vidyalaya_lucknow_cpcb,"Kendriya Vidyalaya, Lucknow - CPCB",Lucknow,Uttar Pradesh,26.906111,80.948222,2026-07-16 05:00:00,70.0,70.0,29.0,5.0,28.0,19.0,15.0,364.85,Very Poor,CO,True,Valid AQI,34.0,60,0.0,6.8,18,69.15,High trapping,Dense urban proxy,Proxy from station/city naming,60,55,65.59,1.0,1.0,1.0357142857142858,0.6551724137931034,48.64,18.97,34.29,40.64,44.7,Vehicular traffic,48.64,44.7,3.94,35.23,Low confidence,elevated NO2/CO signal; road-density or urban-pressure influence; traffic/commercial land-use proxy,Aligned,"High priority: Prioritize traffic-flow management, public transport promotion, anti-idling enforcement, and congestion reduction near the station.",2026-07-16 10:55:13
uttar_pradesh__lucknow__kukrail_picnic_spot_1_lucknow_uppcb,"Kukrail Picnic Spot-1, Lucknow - UPPCB",Lucknow,Uttar Pradesh,26.90723,80.98579,2026-07-16 05:00:00,61.0,82.0,35.0,8.0,16.0,14.0,6.0,285.65,Poor,CO,True,Valid AQI,33.9,61,0.0,5.4,18,72.05,High trapping,Dense urban proxy,Proxy from station/city naming,60,55,59.43,1.3442622950819672,0.7439024390243902,2.1875,0.4,47.83,19.41,35.41,36.54,44.63,Vehicular traffic,47.83,44.63,3.2,34.44,Low confidence,elevated NO2/CO signal; road-density or urban-pressure influence; traffic/commercial land-use proxy,Aligned,"High priority: Prioritize traffic-flow management, public transport promotion, anti-idling enforcement, and congestion reduction near the station.",2026-07-16 10:55:13
uttar_pradesh__lucknow__lalbagh_lucknow_cpcb,"Lalbagh, Lucknow - CPCB",Lucknow,Uttar Pradesh,26.8458805,80.9365541,2026-07-16 05:00:00,74.0,72.0,27.0,8.0,43.0,29.0,12.0,456.42,Severe,CO,True,Valid AQI,34.1,59,0.0,7.3,18,67.88,High trapping,Dense urban proxy,Proxy from station/city naming,60,55,73.59,0.972972972972973,1.0277777777777777,0.627906976744186,1.0740740740740742,51.04,21.99,34.69,43.74,45.99,Vehicular traffic,51.04,45.99,5.05,37.24,Low confidence,elevated NO2/CO signal; road-density or urban-pressure influence; traffic/commercial land-use proxy,Aligned,"High priority: Prioritize traffic-flow management, public transport promotion, anti-idling enforcement, and congestion reduction near the station.",2026-07-16 10:55:13
uttar_pradesh__lucknow__talkatora_district_industries_center_lucknow_cpcb,"Talkatora District Industries Center, Lucknow - CPCB",Lucknow,Uttar Pradesh,26.83399722,80.8917361,2026-07-16 05:00:00,80.0,77.0,22.0,8.0,33.0,14.0,7.0,394.14,Very Poor,CO,True,Valid AQI,34.1,59,0.0,7.3,18,67.88,High trapping,Dense urban proxy,Proxy from station/city naming,60,55,67.79,0.9625,1.0389610389610389,0.6666666666666666,0.6363636363636364,47.83,19.68,35.22,42.52,43.24,Vehicular traffic,47.83,43.24,4.59,34.86,Low confidence,elevated NO2/CO signal; road-density or urban-pressure influence; traffic/commercial land-use proxy,Aligned,"High priority: Prioritize traffic-flow management, public transport promotion, anti-idling enforcement, and congestion reduction near the station.",2026-07-16 10:55:13
uttar_pradesh__mathura__pali_dungra_mathura_uppcb,"Pali Dungra, Mathura - UPPCB",Mathura,Uttar Pradesh,27.410954,77.550619,2026-07-16 05:00:00,67.0,92.0,3.0,1.0,17.0,19.0,1.0,300.0,Poor,CO,True,Valid AQI,34.8,51,0.0,12.8,4,53.58,Moderate trapping,General urban / semi-urban proxy,Proxy from station/city naming,15,20,32.32,1.373134328358209,0.7282608695652174,0.17647058823529413,6.333333333333333,3.87,3.23,25.13,30.95,34.94,Photochemical smog,34.94,30.95,3.99,25.65,Low confidence,O3 and temperature-related signal; urban photochemical formation likelihood,Partially aligned,"High priority: Prioritize NOx/VOC precursor control, traffic-emission reduction, and ozone exposure advisories during sunny high-temperature periods.",2026-07-16 10:55:13
uttar_pradesh__meerut__ganga_nagar_meerut_uppcb,"Ganga Nagar, Meerut - UPPCB",Meerut,Uttar Pradesh,28.999264,77.7590354,2026-07-16 05:00:00,69.0,139.0,33.0,27.0,47.0,28.0,10.0,481.32,Severe,CO,True,Valid AQI,34.0,59,0.0,8.7,4,63.95,High trapping,General urban / semi-urban proxy,Proxy from station/city naming,15,20,53.53,2.0144927536231885,0.49640287769784175,0.7021276595744681,0.8484848484848485,17.32,22.79,29.2,38.83,39.0,Photochemical smog,39.0,38.83,0.17,27.35,Low confidence,O3 and temperature-related signal; urban photochemical formation likelihood,Partially aligned,"High priority: Prioritize NOx/VOC precursor control, traffic-emission reduction, and ozone exposure advisories during sunny high-temperature periods.",2026-07-16 10:55:13
uttar_pradesh__meerut__jai_bhim_nagar_meerut_uppcb,"Jai Bhim Nagar, Meerut - UPPCB",Meerut,Uttar Pradesh,28.9535882,77.7622941,2026-07-16 05:00:00,44.0,123.0,21.0,4.0,64.0,11.0,6.0,500.0,Severe,CO,True,Valid AQI,33.8,61,0.0,9.2,2,63.58,High trapping,General urban / semi-urban proxy,Proxy from station/city naming,15,20,55.11,2.7954545454545454,0.35772357723577236,0.328125,0.5238095238095238,17.57,14.29,28.74,38.27,34.92,Biomass / fine-particle combustion,38.27,34.92,3.35,27.79,Low confidence,PM2.5-heavy fine-particle pattern; CO and stagnant-weather influence; high weather trapping,Partially aligned,"High priority: Prioritize open-burning control, biomass-combustion monitoring, fine-particle exposure advisories, and local source inspection.",2026-07-16 10:55:13
uttar_pradesh__meerut__miet_college_meerut_uppcb,"MIET College, Meerut - UPPCB",Meerut,Uttar Pradesh,28.972677,77.641018,2026-07-16 05:00:00,262.0,158.0,33.0,7.0,44.0,7.0,8.0,462.64,Severe,CO,True,Valid AQI,33.6,62,0.0,9.0,4,64.51,High trapping,General urban / semi-urban proxy,Proxy from station/city naming,15,20,52.02,0.6030534351145038,1.6582278481012658,0.75,0.21212121212121213,16.74,14.58,29.51,67.22,35.53,Biomass / fine-particle combustion,67.22,35.53,31.69,56.56,Moderate confidence,PM2.5-heavy fine-particle pattern; CO and stagnant-weather influence; high weather trapping,Partially aligned,"High priority: Prioritize open-burning control, biomass-combustion monitoring, fine-particle exposure advisories, and local source inspection.",2026-07-16 10:55:13
uttar_pradesh__meerut__pallavpuram_phase_2_meerut_uppcb,"Pallavpuram Phase 2, Meerut - UPPCB",Meerut,Uttar Pradesh,29.06351,77.709723,2026-07-16 05:00:00,106.0,,37.0,13.0,21.0,10.0,15.0,323.85,Very Poor,CO,True,Valid AQI,33.6,63,0.0,8.6,5,65.7,High trapping,Industrial / mixed urban proxy,Proxy from station/city naming,35,30,48.12,,,1.7619047619047619,0.2702702702702703,21.24,37.88,0.0,0.0,40.04,Photochemical smog,40.04,37.88,2.16,28.68,Low confidence,O3 and temperature-related signal; urban photochemical formation likelihood,Partially aligned,"High priority: Prioritize NOx/VOC precursor control, traffic-emission reduction, and ozone exposure advisories during sunny high-temperature periods.",2026-07-16 10:55:13
uttar_pradesh__modinagar__srm_university_modinagar_uppcb,"SRM University, Modinagar - UPPCB",Modinagar,Uttar Pradesh,28.798171,77.540243,2026-07-16 05:00:00,,,28.0,12.0,29.0,,3.0,,Unknown,,False,Insufficient pollutants,33.5,59,0.0,10.4,2,60.67,High trapping,General urban / semi-urban proxy,Proxy from station/city naming,15,20,,,,0.9655172413793104,,12.56,13.49,0.0,0.0,0.0,Industrial combustion,13.49,12.56,0.93,9.72,Low confidence,SO2 and combustion-related pollutant influence,Not strongly aligned,"Monitor: Prioritize industrial emission inspection, stack monitoring, fuel-quality checks, and enforcement near industrial clusters.",2026-07-16 10:55:13
uttar_pradesh__moradabad__buddhi_vihar_moradabad_uppcb,"Buddhi Vihar, Moradabad - UPPCB",Moradabad,Uttar Pradesh,28.83526,78.7446,2026-07-16 05:00:00,40.0,76.0,29.0,25.0,31.0,32.0,5.0,382.43,Very Poor,CO,True,Valid AQI,33.8,66,0.0,3.1,11,77.36,High trapping,General urban / semi-urban proxy,Proxy from station/city naming,15,20,49.92,1.9,0.5263157894736842,0.9354838709677419,1.103448275862069,13.2,19.01,19.71,37.49,38.46,Photochemical smog,38.46,37.49,0.97,27.21,Low confidence,O3 and temperature-related signal; urban photochemical formation likelihood,Partially aligned,"High priority: Prioritize NOx/VOC precursor control, traffic-emission reduction, and ozone exposure advisories during sunny high-temperature periods.",2026-07-16 10:55:13
uttar_pradesh__moradabad__eco_herbal_park_moradabad_uppcb,"Eco Herbal Park, Moradabad - UPPCB",Moradabad,Uttar Pradesh,28.840739,78.697531,2026-07-16 05:00:00,47.0,72.0,25.0,14.0,20.0,19.0,11.0,317.99,Very Poor,CO,True,Valid AQI,33.8,66,0.0,4.5,13,75.02,High trapping,General urban / semi-urban proxy,Proxy from station/city naming,15,20,42.94,1.5319148936170213,0.6527777777777778,1.25,0.76,10.05,12.45,19.42,36.11,36.01,Biomass / fine-particle combustion,36.11,36.01,0.1,25.31,Low confidence,PM2.5-heavy fine-particle pattern; CO and stagnant-weather influence; high weather trapping,Partially aligned,"High priority: Prioritize open-burning control, biomass-combustion monitoring, fine-particle exposure advisories, and local source inspection.",2026-07-16 10:55:13
uttar_pradesh__moradabad__employment_office_moradabad_uppcb,"Employment Office, Moradabad - UPPCB",Moradabad,Uttar Pradesh,28.88528,78.7388,2026-07-16 05:00:00,60.0,83.0,23.0,28.0,18.0,31.0,3.0,306.27,Very Poor,CO,True,Valid AQI,33.8,66,0.0,3.1,11,77.36,High trapping,General urban / semi-urban proxy,Proxy from station/city naming,15,20,42.83,1.3833333333333333,0.7228915662650602,1.2777777777777777,1.3478260869565217,9.15,17.26,19.78,38.52,37.55,Biomass / fine-particle combustion,38.52,37.55,0.97,27.26,Low confidence,PM2.5-heavy fine-particle pattern; CO and stagnant-weather influence; high weather trapping,Partially aligned,"High priority: Prioritize open-burning control, biomass-combustion monitoring, fine-particle exposure advisories, and local source inspection.",2026-07-16 10:55:13
uttar_pradesh__moradabad__jigar_colony_moradabad_uppcb,"Jigar Colony, Moradabad - UPPCB",Moradabad,Uttar Pradesh,28.856664,78.772638,2026-07-16 05:00:00,42.0,87.0,25.0,38.0,40.0,20.0,6.0,437.74,Severe,CO,True,Valid AQI,33.8,66,0.0,3.1,11,77.36,High trapping,General urban / semi-urban proxy,Proxy from station/city naming,15,20,55.07,2.0714285714285716,0.4827586206896552,0.625,0.8,13.93,24.69,21.13,39.14,36.25,Biomass / fine-particle combustion,39.14,36.25,2.89,28.26,Low confidence,PM2.5-heavy fine-particle pattern; CO and stagnant-weather influence; high weather trapping,Partially aligned,"High priority: Prioritize open-burning control, biomass-combustion monitoring, fine-particle exposure advisories, and local source inspection.",2026-07-16 10:55:13
uttar_pradesh__moradabad__kashiram_nagar_moradabad_uppcb,"Kashiram Nagar, Moradabad - UPPCB",Moradabad,Uttar Pradesh,28.849399,78.742362,2026-07-16 05:00:00,28.0,101.0,24.0,66.0,35.0,8.0,4.0,406.6,Severe,CO,True,Valid AQI,33.8,66,0.0,3.1,11,77.36,High trapping,General urban / semi-urban proxy,Proxy from station/city naming,15,20,52.17,3.607142857142857,0.27722772277227725,0.6857142857142857,0.3333333333333333,12.7,34.69,24.68,35.19,34.43,Biomass / fine-particle combustion,35.19,34.69,0.5,24.78,Low confidence,PM2.5-heavy fine-particle pattern; CO and stagnant-weather influence; high weather trapping,Partially aligned,"High priority: Prioritize open-burning control, biomass-combustion monitoring, fine-particle exposure advisories, and local source inspection.",2026-07-16 10:55:13
uttar_pradesh__moradabad__transport_nagar_moradabad_uppcb,"Transport Nagar, Moradabad - UPPCB",Moradabad,Uttar Pradesh,28.802625,78.753728,2026-07-16 05:00:00,47.0,78.0,24.0,18.0,53.0,32.0,5.0,500.0,Severe,CO,True,Valid AQI,33.6,67,0.0,3.5,8,76.7,High trapping,General urban / semi-urban proxy,Proxy from station/city naming,15,20,60.59,1.6595744680851063,0.6025641025641025,0.4528301886792453,1.3333333333333333,16.2,18.64,19.79,42.8,37.72,Biomass / fine-particle combustion,42.8,37.72,5.08,31.48,Low confidence,PM2.5-heavy fine-particle pattern; CO and stagnant-weather influence; high weather trapping,Partially aligned,"High priority: Prioritize open-burning control, biomass-combustion monitoring, fine-particle exposure advisories, and local source inspection.",2026-07-16 10:55:13
uttar_pradesh__muzaffarnagar__new_mandi_muzaffarnagar_uppcb,"New Mandi, Muzaffarnagar - UPPCB",Muzaffarnagar,Uttar Pradesh,29.4723508,77.7194031,2026-07-16 05:00:00,125.0,148.0,31.0,24.0,44.0,16.0,3.0,462.64,Severe,CO,True,Valid AQI,33.4,66,0.0,5.2,14,73.85,High trapping,General urban / semi-urban proxy,Proxy from station/city naming,15,20,55.92,1.184,0.8445945945945946,0.7045454545454546,0.5161290322580645,16.23,20.85,27.49,49.99,35.79,Biomass / fine-particle combustion,49.99,35.79,14.2,39.25,Low confidence,PM2.5-heavy fine-particle pattern; CO and stagnant-weather influence; high weather trapping,Partially aligned,"High priority: Prioritize open-burning control, biomass-combustion monitoring, fine-particle exposure advisories, and local source inspection.",2026-07-16 10:55:13
uttar_pradesh__noida__sector_125_noida_uppcb,"Sector - 125, Noida - UPPCB",Noida,Uttar Pradesh,28.5447608,77.3231257,2026-07-16 05:00:00,65.0,158.0,45.0,9.0,42.0,13.0,19.0,450.19,Severe,CO,True,Valid AQI,35.6,44,0.0,11.6,8,53.58,Moderate trapping,Industrial / mixed urban proxy,Proxy from station/city naming,70,65,71.93,2.4307692307692306,0.41139240506329117,1.0714285714285714,0.28888888888888886,45.65,47.1,51.56,23.57,50.25,Construction / road dust,51.56,50.25,1.31,36.48,Low confidence,PM10-heavy particulate pattern; road dust / coarse-particle likelihood; high road-density proxy,Partially aligned,"High priority: Prioritize road dust suppression, construction-site covering, mechanical sweeping, and enforcement of dust-control rules.",2026-07-16 10:55:13
uttar_pradesh__noida__sector_62_noida_iitm,"Sector - 62, Noida - IITM",Noida,Uttar Pradesh,28.6245479,77.3577104,2026-07-16 05:00:00,89.0,149.0,31.0,,48.0,21.0,,487.55,Severe,CO,True,Valid AQI,36.4,40,0.0,9.6,5,55.43,Moderate trapping,Industrial / mixed urban proxy,Proxy from station/city naming,70,65,76.18,1.6741573033707866,0.5973154362416108,0.6458333333333334,0.6774193548387096,43.26,0.0,48.68,29.54,50.77,Photochemical smog,50.77,48.68,2.09,36.17,Low confidence,O3 and temperature-related signal; urban photochemical formation likelihood,Partially aligned,"High priority: Prioritize NOx/VOC precursor control, traffic-emission reduction, and ozone exposure advisories during sunny high-temperature periods.",2026-07-16 10:55:13
uttar_pradesh__noida__sector_1_noida_uppcb,"Sector-1, Noida - UPPCB",Noida,Uttar Pradesh,28.5898,77.3101,2026-07-16 05:00:00,60.0,139.0,43.0,11.0,31.0,4.0,10.0,382.43,Very Poor,CO,True,Valid AQI,36.1,42,0.0,10.7,10,54.68,Moderate trapping,Industrial / mixed urban proxy,Proxy from station/city naming,70,65,66.08,2.316666666666667,0.4316546762589928,1.3870967741935485,0.09302325581395349,43.01,45.93,48.95,21.53,49.26,Photochemical smog,49.26,48.95,0.31,34.58,Low confidence,O3 and temperature-related signal; urban photochemical formation likelihood,Partially aligned,"High priority: Prioritize NOx/VOC precursor control, traffic-emission reduction, and ozone exposure advisories during sunny high-temperature periods.",2026-07-16 10:55:13
uttar_pradesh__noida__sector_116_noida_uppcb,"Sector-116, Noida - UPPCB",Noida,Uttar Pradesh,28.56923,77.393848,2026-07-16 05:00:00,94.0,188.0,45.0,11.0,15.0,14.0,13.0,271.3,Poor,CO,True,Valid AQI,35.6,45,0.0,10.2,5,56.18,Moderate trapping,Industrial / mixed urban proxy,Proxy from station/city naming,70,65,56.36,2.0,0.5,3.0,0.3111111111111111,40.41,43.94,53.59,23.01,50.54,Construction / road dust,53.59,50.54,3.05,38.43,Low confidence,PM10-heavy particulate pattern; road dust / coarse-particle likelihood; high road-density proxy,Partially aligned,"High priority: Prioritize road dust suppression, construction-site covering, mechanical sweeping, and enforcement of dust-control rules.",2026-07-16 10:55:13
uttar_pradesh__prayagraj__jhunsi_prayagraj_uppcb,"Jhunsi, Prayagraj - UPPCB",Prayagraj,Uttar Pradesh,25.425602,81.917152,2026-07-16 05:00:00,44.0,64.0,6.0,21.0,13.0,34.0,6.0,242.61,Poor,CO,True,Valid AQI,33.9,59,0.1,6.9,98,70.35,High trapping,General urban / semi-urban proxy,Proxy from station/city naming,15,20,33.97,1.4545454545454546,0.6875,0.46153846153846156,5.666666666666667,3.86,10.93,17.04,32.98,29.09,Biomass / fine-particle combustion,32.98,29.09,3.89,24.25,Low confidence,PM2.5-heavy fine-particle pattern; CO and stagnant-weather influence; high weather trapping,Partially aligned,"High priority: Prioritize open-burning control, biomass-combustion monitoring, fine-particle exposure advisories, and local source inspection.",2026-07-16 10:55:13
uttar_pradesh__prayagraj__motilal_nehru_nit_prayagraj_uppcb,"Motilal Nehru NIT, Prayagraj - UPPCB",Prayagraj,Uttar Pradesh,25.494,81.863,2026-07-16 05:00:00,32.0,32.0,12.0,43.0,6.0,14.0,8.0,149.87,Moderate,CO,True,Valid AQI,33.8,59,0.0,6.1,99,78.15,High trapping,General urban / semi-urban proxy,Proxy from station/city naming,15,20,28.59,1.0,1.0,2.0,1.1666666666666667,4.02,19.48,15.12,34.75,29.35,Biomass / fine-particle combustion,34.75,29.35,5.4,25.94,Low confidence,PM2.5-heavy fine-particle pattern; CO and stagnant-weather influence; high weather trapping,Partially aligned,"Medium priority: Prioritize open-burning control, biomass-combustion monitoring, fine-particle exposure advisories, and local source inspection.",2026-07-16 10:55:13
uttar_pradesh__prayagraj__nagar_nigam_prayagraj_uppcb,"Nagar Nigam, Prayagraj - UPPCB",Prayagraj,Uttar Pradesh,25.44919916,81.82735986,2026-07-16 05:00:00,26.0,23.0,5.0,48.0,14.0,24.0,15.0,256.96,Poor,CO,True,Valid AQI,34.0,57,0.1,8.0,98,67.63,High trapping,General urban / semi-urban proxy,Proxy from station/city naming,15,20,34.18,0.8846153846153846,1.1304347826086956,0.35714285714285715,4.8,3.8,21.41,12.35,33.55,27.68,Biomass / fine-particle combustion,33.55,27.68,5.87,25.25,Low confidence,PM2.5-heavy fine-particle pattern; CO and stagnant-weather influence; high weather trapping,Partially aligned,"High priority: Prioritize open-burning control, biomass-combustion monitoring, fine-particle exposure advisories, and local source inspection.",2026-07-16 10:55:13
uttar_pradesh__raebareli__anand_nagar_raebareli_uppcb,"Anand Nagar, Raebareli - UPPCB",Raebareli,Uttar Pradesh,26.219512,81.237648,2026-07-16 05:00:00,67.0,132.0,16.0,14.0,62.0,55.0,11.0,500.0,Severe,CO,True,Valid AQI,33.9,61,0.0,8.5,99,74.54,High trapping,General urban / semi-urban proxy,Proxy from station/city naming,15,20,59.69,1.9701492537313432,0.5075757575757576,0.25806451612903225,3.4375,15.91,17.04,28.3,44.31,35.78,Biomass / fine-particle combustion,44.31,35.78,8.53,33.58,Low confidence,PM2.5-heavy fine-particle pattern; CO and stagnant-weather influence; high weather trapping,Partially aligned,"High priority: Prioritize open-burning control, biomass-combustion monitoring, fine-particle exposure advisories, and local source inspection.",2026-07-16 10:55:13
uttar_pradesh__raebareli__indira_nagar_raebareli_ntpc_unchahar,"Indira Nagar, Raebareli - NTPC Unchahar",Raebareli,Uttar Pradesh,26.207781,81.245571,2026-07-16 05:00:00,,,19.0,,,,9.0,,Unknown,,False,Insufficient pollutants,33.9,61,0.0,8.5,99,74.54,High trapping,General urban / semi-urban proxy,Proxy from station/city naming,15,20,,,,,,0.0,0.0,0.0,0.0,0.0,Insufficient pollutant signal,0.0,0.0,0.0,0.0,Low confidence,insufficient source signal,Unknown,Monitor: Collect more pollutant and land-use data before assigning intervention.,2026-07-16 10:55:13
uttar_pradesh__varanasi__ardhali_bazar_varanasi_uppcb,"Ardhali Bazar, Varanasi - UPPCB",Varanasi,Uttar Pradesh,25.3505986,82.9083074,2026-07-16 05:00:00,86.0,101.0,41.0,15.0,,24.0,,186.34,Moderate,PM2.5,True,Valid AQI,30.9,80,0.0,2.8,94,91.35,Very high trapping,General urban / semi-urban proxy,Proxy from station/city naming,15,20,37.5,1.1744186046511629,0.8514851485148515,,0.5853658536585366,0.0,0.0,21.31,0.0,31.01,Photochemical smog,31.01,21.31,9.7,24.62,Low confidence,O3 and temperature-related signal; urban photochemical formation likelihood,Partially aligned,"Medium priority: Prioritize NOx/VOC precursor control, traffic-emission reduction, and ozone exposure advisories during sunny high-temperature periods.",2026-07-16 10:55:13
uttar_pradesh__varanasi__bhelupur_varanasi_uppcb,"Bhelupur, Varanasi - UPPCB",Varanasi,Uttar Pradesh,25.301778,82.996789,2026-07-16 05:00:00,30.0,74.0,8.0,29.0,12.0,11.0,1.0,228.26,Poor,CO,True,Valid AQI,29.4,84,0.2,5.2,94,75.97,High trapping,General urban / semi-urban proxy,Proxy from station/city naming,15,20,34.98,2.466666666666667,0.40540540540540543,0.6666666666666666,1.375,4.17,14.24,16.2,31.04,18.06,Biomass / fine-particle combustion,31.04,18.06,12.98,25.62,Low confidence,PM2.5-heavy fine-particle pattern; CO and stagnant-weather influence; high weather trapping,Partially aligned,"High priority: Prioritize open-burning control, biomass-combustion monitoring, fine-particle exposure advisories, and local source inspection.",2026-07-16 10:55:13
uttar_pradesh__varanasi__iesd_banaras_hindu_university_varanasi_uppcb,"IESD Banaras Hindu University, Varanasi - UPPCB",Varanasi,Uttar Pradesh,25.262326,82.995408,2026-07-16 05:00:00,23.0,51.0,2.0,39.0,3.0,8.0,7.0,112.28,Moderate,CO,True,Valid AQI,29.4,84,0.2,5.2,94,75.97,High trapping,General urban / semi-urban proxy,Proxy from station/city naming,15,20,24.18,2.217391304347826,0.45098039215686275,0.6666666666666666,4.0,0.9,15.8,13.38,28.88,16.88,Biomass / fine-particle combustion,28.88,16.88,12.0,23.82,Low confidence,PM2.5-heavy fine-particle pattern; CO and stagnant-weather influence; high weather trapping,Partially aligned,"Medium priority: Prioritize open-burning control, biomass-combustion monitoring, fine-particle exposure advisories, and local source inspection.",2026-07-16 10:55:13
uttar_pradesh__varanasi__maldahiya_varanasi_uppcb,"Maldahiya, Varanasi - UPPCB",Varanasi,Uttar Pradesh,25.32393,82.99687,2026-07-16 05:00:00,45.0,59.0,3.0,31.0,21.0,4.0,0.0,323.85,Very Poor,CO,True,Valid AQI,30.5,79,0.1,3.6,91,82.98,Very high trapping,General urban / semi-urban proxy,Proxy from station/city naming,15,20,46.81,1.3111111111111111,0.7627118644067796,0.14285714285714285,1.3333333333333333,4.65,15.48,14.82,39.09,20.49,Biomass / fine-particle combustion,39.09,20.49,18.6,32.94,Low confidence,PM2.5-heavy fine-particle pattern; CO and stagnant-weather influence; high weather trapping,Partially aligned,"High priority: Prioritize open-burning control, biomass-combustion monitoring, fine-particle exposure advisories, and local source inspection.",2026-07-16 10:55:13
uttar_pradesh__vrindavan__omex_eternity_vrindavan_uppcb,"Omex Eternity, Vrindavan - UPPCB",Vrindavan,Uttar Pradesh,27.571409,77.655757,2026-07-16 05:00:00,61.0,67.0,27.0,30.0,10.0,15.0,8.0,200.0,Moderate,CO,True,Valid AQI,34.8,51,0.0,12.4,2,54.11,Moderate trapping,General urban / semi-urban proxy,Proxy from station/city naming,15,20,23.23,1.098360655737705,0.9104477611940298,2.7,0.5555555555555556,8.61,17.55,21.88,30.5,37.52,Photochemical smog,37.52,30.5,7.02,28.37,Low confidence,O3 and temperature-related signal; urban photochemical formation likelihood,Partially aligned,"Medium priority: Prioritize NOx/VOC precursor control, traffic-emission reduction, and ozone exposure advisories during sunny high-temperature periods.",2026-07-16 10:55:13
uttarakhand__dehradun__doon_university_dehradun_ukpcb,"Doon University, Dehradun - UKPCB",Dehradun,Uttarakhand,30.269444,78.044167,2026-07-16 05:00:00,78.0,75.0,2.0,1.0,10.0,6.0,,200.0,Moderate,CO,True,Valid AQI,30.8,66,0.0,1.9,9,79.33,High trapping,General urban / semi-urban proxy,Proxy from station/city naming,15,20,33.75,0.9615384615384616,1.04,0.2,3.0,2.26,2.04,17.81,41.94,27.63,Biomass / fine-particle combustion,41.94,27.63,14.31,33.65,Low confidence,PM2.5-heavy fine-particle pattern; CO and stagnant-weather influence; high weather trapping,Partially aligned,"Medium priority: Prioritize open-burning control, biomass-combustion monitoring, fine-particle exposure advisories, and local source inspection.",2026-07-16 10:55:13
uttarakhand__kashipur__govt_girls_inter_college_kashipur_ukpcb,"Govt. Girls Inter College, Kashipur - UKPCB",Kashipur,Uttarakhand,29.2124114,78.9611753,2026-07-16 05:00:00,62.0,62.0,15.0,7.0,18.0,10.0,4.0,306.27,Very Poor,CO,True,Valid AQI,33.1,69,0.0,4.8,7,74.98,High trapping,General urban / semi-urban proxy,Proxy from station/city naming,15,20,41.83,1.0,1.0,0.8333333333333334,0.6666666666666666,7.11,7.74,17.77,39.76,32.87,Biomass / fine-particle combustion,39.76,32.87,6.89,29.9,Low confidence,PM2.5-heavy fine-particle pattern; CO and stagnant-weather influence; high weather trapping,Partially aligned,"High priority: Prioritize open-burning control, biomass-combustion monitoring, fine-particle exposure advisories, and local source inspection.",2026-07-16 10:55:13
uttarakhand__rishikesh__shivaji_nagar_rishikesh_ukpcb,"Shivaji Nagar, Rishikesh - UKPCB",Rishikesh,Uttarakhand,30.075911,78.2859547,2026-07-16 05:00:00,2.0,31.0,7.0,1.0,37.0,33.0,5.0,419.06,Severe,CO,True,Valid AQI,32.0,65,0.0,5.5,9,72.44,High trapping,General urban / semi-urban proxy,Proxy from station/city naming,15,20,51.27,15.5,0.06451612903225806,0.1891891891891892,4.714285714285714,8.77,6.82,34.03,29.5,33.61,Construction / road dust,34.03,33.61,0.42,23.95,Low confidence,PM10-heavy particulate pattern; road dust / coarse-particle likelihood,Partially aligned,"High priority: Prioritize road dust suppression, construction-site covering, mechanical sweeping, and enforcement of dust-control rules.",2026-07-16 10:55:13
west_bengal__asansol__asansol_court_area_asansol_wbpcb,"Asansol Court Area, Asansol - WBPCB",Asansol,West Bengal,23.685297,86.945968,2026-07-16 05:00:00,42.0,37.0,31.0,13.0,16.0,29.0,3.0,285.65,Poor,CO,True,Valid AQI,31.6,70,0.0,12.6,30,63.53,High trapping,Industrial / mixed urban proxy,Proxy from station/city naming,35,30,43.66,0.8809523809523809,1.135135135135135,1.9375,0.9354838709677419,18.75,36.13,23.95,23.6,38.17,Photochemical smog,38.17,36.13,2.04,27.33,Low confidence,O3 and temperature-related signal; urban photochemical formation likelihood,Partially aligned,"High priority: Prioritize NOx/VOC precursor control, traffic-emission reduction, and ozone exposure advisories during sunny high-temperature periods.",2026-07-16 10:55:13
west_bengal__asansol__evelyn_lodge_asansol_wbpcb,"Evelyn Lodge, Asansol - WBPCB",Asansol,West Bengal,23.697936,86.944395,2026-07-16 05:00:00,21.0,31.0,14.0,76.0,20.0,18.0,5.0,317.99,Very Poor,CO,True,Valid AQI,31.7,71,0.0,13.0,68,66.98,High trapping,General urban / semi-urban proxy,Proxy from station/city naming,15,20,39.59,1.4761904761904763,0.6774193548387096,0.7,1.2857142857142858,7.25,34.7,18.77,29.6,29.04,Industrial combustion,34.7,29.6,5.1,25.82,Low confidence,SO2 and combustion-related pollutant influence,Not strongly aligned,"High priority: Prioritize industrial emission inspection, stack monitoring, fuel-quality checks, and enforcement near industrial clusters.",2026-07-16 10:55:13
west_bengal__asansol__mahabir_colliery_asansol_wbpcb,"Mahabir Colliery, Asansol - WBPCB",Asansol,West Bengal,23.618183,87.105718,2026-07-16 05:00:00,26.0,36.0,2.0,8.0,47.0,12.0,0.0,481.32,Severe,CO,True,Valid AQI,31.4,72,0.1,12.7,67,61.54,High trapping,General urban / semi-urban proxy,Proxy from station/city naming,15,20,52.52,1.3846153846153846,0.7222222222222222,0.0425531914893617,6.0,9.44,10.15,16.55,34.4,23.84,Biomass / fine-particle combustion,34.4,23.84,10.56,27.25,Low confidence,PM2.5-heavy fine-particle pattern; CO and stagnant-weather influence; high weather trapping,Partially aligned,"High priority: Prioritize open-burning control, biomass-combustion monitoring, fine-particle exposure advisories, and local source inspection.",2026-07-16 10:55:13
west_bengal__asansol__trivenidevi_bhalotia_college_asansol_wbpcb,"Trivenidevi Bhalotia College, Asansol - WBPCB",Asansol,West Bengal,23.616515,87.119133,2026-07-16 05:00:00,,,8.0,33.0,32.0,6.0,8.0,,Unknown,,False,Insufficient pollutants,31.1,73,0.0,12.2,100,72.36,High trapping,General urban / semi-urban proxy,Proxy from station/city naming,15,20,,,,0.25,0.75,8.05,18.7,0.0,0.0,24.22,Photochemical smog,24.22,18.7,5.52,18.61,Low confidence,O3 and temperature-related signal; urban photochemical formation likelihood,Partially aligned,"Monitor: Prioritize NOx/VOC precursor control, traffic-emission reduction, and ozone exposure advisories during sunny high-temperature periods.",2026-07-16 10:55:13
west_bengal__barrackpore__svspa_campus_barrackpore_wbpcb,"SVSPA Campus, Barrackpore - WBPCB",Barrackpore,West Bengal,22.7605581,88.3617589,2026-07-16 05:00:00,28.0,36.0,15.0,11.0,38.0,8.0,8.0,425.28,Severe,CO,True,Valid AQI,30.6,76,0.1,13.8,100,64.32,High trapping,General urban / semi-urban proxy,Proxy from station/city naming,15,20,48.47,1.2857142857142858,0.7777777777777778,0.39473684210526316,0.5333333333333333,11.0,12.21,16.92,33.72,22.26,Biomass / fine-particle combustion,33.72,22.26,11.46,27.04,Low confidence,PM2.5-heavy fine-particle pattern; CO and stagnant-weather influence; high weather trapping,Partially aligned,"High priority: Prioritize open-burning control, biomass-combustion monitoring, fine-particle exposure advisories, and local source inspection.",2026-07-16 10:55:13
west_bengal__durgapur__mahishkapur_road_b_zone_durgapur_wbpcb,"Mahishkapur Road_B-Zone, Durgapur - WBPCB",Durgapur,West Bengal,23.567923,87.306843,2026-07-16 05:00:00,18.0,27.0,4.0,12.0,,27.0,1.0,30.0,Good,PM2.5,True,Valid AQI,31.1,72,0.2,13.8,94,56.0,Moderate trapping,Traffic / commercial proxy,Proxy from station/city naming,30,75,20.52,1.5,0.6666666666666666,,6.75,0.0,0.0,26.77,0.0,24.71,Construction / road dust,26.77,24.71,2.06,19.36,Low confidence,PM10-heavy particulate pattern; road dust / coarse-particle likelihood; high road-density proxy,Partially aligned,"Monitor: Prioritize road dust suppression, construction-site covering, mechanical sweeping, and enforcement of dust-control rules.",2026-07-16 10:55:13
west_bengal__durgapur__pcbl_residential_complex_durgapur_wbpcb,"PCBL Residential Complex, Durgapur - WBPCB",Durgapur,West Bengal,23.508764,87.35444,2026-07-16 05:00:00,19.0,24.0,71.0,11.0,24.0,3.0,5.0,341.42,Very Poor,CO,True,Valid AQI,31.0,72,0.1,14.3,91,61.04,High trapping,General urban / semi-urban proxy,Proxy from station/city naming,15,20,39.29,1.263157894736842,0.7916666666666666,2.9583333333333335,0.04225352112676056,22.52,19.66,15.82,29.21,29.63,Photochemical smog,29.63,29.21,0.42,20.87,Low confidence,O3 and temperature-related signal; urban photochemical formation likelihood,Partially aligned,"High priority: Prioritize NOx/VOC precursor control, traffic-emission reduction, and ozone exposure advisories during sunny high-temperature periods.",2026-07-16 10:55:13
west_bengal__durgapur__womens_college_city_center_durgapur_wbpcb,"Womens College_City Center, Durgapur - WBPCB",Durgapur,West Bengal,23.549395,87.300496,2026-07-16 05:00:00,21.0,44.0,36.0,12.0,18.0,12.0,2.0,306.27,Very Poor,CO,True,Valid AQI,31.1,72,0.2,13.8,94,56.0,Moderate trapping,General urban / semi-urban proxy,Proxy from station/city naming,15,20,33.91,2.0952380952380953,0.4772727272727273,2.0,0.3333333333333333,12.45,13.24,16.36,24.83,23.93,Biomass / fine-particle combustion,24.83,23.93,0.9,17.65,Low confidence,PM2.5-heavy fine-particle pattern; CO and stagnant-weather influence,Partially aligned,"High priority: Prioritize open-burning control, biomass-combustion monitoring, fine-particle exposure advisories, and local source inspection.",2026-07-16 10:55:13
west_bengal__haldia__priyambada_housing_estate_haldia_wbpcb,"Priyambada Housing Estate, Haldia - WBPCB",Haldia,West Bengal,22.06047,88.109737,2026-07-16 05:00:00,21.0,33.0,10.0,7.0,37.0,24.0,4.0,419.06,Severe,CO,True,Valid AQI,31.3,71,0.1,5.5,53,72.8,High trapping,Industrial / mixed urban proxy,Proxy from station/city naming,35,30,59.95,1.5714285714285714,0.6363636363636364,0.2702702702702703,2.4,17.49,33.3,18.73,25.76,30.76,Industrial combustion,33.3,30.76,2.54,24.07,Low confidence,SO2 and combustion-related pollutant influence; industrial land-use proxy,Aligned,"High priority: Prioritize industrial emission inspection, stack monitoring, fuel-quality checks, and enforcement near industrial clusters.",2026-07-16 10:55:13
west_bengal__howrah__belur_math_howrah_wbpcb,"Belur Math, Howrah - WBPCB",Howrah,West Bengal,22.629801,88.352017,2026-07-16 05:00:00,19.0,36.0,18.0,7.0,14.0,8.0,4.0,256.96,Poor,CO,True,Valid AQI,30.1,78,0.0,11.4,96,75.24,High trapping,General urban / semi-urban proxy,Proxy from station/city naming,15,20,37.35,1.894736842105263,0.5277777777777778,1.2857142857142858,0.4444444444444444,7.1,7.67,19.14,29.57,24.7,Biomass / fine-particle combustion,29.57,24.7,4.87,22.16,Low confidence,PM2.5-heavy fine-particle pattern; CO and stagnant-weather influence; high weather trapping,Partially aligned,"High priority: Prioritize open-burning control, biomass-combustion monitoring, fine-particle exposure advisories, and local source inspection.",2026-07-16 10:55:13
west_bengal__howrah__botanical_garden_howrah_wbpcb,"Botanical Garden, Howrah - WBPCB",Howrah,West Bengal,22.554954,88.292568,2026-07-16 05:00:00,36.0,33.0,13.0,5.0,15.0,8.0,2.0,271.3,Poor,CO,True,Valid AQI,30.1,79,0.0,11.1,92,75.76,High trapping,General urban / semi-urban proxy,Proxy from station/city naming,15,20,38.9,0.9166666666666666,1.0909090909090908,0.8666666666666667,0.6153846153846154,6.02,6.19,17.38,35.85,24.27,Biomass / fine-particle combustion,35.85,24.27,11.58,28.57,Low confidence,PM2.5-heavy fine-particle pattern; CO and stagnant-weather influence; high weather trapping,Partially aligned,"High priority: Prioritize open-burning control, biomass-combustion monitoring, fine-particle exposure advisories, and local source inspection.",2026-07-16 10:55:13
west_bengal__howrah__dasnagar_howrah_wbpcb,"Dasnagar, Howrah - WBPCB",Howrah,West Bengal,22.6025571,88.3105664,2026-07-16 05:00:00,,,4.0,7.0,38.0,40.0,1.0,,Unknown,,False,Insufficient pollutants,30.1,78,0.0,11.4,96,75.24,High trapping,General urban / semi-urban proxy,Proxy from station/city naming,15,20,,,,0.10526315789473684,10.0,8.2,8.79,0.0,0.0,27.44,Photochemical smog,27.44,8.79,18.65,24.8,Low confidence,O3 and temperature-related signal; urban photochemical formation likelihood,Partially aligned,"Monitor: Prioritize NOx/VOC precursor control, traffic-emission reduction, and ozone exposure advisories during sunny high-temperature periods.",2026-07-16 10:55:13
west_bengal__howrah__ghusuri_howrah_wbpcb,"Ghusuri, Howrah - WBPCB",Howrah,West Bengal,22.611968,88.347422,2026-07-16 05:00:00,39.0,48.0,56.0,9.0,24.0,20.0,3.0,341.42,Very Poor,CO,True,Valid AQI,30.1,78,0.0,11.4,96,75.24,High trapping,General urban / semi-urban proxy,Proxy from station/city naming,15,20,45.21,1.2307692307692308,0.8125,2.3333333333333335,0.35714285714285715,18.7,16.34,19.55,35.69,31.23,Biomass / fine-particle combustion,35.69,31.23,4.46,26.32,Low confidence,PM2.5-heavy fine-particle pattern; CO and stagnant-weather influence; high weather trapping,Partially aligned,"High priority: Prioritize open-burning control, biomass-combustion monitoring, fine-particle exposure advisories, and local source inspection.",2026-07-16 10:55:13
west_bengal__howrah__padmapukur_howrah_wbpcb,"Padmapukur, Howrah - WBPCB",Howrah,West Bengal,22.5687319,88.2797276,2026-07-16 05:00:00,30.0,37.0,30.0,6.0,57.0,19.0,7.0,500.0,Severe,CO,True,Valid AQI,30.1,78,0.0,11.4,96,75.24,High trapping,General urban / semi-urban proxy,Proxy from station/city naming,15,20,59.98,1.2333333333333334,0.8108108108108109,0.5263157894736842,0.6333333333333333,18.5,15.57,18.37,41.14,27.78,Biomass / fine-particle combustion,41.14,27.78,13.36,32.81,Low confidence,PM2.5-heavy fine-particle pattern; CO and stagnant-weather influence; high weather trapping,Partially aligned,"High priority: Prioritize open-burning control, biomass-combustion monitoring, fine-particle exposure advisories, and local source inspection.",2026-07-16 10:55:13
west_bengal__kolkata__ballygunge_kolkata_wbpcb,"Ballygunge, Kolkata - WBPCB",Kolkata,West Bengal,22.5367507,88.3638022,2026-07-16 05:00:00,38.0,33.0,25.0,6.0,20.0,17.0,9.0,317.99,Very Poor,CO,True,Valid AQI,30.1,79,0.0,11.1,92,75.76,High trapping,Dense urban proxy,Proxy from station/city naming,60,55,63.99,0.868421052631579,1.1515151515151516,1.25,0.68,46.07,17.52,32.06,37.47,35.25,Vehicular traffic,46.07,37.47,8.6,34.83,Low confidence,elevated NO2/CO signal; road-density or urban-pressure influence; traffic/commercial land-use proxy,Aligned,"High priority: Prioritize traffic-flow management, public transport promotion, anti-idling enforcement, and congestion reduction near the station.",2026-07-16 10:55:13
west_bengal__kolkata__bidhannagar_kolkata_wbpcb,"Bidhannagar, Kolkata - WBPCB",Kolkata,West Bengal,22.58157048,88.41002457,2026-07-16 05:00:00,22.0,39.0,13.0,8.0,24.0,40.0,6.0,341.42,Very Poor,CO,True,Valid AQI,30.3,76,0.0,12.3,89,72.18,High trapping,Dense urban proxy,Proxy from station/city naming,60,55,64.68,1.7727272727272727,0.5641025641025641,0.5416666666666666,3.076923076923077,43.79,16.85,34.45,31.12,37.38,Vehicular traffic,43.79,37.38,6.41,32.58,Low confidence,elevated NO2/CO signal; road-density or urban-pressure influence; traffic/commercial land-use proxy,Aligned,"High priority: Prioritize traffic-flow management, public transport promotion, anti-idling enforcement, and congestion reduction near the station.",2026-07-16 10:55:13
west_bengal__kolkata__fort_william_kolkata_wbpcb,"Fort William, Kolkata - WBPCB",Kolkata,West Bengal,22.55664,88.342674,2026-07-16 05:00:00,31.0,32.0,9.0,5.0,15.0,17.0,9.0,271.3,Poor,CO,True,Valid AQI,30.1,79,0.0,11.1,92,75.76,High trapping,Dense urban proxy,Proxy from station/city naming,60,55,59.64,1.032258064516129,0.96875,0.6,1.8888888888888888,41.03,13.69,32.17,34.43,33.21,Vehicular traffic,41.03,34.43,6.6,30.7,Low confidence,elevated NO2/CO signal; road-density or urban-pressure influence; traffic/commercial land-use proxy,Aligned,"High priority: Prioritize traffic-flow management, public transport promotion, anti-idling enforcement, and congestion reduction near the station.",2026-07-16 10:55:13
west_bengal__kolkata__jadavpur_kolkata_wbpcb,"Jadavpur, Kolkata - WBPCB",Kolkata,West Bengal,22.49929,88.36917,2026-07-16 05:00:00,39.0,40.0,21.0,6.0,26.0,14.0,13.0,353.14,Very Poor,CO,True,Valid AQI,30.3,77,0.0,12.0,84,72.59,High trapping,Dense urban proxy,Proxy from station/city naming,60,55,65.94,1.0256410256410255,0.975,0.8076923076923077,0.6666666666666666,46.22,17.72,33.43,36.46,34.97,Vehicular traffic,46.22,36.46,9.76,35.28,Low confidence,elevated NO2/CO signal; road-density or urban-pressure influence; traffic/commercial land-use proxy,Aligned,"High priority: Prioritize traffic-flow management, public transport promotion, anti-idling enforcement, and congestion reduction near the station.",2026-07-16 10:55:13
west_bengal__kolkata__rabindra_bharati_university_kolkata_wbpcb,"Rabindra Bharati University, Kolkata - WBPCB",Kolkata,West Bengal,22.627847,88.380669,2026-07-16 05:00:00,20.0,31.0,34.0,9.0,42.0,24.0,6.0,450.19,Severe,CO,True,Valid AQI,30.3,76,0.0,12.3,89,72.18,High trapping,Dense urban proxy,Proxy from station/city naming,60,55,74.8,1.55,0.6451612903225806,0.8095238095238095,0.7058823529411765,52.63,23.42,33.29,34.99,37.78,Vehicular traffic,52.63,37.78,14.85,41.3,Moderate confidence,elevated NO2/CO signal; road-density or urban-pressure influence; traffic/commercial land-use proxy,Aligned,"High priority: Prioritize traffic-flow management, public transport promotion, anti-idling enforcement, and congestion reduction near the station.",2026-07-16 10:55:13
west_bengal__kolkata__rabindra_sarobar_kolkata_wbpcb,"Rabindra Sarobar, Kolkata - WBPCB",Kolkata,West Bengal,22.51106,88.35142,2026-07-16 05:00:00,19.0,24.0,18.0,7.0,15.0,25.0,7.0,271.3,Poor,CO,True,Valid AQI,30.1,79,0.0,11.1,92,75.76,High trapping,Dense urban proxy,Proxy from station/city naming,60,55,59.64,1.263157894736842,0.7916666666666666,1.2,1.3888888888888888,43.32,15.99,31.61,31.87,35.49,Vehicular traffic,43.32,35.49,7.83,32.67,Low confidence,elevated NO2/CO signal; road-density or urban-pressure influence; traffic/commercial land-use proxy,Aligned,"High priority: Prioritize traffic-flow management, public transport promotion, anti-idling enforcement, and congestion reduction near the station.",2026-07-16 10:55:13
west_bengal__kolkata__victoria_kolkata_wbpcb,"Victoria, Kolkata - WBPCB",Kolkata,West Bengal,22.5448082,88.3403691,2026-07-16 05:00:00,74.0,89.0,18.0,14.0,36.0,53.0,8.0,412.83,Severe,CO,True,Valid AQI,30.1,79,0.0,11.1,92,75.76,High trapping,Dense urban proxy,Proxy from station/city naming,60,55,72.82,1.2027027027027026,0.8314606741573034,0.5,2.9444444444444446,47.4,21.77,38.55,42.07,39.44,Vehicular traffic,47.4,42.07,5.33,34.78,Low confidence,elevated NO2/CO signal; road-density or urban-pressure influence; traffic/commercial land-use proxy,Aligned,"High priority: Prioritize traffic-flow management, public transport promotion, anti-idling enforcement, and congestion reduction near the station.",2026-07-16 10:55:13
west_bengal__siliguri__ward_32_bapupara_siliguri_wbpcb,"Ward-32 Bapupara, Siliguri - WBPCB",Siliguri,West Bengal,26.6879226,88.4152495,2026-07-16 05:00:00,21.0,36.0,118.0,13.0,33.0,24.0,15.0,394.14,Very Poor,CO,True,Valid AQI,28.3,88,0.0,11.3,94,78.9,High trapping,General urban / semi-urban proxy,Proxy from station/city naming,15,20,51.65,1.7142857142857142,0.5833333333333334,3.5757575757575757,0.2033898305084746,36.21,29.72,18.85,34.81,37.48,Photochemical smog,37.48,36.21,1.27,26.62,Low confidence,O3 and temperature-related signal; urban photochemical formation likelihood,Partially aligned,"High priority: Prioritize NOx/VOC precursor control, traffic-emission reduction, and ozone exposure advisories during sunny high-temperature periods.",2026-07-16 10:55:13
