station_name,city,state,lat,lon,timestamp,PM2.5,PM10,NO2,SO2,CO,O3,NH3,PM2.5_sub_index,PM10_sub_index,NO2_sub_index,SO2_sub_index,CO_sub_index,O3_sub_index,NH3_sub_index,aqi,dominant_pollutant,aqi_category,snapshot_fetch_time,station_id,valid_pollutant_count,has_particulate,aqi_is_valid,aqi_quality_flag,reported_aqi,reported_aqi_category,reported_dominant_pollutant
"Secretariat, Amaravati - APPCB",Amaravati,Andhra Pradesh,16.5150833,80.5181667,2026-07-16 05:00:00,54.0,172.0,32.0,16.0,61.0,13.0,3.0,89.86,148.17,40.0,20.0,500.0,13.0,0.75,500.0,CO,Severe,2026-07-16 05:38:19,andhra_pradesh__amaravati__secretariat_amaravati_appcb,7,True,True,Valid AQI,500.0,Severe,CO
"Gulzarpet, Anantapur - APPCB",Anantapur,Andhra Pradesh,14.675886,77.593027,2026-07-16 05:00:00,85.0,76.0,16.0,11.0,22.0,31.0,3.0,182.93,76.0,20.0,13.75,329.7,31.0,0.75,329.7,CO,Very Poor,2026-07-16 05:38:19,andhra_pradesh__anantapur__gulzarpet_anantapur_appcb,7,True,True,Valid AQI,329.7,Very Poor,CO
"Gangineni Cheruvu, Chittoor - APPCB",Chittoor,Andhra Pradesh,13.20488,79.097889,2026-07-16 05:00:00,70.0,64.0,31.0,21.0,21.0,39.0,6.0,131.72,64.0,38.75,26.25,323.85,39.0,1.5,323.85,CO,Very Poor,2026-07-16 05:38:19,andhra_pradesh__chittoor__gangineni_cheruvu_chittoor_appcb,7,True,True,Valid AQI,323.85,Very Poor,CO
"District Court, Eluru - APPCB",Eluru,Andhra Pradesh,16.711754,81.092095,2026-07-16 05:00:00,49.0,49.0,22.0,13.0,18.0,6.0,4.0,81.41,49.0,27.5,16.25,306.27,6.0,1.0,306.27,CO,Very Poor,2026-07-16 05:38:19,andhra_pradesh__eluru__district_court_eluru_appcb,7,True,True,Valid AQI,306.27,Very Poor,CO
"Rajendra Nagar North, Guntur - APPCB",Guntur,Andhra Pradesh,16.316553,80.413302,2026-07-16 05:00:00,52.0,52.0,42.0,14.0,15.0,25.0,9.0,86.48,52.0,52.26,17.5,271.3,25.0,2.25,271.3,CO,Poor,2026-07-16 05:38:19,andhra_pradesh__guntur__rajendra_nagar_north_guntur_appcb,7,True,True,Valid AQI,271.3,Poor,CO
"Yerramukkapalli, Kadapa - APPCB",Kadapa,Andhra Pradesh,14.465052,78.824187,2026-07-16 05:00:00,50.0,52.0,23.0,11.0,28.0,39.0,14.0,83.1,52.0,28.75,13.75,364.85,39.0,3.5,364.85,CO,Very Poor,2026-07-16 05:38:19,andhra_pradesh__kadapa__yerramukkapalli_kadapa_appcb,7,True,True,Valid AQI,364.85,Very Poor,CO
"Sita Rama Nagar, Kurnool - APPCB",Kurnool,Andhra Pradesh,15.83411,78.028546,2026-07-16 05:00:00,58.0,59.0,29.0,10.0,8.0,19.0,5.0,96.62,59.0,36.25,12.5,174.94,19.0,1.25,174.94,CO,Moderate,2026-07-16 05:38:19,andhra_pradesh__kurnool__sita_rama_nagar_kurnool_appcb,7,True,True,Valid AQI,174.94,Moderate,CO
"Srinivas Nagar Colony, Machilipatnam - APPCB",Machilipatnam,Andhra Pradesh,16.186555,81.13219,2026-07-16 05:00:00,54.0,52.0,20.0,18.0,20.0,19.0,4.0,89.86,52.0,25.0,22.5,317.99,19.0,1.0,317.99,CO,Very Poor,2026-07-16 05:38:19,andhra_pradesh__machilipatnam__srinivas_nagar_colony_machilipatnam_appcb,7,True,True,Valid AQI,317.99,Very Poor,CO
"Ambedkar Nagar, Nellore - APPCB",Nellore,Andhra Pradesh,14.438164,79.966814,2026-07-16 05:00:00,53.0,65.0,29.0,15.0,36.0,38.0,7.0,88.17,65.0,36.25,18.75,412.83,38.0,1.75,412.83,CO,Severe,2026-07-16 05:38:19,andhra_pradesh__nellore__ambedkar_nagar_nellore_appcb,7,True,True,Valid AQI,412.83,Severe,CO
"Anand Kala Kshetram, Rajamahendravaram - APPCB",Rajamahendravaram,Andhra Pradesh,16.9872867,81.7363176,2026-07-16 05:00:00,53.0,92.0,7.0,5.0,26.0,13.0,1.0,88.17,92.0,8.75,6.25,353.14,13.0,0.25,353.14,CO,Very Poor,2026-07-16 05:38:19,andhra_pradesh__rajamahendravaram__anand_kala_kshetram_rajamahendravaram_appcb,7,True,True,Valid AQI,353.14,Very Poor,CO
"Toll Gate, Tirumala - APPCB",Tirumala,Andhra Pradesh,13.67,79.35,2026-07-16 05:00:00,44.0,68.0,66.0,7.0,7.0,21.0,3.0,72.97,68.0,82.41,8.75,162.41,21.0,0.75,162.41,CO,Moderate,2026-07-16 05:38:19,andhra_pradesh__tirumala__toll_gate_tirumala_appcb,7,True,True,Valid AQI,162.41,Moderate,CO
"Vaikuntapuram, Tirupati - APPCB",Tirupati,Andhra Pradesh,13.615387,79.40923,2026-07-16 05:00:00,60.0,72.0,38.0,18.0,21.0,35.0,5.0,100.0,72.0,47.5,22.5,323.85,35.0,1.25,323.85,CO,Very Poor,2026-07-16 05:38:19,andhra_pradesh__tirupati__vaikuntapuram_tirupati_appcb,7,True,True,Valid AQI,323.85,Very Poor,CO
"HB Colony, Vijayawada - APPCB",Vijayawada,Andhra Pradesh,16.536107,80.594233,2026-07-16 05:00:00,66.0,67.0,15.0,12.0,34.0,16.0,3.0,118.07,67.0,18.75,15.0,400.0,16.0,0.75,400.0,CO,Very Poor,2026-07-16 05:38:19,andhra_pradesh__vijayawada__hb_colony_vijayawada_appcb,7,True,True,Valid AQI,400.0,Very Poor,CO
"Kanuru, Vijayawada - APPCB",Vijayawada,Andhra Pradesh,16.486692,80.699436,2026-07-16 05:00:00,61.0,60.0,26.0,14.0,20.0,20.0,4.0,101.0,60.0,32.5,17.5,317.99,20.0,1.0,317.99,CO,Very Poor,2026-07-16 05:38:19,andhra_pradesh__vijayawada__kanuru_vijayawada_appcb,7,True,True,Valid AQI,317.99,Very Poor,CO
"Rajiv Gandhi Park, Vijayawada - APPCB",Vijayawada,Andhra Pradesh,16.509717,80.612222,2026-07-16 05:00:00,61.0,69.0,25.0,11.0,47.0,22.0,5.0,101.0,69.0,31.25,13.75,481.32,22.0,1.25,481.32,CO,Severe,2026-07-16 05:38:19,andhra_pradesh__vijayawada__rajiv_gandhi_park_vijayawada_appcb,7,True,True,Valid AQI,481.32,Severe,CO
"Rajiv Nagar, Vijayawada - APPCB",Vijayawada,Andhra Pradesh,16.554731,80.64911,2026-07-16 05:00:00,65.0,67.0,17.0,15.0,28.0,17.0,4.0,114.66,67.0,21.25,18.75,364.85,17.0,1.0,364.85,CO,Very Poor,2026-07-16 05:38:19,andhra_pradesh__vijayawada__rajiv_nagar_vijayawada_appcb,7,True,True,Valid AQI,364.85,Very Poor,CO
"GVM Corporation, Visakhapatnam - APPCB",Visakhapatnam,Andhra Pradesh,17.72,83.3,2026-07-16 05:00:00,67.0,140.0,93.0,34.0,12.0,6.0,4.0,121.48,126.91,113.0,42.5,228.26,6.0,1.0,228.26,CO,Poor,2026-07-16 05:38:19,andhra_pradesh__visakhapatnam__gvm_corporation_visakhapatnam_appcb,7,True,True,Valid AQI,228.26,Poor,CO
"Central Academy for SFS, Byrnihat - PCBA",Byrnihat,Assam,26.071318,91.87488,2026-07-16 05:00:00,79.0,75.0,7.0,31.0,50.0,21.0,4.0,162.45,75.0,8.75,38.75,500.0,21.0,1.0,500.0,CO,Severe,2026-07-16 05:38:19,assam__byrnihat__central_academy_for_sfs_byrnihat_pcba,7,True,True,Valid AQI,500.0,Severe,CO
"IITG, Guwahati - PCBA",Guwahati,Assam,26.2028636,91.70046436,2026-07-16 05:00:00,16.0,16.0,2.0,41.0,7.0,1.0,5.0,26.67,16.0,2.5,51.0,162.41,1.0,1.25,162.41,CO,Moderate,2026-07-16 05:38:19,assam__guwahati__iitg_guwahati_pcba,7,True,True,Valid AQI,162.41,Moderate,CO
"LGBI Airport, Guwahati - PCBA",Guwahati,Assam,26.10887,91.589544,2026-07-16 05:00:00,46.0,36.0,15.0,11.0,35.0,35.0,4.0,76.34,36.0,18.75,13.75,406.6,35.0,1.0,406.6,CO,Severe,2026-07-16 05:38:19,assam__guwahati__lgbi_airport_guwahati_pcba,7,True,True,Valid AQI,406.6,Severe,CO
"Pan Bazaar, Guwahati - PCBA",Guwahati,Assam,26.1875,91.744194,2026-07-16 05:00:00,186.0,173.0,0.0,35.0,23.0,11.0,1.0,350.88,148.84,0.0,43.75,335.56,11.0,0.25,350.88,PM2.5,Very Poor,2026-07-16 05:38:19,assam__guwahati__pan_bazaar_guwahati_pcba,7,True,True,Valid AQI,350.88,Very Poor,PM2.5
"Railway Colony, Guwahati - PCBA",Guwahati,Assam,26.181742,91.78063,2026-07-16 05:00:00,22.0,24.0,3.0,49.0,15.0,23.0,1.0,36.67,24.0,3.75,61.05,271.3,23.0,0.25,271.3,CO,Poor,2026-07-16 05:38:19,assam__guwahati__railway_colony_guwahati_pcba,7,True,True,Valid AQI,271.3,Poor,CO
"Christianpatty, Nagaon - PCBA",Nagaon,Assam,26.349082,92.68449,2026-07-16 05:00:00,62.0,55.0,1.0,12.0,22.0,11.0,4.0,104.41,55.0,1.25,15.0,329.7,11.0,1.0,329.7,CO,Very Poor,2026-07-16 05:38:19,assam__nagaon__christianpatty_nagaon_pcba,7,True,True,Valid AQI,329.7,Very Poor,CO
"Bata Chowk, Nalbari - PCBA",Nalbari,Assam,26.446912,91.439057,2026-07-16 05:00:00,63.0,46.0,14.0,8.0,21.0,19.0,6.0,107.83,46.0,17.5,10.0,323.85,19.0,1.5,323.85,CO,Very Poor,2026-07-16 05:38:19,assam__nalbari__bata_chowk_nalbari_pcba,7,True,True,Valid AQI,323.85,Very Poor,CO
"Tarapur, Silchar - PCBA",Silchar,Assam,24.82827,92.79525,2026-07-16 05:00:00,25.0,55.0,19.0,5.0,32.0,4.0,1.0,41.67,55.0,23.75,6.25,388.28,4.0,0.25,388.28,CO,Very Poor,2026-07-16 05:38:19,assam__silchar__tarapur_silchar_pcba,7,True,True,Valid AQI,388.28,Very Poor,CO
"Girls College, Sivasagar - PCBA",Sivasagar,Assam,26.987634,94.636574,2026-07-16 05:00:00,15.0,21.0,12.0,7.0,19.0,29.0,6.0,25.0,21.0,15.0,8.75,312.13,29.0,1.5,312.13,CO,Very Poor,2026-07-16 05:38:19,assam__sivasagar__girls_college_sivasagar_pcba,7,True,True,Valid AQI,312.13,Very Poor,CO
"Kharahiya Basti, Araria - BSPCB",Araria,Bihar,26.146529,87.454184,2026-07-16 05:00:00,23.0,23.0,15.0,21.0,20.0,38.0,4.0,38.33,23.0,18.75,26.25,317.99,38.0,1.0,317.99,CO,Very Poor,2026-07-16 05:38:19,bihar__araria__kharahiya_basti_araria_bspcb,7,True,True,Valid AQI,317.99,Very Poor,CO
"New DM Office, Arrah - BSPCB",Arrah,Bihar,25.5626095,84.663264,2026-07-16 05:00:00,37.0,33.0,7.0,5.0,48.0,8.0,2.0,61.14,33.0,8.75,6.25,487.55,8.0,0.5,487.55,CO,Severe,2026-07-16 05:38:19,bihar__arrah__new_dm_office_arrah_bspcb,7,True,True,Valid AQI,487.55,Severe,CO
"Gurdeo Nagar, Aurangabad - BSPCB",Aurangabad,Bihar,24.75746,84.366208,2026-07-16 05:00:00,,,8.0,8.0,103.0,7.0,2.0,,,10.0,10.0,500.0,7.0,0.5,500.0,CO,Severe,2026-07-16 05:38:19,bihar__aurangabad__gurdeo_nagar_aurangabad_bspcb,5,False,False,Insufficient pollutants,,Unknown,
"Lohiyanagar, Begusarai - BSPCB",Begusarai,Bihar,25.42742023,86.13886079,2026-07-16 05:00:00,33.0,37.0,9.0,18.0,17.0,40.0,16.0,54.38,37.0,11.25,22.5,300.0,40.0,4.0,300.0,CO,Poor,2026-07-16 05:38:19,bihar__begusarai__lohiyanagar_begusarai_bspcb,7,True,True,Valid AQI,300.0,Poor,CO
"Kamalnath Nagar, Bettiah - BSPCB",Bettiah,Bihar,26.80365,84.51954,2026-07-16 05:00:00,,,,14.0,29.0,22.0,,,,,17.5,370.71,22.0,,370.71,CO,Very Poor,2026-07-16 05:38:19,bihar__bettiah__kamalnath_nagar_bettiah_bspcb,3,False,False,Insufficient pollutants,,Unknown,
"DM Office_Kachari Chowk, Bhagalpur - BSPCB",Bhagalpur,Bihar,25.251013,86.989001,2026-07-16 05:00:00,34.0,79.0,11.0,16.0,21.0,19.0,4.0,56.07,79.0,13.75,20.0,323.85,19.0,1.0,323.85,CO,Very Poor,2026-07-16 05:38:19,bihar__bhagalpur__dm_office_kachari_chowk_bhagalpur_bspcb,7,True,True,Valid AQI,323.85,Very Poor,CO
"Mayaganj, Bhagalpur - BSPCB",Bhagalpur,Bihar,25.265194,87.012947,2026-07-16 05:00:00,,,8.0,28.0,41.0,22.0,3.0,,,10.0,35.0,443.96,22.0,0.75,443.96,CO,Severe,2026-07-16 05:38:19,bihar__bhagalpur__mayaganj_bhagalpur_bspcb,5,False,False,Insufficient pollutants,,Unknown,
"D M Colony, Bihar Sharif - BSPCB",Bihar Sharif,Bihar,25.204762,85.51496,2026-07-16 05:00:00,29.0,22.0,9.0,7.0,104.0,2.0,3.0,48.33,22.0,11.25,8.75,500.0,2.0,0.75,500.0,CO,Severe,2026-07-16 05:38:19,bihar__bihar_sharif__d_m_colony_bihar_sharif_bspcb,7,True,True,Valid AQI,500.0,Severe,CO
"Charitra Van, Buxar - BSPCB",Buxar,Bihar,25.56752,83.966379,2026-07-16 05:00:00,51.0,44.0,9.0,30.0,25.0,41.0,3.0,84.79,44.0,11.25,37.5,347.28,41.0,0.75,347.28,CO,Very Poor,2026-07-16 05:38:19,bihar__buxar__charitra_van_buxar_bspcb,7,True,True,Valid AQI,347.28,Very Poor,CO
"Darshan Nagar, Chhapra - BSPCB",Chhapra,Bihar,25.7808257,84.7446768,2026-07-16 05:00:00,72.0,111.0,2.0,21.0,85.0,3.0,11.0,138.55,107.64,2.5,26.25,500.0,3.0,2.75,500.0,CO,Severe,2026-07-16 05:38:19,bihar__chhapra__darshan_nagar_chhapra_bspcb,7,True,True,Valid AQI,500.0,Severe,CO
"Kareemganj, Gaya - BSPCB",Gaya,Bihar,24.792403,84.992416,2026-07-16 05:00:00,60.0,97.0,12.0,41.0,38.0,29.0,1.0,100.0,97.0,15.0,51.0,425.28,29.0,0.25,425.28,CO,Severe,2026-07-16 05:38:19,bihar__gaya__kareemganj_gaya_bspcb,7,True,True,Valid AQI,425.28,Severe,CO
"SFTI Kusdihra, Gaya - BSPCB",Gaya,Bihar,24.762518,84.982348,2026-07-16 05:00:00,41.0,51.0,24.0,8.0,23.0,27.0,6.0,67.9,51.0,30.0,10.0,335.56,27.0,1.5,335.56,CO,Very Poor,2026-07-16 05:38:19,bihar__gaya__sfti_kusdihra_gaya_bspcb,7,True,True,Valid AQI,335.56,Very Poor,CO
"Industrial Area, Hajipur - BSPCB",Hajipur,Bihar,25.697189,85.2459,2026-07-16 05:00:00,74.0,71.0,13.0,4.0,35.0,208.0,15.0,145.38,71.0,16.25,5.0,406.6,300.0,3.75,406.6,CO,Severe,2026-07-16 05:38:19,bihar__hajipur__industrial_area_hajipur_bspcb,7,True,True,Valid AQI,406.6,Severe,CO
"Mirchaibari, Katihar - BSPCB",Katihar,Bihar,25.560083,87.553265,2026-07-16 05:00:00,9.0,10.0,2.0,22.0,90.0,27.0,1.0,15.0,10.0,2.5,27.5,500.0,27.0,0.25,500.0,CO,Severe,2026-07-16 05:38:19,bihar__katihar__mirchaibari_katihar_bspcb,7,True,True,Valid AQI,500.0,Severe,CO
"SDM Office_Khagra, Kishanganj - BSPCB",Kishanganj,Bihar,26.0881305,87.93840336,2026-07-16 05:00:00,47.0,44.0,8.0,8.0,14.0,33.0,3.0,78.03,44.0,10.0,10.0,256.96,33.0,0.75,256.96,CO,Poor,2026-07-16 05:38:19,bihar__kishanganj__sdm_office_khagra_kishanganj_bspcb,7,True,True,Valid AQI,256.96,Poor,CO
"Forest Rest House, Manguraha - BSPCB",Manguraha,Bihar,27.308328,84.531742,2026-07-16 05:00:00,,,,,31.0,29.0,1.0,,,,,382.43,29.0,0.25,382.43,CO,Very Poor,2026-07-16 05:38:19,bihar__manguraha__forest_rest_house_manguraha_bspcb,3,False,False,Insufficient pollutants,,Unknown,
"Gandak Colony, Motihari - BSPCB",Motihari,Bihar,26.63086,84.90051,2026-07-16 05:00:00,77.0,64.0,3.0,3.0,12.0,59.0,3.0,155.62,64.0,3.75,3.75,228.26,59.0,0.75,228.26,CO,Poor,2026-07-16 05:38:19,bihar__motihari__gandak_colony_motihari_bspcb,7,True,True,Valid AQI,228.26,Poor,CO
"Town Hall, Munger - BSPCB",Munger,Bihar,25.376776,86.471523,2026-07-16 05:00:00,44.0,68.0,2.0,11.0,36.0,4.0,3.0,72.97,68.0,2.5,13.75,412.83,4.0,0.75,412.83,CO,Severe,2026-07-16 05:38:19,bihar__munger__town_hall_munger_bspcb,7,True,True,Valid AQI,412.83,Severe,CO
"Buddha Colony, Muzaffarpur - BSPCB",Muzaffarpur,Bihar,26.11442,85.39813,2026-07-16 05:00:00,59.0,69.0,27.0,8.0,21.0,21.0,9.0,98.31,69.0,33.75,10.0,323.85,21.0,2.25,323.85,CO,Very Poor,2026-07-16 05:38:19,bihar__muzaffarpur__buddha_colony_muzaffarpur_bspcb,7,True,True,Valid AQI,323.85,Very Poor,CO
"MIT-Daudpur Kothi, Muzaffarpur - BSPCB",Muzaffarpur,Bihar,26.1403345,85.3650192,2026-07-16 05:00:00,35.0,34.0,5.0,18.0,37.0,53.0,2.0,57.76,34.0,6.25,22.5,419.06,53.0,0.5,419.06,CO,Severe,2026-07-16 05:38:19,bihar__muzaffarpur__mit_daudpur_kothi_muzaffarpur_bspcb,7,True,True,Valid AQI,419.06,Severe,CO
"Muzaffarpur Collectorate, Muzaffarpur - BSPCB",Muzaffarpur,Bihar,26.1209,85.3647,2026-07-16 05:00:00,44.0,,20.0,4.0,13.0,7.0,,72.97,,25.0,5.0,242.61,7.0,,242.61,CO,Poor,2026-07-16 05:38:19,bihar__muzaffarpur__muzaffarpur_collectorate_muzaffarpur_bspcb,5,True,True,Valid AQI,242.61,Poor,CO
"DRM Office Danapur, Patna - BSPCB",Patna,Bihar,25.586562,85.043586,2026-07-16 05:00:00,44.0,80.0,32.0,6.0,36.0,12.0,9.0,72.97,80.0,40.0,7.5,412.83,12.0,2.25,412.83,CO,Severe,2026-07-16 05:38:19,bihar__patna__drm_office_danapur_patna_bspcb,7,True,True,Valid AQI,412.83,Severe,CO
"Govt. High School Shikarpur, Patna - BSPCB",Patna,Bihar,25.592539,85.227158,2026-07-16 05:00:00,36.0,57.0,12.0,13.0,40.0,29.0,6.0,59.45,57.0,15.0,16.25,437.74,29.0,1.5,437.74,CO,Severe,2026-07-16 05:38:19,bihar__patna__govt_high_school_shikarpur_patna_bspcb,7,True,True,Valid AQI,437.74,Severe,CO
"IGSC Planetarium Complex, Patna - BSPCB",Patna,Bihar,25.610369,85.132568,2026-07-16 05:00:00,61.0,,1.0,1.0,6.0,60.0,,101.0,,1.25,1.25,149.87,60.0,,149.87,CO,Moderate,2026-07-16 05:38:19,bihar__patna__igsc_planetarium_complex_patna_bspcb,5,True,True,Valid AQI,149.87,Moderate,CO
"Muradpur, Patna - BSPCB",Patna,Bihar,25.619651,85.147382,2026-07-16 05:00:00,44.0,84.0,3.0,12.0,54.0,10.0,5.0,72.97,84.0,3.75,15.0,500.0,10.0,1.25,500.0,CO,Severe,2026-07-16 05:38:19,bihar__patna__muradpur_patna_bspcb,7,True,True,Valid AQI,500.0,Severe,CO
"Rajbansi Nagar, Patna - BSPCB",Patna,Bihar,25.599486,85.113666,2026-07-16 05:00:00,35.0,48.0,31.0,9.0,30.0,30.0,3.0,57.76,48.0,38.75,11.25,376.57,30.0,0.75,376.57,CO,Very Poor,2026-07-16 05:38:19,bihar__patna__rajbansi_nagar_patna_bspcb,7,True,True,Valid AQI,376.57,Very Poor,CO
"Samanpura, Patna - BSPCB",Patna,Bihar,25.596727,85.085624,2026-07-16 05:00:00,41.0,100.0,24.0,5.0,24.0,45.0,5.0,67.9,100.0,30.0,6.25,341.42,45.0,1.25,341.42,CO,Very Poor,2026-07-16 05:38:19,bihar__patna__samanpura_patna_bspcb,7,True,True,Valid AQI,341.42,Very Poor,CO
"Mariam Nagar, Purnia - BSPCB",Purnia,Bihar,25.366336,87.117468,2026-07-16 05:00:00,57.0,45.0,6.0,16.0,56.0,21.0,2.0,94.93,45.0,7.5,20.0,500.0,21.0,0.5,500.0,CO,Severe,2026-07-16 05:38:19,bihar__purnia__mariam_nagar_purnia_bspcb,7,True,True,Valid AQI,500.0,Severe,CO
"Dangi Tola, Rajgir - BSPCB",Rajgir,Bihar,25.0328,85.41948,2026-07-16 05:00:00,51.0,47.0,14.0,3.0,43.0,27.0,3.0,84.79,47.0,17.5,3.75,456.42,27.0,0.75,456.42,CO,Severe,2026-07-16 05:38:19,bihar__rajgir__dangi_tola_rajgir_bspcb,7,True,True,Valid AQI,456.42,Severe,CO
"Police Line, Saharsa - BSPCB",Saharsa,Bihar,25.892357,86.590325,2026-07-16 05:00:00,,88.0,7.0,17.0,39.0,17.0,4.0,,88.0,8.75,21.25,431.51,17.0,1.0,431.51,CO,Severe,2026-07-16 05:38:19,bihar__saharsa__police_line_saharsa_bspcb,6,True,True,Valid AQI,431.51,Severe,CO
"DM Office_Kasipur, Samastipur - BSPCB",Samastipur,Bihar,25.859655,85.77944,2026-07-16 05:00:00,45.0,41.0,8.0,,4.0,8.0,1.0,74.66,41.0,10.0,,124.81,8.0,0.25,124.81,CO,Moderate,2026-07-16 05:38:19,bihar__samastipur__dm_office_kasipur_samastipur_bspcb,6,True,True,Valid AQI,124.81,Moderate,CO
"Dada Peer, Sasaram - BSPCB",Sasaram,Bihar,24.952822,84.002396,2026-07-16 05:00:00,,,,4.0,53.0,17.0,,,,,5.0,500.0,17.0,,500.0,CO,Severe,2026-07-16 05:38:19,bihar__sasaram__dada_peer_sasaram_bspcb,3,False,False,Insufficient pollutants,,Unknown,
"Chitragupta Nagar, Siwan - BSPCB",Siwan,Bihar,26.2271665,84.3570427,2026-07-16 05:00:00,,,2.0,8.0,77.0,8.0,1.0,,,2.5,10.0,500.0,8.0,0.25,500.0,CO,Severe,2026-07-16 05:38:19,bihar__siwan__chitragupta_nagar_siwan_bspcb,5,False,False,Insufficient pollutants,,Unknown,
"Sector 22, Chandigarh - CPCC",Chandigarh,Chandigarh,30.735567,76.775714,2026-07-16 05:00:00,39.0,54.0,8.0,6.0,37.0,15.0,16.0,64.52,54.0,10.0,7.5,419.06,15.0,4.0,419.06,CO,Severe,2026-07-16 05:38:19,chandigarh__chandigarh__sector_22_chandigarh_cpcc,7,True,True,Valid AQI,419.06,Severe,CO
"Sector-25, Chandigarh - CPCC",Chandigarh,Chandigarh,30.751462,76.762879,2026-07-16 05:00:00,65.0,90.0,7.0,8.0,19.0,20.0,13.0,114.66,90.0,8.75,10.0,312.13,20.0,3.25,312.13,CO,Very Poor,2026-07-16 05:38:19,chandigarh__chandigarh__sector_25_chandigarh_cpcc,7,True,True,Valid AQI,312.13,Very Poor,CO
"Sector-53, Chandigarh - CPCC",Chandigarh,Chandigarh,30.719859,76.738637,2026-07-16 05:00:00,37.0,39.0,30.0,3.0,48.0,11.0,21.0,61.14,39.0,37.5,3.75,487.55,11.0,5.25,487.55,CO,Severe,2026-07-16 05:38:19,chandigarh__chandigarh__sector_53_chandigarh_cpcc,7,True,True,Valid AQI,487.55,Severe,CO
"32Bungalows, Bhilai - CECB",Bhilai,Chhattisgarh,21.194815,81.31477,2026-07-16 05:00:00,27.0,51.0,12.0,12.0,17.0,6.0,3.0,45.0,51.0,15.0,15.0,300.0,6.0,0.75,300.0,CO,Poor,2026-07-16 05:38:19,chhattisgarh__bhilai__32bungalows_bhilai_cecb,7,True,True,Valid AQI,300.0,Poor,CO
"Civic Center, Bhilai - Bhilai Steel Plant",Bhilai,Chhattisgarh,21.185571,81.343175,2026-07-16 05:00:00,17.0,28.0,16.0,10.0,23.0,11.0,1.0,28.33,28.0,20.0,12.5,335.56,11.0,0.25,335.56,CO,Very Poor,2026-07-16 05:38:19,chhattisgarh__bhilai__civic_center_bhilai_bhilai_steel_plant,7,True,True,Valid AQI,335.56,Very Poor,CO
"Hathkhoj, Bhilai - CECB",Bhilai,Chhattisgarh,21.224231,81.40835,2026-07-16 05:00:00,36.0,56.0,23.0,14.0,31.0,7.0,5.0,59.45,56.0,28.75,17.5,382.43,7.0,1.25,382.43,CO,Very Poor,2026-07-16 05:38:19,chhattisgarh__bhilai__hathkhoj_bhilai_cecb,7,True,True,Valid AQI,382.43,Very Poor,CO
"Mangala, Bilaspur - NTPC",Bilaspur,Chhattisgarh,22.08815,82.13737,2026-07-16 05:00:00,40.0,49.0,17.0,13.0,31.0,,,66.21,49.0,21.25,16.25,382.43,,,382.43,CO,Very Poor,2026-07-16 05:38:19,chhattisgarh__bilaspur__mangala_bilaspur_ntpc,5,True,True,Valid AQI,382.43,Very Poor,CO
"Nawapara SECL Colony, Chhal - CECB",Chhal,Chhattisgarh,22.118125,83.140608,2026-07-16 05:00:00,46.0,37.0,7.0,9.0,11.0,46.0,,76.34,37.0,8.75,11.25,213.91,46.0,,213.91,CO,Poor,2026-07-16 05:38:19,chhattisgarh__chhal__nawapara_secl_colony_chhal_cecb,6,True,True,Valid AQI,213.91,Poor,CO
"Rampur, Korba - CECB",Korba,Chhattisgarh,22.368195,82.746431,2026-07-16 05:00:00,23.0,39.0,14.0,4.0,5.0,9.0,1.0,38.33,39.0,17.5,5.0,137.34,9.0,0.25,137.34,CO,Moderate,2026-07-16 05:38:19,chhattisgarh__korba__rampur_korba_cecb,7,True,True,Valid AQI,137.34,Moderate,CO
"Urja Nagar, Korba - CECB",Korba,Chhattisgarh,22.348441,82.549611,2026-07-16 05:00:00,31.0,48.0,7.0,8.0,22.0,2.0,1.0,51.0,48.0,8.75,10.0,329.7,2.0,0.25,329.7,CO,Very Poor,2026-07-16 05:38:19,chhattisgarh__korba__urja_nagar_korba_cecb,7,True,True,Valid AQI,329.7,Very Poor,CO
"OP Jindal School, Kunjemura - CECB",Kunjemura,Chhattisgarh,22.12665,83.483212,2026-07-16 05:00:00,13.0,50.0,19.0,13.0,22.0,7.0,2.0,21.67,50.0,23.75,16.25,329.7,7.0,0.5,329.7,CO,Very Poor,2026-07-16 05:38:19,chhattisgarh__kunjemura__op_jindal_school_kunjemura_cecb,7,True,True,Valid AQI,329.7,Very Poor,CO
"Govt. Higher Secondary School, Milupara - CECB",Milupara,Chhattisgarh,22.1910172,83.5197009,2026-07-16 05:00:00,29.0,37.0,25.0,14.0,7.0,4.0,1.0,48.33,37.0,31.25,17.5,162.41,4.0,0.25,162.41,CO,Moderate,2026-07-16 05:38:19,chhattisgarh__milupara__govt_higher_secondary_school_milupara_cecb,7,True,True,Valid AQI,162.41,Moderate,CO
"AIIMS, Raipur - CECB",Raipur,Chhattisgarh,21.258815,81.578979,2026-07-16 05:00:00,,,,,18.0,9.0,,,,,,306.27,9.0,,306.27,CO,Very Poor,2026-07-16 05:38:19,chhattisgarh__raipur__aiims_raipur_cecb,2,False,False,Insufficient pollutants,,Unknown,
"Bhatagaon New ISBT, Raipur - CECB",Raipur,Chhattisgarh,21.219665,81.630094,2026-07-16 05:00:00,15.0,41.0,2.0,3.0,19.0,5.0,2.0,25.0,41.0,2.5,3.75,312.13,5.0,0.5,312.13,CO,Very Poor,2026-07-16 05:38:19,chhattisgarh__raipur__bhatagaon_new_isbt_raipur_cecb,7,True,True,Valid AQI,312.13,Very Poor,CO
"Krishak Nagar, Raipur - CECB",Raipur,Chhattisgarh,21.237755,81.705301,2026-07-16 05:00:00,22.0,31.0,7.0,4.0,20.0,0.0,2.0,36.67,31.0,8.75,5.0,317.99,0.0,0.5,317.99,CO,Very Poor,2026-07-16 05:38:19,chhattisgarh__raipur__krishak_nagar_raipur_cecb,7,True,True,Valid AQI,317.99,Very Poor,CO
"Siltara Phase-II, Raipur - CECB",Raipur,Chhattisgarh,21.371751,81.664929,2026-07-16 05:00:00,30.0,59.0,6.0,13.0,17.0,9.0,2.0,50.0,59.0,7.5,16.25,300.0,9.0,0.5,300.0,CO,Poor,2026-07-16 05:38:19,chhattisgarh__raipur__siltara_phase_ii_raipur_cecb,7,True,True,Valid AQI,300.0,Poor,CO
"OP Jindal Industrial Park, Tumidih - CECB",Tumidih,Chhattisgarh,22.06631475,83.33820077,2026-07-16 05:00:00,28.0,35.0,21.0,5.0,15.0,27.0,1.0,46.67,35.0,26.25,6.25,271.3,27.0,0.25,271.3,CO,Poor,2026-07-16 05:38:19,chhattisgarh__tumidih__op_jindal_industrial_park_tumidih_cecb,7,True,True,Valid AQI,271.3,Poor,CO
"Alipur, Delhi - DPCC",Delhi,Delhi,28.815329,77.15301,2026-07-16 05:00:00,73.0,180.0,62.0,10.0,36.0,4.0,16.0,141.97,153.49,77.38,12.5,412.83,4.0,4.0,412.83,CO,Severe,2026-07-16 05:38:19,delhi__delhi__alipur_delhi_dpcc,7,True,True,Valid AQI,412.83,Severe,CO
"Anand Vihar, Delhi - DPCC",Delhi,Delhi,28.647622,77.315809,2026-07-16 05:00:00,138.0,334.0,49.0,9.0,31.0,4.0,7.0,314.05,284.0,61.05,11.25,382.43,4.0,1.75,382.43,CO,Very Poor,2026-07-16 05:38:19,delhi__delhi__anand_vihar_delhi_dpcc,7,True,True,Valid AQI,382.43,Very Poor,CO
"Ashok Vihar, Delhi - DPCC",Delhi,Delhi,28.695381,77.181665,2026-07-16 05:00:00,85.0,174.0,25.0,12.0,51.0,5.0,5.0,182.93,149.5,31.25,15.0,500.0,5.0,1.25,500.0,CO,Severe,2026-07-16 05:38:19,delhi__delhi__ashok_vihar_delhi_dpcc,7,True,True,Valid AQI,500.0,Severe,CO
"Aya Nagar, Delhi - IITM",Delhi,Delhi,28.4706914,77.1099364,2026-07-16 05:00:00,63.0,138.0,15.0,,30.0,18.0,,107.83,125.58,18.75,,376.57,18.0,,376.57,CO,Very Poor,2026-07-16 05:38:19,delhi__delhi__aya_nagar_delhi_iitm,5,True,True,Valid AQI,376.57,Very Poor,CO
"Bawana, Delhi - DPCC",Delhi,Delhi,28.7762,77.051074,2026-07-16 05:00:00,,170.0,6.0,9.0,29.0,7.0,4.0,,146.85,7.5,11.25,370.71,7.0,1.0,370.71,CO,Very Poor,2026-07-16 05:38:19,delhi__delhi__bawana_delhi_dpcc,6,True,True,Valid AQI,370.71,Very Poor,CO
"Burari Crossing, Delhi - IITM",Delhi,Delhi,28.7256504,77.2011573,2026-07-16 05:00:00,71.0,136.0,18.0,,53.0,29.0,,135.14,124.26,22.5,,500.0,29.0,,500.0,CO,Severe,2026-07-16 05:38:19,delhi__delhi__burari_crossing_delhi_iitm,5,True,True,Valid AQI,500.0,Severe,CO
"CRRI Mathura Road, Delhi - IITM",Delhi,Delhi,28.5512005,77.2735737,2026-07-16 05:00:00,80.0,190.0,55.0,,63.0,11.0,,165.86,160.13,68.59,,500.0,11.0,,500.0,CO,Severe,2026-07-16 05:38:19,delhi__delhi__crri_mathura_road_delhi_iitm,5,True,True,Valid AQI,500.0,Severe,CO
"Cantonment Area, Delhi - DPCC",Delhi,Delhi,28.594169,77.1251,2026-07-16 05:00:00,35.0,115.0,14.0,3.0,28.0,10.0,6.0,57.76,110.3,17.5,3.75,364.85,10.0,1.5,364.85,CO,Very Poor,2026-07-16 05:38:19,delhi__delhi__cantonment_area_delhi_dpcc,7,True,True,Valid AQI,364.85,Very Poor,CO
"Chandni Chowk, Delhi - IITM",Delhi,Delhi,28.656756,77.227234,2026-07-16 05:00:00,75.0,80.0,23.0,,58.0,16.0,5.0,148.79,80.0,28.75,,500.0,16.0,1.25,500.0,CO,Severe,2026-07-16 05:38:19,delhi__delhi__chandni_chowk_delhi_iitm,6,True,True,Valid AQI,500.0,Severe,CO
"Commonwealth Sports Complex, Delhi - DPCC",Delhi,Delhi,28.615828,77.271992,2026-07-16 05:00:00,72.0,132.0,35.0,7.0,46.0,8.0,,138.55,121.6,43.75,8.75,475.09,8.0,,475.09,CO,Severe,2026-07-16 05:38:19,delhi__delhi__commonwealth_sports_complex_delhi_dpcc,6,True,True,Valid AQI,475.09,Severe,CO
"DTU, Delhi - CPCB",Delhi,Delhi,28.7500499,77.1112615,2026-07-16 05:00:00,70.0,142.0,21.0,,25.0,23.0,10.0,131.72,128.24,26.25,,347.28,23.0,2.5,347.28,CO,Very Poor,2026-07-16 05:38:19,delhi__delhi__dtu_delhi_cpcb,6,True,True,Valid AQI,347.28,Very Poor,CO
"Dr. Karni Singh Shooting Range, Delhi - DPCC",Delhi,Delhi,28.498571,77.26484,2026-07-16 05:00:00,56.0,,24.0,11.0,25.0,15.0,6.0,93.24,,30.0,13.75,347.28,15.0,1.5,347.28,CO,Very Poor,2026-07-16 05:38:19,delhi__delhi__dr_karni_singh_shooting_range_delhi_dpcc,6,True,True,Valid AQI,347.28,Very Poor,CO
"Dwarka-Sector 8, Delhi - DPCC",Delhi,Delhi,28.5710274,77.0719006,2026-07-16 05:00:00,47.0,170.0,36.0,,,,6.0,78.03,146.85,45.0,,,,1.5,146.85,PM10,Moderate,2026-07-16 05:38:19,delhi__delhi__dwarka_sector_8_delhi_dpcc,4,True,True,Valid AQI,146.85,Moderate,PM10
"IGI Airport (T3), Delhi - IITM",Delhi,Delhi,28.5627763,77.1180053,2026-07-16 05:00:00,71.0,148.0,105.0,,59.0,36.0,,135.14,132.23,125.0,,500.0,36.0,,500.0,CO,Severe,2026-07-16 05:38:19,delhi__delhi__igi_airport_t3_delhi_iitm,5,True,True,Valid AQI,500.0,Severe,CO
"IGNOU_Maidan Garhi, Delhi - DPCC",Delhi,Delhi,28.493624,77.201159,2026-07-16 05:00:00,40.0,138.0,17.0,4.0,34.0,7.0,5.0,66.21,125.58,21.25,5.0,400.0,7.0,1.25,400.0,CO,Very Poor,2026-07-16 05:38:19,delhi__delhi__ignou_maidan_garhi_delhi_dpcc,7,True,True,Valid AQI,400.0,Very Poor,CO
"IHBAS, Dilshad Garden, Delhi - CPCB",Delhi,Delhi,28.6811736,77.3025234,2026-07-16 05:00:00,104.0,128.0,19.0,16.0,74.0,21.0,6.0,245.38,118.94,23.75,20.0,500.0,21.0,1.5,500.0,CO,Severe,2026-07-16 05:38:19,delhi__delhi__ihbas_dilshad_garden_delhi_cpcb,7,True,True,Valid AQI,500.0,Severe,CO
"IIT Delhi, Delhi - IITM",Delhi,Delhi,28.54246,77.191651,2026-07-16 05:00:00,73.0,224.0,37.0,,30.0,24.0,,141.97,182.72,46.25,,376.57,24.0,,376.57,CO,Very Poor,2026-07-16 05:38:19,delhi__delhi__iit_delhi_delhi_iitm,5,True,True,Valid AQI,376.57,Very Poor,CO
"IMD Lodhi Road, Delhi - IITM",Delhi,Delhi,28.5918245,77.2273074,2026-07-16 05:00:00,69.0,144.0,15.0,,34.0,7.0,,128.31,129.57,18.75,,400.0,7.0,,400.0,CO,Very Poor,2026-07-16 05:38:19,delhi__delhi__imd_lodhi_road_delhi_iitm,5,True,True,Valid AQI,400.0,Very Poor,CO
"ITO, Delhi - CPCB",Delhi,Delhi,28.628624,77.24106,2026-07-16 05:00:00,54.0,117.0,58.0,25.0,46.0,26.0,5.0,89.86,111.63,72.36,31.25,475.09,26.0,1.25,475.09,CO,Severe,2026-07-16 05:38:19,delhi__delhi__ito_delhi_cpcb,7,True,True,Valid AQI,475.09,Severe,CO
"JNU, Delhi - DPCC",Delhi,Delhi,28.540721,77.168544,2026-07-16 05:00:00,68.0,135.0,24.0,1.0,22.0,21.0,3.0,124.9,123.59,30.0,1.25,329.7,21.0,0.75,329.7,CO,Very Poor,2026-07-16 05:38:19,delhi__delhi__jnu_delhi_dpcc,7,True,True,Valid AQI,329.7,Very Poor,CO
"Jahangirpuri, Delhi - DPCC",Delhi,Delhi,28.73282,77.170633,2026-07-16 05:00:00,116.0,209.0,29.0,13.0,41.0,6.0,4.0,286.34,172.76,36.25,16.25,443.96,6.0,1.0,443.96,CO,Severe,2026-07-16 05:38:19,delhi__delhi__jahangirpuri_delhi_dpcc,7,True,True,Valid AQI,443.96,Severe,CO
"Jawaharlal Nehru Stadium, Delhi - DPCC",Delhi,Delhi,28.58028,77.233829,2026-07-16 05:00:00,64.0,153.0,28.0,11.0,54.0,14.0,15.0,111.24,135.55,35.0,13.75,500.0,14.0,3.75,500.0,CO,Severe,2026-07-16 05:38:19,delhi__delhi__jawaharlal_nehru_stadium_delhi_dpcc,7,True,True,Valid AQI,500.0,Severe,CO
"Major Dhyan Chand National Stadium, Delhi - DPCC",Delhi,Delhi,28.611281,77.237738,2026-07-16 05:00:00,38.0,129.0,34.0,19.0,25.0,8.0,10.0,62.83,119.6,42.5,23.75,347.28,8.0,2.5,347.28,CO,Very Poor,2026-07-16 05:38:19,delhi__delhi__major_dhyan_chand_national_stadium_delhi_dpcc,7,True,True,Valid AQI,347.28,Very Poor,CO
"Mandir Marg, Delhi - DPCC",Delhi,Delhi,28.636429,77.201067,2026-07-16 05:00:00,43.0,147.0,44.0,,,,6.0,71.28,131.56,54.77,,,,1.5,131.56,PM10,Moderate,2026-07-16 05:38:19,delhi__delhi__mandir_marg_delhi_dpcc,4,True,True,Valid AQI,131.56,Moderate,PM10
"Mundka, Delhi - DPCC",Delhi,Delhi,28.684678,77.076574,2026-07-16 05:00:00,67.0,189.0,85.0,8.0,41.0,2.0,7.0,121.48,159.47,105.0,10.0,443.96,2.0,1.75,443.96,CO,Severe,2026-07-16 05:38:19,delhi__delhi__mundka_delhi_dpcc,7,True,True,Valid AQI,443.96,Severe,CO
"NSIT Dwarka, Delhi - CPCB",Delhi,Delhi,28.60909,77.0325413,2026-07-16 05:00:00,101.0,74.0,39.0,,46.0,33.0,7.0,235.14,74.0,48.75,,475.09,33.0,1.75,475.09,CO,Severe,2026-07-16 05:38:19,delhi__delhi__nsit_dwarka_delhi_cpcb,6,True,True,Valid AQI,475.09,Severe,CO
"NSUT Jaffarpur, Delhi - DPCC",Delhi,Delhi,28.594004,76.909423,2026-07-16 05:00:00,66.0,123.0,17.0,6.0,45.0,14.0,3.0,118.07,115.62,21.25,7.5,468.87,14.0,0.75,468.87,CO,Severe,2026-07-16 05:38:19,delhi__delhi__nsut_jaffarpur_delhi_dpcc,7,True,True,Valid AQI,468.87,Severe,CO
"Najafgarh, Delhi - DPCC",Delhi,Delhi,28.570173,76.933762,2026-07-16 05:00:00,49.0,132.0,21.0,6.0,33.0,13.0,6.0,81.41,121.6,26.25,7.5,394.14,13.0,1.5,394.14,CO,Very Poor,2026-07-16 05:38:19,delhi__delhi__najafgarh_delhi_dpcc,7,True,True,Valid AQI,394.14,Very Poor,CO
"Narela, Delhi - DPCC",Delhi,Delhi,28.822836,77.101981,2026-07-16 05:00:00,73.0,172.0,27.0,16.0,41.0,6.0,8.0,141.97,148.17,33.75,20.0,443.96,6.0,2.0,443.96,CO,Severe,2026-07-16 05:38:19,delhi__delhi__narela_delhi_dpcc,7,True,True,Valid AQI,443.96,Severe,CO
"Nehru Nagar, Delhi - DPCC",Delhi,Delhi,28.56789,77.250515,2026-07-16 05:00:00,69.0,160.0,30.0,22.0,39.0,18.0,7.0,128.31,140.2,37.5,27.5,431.51,18.0,1.75,431.51,CO,Severe,2026-07-16 05:38:19,delhi__delhi__nehru_nagar_delhi_dpcc,7,True,True,Valid AQI,431.51,Severe,CO
"North Campus, DU, Delhi - IITM",Delhi,Delhi,28.6573814,77.1585447,2026-07-16 05:00:00,73.0,160.0,86.0,,82.0,24.0,,141.97,140.2,106.0,,500.0,24.0,,500.0,CO,Severe,2026-07-16 05:38:19,delhi__delhi__north_campus_du_delhi_iitm,5,True,True,Valid AQI,500.0,Severe,CO
"Okhla Phase-2, Delhi - DPCC",Delhi,Delhi,28.530785,77.271255,2026-07-16 05:00:00,62.0,157.0,32.0,18.0,30.0,8.0,7.0,104.41,138.21,40.0,22.5,376.57,8.0,1.75,376.57,CO,Very Poor,2026-07-16 05:38:19,delhi__delhi__okhla_phase_2_delhi_dpcc,7,True,True,Valid AQI,376.57,Very Poor,CO
"Punjabi Bagh, Delhi - DPCC",Delhi,Delhi,28.674045,77.131023,2026-07-16 05:00:00,83.0,154.0,20.0,37.0,30.0,9.0,3.0,176.1,136.21,25.0,46.25,376.57,9.0,0.75,376.57,CO,Very Poor,2026-07-16 05:38:19,delhi__delhi__punjabi_bagh_delhi_dpcc,7,True,True,Valid AQI,376.57,Very Poor,CO
"Pusa, Delhi - DPCC",Delhi,Delhi,28.639652,77.146275,2026-07-16 05:00:00,69.0,190.0,52.0,10.0,46.0,4.0,13.0,128.31,160.13,64.82,12.5,475.09,4.0,3.25,475.09,CO,Severe,2026-07-16 05:38:19,delhi__delhi__pusa_delhi_dpcc,7,True,True,Valid AQI,475.09,Severe,CO
"Pusa, Delhi - IITM",Delhi,Delhi,28.63611,77.173332,2026-07-16 05:00:00,68.0,128.0,56.0,,30.0,45.0,,124.9,118.94,69.85,,376.57,45.0,,376.57,CO,Very Poor,2026-07-16 05:38:19,delhi__delhi__pusa_delhi_iitm,5,True,True,Valid AQI,376.57,Very Poor,CO
"R K Puram, Delhi - DPCC",Delhi,Delhi,28.563262,77.186937,2026-07-16 05:00:00,69.0,177.0,43.0,23.0,24.0,8.0,5.0,128.31,151.5,53.51,28.75,341.42,8.0,1.25,341.42,CO,Very Poor,2026-07-16 05:38:19,delhi__delhi__r_k_puram_delhi_dpcc,7,True,True,Valid AQI,341.42,Very Poor,CO
"Rohini, Delhi - DPCC",Delhi,Delhi,28.732528,77.11992,2026-07-16 05:00:00,61.0,181.0,29.0,8.0,66.0,4.0,7.0,101.0,154.15,36.25,10.0,500.0,4.0,1.75,500.0,CO,Severe,2026-07-16 05:38:19,delhi__delhi__rohini_delhi_dpcc,7,True,True,Valid AQI,500.0,Severe,CO
"Shadipur, Delhi - CPCB",Delhi,Delhi,28.6514781,77.1473105,2026-07-16 05:00:00,152.0,146.0,45.0,13.0,45.0,52.0,10.0,324.79,130.9,56.03,16.25,468.87,52.0,2.5,468.87,CO,Severe,2026-07-16 05:38:19,delhi__delhi__shadipur_delhi_cpcb,7,True,True,Valid AQI,468.87,Severe,CO
"Sirifort, Delhi - CPCB",Delhi,Delhi,28.5504249,77.2159377,2026-07-16 05:00:00,91.0,152.0,10.0,21.0,18.0,9.0,4.0,201.0,134.89,12.5,26.25,306.27,9.0,1.0,306.27,CO,Very Poor,2026-07-16 05:38:19,delhi__delhi__sirifort_delhi_cpcb,7,True,True,Valid AQI,306.27,Very Poor,CO
"Sonia Vihar, Delhi - DPCC",Delhi,Delhi,28.710508,77.249485,2026-07-16 05:00:00,75.0,159.0,9.0,4.0,57.0,8.0,14.0,148.79,139.54,11.25,5.0,500.0,8.0,3.5,500.0,CO,Severe,2026-07-16 05:38:19,delhi__delhi__sonia_vihar_delhi_dpcc,7,True,True,Valid AQI,500.0,Severe,CO
"Sri Aurobindo Marg, Delhi - DPCC",Delhi,Delhi,28.531346,77.190156,2026-07-16 05:00:00,54.0,144.0,24.0,15.0,36.0,14.0,3.0,89.86,129.57,30.0,18.75,412.83,14.0,0.75,412.83,CO,Severe,2026-07-16 05:38:19,delhi__delhi__sri_aurobindo_marg_delhi_dpcc,7,True,True,Valid AQI,412.83,Severe,CO
"Talkatora Garden, Delhi - DPCC",Delhi,Delhi,28.62181,77.1944633,2026-07-16 05:00:00,67.0,123.0,23.0,,39.0,10.0,4.0,121.48,115.62,28.75,,431.51,10.0,1.0,431.51,CO,Severe,2026-07-16 05:38:19,delhi__delhi__talkatora_garden_delhi_dpcc,6,True,True,Valid AQI,431.51,Severe,CO
"Vivek Vihar, Delhi - DPCC",Delhi,Delhi,28.672342,77.31526,2026-07-16 05:00:00,62.0,163.0,38.0,10.0,34.0,20.0,6.0,104.41,142.19,47.5,12.5,400.0,20.0,1.5,400.0,CO,Very Poor,2026-07-16 05:38:19,delhi__delhi__vivek_vihar_delhi_dpcc,7,True,True,Valid AQI,400.0,Very Poor,CO
"Wazirpur, Delhi - DPCC",Delhi,Delhi,28.699793,77.165453,2026-07-16 05:00:00,100.0,228.0,39.0,9.0,42.0,16.0,6.0,231.72,185.38,48.75,11.25,450.19,16.0,1.5,450.19,CO,Severe,2026-07-16 05:38:19,delhi__delhi__wazirpur_delhi_dpcc,7,True,True,Valid AQI,450.19,Severe,CO
"Chandkheda, Ahmedabad - IITM",Ahmedabad,Gujarat,23.107969,72.574648,2026-07-16 05:00:00,32.0,63.0,13.0,7.0,31.0,3.0,5.0,52.69,63.0,16.25,8.75,382.43,3.0,1.25,382.43,CO,Very Poor,2026-07-16 05:38:19,gujarat__ahmedabad__chandkheda_ahmedabad_iitm,7,True,True,Valid AQI,382.43,Very Poor,CO
"Gyaspur, Ahmedabad - IITM",Ahmedabad,Gujarat,22.977134,72.553024,2026-07-16 05:00:00,21.0,79.0,19.0,12.0,27.0,11.0,6.0,35.0,79.0,23.75,15.0,358.99,11.0,1.5,358.99,CO,Very Poor,2026-07-16 05:38:19,gujarat__ahmedabad__gyaspur_ahmedabad_iitm,7,True,True,Valid AQI,358.99,Very Poor,CO
"Maninagar, Ahmedabad - GPCB",Ahmedabad,Gujarat,23.002657,72.591912,2026-07-16 05:00:00,56.0,76.0,34.0,36.0,28.0,19.0,,93.24,76.0,42.5,45.0,364.85,19.0,,364.85,CO,Very Poor,2026-07-16 05:38:19,gujarat__ahmedabad__maninagar_ahmedabad_gpcb,6,True,True,Valid AQI,364.85,Very Poor,CO
"Raikhad, Ahmedabad - IITM",Ahmedabad,Gujarat,23.020509,72.579261,2026-07-16 05:00:00,33.0,76.0,18.0,16.0,42.0,11.0,4.0,54.38,76.0,22.5,20.0,450.19,11.0,1.0,450.19,CO,Severe,2026-07-16 05:38:19,gujarat__ahmedabad__raikhad_ahmedabad_iitm,7,True,True,Valid AQI,450.19,Severe,CO
"Rakhial, Ahmedabad - IITM",Ahmedabad,Gujarat,23.016834,72.625775,2026-07-16 05:00:00,28.0,66.0,11.0,15.0,31.0,9.0,4.0,46.67,66.0,13.75,18.75,382.43,9.0,1.0,382.43,CO,Very Poor,2026-07-16 05:38:19,gujarat__ahmedabad__rakhial_ahmedabad_iitm,7,True,True,Valid AQI,382.43,Very Poor,CO
"SAC ISRO Bopal, Ahmedabad - IITM",Ahmedabad,Gujarat,23.041137,72.456691,2026-07-16 05:00:00,43.0,50.0,4.0,1.0,3.0,12.0,2.0,71.28,50.0,5.0,1.25,112.28,12.0,0.5,112.28,CO,Moderate,2026-07-16 05:38:19,gujarat__ahmedabad__sac_isro_bopal_ahmedabad_iitm,7,True,True,Valid AQI,112.28,Moderate,CO
"SAC ISRO Satellite, Ahmedabad - IITM",Ahmedabad,Gujarat,23.023389,72.515201,2026-07-16 05:00:00,47.0,59.0,26.0,5.0,96.0,16.0,3.0,78.03,59.0,32.5,6.25,500.0,16.0,0.75,500.0,CO,Severe,2026-07-16 05:38:19,gujarat__ahmedabad__sac_isro_satellite_ahmedabad_iitm,7,True,True,Valid AQI,500.0,Severe,CO
"SVPI Airport Hansol, Ahmedabad - IITM",Ahmedabad,Gujarat,23.076793,72.627874,2026-07-16 05:00:00,32.0,77.0,11.0,15.0,46.0,11.0,1.0,52.69,77.0,13.75,18.75,475.09,11.0,0.25,475.09,CO,Severe,2026-07-16 05:38:19,gujarat__ahmedabad__svpi_airport_hansol_ahmedabad_iitm,7,True,True,Valid AQI,475.09,Severe,CO
"GIDC, Ankleshwar - GPCB",Ankleshwar,Gujarat,21.613267,73.010555,2026-07-16 05:00:00,39.0,62.0,27.0,22.0,49.0,9.0,5.0,64.52,62.0,33.75,27.5,493.77,9.0,1.25,493.77,CO,Severe,2026-07-16 05:38:19,gujarat__ankleshwar__gidc_ankleshwar_gpcb,7,True,True,Valid AQI,493.77,Severe,CO
"Vidhyanagar, Bhavnagar - Nexteng Enviro",Bhavnagar,Gujarat,21.755417,72.139056,2026-07-16 05:00:00,28.0,50.0,49.0,7.0,80.0,19.0,4.0,46.67,50.0,61.05,8.75,500.0,19.0,1.0,500.0,CO,Severe,2026-07-16 05:38:19,gujarat__bhavnagar__vidhyanagar_bhavnagar_nexteng_enviro,7,True,True,Valid AQI,500.0,Severe,CO
"GIFT City, Gandhinagar - IITM",Gandhinagar,Gujarat,23.163798,72.677768,2026-07-16 05:00:00,28.0,71.0,28.0,2.0,29.0,7.0,2.0,46.67,71.0,35.0,2.5,370.71,7.0,0.5,370.71,CO,Very Poor,2026-07-16 05:38:19,gujarat__gandhinagar__gift_city_gandhinagar_iitm,7,True,True,Valid AQI,370.71,Very Poor,CO
"IIPHG Lekawada, Gandhinagar - IITM",Gandhinagar,Gujarat,23.243639,72.68994,2026-07-16 05:00:00,22.0,60.0,7.0,3.0,36.0,4.0,1.0,36.67,60.0,8.75,3.75,412.83,4.0,0.25,412.83,CO,Severe,2026-07-16 05:38:19,gujarat__gandhinagar__iiphg_lekawada_gandhinagar_iitm,7,True,True,Valid AQI,412.83,Severe,CO
"Sector-10, Gandhinagar - GPCB",Gandhinagar,Gujarat,23.221714,72.654328,2026-07-16 05:00:00,30.0,40.0,7.0,5.0,20.0,2.0,1.0,50.0,40.0,8.75,6.25,317.99,2.0,0.25,317.99,CO,Very Poor,2026-07-16 05:38:19,gujarat__gandhinagar__sector_10_gandhinagar_gpcb,7,True,True,Valid AQI,317.99,Very Poor,CO
"Sadanand Nagar, Mehsana - Nexteng Enviro",Mehsana,Gujarat,23.59315,72.372792,2026-07-16 05:00:00,48.0,57.0,10.0,13.0,70.0,11.0,1.0,79.72,57.0,12.5,16.25,500.0,11.0,0.25,500.0,CO,Severe,2026-07-16 05:38:19,gujarat__mehsana__sadanand_nagar_mehsana_nexteng_enviro,7,True,True,Valid AQI,500.0,Severe,CO
"Mavdi, Rajkot - Nexteng Enviro",Rajkot,Gujarat,22.248853,70.776774,2026-07-16 05:00:00,37.0,43.0,65.0,10.0,90.0,10.0,1.0,61.14,43.0,81.15,12.5,500.0,10.0,0.25,500.0,CO,Severe,2026-07-16 05:38:19,gujarat__rajkot__mavdi_rajkot_nexteng_enviro,7,True,True,Valid AQI,500.0,Severe,CO
"Katargam, Surat - Nexteng Enviro",Surat,Gujarat,21.217779,72.834787,2026-07-16 05:00:00,22.0,63.0,14.0,8.0,40.0,5.0,1.0,36.67,63.0,17.5,10.0,437.74,5.0,0.25,437.74,CO,Severe,2026-07-16 05:38:19,gujarat__surat__katargam_surat_nexteng_enviro,7,True,True,Valid AQI,437.74,Severe,CO
"Science Center, Surat - SMC",Surat,Gujarat,21.170046,72.795405,2026-07-16 05:00:00,19.0,43.0,3.0,15.0,34.0,,,31.67,43.0,3.75,18.75,400.0,,,400.0,CO,Very Poor,2026-07-16 05:38:19,gujarat__surat__science_center_surat_smc,5,True,True,Valid AQI,400.0,Very Poor,CO
"Bapunagar, Vadodara - Nexteng Enviro",Vadodara,Gujarat,22.320153,73.216285,2026-07-16 05:00:00,46.0,54.0,12.0,6.0,96.0,4.0,2.0,76.34,54.0,15.0,7.5,500.0,4.0,0.5,500.0,CO,Severe,2026-07-16 05:38:19,gujarat__vadodara__bapunagar_vadodara_nexteng_enviro,7,True,True,Valid AQI,500.0,Severe,CO
"Phase-1 GIDC, Vapi - GPCB",Vapi,Gujarat,20.362421,72.918013,2026-07-16 05:00:00,67.0,67.0,19.0,24.0,,5.0,3.0,121.48,67.0,23.75,30.0,,5.0,0.75,121.48,PM2.5,Moderate,2026-07-16 05:38:19,gujarat__vapi__phase_1_gidc_vapi_gpcb,6,True,True,Valid AQI,121.48,Moderate,PM2.5
"Phase-4 GIDC, Vatva - GPCB",Vatva,Gujarat,22.969611,72.6435,2026-07-16 05:00:00,108.0,110.0,36.0,7.0,31.0,11.0,2.0,259.03,106.98,45.0,8.75,382.43,11.0,0.5,382.43,CO,Very Poor,2026-07-16 05:38:19,gujarat__vatva__phase_4_gidc_vatva_gpcb,7,True,True,Valid AQI,382.43,Very Poor,CO
"Patti Mehar, Ambala - HSPCB",Ambala,Haryana,30.379589,76.778328,2026-07-16 05:00:00,99.0,135.0,6.0,39.0,54.0,37.0,8.0,228.31,123.59,7.5,48.75,500.0,37.0,2.0,500.0,CO,Severe,2026-07-16 05:38:19,haryana__ambala__patti_mehar_ambala_hspcb,7,True,True,Valid AQI,500.0,Severe,CO
"Arya Nagar, Bahadurgarh - HSPCB",Bahadurgarh,Haryana,28.6701,76.9254,2026-07-16 05:00:00,177.0,101.0,18.0,6.0,49.0,26.0,11.0,343.98,101.0,22.5,7.5,493.77,26.0,2.75,493.77,CO,Severe,2026-07-16 05:38:19,haryana__bahadurgarh__arya_nagar_bahadurgarh_hspcb,7,True,True,Valid AQI,493.77,Severe,CO
"Nathu Colony, Ballabgarh - HSPCB",Ballabgarh,Haryana,28.3419248,77.319699,2026-07-16 05:00:00,173.0,161.0,20.0,3.0,51.0,4.0,5.0,340.91,140.87,25.0,3.75,500.0,4.0,1.25,500.0,CO,Severe,2026-07-16 05:38:19,haryana__ballabgarh__nathu_colony_ballabgarh_hspcb,7,True,True,Valid AQI,500.0,Severe,CO
"H.B. Colony, Bhiwani - HSPCB",Bhiwani,Haryana,28.806223,76.141105,2026-07-16 05:00:00,103.0,73.0,9.0,13.0,19.0,15.0,2.0,241.97,73.0,11.25,16.25,312.13,15.0,0.5,312.13,CO,Very Poor,2026-07-16 05:38:19,haryana__bhiwani__h_b_colony_bhiwani_hspcb,7,True,True,Valid AQI,312.13,Very Poor,CO
"Mini Secretariat, Charkhi Dadri - HSPCB",Charkhi Dadri,Haryana,28.593883,76.270653,2026-07-16 05:00:00,211.0,99.0,15.0,8.0,18.0,20.0,6.0,370.07,99.0,18.75,10.0,306.27,20.0,1.5,370.07,PM2.5,Very Poor,2026-07-16 05:38:19,haryana__charkhi_dadri__mini_secretariat_charkhi_dadri_hspcb,7,True,True,Valid AQI,370.07,Very Poor,PM2.5
"Municipal Corporation Office, Dharuhera -  HSPCB",Dharuhera,Haryana,28.2068,76.7997,2026-07-16 05:00:00,122.0,103.0,29.0,8.0,72.0,8.0,8.0,301.77,102.33,36.25,10.0,500.0,8.0,2.0,500.0,CO,Severe,2026-07-16 05:38:19,haryana__dharuhera__municipal_corporation_office_dharuhera_hspcb,7,True,True,Valid AQI,500.0,Severe,CO
"New Industrial Town, Faridabad - HSPCB",Faridabad,Haryana,28.39072,77.30059,2026-07-16 05:00:00,135.0,133.0,25.0,13.0,23.0,14.0,11.0,311.74,122.26,31.25,16.25,335.56,14.0,2.75,335.56,CO,Very Poor,2026-07-16 05:38:19,haryana__faridabad__new_industrial_town_faridabad_hspcb,7,True,True,Valid AQI,335.56,Very Poor,CO
"Sector 11, Faridabad - HSPCB",Faridabad,Haryana,28.376058,77.315741,2026-07-16 05:00:00,196.0,180.0,31.0,9.0,67.0,16.0,9.0,358.56,153.49,38.75,11.25,500.0,16.0,2.25,500.0,CO,Severe,2026-07-16 05:38:19,haryana__faridabad__sector_11_faridabad_hspcb,7,True,True,Valid AQI,500.0,Severe,CO
"Sector 30, Faridabad - HSPCB",Faridabad,Haryana,28.4417,77.3217,2026-07-16 05:00:00,85.0,117.0,38.0,3.0,50.0,12.0,11.0,182.93,111.63,47.5,3.75,500.0,12.0,2.75,500.0,CO,Severe,2026-07-16 05:38:19,haryana__faridabad__sector_30_faridabad_hspcb,7,True,True,Valid AQI,500.0,Severe,CO
"Huda Sector, Fatehabad - HSPCB",Fatehabad,Haryana,29.503664,75.467934,2026-07-16 05:00:00,139.0,153.0,19.0,70.0,48.0,31.0,14.0,314.81,135.55,23.75,87.44,487.55,31.0,3.5,487.55,CO,Severe,2026-07-16 05:38:19,haryana__fatehabad__huda_sector_fatehabad_hspcb,7,True,True,Valid AQI,487.55,Severe,CO
"NISE Gwal Pahari, Gurugram - IITM",Gurugram,Haryana,28.422681,77.148944,2026-07-16 05:00:00,67.0,151.0,15.0,,59.0,11.0,,121.48,134.22,18.75,,500.0,11.0,,500.0,CO,Severe,2026-07-16 05:38:19,haryana__gurugram__nise_gwal_pahari_gurugram_iitm,5,True,True,Valid AQI,500.0,Severe,CO
"Sector-51, Gurugram - HSPCB",Gurugram,Haryana,28.4227,77.0667,2026-07-16 05:00:00,199.0,153.0,40.0,,27.0,14.0,13.0,360.86,135.55,50.0,,358.99,14.0,3.25,360.86,PM2.5,Very Poor,2026-07-16 05:38:19,haryana__gurugram__sector_51_gurugram_hspcb,6,True,True,Valid AQI,360.86,Very Poor,PM2.5
"Teri Gram, Gurugram - HSPCB",Gurugram,Haryana,28.4275,77.1465,2026-07-16 05:00:00,106.0,86.0,28.0,13.0,30.0,11.0,6.0,252.21,86.0,35.0,16.25,376.57,11.0,1.5,376.57,CO,Very Poor,2026-07-16 05:38:19,haryana__gurugram__teri_gram_gurugram_hspcb,7,True,True,Valid AQI,376.57,Very Poor,CO
"Vikas Sadan, Gurugram - HSPCB",Gurugram,Haryana,28.4501238,77.0263051,2026-07-16 05:00:00,331.0,212.0,6.0,1.0,26.0,8.0,,432.81,174.75,7.5,1.25,353.14,8.0,,432.81,PM2.5,Severe,2026-07-16 05:38:19,haryana__gurugram__vikas_sadan_gurugram_hspcb,6,True,True,Valid AQI,432.81,Severe,PM2.5
"Urban Estate-II, Hisar - HSPCB",Hisar,Haryana,29.14056,75.744941,2026-07-16 05:00:00,125.0,144.0,28.0,11.0,101.0,36.0,11.0,304.07,129.57,35.0,13.75,500.0,36.0,2.75,500.0,CO,Severe,2026-07-16 05:38:19,haryana__hisar__urban_estate_ii_hisar_hspcb,7,True,True,Valid AQI,500.0,Severe,CO
"Police Lines, Jind - HSPCB",Jind,Haryana,29.307814,76.337619,2026-07-16 05:00:00,206.0,120.0,13.0,28.0,6.0,10.0,5.0,366.23,113.62,16.25,35.0,149.87,10.0,1.25,366.23,PM2.5,Very Poor,2026-07-16 05:38:19,haryana__jind__police_lines_jind_hspcb,7,True,True,Valid AQI,366.23,Very Poor,PM2.5
"Rishi Nagar, Kaithal - HSPCB",Kaithal,Haryana,29.8006,76.4155,2026-07-16 05:00:00,,,,,21.0,69.0,,,,,,323.85,69.0,,323.85,CO,Very Poor,2026-07-16 05:38:19,haryana__kaithal__rishi_nagar_kaithal_hspcb,2,False,False,Insufficient pollutants,,Unknown,
"Sector-12, Karnal - HSPCB",Karnal,Haryana,29.6953,77.0027,2026-07-16 05:00:00,165.0,131.0,15.0,13.0,49.0,8.0,8.0,334.77,120.93,18.75,16.25,493.77,8.0,2.0,493.77,CO,Severe,2026-07-16 05:38:19,haryana__karnal__sector_12_karnal_hspcb,7,True,True,Valid AQI,493.77,Severe,CO
"Sector-7, Kurukshetra - HSPCB",Kurukshetra,Haryana,29.966942,76.875879,2026-07-16 05:00:00,119.0,148.0,63.0,7.0,20.0,61.0,12.0,296.59,132.23,78.64,8.75,317.99,61.0,3.0,317.99,CO,Very Poor,2026-07-16 05:38:19,haryana__kurukshetra__sector_7_kurukshetra_hspcb,7,True,True,Valid AQI,317.99,Very Poor,CO
"General Hospital, Mandikhera(Nuh) - HSPCB",Mandikhera,Haryana,27.9002,76.9938,2026-07-16 05:00:00,51.0,78.0,15.0,21.0,33.0,48.0,7.0,84.79,78.0,18.75,26.25,394.14,48.0,1.75,394.14,CO,Very Poor,2026-07-16 05:38:19,haryana__mandikhera__general_hospital_mandikhera_nuh_hspcb,7,True,True,Valid AQI,394.14,Very Poor,CO
"Sector-2 IMT, Manesar - HSPCB",Manesar,Haryana,28.360699,76.93609,2026-07-16 05:00:00,164.0,114.0,39.0,13.0,32.0,8.0,11.0,334.0,109.64,48.75,16.25,388.28,8.0,2.75,388.28,CO,Very Poor,2026-07-16 05:38:19,haryana__manesar__sector_2_imt_manesar_hspcb,7,True,True,Valid AQI,388.28,Very Poor,CO
"Shastri Nagar, Narnaul - HSPCB",Narnaul,Haryana,28.060249,76.113115,2026-07-16 05:00:00,125.0,111.0,28.0,10.0,15.0,17.0,6.0,304.07,107.64,35.0,12.5,271.3,17.0,1.5,304.07,PM2.5,Very Poor,2026-07-16 05:38:19,haryana__narnaul__shastri_nagar_narnaul_hspcb,7,True,True,Valid AQI,304.07,Very Poor,PM2.5
"Shyam Nagar, Palwal - HSPCB",Palwal,Haryana,28.1485564,77.3320667,2026-07-16 05:00:00,52.0,81.0,24.0,11.0,47.0,5.0,8.0,86.48,81.0,30.0,13.75,481.32,5.0,2.0,481.32,CO,Severe,2026-07-16 05:38:19,haryana__palwal__shyam_nagar_palwal_hspcb,7,True,True,Valid AQI,481.32,Severe,CO
"Amity University, Panchgaon - IITM",Panchgaon,Haryana,28.3153,76.9143,2026-07-16 05:00:00,244.0,133.0,20.0,11.0,14.0,22.0,4.0,395.4,122.26,25.0,13.75,256.96,22.0,1.0,395.4,PM2.5,Very Poor,2026-07-16 05:38:19,haryana__panchgaon__amity_university_panchgaon_iitm,7,True,True,Valid AQI,395.4,Very Poor,PM2.5
"Sector-6, Panchkula - HSPCB",Panchkula,Haryana,30.7057778,76.8531805555555,2026-07-16 05:00:00,40.0,,9.0,11.0,19.0,30.0,,66.21,,11.25,13.75,312.13,30.0,,312.13,CO,Very Poor,2026-07-16 05:38:19,haryana__panchkula__sector_6_panchkula_hspcb,5,True,True,Valid AQI,312.13,Very Poor,CO
"Sector-18, Panipat - HSPCB",Panipat,Haryana,29.432304,76.972765,2026-07-16 05:00:00,,227.0,7.0,51.0,26.0,30.0,10.0,,184.72,8.75,63.56,353.14,30.0,2.5,353.14,CO,Very Poor,2026-07-16 05:38:19,haryana__panipat__sector_18_panipat_hspcb,6,True,True,Valid AQI,353.14,Very Poor,CO
"MD University, Rohtak - HSPCB",Rohtak,Haryana,28.52123,76.37138,2026-07-16 05:00:00,107.0,108.0,,10.0,38.0,15.0,,255.62,105.65,,12.5,425.28,15.0,,425.28,CO,Severe,2026-07-16 05:38:19,haryana__rohtak__md_university_rohtak_hspcb,5,True,True,Valid AQI,425.28,Severe,CO
"F-Block, Sirsa - HSPCB",Sirsa,Haryana,29.5364,75.0158,2026-07-16 05:00:00,101.0,113.0,20.0,20.0,84.0,33.0,13.0,235.14,108.97,25.0,25.0,500.0,33.0,3.25,500.0,CO,Severe,2026-07-16 05:38:19,haryana__sirsa__f_block_sirsa_hspcb,7,True,True,Valid AQI,500.0,Severe,CO
"Murthal, Sonipat - HSPCB",Sonipat,Haryana,29.0272,77.0621,2026-07-16 05:00:00,205.0,147.0,7.0,42.0,32.0,42.0,9.0,365.47,131.56,8.75,52.26,388.28,42.0,2.25,388.28,CO,Very Poor,2026-07-16 05:38:19,haryana__sonipat__murthal_sonipat_hspcb,7,True,True,Valid AQI,388.28,Very Poor,CO
"Gobind Pura, Yamuna Nagar - HSPCB",Yamuna Nagar,Haryana,30.1480566,77.2893471,2026-07-16 05:00:00,152.0,130.0,32.0,19.0,15.0,15.0,8.0,324.79,120.27,40.0,23.75,271.3,15.0,2.0,324.79,PM2.5,Very Poor,2026-07-16 05:38:19,haryana__yamuna_nagar__gobind_pura_yamuna_nagar_hspcb,7,True,True,Valid AQI,324.79,Very Poor,PM2.5
"HIMUDA Complex Phase-1, Baddi - HPPCB",Baddi,Himachal Pradesh,30.943887,76.801991,2026-07-16 05:00:00,69.0,155.0,9.0,,53.0,,7.0,128.31,136.88,11.25,,500.0,,1.75,500.0,CO,Severe,2026-07-16 05:38:19,himachal_pradesh__baddi__himuda_complex_phase_1_baddi_hppcb,5,True,True,Valid AQI,500.0,Severe,CO
"Khrew, Pampore - JKPCC",Pampore,Jammu and Kashmir,34.031606,75.009712,2026-07-16 05:00:00,61.0,78.0,,,,,,101.0,78.0,,,,,,101.0,PM2.5,Moderate,2026-07-16 05:38:19,jammu_and_kashmir__pampore__khrew_pampore_jkpcc,2,True,False,Insufficient pollutants,,Unknown,
"Khunmoh, Srinagar - JKPCC",Srinagar,Jammu and Kashmir,34.06313,74.96017,2026-07-16 05:00:00,91.0,72.0,13.0,5.0,,,,201.0,72.0,16.25,6.25,,,,201.0,PM2.5,Poor,2026-07-16 05:38:19,jammu_and_kashmir__srinagar__khunmoh_srinagar_jkpcc,4,True,True,Valid AQI,201.0,Poor,PM2.5
"Rajbagh, Srinagar - JKPCC",Srinagar,Jammu and Kashmir,34.066206,74.81982,2026-07-16 05:00:00,28.0,45.0,19.0,3.0,15.0,1.0,9.0,46.67,45.0,23.75,3.75,271.3,1.0,2.25,271.3,CO,Poor,2026-07-16 05:38:19,jammu_and_kashmir__srinagar__rajbagh_srinagar_jkpcc,7,True,True,Valid AQI,271.3,Poor,CO
"Sardar Patel Nagar, Dhanbad - JSPCB",Dhanbad,Jharkhand,23.80569,86.44268,2026-07-16 05:00:00,,54.0,99.0,,4.0,26.0,,,54.0,119.0,,124.81,26.0,,124.81,CO,Moderate,2026-07-16 05:38:19,jharkhand__dhanbad__sardar_patel_nagar_dhanbad_jspcb,4,True,True,Valid AQI,124.81,Moderate,CO
"Tata Stadium, Jorapokhar - JSPCB",Jorapokhar,Jharkhand,23.707909,86.41467,2026-07-16 05:00:00,47.0,100.0,8.0,4.0,39.0,3.0,3.0,78.03,100.0,10.0,5.0,431.51,3.0,0.75,431.51,CO,Severe,2026-07-16 05:38:19,jharkhand__jorapokhar__tata_stadium_jorapokhar_jspcb,7,True,True,Valid AQI,431.51,Severe,CO
"Vidayagiri, Bagalkot - KSPCB",Bagalkot,Karnataka,16.172806,75.659694,2026-07-16 05:00:00,32.0,51.0,10.0,10.0,24.0,18.0,1.0,52.69,51.0,12.5,12.5,341.42,18.0,0.25,341.42,CO,Very Poor,2026-07-16 05:38:19,karnataka__bagalkot__vidayagiri_bagalkot_kspcb,7,True,True,Valid AQI,341.42,Very Poor,CO
"BTM Layout, Bengaluru - CPCB",Bengaluru,Karnataka,12.9135218,77.5950804,2026-07-16 05:00:00,30.0,59.0,24.0,19.0,,25.0,4.0,50.0,59.0,30.0,23.75,,25.0,1.0,59.0,PM10,Satisfactory,2026-07-16 05:38:19,karnataka__bengaluru__btm_layout_bengaluru_cpcb,6,True,True,Valid AQI,59.0,Satisfactory,PM10
"BWSSB Kadabesanahalli, Bengaluru - CPCB",Bengaluru,Karnataka,12.9352049,77.6814488,2026-07-16 05:00:00,60.0,54.0,3.0,4.0,37.0,22.0,1.0,100.0,54.0,3.75,5.0,419.06,22.0,0.25,419.06,CO,Severe,2026-07-16 05:38:19,karnataka__bengaluru__bwssb_kadabesanahalli_bengaluru_cpcb,7,True,True,Valid AQI,419.06,Severe,CO
"Bapuji Nagar, Bengaluru - KSPCB",Bengaluru,Karnataka,12.951913,77.539784,2026-07-16 05:00:00,32.0,52.0,26.0,29.0,,34.0,3.0,52.69,52.0,32.5,36.25,,34.0,0.75,52.69,PM2.5,Satisfactory,2026-07-16 05:38:19,karnataka__bengaluru__bapuji_nagar_bengaluru_kspcb,6,True,True,Valid AQI,52.69,Satisfactory,PM2.5
"City Railway Station, Bengaluru - KSPCB",Bengaluru,Karnataka,12.9756843,77.5660749,2026-07-16 05:00:00,,115.0,34.0,10.0,53.0,,,,110.3,42.5,12.5,500.0,,,500.0,CO,Severe,2026-07-16 05:38:19,karnataka__bengaluru__city_railway_station_bengaluru_kspcb,4,True,True,Valid AQI,500.0,Severe,CO
"Hebbal, Bengaluru - KSPCB",Bengaluru,Karnataka,13.029152,77.585901,2026-07-16 05:00:00,,49.0,18.0,11.0,16.0,3.0,2.0,,49.0,22.5,13.75,285.65,3.0,0.5,285.65,CO,Poor,2026-07-16 05:38:19,karnataka__bengaluru__hebbal_bengaluru_kspcb,6,True,True,Valid AQI,285.65,Poor,CO
"Hombegowda Nagar, Bengaluru - KSPCB",Bengaluru,Karnataka,12.938539,77.5901,2026-07-16 05:00:00,36.0,60.0,18.0,5.0,8.0,20.0,1.0,59.45,60.0,22.5,6.25,174.94,20.0,0.25,174.94,CO,Moderate,2026-07-16 05:38:19,karnataka__bengaluru__hombegowda_nagar_bengaluru_kspcb,7,True,True,Valid AQI,174.94,Moderate,CO
"Jayanagar 5th Block, Bengaluru - KSPCB",Bengaluru,Karnataka,12.920984,77.584908,2026-07-16 05:00:00,39.0,70.0,8.0,15.0,9.0,49.0,1.0,64.52,70.0,10.0,18.75,187.47,49.0,0.25,187.47,CO,Moderate,2026-07-16 05:38:19,karnataka__bengaluru__jayanagar_5th_block_bengaluru_kspcb,7,True,True,Valid AQI,187.47,Moderate,CO
"Jigani, Bengaluru - KSPCB",Bengaluru,Karnataka,12.7816279,77.6299145,2026-07-16 05:00:00,41.0,57.0,24.0,18.0,39.0,29.0,4.0,67.9,57.0,30.0,22.5,431.51,29.0,1.0,431.51,CO,Severe,2026-07-16 05:38:19,karnataka__bengaluru__jigani_bengaluru_kspcb,7,True,True,Valid AQI,431.51,Severe,CO
"Sanegurava Halli, Bengaluru - KSPCB",Bengaluru,Karnataka,12.990328,77.5431385,2026-07-16 05:00:00,,54.0,18.0,6.0,21.0,,,,54.0,22.5,7.5,323.85,,,323.85,CO,Very Poor,2026-07-16 05:38:19,karnataka__bengaluru__sanegurava_halli_bengaluru_kspcb,4,True,True,Valid AQI,323.85,Very Poor,CO
"Silk Board, Bengaluru - KSPCB",Bengaluru,Karnataka,12.917348,77.622813,2026-07-16 05:00:00,48.0,99.0,12.0,4.0,,22.0,4.0,79.72,99.0,15.0,5.0,,22.0,1.0,99.0,PM10,Satisfactory,2026-07-16 05:38:19,karnataka__bengaluru__silk_board_bengaluru_kspcb,6,True,True,Valid AQI,99.0,Satisfactory,PM10
"Urban, Chamarajanagar - KSPCB",Chamarajanagar,Karnataka,11.55358,76.55521,2026-07-16 05:00:00,29.0,42.0,25.0,4.0,22.0,25.0,2.0,48.33,42.0,31.25,5.0,329.7,25.0,0.5,329.7,CO,Very Poor,2026-07-16 05:38:19,karnataka__chamarajanagar__urban_chamarajanagar_kspcb,7,True,True,Valid AQI,329.7,Very Poor,CO
"Chikkaballapur Rural, Chikkaballapur - KSPCB",Chikkaballapur,Karnataka,13.428828,77.731418,2026-07-16 05:00:00,19.0,68.0,3.0,11.0,25.0,50.0,1.0,31.67,68.0,3.75,13.75,347.28,50.0,0.25,347.28,CO,Very Poor,2026-07-16 05:38:19,karnataka__chikkaballapur__chikkaballapur_rural_chikkaballapur_kspcb,7,True,True,Valid AQI,347.28,Very Poor,CO
"Kalyana Nagara, Chikkamagaluru - KSPCB",Chikkamagaluru,Karnataka,13.328028,75.797056,2026-07-16 05:00:00,32.0,41.0,25.0,1.0,15.0,41.0,3.0,52.69,41.0,31.25,1.25,271.3,41.0,0.75,271.3,CO,Poor,2026-07-16 05:38:19,karnataka__chikkamagaluru__kalyana_nagara_chikkamagaluru_kspcb,7,True,True,Valid AQI,271.3,Poor,CO
"Kalabhavan, Dharwad - KSPCB",Dharwad,Karnataka,15.459706,75.008381,2026-07-16 05:00:00,62.0,83.0,23.0,7.0,39.0,40.0,6.0,104.41,83.0,28.75,8.75,431.51,40.0,1.5,431.51,CO,Severe,2026-07-16 05:38:19,karnataka__dharwad__kalabhavan_dharwad_kspcb,7,True,True,Valid AQI,431.51,Severe,CO
"Panchal Nagar, Gadag - KSPCB",Gadag,Karnataka,15.411456,75.638133,2026-07-16 05:00:00,20.0,30.0,0.0,24.0,13.0,17.0,4.0,33.33,30.0,0.0,30.0,242.61,17.0,1.0,242.61,CO,Poor,2026-07-16 05:38:19,karnataka__gadag__panchal_nagar_gadag_kspcb,7,True,True,Valid AQI,242.61,Poor,CO
"Lingaraj Nagar, Hubballi - KSPCB",Hubballi,Karnataka,15.3714823,75.1160168,2026-07-16 05:00:00,46.0,66.0,11.0,2.0,14.0,26.0,2.0,76.34,66.0,13.75,2.5,256.96,26.0,0.5,256.96,CO,Poor,2026-07-16 05:38:19,karnataka__hubballi__lingaraj_nagar_hubballi_kspcb,7,True,True,Valid AQI,256.96,Poor,CO
"Mahatma Basaveswar Colony, Kalaburgi - KSPCB",Kalaburagi,Karnataka,17.336318,76.847397,2026-07-16 05:00:00,23.0,31.0,15.0,4.0,31.0,14.0,3.0,38.33,31.0,18.75,5.0,382.43,14.0,0.75,382.43,CO,Very Poor,2026-07-16 05:38:19,karnataka__kalaburagi__mahatma_basaveswar_colony_kalaburgi_kspcb,7,True,True,Valid AQI,382.43,Very Poor,CO
"KHB Colony, Karwar - KSPCB",Karwar,Karnataka,14.816666,74.141003,2026-07-16 05:00:00,34.0,39.0,24.0,17.0,28.0,17.0,4.0,56.07,39.0,30.0,21.25,364.85,17.0,1.0,364.85,CO,Very Poor,2026-07-16 05:38:19,karnataka__karwar__khb_colony_karwar_kspcb,7,True,True,Valid AQI,364.85,Very Poor,CO
"Diwator Nagar, Koppal - KSPCB",Koppal,Karnataka,15.34763,76.181767,2026-07-16 05:00:00,,31.0,30.0,15.0,21.0,6.0,8.0,,31.0,37.5,18.75,323.85,6.0,2.0,323.85,CO,Very Poor,2026-07-16 05:38:19,karnataka__koppal__diwator_nagar_koppal_kspcb,6,True,True,Valid AQI,323.85,Very Poor,CO
"Stuart Hill, Madikeri - KSPCB",Madikeri,Karnataka,12.415911,75.73505,2026-07-16 05:00:00,22.0,30.0,2.0,7.0,13.0,3.0,1.0,36.67,30.0,2.5,8.75,242.61,3.0,0.25,242.61,CO,Poor,2026-07-16 05:38:19,karnataka__madikeri__stuart_hill_madikeri_kspcb,7,True,True,Valid AQI,242.61,Poor,CO
"Kadri, Mangalore - KSPCB",Mangalore,Karnataka,12.88925,74.853,2026-07-16 05:00:00,50.0,62.0,3.0,,,37.0,1.0,83.1,62.0,3.75,,,37.0,0.25,83.1,PM2.5,Satisfactory,2026-07-16 05:38:19,karnataka__mangalore__kadri_mangalore_kspcb,5,True,True,Valid AQI,83.1,Satisfactory,PM2.5
"Hebbal 1st Stage, Mysuru - KSPCB",Mysuru,Karnataka,12.21041,76.37376,2026-07-16 05:00:00,27.0,64.0,18.0,,,10.0,4.0,45.0,64.0,22.5,,,10.0,1.0,64.0,PM10,Satisfactory,2026-07-16 05:38:19,karnataka__mysuru__hebbal_1st_stage_mysuru_kspcb,5,True,True,Valid AQI,64.0,Satisfactory,PM10
"Vijay Nagar, Ramanagara - KSPCB",Ramanagara,Karnataka,12.733409,77.298051,2026-07-16 05:00:00,38.0,51.0,,17.0,23.0,21.0,,62.83,51.0,,21.25,335.56,21.0,,335.56,CO,Very Poor,2026-07-16 05:38:19,karnataka__ramanagara__vijay_nagar_ramanagara_kspcb,5,True,True,Valid AQI,335.56,Very Poor,CO
"Vinoba Nagara, Shivamogga - KSPCB",Shivamogga,Karnataka,13.94,75.555917,2026-07-16 05:00:00,38.0,50.0,24.0,5.0,28.0,47.0,3.0,62.83,50.0,30.0,6.25,364.85,47.0,0.75,364.85,CO,Very Poor,2026-07-16 05:38:19,karnataka__shivamogga__vinoba_nagara_shivamogga_kspcb,7,True,True,Valid AQI,364.85,Very Poor,CO
"Ibrahimpur, Vijayapura - KSPCB",Vijayapura,Karnataka,16.802639,75.722694,2026-07-16 05:00:00,27.0,43.0,12.0,3.0,22.0,16.0,4.0,45.0,43.0,15.0,3.75,329.7,16.0,1.0,329.7,CO,Very Poor,2026-07-16 05:38:19,karnataka__vijayapura__ibrahimpur_vijayapura_kspcb,7,True,True,Valid AQI,329.7,Very Poor,CO
"Collector Office, Yadgir - KSPCB",Yadgir,Karnataka,16.7602,77.1428,2026-07-16 05:00:00,12.0,48.0,18.0,15.0,11.0,24.0,0.0,20.0,48.0,22.5,18.75,213.91,24.0,0.0,213.91,CO,Poor,2026-07-16 05:38:19,karnataka__yadgir__collector_office_yadgir_kspcb,7,True,True,Valid AQI,213.91,Poor,CO
"Kariavattom, Thiruvananthapuram - Kerala PCB",Thiruvananthapuram,Kerala,8.5637,76.8865,2026-07-16 05:00:00,,,,,22.0,30.0,,,,,,329.7,30.0,,329.7,CO,Very Poor,2026-07-16 05:38:19,kerala__thiruvananthapuram__kariavattom_thiruvananthapuram_kerala_pcb,2,False,False,Insufficient pollutants,,Unknown,
"Corporation Ground, Thrissur - Kerala PCB",Thrissur,Kerala,10.5324,76.2159,2026-07-16 05:00:00,47.0,59.0,8.0,0.0,22.0,29.0,0.0,78.03,59.0,10.0,0.0,329.7,29.0,0.0,329.7,CO,Very Poor,2026-07-16 05:38:19,kerala__thrissur__corporation_ground_thrissur_kerala_pcb,7,True,True,Valid AQI,329.7,Very Poor,CO
"Idgah Hills, Bhopal - MPPCB",Bhopal,Madhya Pradesh,23.264759,77.381568,2026-07-16 05:00:00,48.0,114.0,27.0,6.0,19.0,15.0,2.0,79.72,109.64,33.75,7.5,312.13,15.0,0.5,312.13,CO,Very Poor,2026-07-16 05:38:19,madhya_pradesh__bhopal__idgah_hills_bhopal_mppcb,7,True,True,Valid AQI,312.13,Very Poor,CO
"Paryavaran Parisar, Bhopal - MPPCB",Bhopal,Madhya Pradesh,23.210494,77.425409,2026-07-16 05:00:00,33.0,78.0,16.0,6.0,15.0,22.0,5.0,54.38,78.0,20.0,7.5,271.3,22.0,1.25,271.3,CO,Poor,2026-07-16 05:38:19,madhya_pradesh__bhopal__paryavaran_parisar_bhopal_mppcb,7,True,True,Valid AQI,271.3,Poor,CO
"T T Nagar, Bhopal - MPPCB",Bhopal,Madhya Pradesh,23.233584,77.400574,2026-07-16 05:00:00,43.0,91.0,22.0,,,30.0,6.0,71.28,91.0,27.5,,,30.0,1.5,91.0,PM10,Satisfactory,2026-07-16 05:38:19,madhya_pradesh__bhopal__t_t_nagar_bhopal_mppcb,5,True,True,Valid AQI,91.0,Satisfactory,PM10
"Shrivastav Colony, Damoh - MPPCB",Damoh,Madhya Pradesh,23.81748678,79.446246,2026-07-16 05:00:00,36.0,50.0,,51.0,21.0,,,59.45,50.0,,63.56,323.85,,,323.85,CO,Very Poor,2026-07-16 05:38:19,madhya_pradesh__damoh__shrivastav_colony_damoh_mppcb,4,True,True,Valid AQI,323.85,Very Poor,CO
"Bhopal Chauraha, Dewas - MPPCB",Dewas,Madhya Pradesh,22.9682591,76.064118,2026-07-16 05:00:00,32.0,79.0,89.0,22.0,,14.0,,52.69,79.0,109.0,27.5,,14.0,,109.0,NO2,Moderate,2026-07-16 05:38:19,madhya_pradesh__dewas__bhopal_chauraha_dewas_mppcb,5,True,True,Valid AQI,109.0,Moderate,NO2
"City Center, Gwalior - MPPCB",Gwalior,Madhya Pradesh,26.203442,78.193251,2026-07-16 05:00:00,58.0,66.0,29.0,24.0,24.0,50.0,1.0,96.62,66.0,36.25,30.0,341.42,50.0,0.25,341.42,CO,Very Poor,2026-07-16 05:38:19,madhya_pradesh__gwalior__city_center_gwalior_mppcb,7,True,True,Valid AQI,341.42,Very Poor,CO
"Deen Dayal Nagar, Gwalior - MPPCB",Gwalior,Madhya Pradesh,26.259242,78.216432,2026-07-16 05:00:00,50.0,85.0,28.0,,38.0,12.0,6.0,83.1,85.0,35.0,,425.28,12.0,1.5,425.28,CO,Severe,2026-07-16 05:38:19,madhya_pradesh__gwalior__deen_dayal_nagar_gwalior_mppcb,6,True,True,Valid AQI,425.28,Severe,CO
"Maharaj Bada, Gwalior - MPPCB",Gwalior,Madhya Pradesh,26.200388,78.147714,2026-07-16 05:00:00,71.0,68.0,25.0,8.0,36.0,32.0,1.0,135.14,68.0,31.25,10.0,412.83,32.0,0.25,412.83,CO,Severe,2026-07-16 05:38:19,madhya_pradesh__gwalior__maharaj_bada_gwalior_mppcb,7,True,True,Valid AQI,412.83,Severe,CO
"Airport Area, Indore - IMC",Indore,Madhya Pradesh,22.7289,75.8076,2026-07-16 05:00:00,61.0,58.0,45.0,7.0,40.0,5.0,0.0,101.0,58.0,56.03,8.75,437.74,5.0,0.0,437.74,CO,Severe,2026-07-16 05:38:19,madhya_pradesh__indore__airport_area_indore_imc,7,True,True,Valid AQI,437.74,Severe,CO
"Chhoti Gwaltoli, Indore - MPPCB",Indore,Madhya Pradesh,22.431,75.5213,2026-07-16 05:00:00,44.0,81.0,54.0,13.0,21.0,20.0,4.0,72.97,81.0,67.33,16.25,323.85,20.0,1.0,323.85,CO,Very Poor,2026-07-16 05:38:19,madhya_pradesh__indore__chhoti_gwaltoli_indore_mppcb,7,True,True,Valid AQI,323.85,Very Poor,CO
"Maguda Nagar, Indore - IMC",Indore,Madhya Pradesh,22.7524,75.8872,2026-07-16 05:00:00,23.0,35.0,3.0,18.0,17.0,12.0,,38.33,35.0,3.75,22.5,300.0,12.0,,300.0,CO,Poor,2026-07-16 05:38:19,madhya_pradesh__indore__maguda_nagar_indore_imc,6,True,True,Valid AQI,300.0,Poor,CO
"Regional Park, Indore - IMC",Indore,Madhya Pradesh,22.678,75.8559,2026-07-16 05:00:00,38.0,,,35.0,88.0,5.0,,62.83,,,43.75,500.0,5.0,,500.0,CO,Severe,2026-07-16 05:38:19,madhya_pradesh__indore__regional_park_indore_imc,4,True,True,Valid AQI,500.0,Severe,CO
"Residency Area, Indore - IMC",Indore,Madhya Pradesh,22.7084,75.8815,2026-07-16 05:00:00,40.0,48.0,7.0,3.0,9.0,6.0,0.0,66.21,48.0,8.75,3.75,187.47,6.0,0.0,187.47,CO,Moderate,2026-07-16 05:38:19,madhya_pradesh__indore__residency_area_indore_imc,7,True,True,Valid AQI,187.47,Moderate,CO
"Govindh Bhavan Colony, Jabalpur - JMC",Jabalpur,Madhya Pradesh,23.163174,79.973061,2026-07-16 05:00:00,33.0,37.0,10.0,3.0,12.0,15.0,3.0,54.38,37.0,12.5,3.75,228.26,15.0,0.75,228.26,CO,Poor,2026-07-16 05:38:19,madhya_pradesh__jabalpur__govindh_bhavan_colony_jabalpur_jmc,7,True,True,Valid AQI,228.26,Poor,CO
"Gupteshwar, Jabalpur - JMC",Jabalpur,Madhya Pradesh,23.142888,79.916147,2026-07-16 05:00:00,56.0,78.0,16.0,6.0,30.0,11.0,2.0,93.24,78.0,20.0,7.5,376.57,11.0,0.5,376.57,CO,Very Poor,2026-07-16 05:38:19,madhya_pradesh__jabalpur__gupteshwar_jabalpur_jmc,7,True,True,Valid AQI,376.57,Very Poor,CO
"Marhatal, Jabalpur - MPPCB",Jabalpur,Madhya Pradesh,23.168606,79.932247,2026-07-16 05:00:00,37.0,76.0,25.0,10.0,36.0,32.0,1.0,61.14,76.0,31.25,12.5,412.83,32.0,0.25,412.83,CO,Severe,2026-07-16 05:38:19,madhya_pradesh__jabalpur__marhatal_jabalpur_mppcb,7,True,True,Valid AQI,412.83,Severe,CO
"Suhagi, Jabalpur - JMC",Jabalpur,Madhya Pradesh,23.218135,79.95777,2026-07-16 05:00:00,26.0,19.0,13.0,6.0,49.0,31.0,3.0,43.33,19.0,16.25,7.5,493.77,31.0,0.75,493.77,CO,Severe,2026-07-16 05:38:19,madhya_pradesh__jabalpur__suhagi_jabalpur_jmc,7,True,True,Valid AQI,493.77,Severe,CO
"Gole Bazar, Katni - MPPCB",Katni,Madhya Pradesh,23.50016,80.23284,2026-07-16 05:00:00,56.0,118.0,12.0,46.0,29.0,29.0,2.0,93.24,112.3,15.0,57.28,370.71,29.0,0.5,370.71,CO,Very Poor,2026-07-16 05:38:19,madhya_pradesh__katni__gole_bazar_katni_mppcb,7,True,True,Valid AQI,370.71,Very Poor,CO
"Sahilara, Maihar - KJS Cements",Maihar,Madhya Pradesh,24.2613009,80.7231783,2026-07-16 05:00:00,,52.0,,15.0,22.0,,,,52.0,,18.75,329.7,,,329.7,CO,Very Poor,2026-07-16 05:38:19,madhya_pradesh__maihar__sahilara_maihar_kjs_cements,3,True,True,Valid AQI,329.7,Very Poor,CO
"Sector-D Industrial Area, Mandideep - MPPCB",Mandideep,Madhya Pradesh,23.10844,77.511428,2026-07-16 05:00:00,54.0,108.0,30.0,6.0,26.0,29.0,,89.86,105.65,37.5,7.5,353.14,29.0,,353.14,CO,Very Poor,2026-07-16 05:38:19,madhya_pradesh__mandideep__sector_d_industrial_area_mandideep_mppcb,6,True,True,Valid AQI,353.14,Very Poor,CO
"Sector-2 Industrial Area, Pithampur - MPPCB",Pithampur,Madhya Pradesh,22.624758,75.675238,2026-07-16 05:00:00,76.0,67.0,8.0,,,30.0,,152.21,67.0,10.0,,,30.0,,152.21,PM2.5,Moderate,2026-07-16 05:38:19,madhya_pradesh__pithampur__sector_2_industrial_area_pithampur_mppcb,4,True,True,Valid AQI,152.21,Moderate,PM2.5
"Civil Lines, Sagar - MPPCB",Sagar,Madhya Pradesh,23.838586,78.759431,2026-07-16 05:00:00,42.0,57.0,9.0,7.0,35.0,26.0,2.0,69.59,57.0,11.25,8.75,406.6,26.0,0.5,406.6,CO,Severe,2026-07-16 05:38:19,madhya_pradesh__sagar__civil_lines_sagar_mppcb,7,True,True,Valid AQI,406.6,Severe,CO
"Bandhavgar Colony, Satna - Birla Cement",Satna,Madhya Pradesh,24.58434363,80.8549414,2026-07-16 05:00:00,50.0,70.0,,18.0,18.0,,,83.1,70.0,,22.5,306.27,,,306.27,CO,Very Poor,2026-07-16 05:38:19,madhya_pradesh__satna__bandhavgar_colony_satna_birla_cement,4,True,True,Valid AQI,306.27,Very Poor,CO
"Suryakiran Bhawan NCL, Singrauli - MPPCB",Singrauli,Madhya Pradesh,24.10897,82.64558,2026-07-16 05:00:00,,98.0,59.0,35.0,,10.0,,,98.0,73.62,43.75,,10.0,,98.0,PM10,Satisfactory,2026-07-16 05:38:19,madhya_pradesh__singrauli__suryakiran_bhawan_ncl_singrauli_mppcb,4,True,True,Valid AQI,98.0,Satisfactory,PM10
"Mahashweta Nagar, Ujjain - MPPCB",Ujjain,Madhya Pradesh,23.1633321,75.800225,2026-07-16 05:00:00,42.0,67.0,12.0,8.0,25.0,,6.0,69.59,67.0,15.0,10.0,347.28,,1.5,347.28,CO,Very Poor,2026-07-16 05:38:19,madhya_pradesh__ujjain__mahashweta_nagar_ujjain_mppcb,6,True,True,Valid AQI,347.28,Very Poor,CO
"Tarakpur, Ahmednagar - MPCB",Ahmednagar,Maharashtra,19.10122,74.73339,2026-07-16 05:00:00,31.0,42.0,16.0,19.0,13.0,7.0,6.0,51.0,42.0,20.0,23.75,242.61,7.0,1.5,242.61,CO,Poor,2026-07-16 05:38:19,maharashtra__ahmednagar__tarakpur_ahmednagar_mpcb,7,True,True,Valid AQI,242.61,Poor,CO
"Ramdaspeth, Akola - MPCB",Akola,Maharashtra,20.719516,77.000253,2026-07-16 05:00:00,45.0,77.0,11.0,5.0,16.0,10.0,8.0,74.66,77.0,13.75,6.25,285.65,10.0,2.0,285.65,CO,Poor,2026-07-16 05:38:19,maharashtra__akola__ramdaspeth_akola_mpcb,7,True,True,Valid AQI,285.65,Poor,CO
"Chinchpada, Ambernath - MPCB",Ambernath,Maharashtra,19.215784,73.199781,2026-07-16 05:00:00,36.0,67.0,4.0,2.0,13.0,3.0,4.0,59.45,67.0,5.0,2.5,242.61,3.0,1.0,242.61,CO,Poor,2026-07-16 05:38:19,maharashtra__ambernath__chinchpada_ambernath_mpcb,7,True,True,Valid AQI,242.61,Poor,CO
"Shivneri Colony, Amravati - MPCB",Amravati,Maharashtra,20.9402359,77.7895248,2026-07-16 05:00:00,36.0,52.0,6.0,8.0,11.0,14.0,2.0,59.45,52.0,7.5,10.0,213.91,14.0,0.5,213.91,CO,Poor,2026-07-16 05:38:19,maharashtra__amravati__shivneri_colony_amravati_mpcb,7,True,True,Valid AQI,213.91,Poor,CO
"Shri Shivaji Science College, Amravati - MPCB",Amravati,Maharashtra,20.939198,77.765701,2026-07-16 05:00:00,33.0,67.0,4.0,5.0,18.0,15.0,2.0,54.38,67.0,5.0,6.25,306.27,15.0,0.5,306.27,CO,Very Poor,2026-07-16 05:38:19,maharashtra__amravati__shri_shivaji_science_college_amravati_mpcb,7,True,True,Valid AQI,306.27,Very Poor,CO
"MIDC Chilkalthana, Aurangabad - MPCB",Aurangabad,Maharashtra,19.87562,75.38731,2026-07-16 05:00:00,60.0,88.0,7.0,7.0,26.0,18.0,2.0,100.0,88.0,8.75,8.75,353.14,18.0,0.5,353.14,CO,Very Poor,2026-07-16 05:38:19,maharashtra__aurangabad__midc_chilkalthana_aurangabad_mpcb,7,True,True,Valid AQI,353.14,Very Poor,CO
"More Chowk Waluj, Aurangabad - MPCB",Aurangabad,Maharashtra,19.8389439,75.244448,2026-07-16 05:00:00,50.0,50.0,10.0,28.0,86.0,13.0,7.0,83.1,50.0,12.5,35.0,500.0,13.0,1.75,500.0,CO,Severe,2026-07-16 05:38:19,maharashtra__aurangabad__more_chowk_waluj_aurangabad_mpcb,7,True,True,Valid AQI,500.0,Severe,CO
"Rachnakar Colony, Aurangabad - MPCB",Aurangabad,Maharashtra,19.863756,75.321188,2026-07-16 05:00:00,52.0,64.0,19.0,5.0,27.0,8.0,1.0,86.48,64.0,23.75,6.25,358.99,8.0,0.25,358.99,CO,Very Poor,2026-07-16 05:38:19,maharashtra__aurangabad__rachnakar_colony_aurangabad_mpcb,7,True,True,Valid AQI,358.99,Very Poor,CO
"Katrap, Badlapur - MPCB",Badlapur,Maharashtra,19.16485,73.23409,2026-07-16 05:00:00,43.0,48.0,17.0,3.0,19.0,26.0,7.0,71.28,48.0,21.25,3.75,312.13,26.0,1.75,312.13,CO,Very Poor,2026-07-16 05:38:19,maharashtra__badlapur__katrap_badlapur_mpcb,7,True,True,Valid AQI,312.13,Very Poor,CO
"Bir, Beed - MPCB",Beed,Maharashtra,18.988474,75.753873,2026-07-16 05:00:00,26.0,62.0,13.0,3.0,14.0,10.0,3.0,43.33,62.0,16.25,3.75,256.96,10.0,0.75,256.96,CO,Poor,2026-07-16 05:38:19,maharashtra__beed__bir_beed_mpcb,7,True,True,Valid AQI,256.96,Poor,CO
"CBD Belapur, Belapur - MPCB",Belapur,Maharashtra,19.0243902,73.0406721,2026-07-16 05:00:00,45.0,67.0,22.0,9.0,16.0,19.0,3.0,74.66,67.0,27.5,11.25,285.65,19.0,0.75,285.65,CO,Poor,2026-07-16 05:38:19,maharashtra__belapur__cbd_belapur_belapur_mpcb,7,True,True,Valid AQI,285.65,Poor,CO
"Gokul Nagar, Bhiwandi - MPCB",Bhiwandi,Maharashtra,19.309073,73.057223,2026-07-16 05:00:00,35.0,57.0,26.0,3.0,12.0,13.0,7.0,57.76,57.0,32.5,3.75,228.26,13.0,1.75,228.26,CO,Poor,2026-07-16 05:38:19,maharashtra__bhiwandi__gokul_nagar_bhiwandi_mpcb,7,True,True,Valid AQI,228.26,Poor,CO
"Khaira, Boisar - MPCB",Boisar,Maharashtra,19.786089,72.757971,2026-07-16 05:00:00,40.0,53.0,18.0,15.0,16.0,20.0,4.0,66.21,53.0,22.5,18.75,285.65,20.0,1.0,285.65,CO,Poor,2026-07-16 05:38:19,maharashtra__boisar__khaira_boisar_mpcb,7,True,True,Valid AQI,285.65,Poor,CO
"Chauhan Colony, Chandrapur - MPCB",Chandrapur,Maharashtra,19.9629,79.298714,2026-07-16 05:00:00,58.0,91.0,12.0,17.0,51.0,17.0,2.0,96.62,91.0,15.0,21.25,500.0,17.0,0.5,500.0,CO,Severe,2026-07-16 05:38:19,maharashtra__chandrapur__chauhan_colony_chandrapur_mpcb,7,True,True,Valid AQI,500.0,Severe,CO
"MIDC Khutala, Chandrapur - MPCB",Chandrapur,Maharashtra,19.9775302,79.2337086,2026-07-16 05:00:00,21.0,57.0,,4.0,39.0,14.0,,35.0,57.0,,5.0,431.51,14.0,,431.51,CO,Severe,2026-07-16 05:38:19,maharashtra__chandrapur__midc_khutala_chandrapur_mpcb,5,True,True,Valid AQI,431.51,Severe,CO
"Kalu Nagar, Dombivli - MPCB",Dombivli,Maharashtra,19.2268427,73.0788456,2026-07-16 05:00:00,8.0,26.0,11.0,6.0,13.0,5.0,1.0,13.33,26.0,13.75,7.5,242.61,5.0,0.25,242.61,CO,Poor,2026-07-16 05:38:19,maharashtra__dombivli__kalu_nagar_dombivli_mpcb,7,True,True,Valid AQI,242.61,Poor,CO
"Ashta Vinayak Nagar, Hingoli - MPCB",Hingoli,Maharashtra,19.710842,77.151824,2026-07-16 05:00:00,21.0,37.0,9.0,4.0,9.0,33.0,2.0,35.0,37.0,11.25,5.0,187.47,33.0,0.5,187.47,CO,Moderate,2026-07-16 05:38:19,maharashtra__hingoli__ashta_vinayak_nagar_hingoli_mpcb,7,True,True,Valid AQI,187.47,Moderate,CO
"Old MIDC, Jalna - MPCB",Jalna,Maharashtra,19.854616,75.905894,2026-07-16 05:00:00,25.0,36.0,19.0,8.0,11.0,1.0,4.0,41.67,36.0,23.75,10.0,213.91,1.0,1.0,213.91,CO,Poor,2026-07-16 05:38:19,maharashtra__jalna__old_midc_jalna_mpcb,7,True,True,Valid AQI,213.91,Poor,CO
"Khadakpada, Kalyan - MPCB",Kalyan,Maharashtra,19.25292,73.142019,2026-07-16 05:00:00,,,,,,8.0,,,,,,,8.0,,8.0,O3,Good,2026-07-16 05:38:19,maharashtra__kalyan__khadakpada_kalyan_mpcb,1,False,False,Insufficient pollutants,,Unknown,
"Pimpleshwar Mandir, Kalyan - MPCB",Kalyan,Maharashtra,19.192056,72.9585188,2026-07-16 05:00:00,56.0,,23.0,11.0,40.0,11.0,6.0,93.24,,28.75,13.75,437.74,11.0,1.5,437.74,CO,Severe,2026-07-16 05:38:19,maharashtra__kalyan__pimpleshwar_mandir_kalyan_mpcb,6,True,True,Valid AQI,437.74,Severe,CO
"Shivaji University, Kolhapur - MPCB",Kolhapur,Maharashtra,16.6870449,74.2505872,2026-07-16 05:00:00,39.0,51.0,11.0,1.0,6.0,12.0,3.0,64.52,51.0,13.75,1.25,149.87,12.0,0.75,149.87,CO,Moderate,2026-07-16 05:38:19,maharashtra__kolhapur__shivaji_university_kolhapur_mpcb,7,True,True,Valid AQI,149.87,Moderate,CO
"Sinchan Bhavan, Kolhapur - MPCB",Kolhapur,Maharashtra,16.7143745,74.2426398,2026-07-16 05:00:00,29.0,52.0,16.0,2.0,8.0,19.0,2.0,48.33,52.0,20.0,2.5,174.94,19.0,0.5,174.94,CO,Moderate,2026-07-16 05:38:19,maharashtra__kolhapur__sinchan_bhavan_kolhapur_mpcb,7,True,True,Valid AQI,174.94,Moderate,CO
"Sawe Wadi, Latur - MPCB",Latur,Maharashtra,18.39963,76.57452,2026-07-16 05:00:00,32.0,42.0,9.0,5.0,12.0,21.0,3.0,52.69,42.0,11.25,6.25,228.26,21.0,0.75,228.26,CO,Poor,2026-07-16 05:38:19,maharashtra__latur__sawe_wadi_latur_mpcb,7,True,True,Valid AQI,228.26,Poor,CO
"Kamble Tarf Birwadi, Mahad - MPCB",Mahad,Maharashtra,18.1023399,73.4783687,2026-07-16 05:00:00,58.0,50.0,22.0,18.0,22.0,16.0,6.0,96.62,50.0,27.5,22.5,329.7,16.0,1.5,329.7,CO,Very Poor,2026-07-16 05:38:19,maharashtra__mahad__kamble_tarf_birwadi_mahad_mpcb,7,True,True,Valid AQI,329.7,Very Poor,CO
"Mahesh Nagar, Malegaon - MPCB",Malegaon,Maharashtra,20.555712,74.529236,2026-07-16 05:00:00,71.0,78.0,,,15.0,13.0,1.0,135.14,78.0,,,271.3,13.0,0.25,271.3,CO,Poor,2026-07-16 05:38:19,maharashtra__malegaon__mahesh_nagar_malegaon_mpcb,5,True,True,Valid AQI,271.3,Poor,CO
"Bhayandar West, Mira-Bhayandar - MPCB",Mira-Bhayandar,Maharashtra,19.296481,72.840923,2026-07-16 05:00:00,26.0,30.0,3.0,4.0,17.0,8.0,4.0,43.33,30.0,3.75,5.0,300.0,8.0,1.0,300.0,CO,Poor,2026-07-16 05:38:19,maharashtra__mira_bhayandar__bhayandar_west_mira_bhayandar_mpcb,7,True,True,Valid AQI,300.0,Poor,CO
"Bandra Kurla Complex, Mumbai - IITM",Mumbai,Maharashtra,19.053536,72.84643,2026-07-16 05:00:00,18.0,60.0,10.0,4.0,10.0,15.0,4.0,30.0,60.0,12.5,5.0,200.0,15.0,1.0,200.0,CO,Moderate,2026-07-16 05:38:19,maharashtra__mumbai__bandra_kurla_complex_mumbai_iitm,7,True,True,Valid AQI,200.0,Moderate,CO
"Bandra Kurla Complex, Mumbai - MPCB",Mumbai,Maharashtra,19.065931,72.862131,2026-07-16 05:00:00,47.0,61.0,12.0,5.0,28.0,10.0,3.0,78.03,61.0,15.0,6.25,364.85,10.0,0.75,364.85,CO,Very Poor,2026-07-16 05:38:19,maharashtra__mumbai__bandra_kurla_complex_mumbai_mpcb,7,True,True,Valid AQI,364.85,Very Poor,CO
"Borivali East, Mumbai - IITM",Mumbai,Maharashtra,19.23241,72.86895,2026-07-16 05:00:00,33.0,58.0,21.0,,1.0,17.0,3.0,54.38,58.0,26.25,,50.0,17.0,0.75,58.0,PM10,Satisfactory,2026-07-16 05:38:19,maharashtra__mumbai__borivali_east_mumbai_iitm,6,True,True,Valid AQI,58.0,Satisfactory,PM10
"Byculla, Mumbai - BMC",Mumbai,Maharashtra,18.9767,72.838,2026-07-16 05:00:00,22.0,37.0,13.0,7.0,19.0,7.0,2.0,36.67,37.0,16.25,8.75,312.13,7.0,0.5,312.13,CO,Very Poor,2026-07-16 05:38:19,maharashtra__mumbai__byculla_mumbai_bmc,7,True,True,Valid AQI,312.13,Very Poor,CO
"Chakala-Andheri East, Mumbai - IITM",Mumbai,Maharashtra,19.11074,72.86084,2026-07-16 05:00:00,22.0,46.0,13.0,4.0,10.0,10.0,6.0,36.67,46.0,16.25,5.0,200.0,10.0,1.5,200.0,CO,Moderate,2026-07-16 05:38:19,maharashtra__mumbai__chakala_andheri_east_mumbai_iitm,7,True,True,Valid AQI,200.0,Moderate,CO
"Chembur, Mumbai - MPCB",Mumbai,Maharashtra,19.0364585,72.8954371,2026-07-16 05:00:00,19.0,48.0,9.0,1.0,19.0,5.0,4.0,31.67,48.0,11.25,1.25,312.13,5.0,1.0,312.13,CO,Very Poor,2026-07-16 05:38:19,maharashtra__mumbai__chembur_mumbai_mpcb,7,True,True,Valid AQI,312.13,Very Poor,CO
"Deonar, Mumbai - IITM",Mumbai,Maharashtra,19.04946,72.923,2026-07-16 05:00:00,19.0,90.0,5.0,2.0,38.0,9.0,6.0,31.67,90.0,6.25,2.5,425.28,9.0,1.5,425.28,CO,Severe,2026-07-16 05:38:19,maharashtra__mumbai__deonar_mumbai_iitm,7,True,True,Valid AQI,425.28,Severe,CO
"Ghatkopar, Mumbai - BMC",Mumbai,Maharashtra,19.083694,72.920967,2026-07-16 05:00:00,27.0,74.0,11.0,1.0,23.0,30.0,6.0,45.0,74.0,13.75,1.25,335.56,30.0,1.5,335.56,CO,Very Poor,2026-07-16 05:38:19,maharashtra__mumbai__ghatkopar_mumbai_bmc,7,True,True,Valid AQI,335.56,Very Poor,CO
"Kandivali West, Mumbai - BMC",Mumbai,Maharashtra,19.215859,72.831718,2026-07-16 05:00:00,25.0,24.0,17.0,1.0,12.0,6.0,2.0,41.67,24.0,21.25,1.25,228.26,6.0,0.5,228.26,CO,Poor,2026-07-16 05:38:19,maharashtra__mumbai__kandivali_west_mumbai_bmc,7,True,True,Valid AQI,228.26,Poor,CO
"Kherwadi_Bandra East, Mumbai - MPCB",Mumbai,Maharashtra,19.0632143,72.8456324,2026-07-16 05:00:00,26.0,45.0,9.0,5.0,19.0,15.0,4.0,43.33,45.0,11.25,6.25,312.13,15.0,1.0,312.13,CO,Very Poor,2026-07-16 05:38:19,maharashtra__mumbai__kherwadi_bandra_east_mumbai_mpcb,7,True,True,Valid AQI,312.13,Very Poor,CO
"Khindipada-Bhandup West, Mumbai - IITM",Mumbai,Maharashtra,19.1653323,72.922099,2026-07-16 05:00:00,23.0,47.0,19.0,4.0,31.0,8.0,1.0,38.33,47.0,23.75,5.0,382.43,8.0,0.25,382.43,CO,Very Poor,2026-07-16 05:38:19,maharashtra__mumbai__khindipada_bhandup_west_mumbai_iitm,7,True,True,Valid AQI,382.43,Very Poor,CO
"Kurla, Mumbai - MPCB",Mumbai,Maharashtra,19.0863,72.8888,2026-07-16 05:00:00,65.0,75.0,7.0,29.0,25.0,28.0,2.0,114.66,75.0,8.75,36.25,347.28,28.0,0.5,347.28,CO,Very Poor,2026-07-16 05:38:19,maharashtra__mumbai__kurla_mumbai_mpcb,7,True,True,Valid AQI,347.28,Very Poor,CO
"Malad West, Mumbai - IITM",Mumbai,Maharashtra,19.19709,72.82204,2026-07-16 05:00:00,18.0,58.0,,5.0,35.0,10.0,,30.0,58.0,,6.25,406.6,10.0,,406.6,CO,Severe,2026-07-16 05:38:19,maharashtra__mumbai__malad_west_mumbai_iitm,5,True,True,Valid AQI,406.6,Severe,CO
"Mazgaon, Mumbai - IITM",Mumbai,Maharashtra,18.96702,72.84214,2026-07-16 05:00:00,33.0,59.0,22.0,12.0,43.0,20.0,2.0,54.38,59.0,27.5,15.0,456.42,20.0,0.5,456.42,CO,Severe,2026-07-16 05:38:19,maharashtra__mumbai__mazgaon_mumbai_iitm,7,True,True,Valid AQI,456.42,Severe,CO
"Navy Nagar-Colaba, Mumbai - IITM",Mumbai,Maharashtra,18.897756,72.81332,2026-07-16 05:00:00,34.0,63.0,66.0,10.0,34.0,26.0,6.0,56.07,63.0,82.41,12.5,400.0,26.0,1.5,400.0,CO,Very Poor,2026-07-16 05:38:19,maharashtra__mumbai__navy_nagar_colaba_mumbai_iitm,7,True,True,Valid AQI,400.0,Very Poor,CO
"Powai, Mumbai - MPCB",Mumbai,Maharashtra,19.1375,72.915056,2026-07-16 05:00:00,,18.0,7.0,16.0,,,,,18.0,8.75,20.0,,,,20.0,SO2,Good,2026-07-16 05:38:19,maharashtra__mumbai__powai_mumbai_mpcb,3,True,True,Valid AQI,20.0,Good,SO2
"Sewri, Mumbai - BMC",Mumbai,Maharashtra,19.000084,72.85673,2026-07-16 05:00:00,,,,,16.0,14.0,,,,,,285.65,14.0,,285.65,CO,Poor,2026-07-16 05:38:19,maharashtra__mumbai__sewri_mumbai_bmc,2,False,False,Insufficient pollutants,,Unknown,
"Shivaji Nagar, Mumbai - BMC",Mumbai,Maharashtra,19.060498,72.923356,2026-07-16 05:00:00,30.0,59.0,12.0,6.0,28.0,8.0,4.0,50.0,59.0,15.0,7.5,364.85,8.0,1.0,364.85,CO,Very Poor,2026-07-16 05:38:19,maharashtra__mumbai__shivaji_nagar_mumbai_bmc,7,True,True,Valid AQI,364.85,Very Poor,CO
"Siddharth Nagar-Worli, Mumbai - IITM",Mumbai,Maharashtra,19.000083,72.813993,2026-07-16 05:00:00,30.0,62.0,15.0,,11.0,23.0,1.0,50.0,62.0,18.75,,213.91,23.0,0.25,213.91,CO,Poor,2026-07-16 05:38:19,maharashtra__mumbai__siddharth_nagar_worli_mumbai_iitm,6,True,True,Valid AQI,213.91,Poor,CO
"Sion, Mumbai - MPCB",Mumbai,Maharashtra,19.047,72.8746,2026-07-16 05:00:00,15.0,20.0,42.0,,18.0,,6.0,25.0,20.0,52.26,,306.27,,1.5,306.27,CO,Very Poor,2026-07-16 05:38:19,maharashtra__mumbai__sion_mumbai_mpcb,5,True,True,Valid AQI,306.27,Very Poor,CO
"Worli, Mumbai - MPCB",Mumbai,Maharashtra,18.9936162,72.8128113,2026-07-16 05:00:00,42.0,65.0,6.0,4.0,37.0,7.0,6.0,69.59,65.0,7.5,5.0,419.06,7.0,1.5,419.06,CO,Severe,2026-07-16 05:38:19,maharashtra__mumbai__worli_mumbai_mpcb,7,True,True,Valid AQI,419.06,Severe,CO
"Ambazari, Nagpur - MPCB",Nagpur,Maharashtra,21.121801,79.04952,2026-07-16 05:00:00,40.0,63.0,10.0,7.0,15.0,10.0,4.0,66.21,63.0,12.5,8.75,271.3,10.0,1.0,271.3,CO,Poor,2026-07-16 05:38:19,maharashtra__nagpur__ambazari_nagpur_mpcb,7,True,True,Valid AQI,271.3,Poor,CO
"Mahal, Nagpur - MPCB",Nagpur,Maharashtra,21.14472,79.107595,2026-07-16 05:00:00,48.0,72.0,17.0,19.0,21.0,14.0,4.0,79.72,72.0,21.25,23.75,323.85,14.0,1.0,323.85,CO,Very Poor,2026-07-16 05:38:19,maharashtra__nagpur__mahal_nagpur_mpcb,7,True,True,Valid AQI,323.85,Very Poor,CO
"Opp GPO Civil Lines, Nagpur - MPCB",Nagpur,Maharashtra,21.152875,79.0517531,2026-07-16 05:00:00,41.0,79.0,16.0,5.0,28.0,9.0,5.0,67.9,79.0,20.0,6.25,364.85,9.0,1.25,364.85,CO,Very Poor,2026-07-16 05:38:19,maharashtra__nagpur__opp_gpo_civil_lines_nagpur_mpcb,7,True,True,Valid AQI,364.85,Very Poor,CO
"Ram Nagar, Nagpur - MPCB",Nagpur,Maharashtra,21.143383,79.048912,2026-07-16 05:00:00,44.0,59.0,10.0,9.0,13.0,9.0,4.0,72.97,59.0,12.5,11.25,242.61,9.0,1.0,242.61,CO,Poor,2026-07-16 05:38:19,maharashtra__nagpur__ram_nagar_nagpur_mpcb,7,True,True,Valid AQI,242.61,Poor,CO
"Sneh Nagar, Nanded - MPCB",Nanded,Maharashtra,19.173852,77.296291,2026-07-16 05:00:00,26.0,55.0,23.0,6.0,21.0,44.0,4.0,43.33,55.0,28.75,7.5,323.85,44.0,1.0,323.85,CO,Very Poor,2026-07-16 05:38:19,maharashtra__nanded__sneh_nagar_nanded_mpcb,7,True,True,Valid AQI,323.85,Very Poor,CO
"Gangapur Road, Nashik - MPCB",Nashik,Maharashtra,20.0073285,73.7762427,2026-07-16 05:00:00,37.0,36.0,5.0,5.0,22.0,21.0,3.0,61.14,36.0,6.25,6.25,329.7,21.0,0.75,329.7,CO,Very Poor,2026-07-16 05:38:19,maharashtra__nashik__gangapur_road_nashik_mpcb,7,True,True,Valid AQI,329.7,Very Poor,CO
"Hirawadi, Nashik - MPCB",Nashik,Maharashtra,20.021503,73.813844,2026-07-16 05:00:00,33.0,45.0,5.0,10.0,33.0,20.0,4.0,54.38,45.0,6.25,12.5,394.14,20.0,1.0,394.14,CO,Very Poor,2026-07-16 05:38:19,maharashtra__nashik__hirawadi_nashik_mpcb,7,True,True,Valid AQI,394.14,Very Poor,CO
"MIDC Ambad, Nashik - MPCB",Nashik,Maharashtra,19.95022,73.73148,2026-07-16 05:00:00,41.0,63.0,5.0,2.0,15.0,19.0,3.0,67.9,63.0,6.25,2.5,271.3,19.0,0.75,271.3,CO,Poor,2026-07-16 05:38:19,maharashtra__nashik__midc_ambad_nashik_mpcb,7,True,True,Valid AQI,271.3,Poor,CO
"Pandav Nagari, Nashik - MPCB",Nashik,Maharashtra,19.9591346,73.7788008,2026-07-16 05:00:00,25.0,53.0,4.0,2.0,10.0,17.0,1.0,41.67,53.0,5.0,2.5,200.0,17.0,0.25,200.0,CO,Moderate,2026-07-16 05:38:19,maharashtra__nashik__pandav_nagari_nashik_mpcb,7,True,True,Valid AQI,200.0,Moderate,CO
"Kopripada-Vashi, Navi Mumbai - MPCB",Navi Mumbai,Maharashtra,19.090337,73.014232,2026-07-16 05:00:00,41.0,46.0,11.0,1.0,20.0,22.0,8.0,67.9,46.0,13.75,1.25,317.99,22.0,2.0,317.99,CO,Very Poor,2026-07-16 05:38:19,maharashtra__navi_mumbai__kopripada_vashi_navi_mumbai_mpcb,7,True,True,Valid AQI,317.99,Very Poor,CO
"Mahape, Navi Mumbai - MPCB",Navi Mumbai,Maharashtra,19.1135051,73.008978,2026-07-16 05:00:00,27.0,59.0,43.0,17.0,47.0,9.0,1.0,45.0,59.0,53.51,21.25,481.32,9.0,0.25,481.32,CO,Severe,2026-07-16 05:38:19,maharashtra__navi_mumbai__mahape_navi_mumbai_mpcb,7,True,True,Valid AQI,481.32,Severe,CO
"Nerul, Navi Mumbai - MPCB",Navi Mumbai,Maharashtra,19.008751,73.01662,2026-07-16 05:00:00,10.0,,9.0,,,,1.0,16.67,,11.25,,,,0.25,16.67,PM2.5,Good,2026-07-16 05:38:19,maharashtra__navi_mumbai__nerul_navi_mumbai_mpcb,3,True,True,Valid AQI,16.67,Good,PM2.5
"Sanpada, Navi Mumbai - MPCB",Navi Mumbai,Maharashtra,19.0575752,73.0151367,2026-07-16 05:00:00,25.0,37.0,3.0,5.0,4.0,10.0,1.0,41.67,37.0,3.75,6.25,124.81,10.0,0.25,124.81,CO,Moderate,2026-07-16 05:38:19,maharashtra__navi_mumbai__sanpada_navi_mumbai_mpcb,7,True,True,Valid AQI,124.81,Moderate,CO
"Sector-2E Kalamboli, Navi Mumbai - MPCB",Navi Mumbai,Maharashtra,19.02579,73.10297,2026-07-16 05:00:00,20.0,44.0,8.0,5.0,12.0,13.0,6.0,33.33,44.0,10.0,6.25,228.26,13.0,1.5,228.26,CO,Poor,2026-07-16 05:38:19,maharashtra__navi_mumbai__sector_2e_kalamboli_navi_mumbai_mpcb,7,True,True,Valid AQI,228.26,Poor,CO
"Tondare-Taloja, Navi Mumbai - MPCB",Navi Mumbai,Maharashtra,19.063,73.1209,2026-07-16 05:00:00,25.0,64.0,5.0,21.0,14.0,36.0,5.0,41.67,64.0,6.25,26.25,256.96,36.0,1.25,256.96,CO,Poor,2026-07-16 05:38:19,maharashtra__navi_mumbai__tondare_taloja_navi_mumbai_mpcb,7,True,True,Valid AQI,256.96,Poor,CO
"Masoom Colony, Parbhani - MPCB",Parbhani,Maharashtra,19.265594,76.761463,2026-07-16 05:00:00,40.0,58.0,28.0,2.0,12.0,7.0,4.0,66.21,58.0,35.0,2.5,228.26,7.0,1.0,228.26,CO,Poor,2026-07-16 05:38:19,maharashtra__parbhani__masoom_colony_parbhani_mpcb,7,True,True,Valid AQI,228.26,Poor,CO
"Bhosari, Pune - IITM",Pimpri-Chinchwad,Maharashtra,18.640051,73.848956,2026-07-16 05:00:00,,,,,21.0,8.0,,,,,,323.85,8.0,,323.85,CO,Very Poor,2026-07-16 05:38:19,maharashtra__pimpri_chinchwad__bhosari_pune_iitm,2,False,False,Insufficient pollutants,,Unknown,
"Gavalinagar, Pimpri Chinchwad - MPCB",Pimpri-Chinchwad,Maharashtra,18.63673,73.82487,2026-07-16 05:00:00,20.0,40.0,,1.0,9.0,7.0,,33.33,40.0,,1.25,187.47,7.0,,187.47,CO,Moderate,2026-07-16 05:38:19,maharashtra__pimpri_chinchwad__gavalinagar_pimpri_chinchwad_mpcb,5,True,True,Valid AQI,187.47,Moderate,CO
"Park Street Wakad, Pimpri Chinchwad - MPCB",Pimpri-Chinchwad,Maharashtra,18.59051,73.77946,2026-07-16 05:00:00,17.0,29.0,13.0,,8.0,12.0,,28.33,29.0,16.25,,174.94,12.0,,174.94,CO,Moderate,2026-07-16 05:38:19,maharashtra__pimpri_chinchwad__park_street_wakad_pimpri_chinchwad_mpcb,5,True,True,Valid AQI,174.94,Moderate,CO
"Savta Mali Nagar, Pimpri-Chinchwad - IITM",Pimpri-Chinchwad,Maharashtra,18.614767,73.799516,2026-07-16 05:00:00,21.0,,18.0,,28.0,11.0,,35.0,,22.5,,364.85,11.0,,364.85,CO,Very Poor,2026-07-16 05:38:19,maharashtra__pimpri_chinchwad__savta_mali_nagar_pimpri_chinchwad_iitm,4,True,True,Valid AQI,364.85,Very Poor,CO
"Thergaon, Pimpri Chinchwad - MPCB",Pimpri-Chinchwad,Maharashtra,18.616318,73.765797,2026-07-16 05:00:00,52.0,74.0,7.0,1.0,20.0,10.0,5.0,86.48,74.0,8.75,1.25,317.99,10.0,1.25,317.99,CO,Very Poor,2026-07-16 05:38:19,maharashtra__pimpri_chinchwad__thergaon_pimpri_chinchwad_mpcb,7,True,True,Valid AQI,317.99,Very Poor,CO
"Transport Nagar-Nigdi, Pune - IITM",Pimpri-Chinchwad,Maharashtra,18.664282,73.763966,2026-07-16 05:00:00,22.0,48.0,18.0,,39.0,9.0,,36.67,48.0,22.5,,431.51,9.0,,431.51,CO,Severe,2026-07-16 05:38:19,maharashtra__pimpri_chinchwad__transport_nagar_nigdi_pune_iitm,5,True,True,Valid AQI,431.51,Severe,CO
"Dhankawadi, Pune - IITM",Pune,Maharashtra,18.459883,73.852193,2026-07-16 05:00:00,29.0,58.0,23.0,,79.0,2.0,,48.33,58.0,28.75,,500.0,2.0,,500.0,CO,Severe,2026-07-16 05:38:19,maharashtra__pune__dhankawadi_pune_iitm,5,True,True,Valid AQI,500.0,Severe,CO
"Mhada Colony, Pune - IITM",Pune,Maharashtra,18.57304,73.927715,2026-07-16 05:00:00,42.0,73.0,36.0,,44.0,10.0,,69.59,73.0,45.0,,462.64,10.0,,462.64,CO,Severe,2026-07-16 05:38:19,maharashtra__pune__mhada_colony_pune_iitm,5,True,True,Valid AQI,462.64,Severe,CO
"Panchawati_Pashan, Pune - IITM",Pune,Maharashtra,18.536457,73.805454,2026-07-16 05:00:00,28.0,54.0,9.0,,68.0,2.0,,46.67,54.0,11.25,,500.0,2.0,,500.0,CO,Severe,2026-07-16 05:38:19,maharashtra__pune__panchawati_pashan_pune_iitm,5,True,True,Valid AQI,500.0,Severe,CO
"Revenue Colony-Shivajinagar, Pune - IITM",Pune,Maharashtra,18.530085,73.849598,2026-07-16 05:00:00,28.0,34.0,,19.0,17.0,13.0,,46.67,34.0,,23.75,300.0,13.0,,300.0,CO,Poor,2026-07-16 05:38:19,maharashtra__pune__revenue_colony_shivajinagar_pune_iitm,5,True,True,Valid AQI,300.0,Poor,CO
"Savitribai Phule Pune University, Pune - MPCB",Pune,Maharashtra,18.547056,73.826908,2026-07-16 05:00:00,21.0,33.0,8.0,4.0,26.0,9.0,1.0,35.0,33.0,10.0,5.0,353.14,9.0,0.25,353.14,CO,Very Poor,2026-07-16 05:38:19,maharashtra__pune__savitribai_phule_pune_university_pune_mpcb,7,True,True,Valid AQI,353.14,Very Poor,CO
"Vijay Nagar, Sangli - MPCB",Sangli,Maharashtra,16.5038,74.3623,2026-07-16 05:00:00,32.0,55.0,2.0,7.0,13.0,17.0,0.0,52.69,55.0,2.5,8.75,242.61,17.0,0.0,242.61,CO,Poor,2026-07-16 05:38:19,maharashtra__sangli__vijay_nagar_sangli_mpcb,7,True,True,Valid AQI,242.61,Poor,CO
"Dnyaneshwar Nagar, Solapur - MPCB",Solapur,Maharashtra,17.6336264,75.9132495,2026-07-16 05:00:00,33.0,43.0,10.0,2.0,7.0,8.0,9.0,54.38,43.0,12.5,2.5,162.41,8.0,2.25,162.41,CO,Moderate,2026-07-16 05:38:19,maharashtra__solapur__dnyaneshwar_nagar_solapur_mpcb,7,True,True,Valid AQI,162.41,Moderate,CO
"Ratandeep Housing Society, Solapur - MPCB",Solapur,Maharashtra,17.65439,75.90649,2026-07-16 05:00:00,33.0,45.0,,3.0,18.0,7.0,4.0,54.38,45.0,,3.75,306.27,7.0,1.0,306.27,CO,Very Poor,2026-07-16 05:38:19,maharashtra__solapur__ratandeep_housing_society_solapur_mpcb,6,True,True,Valid AQI,306.27,Very Poor,CO
"Kasarvadavali, Thane - MPCB",Thane,Maharashtra,19.26777,72.97182,2026-07-16 05:00:00,23.0,57.0,10.0,3.0,15.0,68.0,0.0,38.33,57.0,12.5,3.75,271.3,68.0,0.0,271.3,CO,Poor,2026-07-16 05:38:19,maharashtra__thane__kasarvadavali_thane_mpcb,7,True,True,Valid AQI,271.3,Poor,CO
"Upvan Fort, Thane - MPCB",Thane,Maharashtra,19.222279,72.957979,2026-07-16 05:00:00,23.0,33.0,,3.0,12.0,0.0,,38.33,33.0,,3.75,228.26,0.0,,228.26,CO,Poor,2026-07-16 05:38:19,maharashtra__thane__upvan_fort_thane_mpcb,5,True,True,Valid AQI,228.26,Poor,CO
"Sidhi Vinayak Nagar, Ulhasnagar - MPCB",Ulhasnagar,Maharashtra,19.235581,73.159121,2026-07-16 05:00:00,49.0,57.0,,7.0,23.0,13.0,3.0,81.41,57.0,,8.75,335.56,13.0,0.75,335.56,CO,Very Poor,2026-07-16 05:38:19,maharashtra__ulhasnagar__sidhi_vinayak_nagar_ulhasnagar_mpcb,6,True,True,Valid AQI,335.56,Very Poor,CO
"Vithalwadi, Ulhasnagar - MPCB",Ulhasnagar,Maharashtra,19.2307571,73.155192,2026-07-16 05:00:00,20.0,40.0,10.0,12.0,22.0,10.0,0.0,33.33,40.0,12.5,15.0,329.7,10.0,0.0,329.7,CO,Very Poor,2026-07-16 05:38:19,maharashtra__ulhasnagar__vithalwadi_ulhasnagar_mpcb,7,True,True,Valid AQI,329.7,Very Poor,CO
"Bolinj, Virar - MPCB",Virar,Maharashtra,19.445821,72.7988231,2026-07-16 05:00:00,39.0,78.0,15.0,3.0,26.0,23.0,9.0,64.52,78.0,18.75,3.75,353.14,23.0,2.25,353.14,CO,Very Poor,2026-07-16 05:38:19,maharashtra__virar__bolinj_virar_mpcb,7,True,True,Valid AQI,353.14,Very Poor,CO
"Tamulikuchi, Byrnihat - Meghalaya PCB",Byrnihat,Meghalaya,26.079047,91.875185,2026-07-16 05:00:00,95.0,62.0,,,7.0,,0.0,214.66,62.0,,,162.41,,0.0,214.66,PM2.5,Poor,2026-07-16 05:38:19,meghalaya__byrnihat__tamulikuchi_byrnihat_meghalaya_pcb,4,True,True,Valid AQI,214.66,Poor,PM2.5
"Lumpyngngad, Shillong - Meghalaya PCB",Shillong,Meghalaya,25.5586,91.8985,2026-07-16 05:00:00,,,0.0,10.0,14.0,15.0,0.0,,,0.0,12.5,256.96,15.0,0.0,256.96,CO,Poor,2026-07-16 05:38:19,meghalaya__shillong__lumpyngngad_shillong_meghalaya_pcb,5,False,False,Insufficient pollutants,,Unknown,
"Sikulpuikawn, Aizawl - Mizoram PCB",Aizawl,Mizoram,23.7176342,92.7192841,2026-07-16 05:00:00,,13.0,1.0,15.0,3.0,6.0,0.0,,13.0,1.25,18.75,112.28,6.0,0.0,112.28,CO,Moderate,2026-07-16 05:38:19,mizoram__aizawl__sikulpuikawn_aizawl_mizoram_pcb,6,True,True,Valid AQI,112.28,Moderate,CO
"PWD Junction, Kohima - NPCB",Kohima,Nagaland,25.6635413,94.0989878,2026-07-16 05:00:00,1.0,,4.0,53.0,4.0,,1.0,1.67,,5.0,66.08,124.81,,0.25,124.81,CO,Moderate,2026-07-16 05:38:19,nagaland__kohima__pwd_junction_kohima_npcb,5,True,True,Valid AQI,124.81,Moderate,CO
"Hakimapada, Angul - OSPCB",Angul,Odisha,20.832874,85.104082,2026-07-16 05:00:00,32.0,70.0,20.0,24.0,64.0,14.0,3.0,52.69,70.0,25.0,30.0,500.0,14.0,0.75,500.0,CO,Severe,2026-07-16 05:38:19,odisha__angul__hakimapada_angul_ospcb,7,True,True,Valid AQI,500.0,Severe,CO
"Kalidaspur, Balasore - OSPCB",Balasore,Odisha,21.51161,86.89088,2026-07-16 05:00:00,24.0,32.0,12.0,4.0,33.0,38.0,3.0,40.0,32.0,15.0,5.0,394.14,38.0,0.75,394.14,CO,Very Poor,2026-07-16 05:38:19,odisha__balasore__kalidaspur_balasore_ospcb,7,True,True,Valid AQI,394.14,Very Poor,CO
"Forest Office, Barbil - OSPCB",Barbil,Odisha,22.1166054,85.3945546,2026-07-16 05:00:00,41.0,76.0,5.0,12.0,19.0,26.0,2.0,67.9,76.0,6.25,15.0,312.13,26.0,0.5,312.13,CO,Very Poor,2026-07-16 05:38:19,odisha__barbil__forest_office_barbil_ospcb,7,True,True,Valid AQI,312.13,Very Poor,CO
"Meher Colony, Baripada - OSPCB",Baripada,Odisha,21.941841,86.728318,2026-07-16 05:00:00,29.0,36.0,15.0,10.0,4.0,25.0,2.0,48.33,36.0,18.75,12.5,124.81,25.0,0.5,124.81,CO,Moderate,2026-07-16 05:38:19,odisha__baripada__meher_colony_baripada_ospcb,7,True,True,Valid AQI,124.81,Moderate,CO
"Lingraj Mandir, Bhubaneswar - OSPCB",Bhubaneswar,Odisha,20.24079,85.836784,2026-07-16 05:00:00,64.0,60.0,22.0,4.0,41.0,26.0,4.0,111.24,60.0,27.5,5.0,443.96,26.0,1.0,443.96,CO,Severe,2026-07-16 05:38:19,odisha__bhubaneswar__lingraj_mandir_bhubaneswar_ospcb,7,True,True,Valid AQI,443.96,Severe,CO
"Patia, Bhubaneswar - OSPCB",Bhubaneswar,Odisha,20.34652,85.8163,2026-07-16 05:00:00,37.0,65.0,10.0,12.0,47.0,44.0,2.0,61.14,65.0,12.5,15.0,481.32,44.0,0.5,481.32,CO,Severe,2026-07-16 05:38:19,odisha__bhubaneswar__patia_bhubaneswar_ospcb,7,True,True,Valid AQI,481.32,Severe,CO
"Tata Township, Bileipada - OSPCB",Bileipada,Odisha,22.06156703,85.47409613,2026-07-16 05:00:00,76.0,98.0,16.0,8.0,24.0,15.0,5.0,152.21,98.0,20.0,10.0,341.42,15.0,1.25,341.42,CO,Very Poor,2026-07-16 05:38:19,odisha__bileipada__tata_township_bileipada_ospcb,7,True,True,Valid AQI,341.42,Very Poor,CO
"GM Office, Brajrajnagar - OSPCB",Brajrajnagar,Odisha,21.8004996,83.8396977,2026-07-16 05:00:00,25.0,35.0,23.0,24.0,28.0,42.0,4.0,41.67,35.0,28.75,30.0,364.85,42.0,1.0,364.85,CO,Very Poor,2026-07-16 05:38:19,odisha__brajrajnagar__gm_office_brajrajnagar_ospcb,7,True,True,Valid AQI,364.85,Very Poor,CO
"Ferro Chrome Colony, Byasanagar - OSPCB",Byasanagar,Odisha,20.94185,86.1151,2026-07-16 05:00:00,,,,,23.0,31.0,,,,,,335.56,31.0,,335.56,CO,Very Poor,2026-07-16 05:38:19,odisha__byasanagar__ferro_chrome_colony_byasanagar_ospcb,2,False,False,Insufficient pollutants,,Unknown,
"CDA Area, Cuttack - OSPCB",Cuttack,Odisha,20.48891,85.84768,2026-07-16 05:00:00,57.0,78.0,30.0,13.0,55.0,47.0,8.0,94.93,78.0,37.5,16.25,500.0,47.0,2.0,500.0,CO,Severe,2026-07-16 05:38:19,odisha__cuttack__cda_area_cuttack_ospcb,7,True,True,Valid AQI,500.0,Severe,CO
"Jagamohanpur, Keonjhar - OSPCB",Keonjhar,Odisha,21.6439,85.599355,2026-07-16 05:00:00,31.0,63.0,14.0,13.0,35.0,17.0,2.0,51.0,63.0,17.5,16.25,406.6,17.0,0.5,406.6,CO,Severe,2026-07-16 05:38:19,odisha__keonjhar__jagamohanpur_keonjhar_ospcb,7,True,True,Valid AQI,406.6,Severe,CO
"Divisional Forest Office, Rairangpur - OSPCB",Rairangpur,Odisha,22.265816,86.174829,2026-07-16 05:00:00,22.0,38.0,6.0,7.0,15.0,7.0,3.0,36.67,38.0,7.5,8.75,271.3,7.0,0.75,271.3,CO,Poor,2026-07-16 05:38:19,odisha__rairangpur__divisional_forest_office_rairangpur_ospcb,7,True,True,Valid AQI,271.3,Poor,CO
"Fertilizer Township, Rourkela - OSPCB",Rourkela,Odisha,22.18972222,84.86277778,2026-07-16 05:00:00,64.0,58.0,11.0,11.0,18.0,,,111.24,58.0,13.75,13.75,306.27,,,306.27,CO,Very Poor,2026-07-16 05:38:19,odisha__rourkela__fertilizer_township_rourkela_ospcb,5,True,True,Valid AQI,306.27,Very Poor,CO
"Raghunathpali, Rourkela - OSPCB",Rourkela,Odisha,22.220833,84.809444,2026-07-16 05:00:00,33.0,155.0,15.0,6.0,43.0,8.0,2.0,54.38,136.88,18.75,7.5,456.42,8.0,0.5,456.42,CO,Severe,2026-07-16 05:38:19,odisha__rourkela__raghunathpali_rourkela_ospcb,7,True,True,Valid AQI,456.42,Severe,CO
"Sector-2, Rourkela - OSPCB",Rourkela,Odisha,22.245,84.88111111,2026-07-16 05:00:00,53.0,57.0,11.0,,18.0,,,88.17,57.0,13.75,,306.27,,,306.27,CO,Very Poor,2026-07-16 05:38:19,odisha__rourkela__sector_2_rourkela_ospcb,4,True,True,Valid AQI,306.27,Very Poor,CO
"OMC Colony, Suakati - OSPCB",Suakati,Odisha,21.606865,85.510538,2026-07-16 05:00:00,42.0,88.0,18.0,3.0,8.0,16.0,3.0,69.59,88.0,22.5,3.75,174.94,16.0,0.75,174.94,CO,Moderate,2026-07-16 05:38:19,odisha__suakati__omc_colony_suakati_ospcb,7,True,True,Valid AQI,174.94,Moderate,CO
"Talcher Coalfields,Talcher - OSPCB",Talcher,Odisha,20.9360711,85.1707021,2026-07-16 05:00:00,,35.0,40.0,58.0,26.0,18.0,7.0,,35.0,50.0,72.36,353.14,18.0,1.75,353.14,CO,Very Poor,2026-07-16 05:38:19,odisha__talcher__talcher_coalfields_talcher_ospcb,6,True,True,Valid AQI,353.14,Very Poor,CO
"Barsua Iron Ore Mines, Tensa - OSPCB",Tensa,Odisha,21.869985,85.167016,2026-07-16 05:00:00,27.0,55.0,,31.0,,,,45.0,55.0,,38.75,,,,55.0,PM10,Satisfactory,2026-07-16 05:38:19,odisha__tensa__barsua_iron_ore_mines_tensa_ospcb,3,True,True,Valid AQI,55.0,Satisfactory,PM10
"Jawahar Nagar, Puducherry - PPCC",Puducherry,Puducherry,11.9309,79.8027,2026-07-16 05:00:00,29.0,54.0,10.0,8.0,16.0,33.0,3.0,48.33,54.0,12.5,10.0,285.65,33.0,0.75,285.65,CO,Poor,2026-07-16 05:38:19,puducherry__puducherry__jawahar_nagar_puducherry_ppcc,7,True,True,Valid AQI,285.65,Poor,CO
"Golden Temple, Amritsar - PPCB",Amritsar,Punjab,31.62,74.876512,2026-07-16 05:00:00,99.0,106.0,16.0,13.0,29.0,39.0,7.0,228.31,104.32,20.0,16.25,370.71,39.0,1.75,370.71,CO,Very Poor,2026-07-16 05:38:19,punjab__amritsar__golden_temple_amritsar_ppcb,7,True,True,Valid AQI,370.71,Very Poor,CO
"Hardev Nagar, Bathinda - PPCB",Bathinda,Punjab,30.233011,74.907758,2026-07-16 05:00:00,24.0,37.0,32.0,16.0,66.0,,,40.0,37.0,40.0,20.0,500.0,,,500.0,CO,Severe,2026-07-16 05:38:19,punjab__bathinda__hardev_nagar_bathinda_ppcb,5,True,True,Valid AQI,500.0,Severe,CO
"Civil Line, Jalandhar - PPCB",Jalandhar,Punjab,31.321907,75.578914,2026-07-16 05:00:00,46.0,77.0,32.0,14.0,41.0,45.0,4.0,76.34,77.0,40.0,17.5,443.96,45.0,1.0,443.96,CO,Severe,2026-07-16 05:38:19,punjab__jalandhar__civil_line_jalandhar_ppcb,7,True,True,Valid AQI,443.96,Severe,CO
"Kalal Majra, Khanna - PPCB",Khanna,Punjab,30.736056,76.209694,2026-07-16 05:00:00,44.0,70.0,28.0,15.0,45.0,24.0,7.0,72.97,70.0,35.0,18.75,468.87,24.0,1.75,468.87,CO,Severe,2026-07-16 05:38:19,punjab__khanna__kalal_majra_khanna_ppcb,7,True,True,Valid AQI,468.87,Severe,CO
"Punjab Agricultural University, Ludhiana - PPCB",Ludhiana,Punjab,30.9028,75.8086,2026-07-16 05:00:00,92.0,106.0,32.0,11.0,25.0,71.0,7.0,204.41,104.32,40.0,13.75,347.28,71.0,1.75,347.28,CO,Very Poor,2026-07-16 05:38:19,punjab__ludhiana__punjab_agricultural_university_ludhiana_ppcb,7,True,True,Valid AQI,347.28,Very Poor,CO
"RIMT University, Mandi Gobindgarh - PPCB",Mandi Gobindgarh,Punjab,30.649961,76.331442,2026-07-16 05:00:00,93.0,117.0,24.0,26.0,50.0,39.0,5.0,207.83,111.63,30.0,32.5,500.0,39.0,1.25,500.0,CO,Severe,2026-07-16 05:38:19,punjab__mandi_gobindgarh__rimt_university_mandi_gobindgarh_ppcb,7,True,True,Valid AQI,500.0,Severe,CO
"Model Town, Patiala - PPCB",Patiala,Punjab,30.349388,76.366642,2026-07-16 05:00:00,67.0,123.0,17.0,11.0,27.0,18.0,6.0,121.48,115.62,21.25,13.75,358.99,18.0,1.5,358.99,CO,Very Poor,2026-07-16 05:38:19,punjab__patiala__model_town_patiala_ppcb,7,True,True,Valid AQI,358.99,Very Poor,CO
"Ratanpura, Rupnagar - Ambuja Cements",Rupnagar,Punjab,31.0325454,76.5623046,2026-07-16 05:00:00,106.0,68.0,27.0,12.0,50.0,,,252.21,68.0,33.75,15.0,500.0,,,500.0,CO,Severe,2026-07-16 05:38:19,punjab__rupnagar__ratanpura_rupnagar_ambuja_cements,5,True,True,Valid AQI,500.0,Severe,CO
"Civil Lines,  Ajmer - RSPCB",Ajmer,Rajasthan,26.470859,74.646594,2026-07-16 05:00:00,88.0,109.0,39.0,4.0,17.0,15.0,5.0,193.17,106.32,48.75,5.0,300.0,15.0,1.25,300.0,CO,Poor,2026-07-16 05:38:19,rajasthan__ajmer__civil_lines_ajmer_rspcb,7,True,True,Valid AQI,300.0,Poor,CO
"Moti Doongri, Alwar - RSPCB",Alwar,Rajasthan,27.554793,76.611536,2026-07-16 05:00:00,115.0,95.0,57.0,40.0,25.0,23.0,10.0,282.93,95.0,71.1,50.0,347.28,23.0,2.5,347.28,CO,Very Poor,2026-07-16 05:38:19,rajasthan__alwar__moti_doongri_alwar_rspcb,7,True,True,Valid AQI,347.28,Very Poor,CO
"Rati Talai, Banswara - RSPCB",Banswara,Rajasthan,23.55519,74.44001,2026-07-16 05:00:00,63.0,96.0,24.0,4.0,9.0,23.0,2.0,107.83,96.0,30.0,5.0,187.47,23.0,0.5,187.47,CO,Moderate,2026-07-16 05:38:19,rajasthan__banswara__rati_talai_banswara_rspcb,7,True,True,Valid AQI,187.47,Moderate,CO
"Bamboliya, Baran - RSPCB",Baran,Rajasthan,25.106006,76.469948,2026-07-16 05:00:00,48.0,98.0,19.0,12.0,36.0,30.0,5.0,79.72,98.0,23.75,15.0,412.83,30.0,1.25,412.83,CO,Severe,2026-07-16 05:38:19,rajasthan__baran__bamboliya_baran_rspcb,7,True,True,Valid AQI,412.83,Severe,CO
"Railway Colony, Barmer - RSPCB",Barmer,Rajasthan,25.747299,71.393989,2026-07-16 05:00:00,25.0,96.0,8.0,3.0,10.0,29.0,6.0,41.67,96.0,10.0,3.75,200.0,29.0,1.5,200.0,CO,Moderate,2026-07-16 05:38:19,rajasthan__barmer__railway_colony_barmer_rspcb,7,True,True,Valid AQI,200.0,Moderate,CO
"Krishna Nagar, Bharatpur - RSPCB",Bharatpur,Rajasthan,27.215415,77.50873,2026-07-16 05:00:00,28.0,69.0,16.0,,12.0,26.0,8.0,46.67,69.0,20.0,,228.26,26.0,2.0,228.26,CO,Poor,2026-07-16 05:38:19,rajasthan__bharatpur__krishna_nagar_bharatpur_rspcb,6,True,True,Valid AQI,228.26,Poor,CO
"Pratap Nagar, Bhilwara - RSPCB",Bhilwara,Rajasthan,25.339605,74.618883,2026-07-16 05:00:00,51.0,104.0,14.0,7.0,38.0,33.0,5.0,84.79,102.99,17.5,8.75,425.28,33.0,1.25,425.28,CO,Severe,2026-07-16 05:38:19,rajasthan__bhilwara__pratap_nagar_bhilwara_rspcb,7,True,True,Valid AQI,425.28,Severe,CO
"RIICO Ind. Area III, Bhiwadi - RSPCB",Bhiwadi,Rajasthan,28.194909,76.862296,2026-07-16 05:00:00,104.0,129.0,36.0,12.0,28.0,10.0,10.0,245.38,119.6,45.0,15.0,364.85,10.0,2.5,364.85,CO,Very Poor,2026-07-16 05:38:19,rajasthan__bhiwadi__riico_ind_area_iii_bhiwadi_rspcb,7,True,True,Valid AQI,364.85,Very Poor,CO
"Vasundhara Nagar_UIT, Bhiwadi - RSPCB",Bhiwadi,Rajasthan,28.207266,76.829265,2026-07-16 05:00:00,69.0,100.0,17.0,8.0,17.0,25.0,7.0,128.31,100.0,21.25,10.0,300.0,25.0,1.75,300.0,CO,Poor,2026-07-16 05:38:19,rajasthan__bhiwadi__vasundhara_nagar_uit_bhiwadi_rspcb,7,True,True,Valid AQI,300.0,Poor,CO
"MM Ground, Bikaner - RSPCB",Bikaner,Rajasthan,28.018792,73.292658,2026-07-16 05:00:00,29.0,141.0,12.0,6.0,14.0,35.0,5.0,48.33,127.58,15.0,7.5,256.96,35.0,1.25,256.96,CO,Poor,2026-07-16 05:38:19,rajasthan__bikaner__mm_ground_bikaner_rspcb,7,True,True,Valid AQI,256.96,Poor,CO
"New Colony, Bundi - RSPCB",Bundi,Rajasthan,25.435774,75.644272,2026-07-16 05:00:00,34.0,80.0,30.0,5.0,14.0,40.0,,56.07,80.0,37.5,6.25,256.96,40.0,,256.96,CO,Poor,2026-07-16 05:38:19,rajasthan__bundi__new_colony_bundi_rspcb,6,True,True,Valid AQI,256.96,Poor,CO
"Shastri Nagar, Chittorgarh - RSPCB",Chittorgarh,Rajasthan,24.892047,74.623527,2026-07-16 05:00:00,61.0,84.0,58.0,11.0,5.0,28.0,5.0,101.0,84.0,72.36,13.75,137.34,28.0,1.25,137.34,CO,Moderate,2026-07-16 05:38:19,rajasthan__chittorgarh__shastri_nagar_chittorgarh_rspcb,7,True,True,Valid AQI,137.34,Moderate,CO
"Subash Chowk, Churu - RSPCB",Churu,Rajasthan,28.296139,74.961696,2026-07-16 05:00:00,37.0,163.0,4.0,3.0,19.0,25.0,6.0,61.14,142.19,5.0,3.75,312.13,25.0,1.5,312.13,CO,Very Poor,2026-07-16 05:38:19,rajasthan__churu__subash_chowk_churu_rspcb,7,True,True,Valid AQI,312.13,Very Poor,CO
"Khatikan Mohalla, Dausa - RSPCB",Dausa,Rajasthan,26.895552,76.334753,2026-07-16 05:00:00,46.0,118.0,34.0,2.0,39.0,13.0,12.0,76.34,112.3,42.5,2.5,431.51,13.0,3.0,431.51,CO,Severe,2026-07-16 05:38:19,rajasthan__dausa__khatikan_mohalla_dausa_rspcb,7,True,True,Valid AQI,431.51,Severe,CO
"Raja Ganj, Dholpur - RSPCB",Dholpur,Rajasthan,26.699557,77.898881,2026-07-16 05:00:00,49.0,40.0,12.0,5.0,21.0,19.0,5.0,81.41,40.0,15.0,6.25,323.85,19.0,1.25,323.85,CO,Very Poor,2026-07-16 05:38:19,rajasthan__dholpur__raja_ganj_dholpur_rspcb,7,True,True,Valid AQI,323.85,Very Poor,CO
"Bhoiwada, Dungarpur - RSPCB",Dungarpur,Rajasthan,23.837789,73.714926,2026-07-16 05:00:00,42.0,47.0,12.0,9.0,30.0,31.0,12.0,69.59,47.0,15.0,11.25,376.57,31.0,3.0,376.57,CO,Very Poor,2026-07-16 05:38:19,rajasthan__dungarpur__bhoiwada_dungarpur_rspcb,7,True,True,Valid AQI,376.57,Very Poor,CO
"Housing Board, Hanumangarh - RSPCB",Hanumangarh,Rajasthan,29.61075,74.283608,2026-07-16 05:00:00,29.0,96.0,5.0,5.0,17.0,54.0,10.0,48.33,96.0,6.25,6.25,300.0,54.0,2.5,300.0,CO,Poor,2026-07-16 05:38:19,rajasthan__hanumangarh__housing_board_hanumangarh_rspcb,7,True,True,Valid AQI,300.0,Poor,CO
"Adarsh Nagar, Jaipur - RSPCB",Jaipur,Rajasthan,26.902909,75.836858,2026-07-16 05:00:00,89.0,97.0,38.0,24.0,27.0,49.0,5.0,196.59,97.0,47.5,30.0,358.99,49.0,1.25,358.99,CO,Very Poor,2026-07-16 05:38:19,rajasthan__jaipur__adarsh_nagar_jaipur_rspcb,7,True,True,Valid AQI,358.99,Very Poor,CO
"Mansarovar Sector-12, Jaipur - RSPCB",Jaipur,Rajasthan,26.843698,75.766894,2026-07-16 05:00:00,55.0,136.0,17.0,3.0,30.0,37.0,7.0,91.55,124.26,21.25,3.75,376.57,37.0,1.75,376.57,CO,Very Poor,2026-07-16 05:38:19,rajasthan__jaipur__mansarovar_sector_12_jaipur_rspcb,7,True,True,Valid AQI,376.57,Very Poor,CO
"Police Commissionerate, Jaipur - RSPCB",Jaipur,Rajasthan,26.9164092,75.7994901,2026-07-16 05:00:00,95.0,106.0,52.0,19.0,43.0,28.0,10.0,214.66,104.32,64.82,23.75,456.42,28.0,2.5,456.42,CO,Severe,2026-07-16 05:38:19,rajasthan__jaipur__police_commissionerate_jaipur_rspcb,7,True,True,Valid AQI,456.42,Severe,CO
"RIICO Sitapura, Jaipur - RSPCB",Jaipur,Rajasthan,26.786682,75.827928,2026-07-16 05:00:00,232.0,134.0,30.0,8.0,35.0,25.0,2.0,386.19,122.93,37.5,10.0,406.6,25.0,0.5,406.6,CO,Severe,2026-07-16 05:38:19,rajasthan__jaipur__riico_sitapura_jaipur_rspcb,7,True,True,Valid AQI,406.6,Severe,CO
"Sector-2 Murlipura, Jaipur - RSPCB",Jaipur,Rajasthan,26.960669,75.771817,2026-07-16 05:00:00,70.0,139.0,23.0,3.0,53.0,36.0,5.0,131.72,126.25,28.75,3.75,500.0,36.0,1.25,500.0,CO,Severe,2026-07-16 05:38:19,rajasthan__jaipur__sector_2_murlipura_jaipur_rspcb,7,True,True,Valid AQI,500.0,Severe,CO
"Shastri Nagar, Jaipur - RSPCB",Jaipur,Rajasthan,26.9502929,75.730943,2026-07-16 05:00:00,97.0,117.0,26.0,20.0,39.0,37.0,9.0,221.48,111.63,32.5,25.0,431.51,37.0,2.25,431.51,CO,Severe,2026-07-16 05:38:19,rajasthan__jaipur__shastri_nagar_jaipur_rspcb,7,True,True,Valid AQI,431.51,Severe,CO
"Sadar Bazar, Jaisalmer - RSPCB",Jaisalmer,Rajasthan,26.912329,70.909168,2026-07-16 05:00:00,43.0,127.0,11.0,2.0,12.0,26.0,15.0,71.28,118.28,13.75,2.5,228.26,26.0,3.75,228.26,CO,Poor,2026-07-16 05:38:19,rajasthan__jaisalmer__sadar_bazar_jaisalmer_rspcb,7,True,True,Valid AQI,228.26,Poor,CO
"Mudtra Sili, Jalore - RSPCB",Jalore,Rajasthan,25.344694,72.626208,2026-07-16 05:00:00,36.0,85.0,11.0,2.0,14.0,36.0,3.0,59.45,85.0,13.75,2.5,256.96,36.0,0.75,256.96,CO,Poor,2026-07-16 05:38:19,rajasthan__jalore__mudtra_sili_jalore_rspcb,7,True,True,Valid AQI,256.96,Poor,CO
"Rajlaxmi Nagar, Jhalawar - RSPCB",Jhalawar,Rajasthan,24.588397,76.172782,2026-07-16 05:00:00,39.0,74.0,29.0,9.0,40.0,38.0,4.0,64.52,74.0,36.25,11.25,437.74,38.0,1.0,437.74,CO,Severe,2026-07-16 05:38:19,rajasthan__jhalawar__rajlaxmi_nagar_jhalawar_rspcb,7,True,True,Valid AQI,437.74,Severe,CO
"Indra Nagar, Jhunjhunu - RSPCB",Jhunjhunu,Rajasthan,28.108988,75.386577,2026-07-16 05:00:00,58.0,131.0,6.0,3.0,10.0,33.0,7.0,96.62,120.93,7.5,3.75,200.0,33.0,1.75,200.0,CO,Moderate,2026-07-16 05:38:19,rajasthan__jhunjhunu__indra_nagar_jhunjhunu_rspcb,7,True,True,Valid AQI,200.0,Moderate,CO
"Collectorate, Jodhpur - RSPCB",Jodhpur,Rajasthan,26.268249,73.0193853,2026-07-16 05:00:00,49.0,81.0,17.0,5.0,43.0,19.0,4.0,81.41,81.0,21.25,6.25,456.42,19.0,1.0,456.42,CO,Severe,2026-07-16 05:38:19,rajasthan__jodhpur__collectorate_jodhpur_rspcb,7,True,True,Valid AQI,456.42,Severe,CO
"Digari Kalan, Jodhpur - RSPCB",Jodhpur,Rajasthan,26.29581,73.082283,2026-07-16 05:00:00,33.0,76.0,22.0,2.0,12.0,42.0,6.0,54.38,76.0,27.5,2.5,228.26,42.0,1.5,228.26,CO,Poor,2026-07-16 05:38:19,rajasthan__jodhpur__digari_kalan_jodhpur_rspcb,7,True,True,Valid AQI,228.26,Poor,CO
"Jhalamand, Jodhpur - RSPCB",Jodhpur,Rajasthan,26.215415,73.070156,2026-07-16 05:00:00,34.0,70.0,6.0,4.0,9.0,30.0,5.0,56.07,70.0,7.5,5.0,187.47,30.0,1.25,187.47,CO,Moderate,2026-07-16 05:38:19,rajasthan__jodhpur__jhalamand_jodhpur_rspcb,7,True,True,Valid AQI,187.47,Moderate,CO
"Mandor, Jodhpur - RSPCB",Jodhpur,Rajasthan,26.358805,73.047444,2026-07-16 05:00:00,38.0,89.0,5.0,3.0,14.0,47.0,,62.83,89.0,6.25,3.75,256.96,47.0,,256.96,CO,Poor,2026-07-16 05:38:19,rajasthan__jodhpur__mandor_jodhpur_rspcb,6,True,True,Valid AQI,256.96,Poor,CO
"Samrat Ashok Udhyan, Jodhpur - RSPCB",Jodhpur,Rajasthan,26.253384,72.976571,2026-07-16 05:00:00,,,5.0,2.0,12.0,23.0,,,,6.25,2.5,228.26,23.0,,228.26,CO,Poor,2026-07-16 05:38:19,rajasthan__jodhpur__samrat_ashok_udhyan_jodhpur_rspcb,4,False,False,Insufficient pollutants,,Unknown,
"Satyawati Vihar, Karauli - RSPCB",Karauli,Rajasthan,26.506177,77.025989,2026-07-16 05:00:00,82.0,83.0,47.0,8.0,18.0,16.0,9.0,172.69,83.0,58.54,10.0,306.27,16.0,2.25,306.27,CO,Very Poor,2026-07-16 05:38:19,rajasthan__karauli__satyawati_vihar_karauli_rspcb,7,True,True,Valid AQI,306.27,Very Poor,CO
"New Anaj Mandi, Khairthal - RSPCB",Khairthal,Rajasthan,27.8015617,76.6365217,2026-07-16 05:00:00,94.0,122.0,6.0,4.0,18.0,18.0,3.0,211.24,114.95,7.5,5.0,306.27,18.0,0.75,306.27,CO,Very Poor,2026-07-16 05:38:19,rajasthan__khairthal__new_anaj_mandi_khairthal_rspcb,7,True,True,Valid AQI,306.27,Very Poor,CO
"Dhanmandi, Kota - RSPCB",Kota,Rajasthan,25.16409,75.858137,2026-07-16 05:00:00,38.0,72.0,27.0,8.0,35.0,17.0,2.0,62.83,72.0,33.75,10.0,406.6,17.0,0.5,406.6,CO,Severe,2026-07-16 05:38:19,rajasthan__kota__dhanmandi_kota_rspcb,7,True,True,Valid AQI,406.6,Severe,CO
"Nayapura, Kota - RSPCB",Kota,Rajasthan,25.196024,75.855668,2026-07-16 05:00:00,39.0,100.0,18.0,12.0,11.0,43.0,4.0,64.52,100.0,22.5,15.0,213.91,43.0,1.0,213.91,CO,Poor,2026-07-16 05:38:19,rajasthan__kota__nayapura_kota_rspcb,7,True,True,Valid AQI,213.91,Poor,CO
"Shrinath Puram, Kota - RSPCB",Kota,Rajasthan,25.14389,75.821256,2026-07-16 05:00:00,68.0,72.0,18.0,8.0,24.0,10.0,5.0,124.9,72.0,22.5,10.0,341.42,10.0,1.25,341.42,CO,Very Poor,2026-07-16 05:38:19,rajasthan__kota__shrinath_puram_kota_rspcb,7,True,True,Valid AQI,341.42,Very Poor,CO
"Karni Colony, Nagaur - RSPCB",Nagaur,Rajasthan,27.213494,73.734444,2026-07-16 05:00:00,39.0,93.0,8.0,6.0,18.0,21.0,3.0,64.52,93.0,10.0,7.5,306.27,21.0,0.75,306.27,CO,Very Poor,2026-07-16 05:38:19,rajasthan__nagaur__karni_colony_nagaur_rspcb,7,True,True,Valid AQI,306.27,Very Poor,CO
"Indira Colony Vistar, Pali - RSPCB",Pali,Rajasthan,25.771061,73.340227,2026-07-16 05:00:00,160.0,118.0,24.0,11.0,29.0,29.0,6.0,330.93,112.3,30.0,13.75,370.71,29.0,1.5,370.71,CO,Very Poor,2026-07-16 05:38:19,rajasthan__pali__indira_colony_vistar_pali_rspcb,7,True,True,Valid AQI,370.71,Very Poor,CO
"Pragati Nagar, Pratapgarh - RSPCB",Pratapgarh,Rajasthan,24.041198,74.780702,2026-07-16 05:00:00,31.0,67.0,10.0,1.0,17.0,41.0,4.0,51.0,67.0,12.5,1.25,300.0,41.0,1.0,300.0,CO,Poor,2026-07-16 05:38:19,rajasthan__pratapgarh__pragati_nagar_pratapgarh_rspcb,7,True,True,Valid AQI,300.0,Poor,CO
"Dhoinda, Rajsamand - RSPCB",Rajsamand,Rajasthan,25.03636,73.883502,2026-07-16 05:00:00,38.0,83.0,6.0,4.0,31.0,46.0,8.0,62.83,83.0,7.5,5.0,382.43,46.0,2.0,382.43,CO,Very Poor,2026-07-16 05:38:19,rajasthan__rajsamand__dhoinda_rajsamand_rspcb,7,True,True,Valid AQI,382.43,Very Poor,CO
"Sahu Nagar, Sawai Madhopur - RSPCB",Sawai Madhopur,Rajasthan,26.031443,76.359327,2026-07-16 05:00:00,39.0,116.0,17.0,5.0,16.0,55.0,4.0,64.52,110.97,21.25,6.25,285.65,55.0,1.0,285.65,CO,Poor,2026-07-16 05:38:19,rajasthan__sawai_madhopur__sahu_nagar_sawai_madhopur_rspcb,7,True,True,Valid AQI,285.65,Poor,CO
"Radhakishan Pura, Sikar - RSPCB",Sikar,Rajasthan,27.608912,75.153302,2026-07-16 05:00:00,52.0,108.0,10.0,3.0,13.0,33.0,6.0,86.48,105.65,12.5,3.75,242.61,33.0,1.5,242.61,CO,Poor,2026-07-16 05:38:19,rajasthan__sikar__radhakishan_pura_sikar_rspcb,7,True,True,Valid AQI,242.61,Poor,CO
"Old City, Sri Ganganagar - RSPCB",Sri Ganganagar,Rajasthan,29.931624,73.864511,2026-07-16 05:00:00,50.0,81.0,67.0,4.0,18.0,68.0,19.0,83.1,81.0,83.67,5.0,306.27,68.0,4.75,306.27,CO,Very Poor,2026-07-16 05:38:19,rajasthan__sri_ganganagar__old_city_sri_ganganagar_rspcb,7,True,True,Valid AQI,306.27,Very Poor,CO
"Shastri Nagar, Tonk - RSPCB",Tonk,Rajasthan,26.159933,75.780517,2026-07-16 05:00:00,64.0,133.0,2.0,2.0,32.0,43.0,4.0,111.24,122.26,2.5,2.5,388.28,43.0,1.0,388.28,CO,Very Poor,2026-07-16 05:38:19,rajasthan__tonk__shastri_nagar_tonk_rspcb,7,True,True,Valid AQI,388.28,Very Poor,CO
"Ashok Nagar, Udaipur - RSPCB",Udaipur,Rajasthan,24.5886166,73.6321397,2026-07-16 05:00:00,71.0,108.0,15.0,9.0,34.0,4.0,4.0,135.14,105.65,18.75,11.25,400.0,4.0,1.0,400.0,CO,Very Poor,2026-07-16 05:38:19,rajasthan__udaipur__ashok_nagar_udaipur_rspcb,7,True,True,Valid AQI,400.0,Very Poor,CO
"Zero Point GICI, Gangtok - SSPCB",Gangtok,Sikkim,27.33853,88.614099,2026-07-16 05:00:00,16.0,12.0,8.0,1.0,4.0,1.0,1.0,26.67,12.0,10.0,1.25,124.81,1.0,0.25,124.81,CO,Moderate,2026-07-16 05:38:19,sikkim__gangtok__zero_point_gici_gangtok_sspcb,7,True,True,Valid AQI,124.81,Moderate,CO
"Arumbakkam, Chennai - TNPCB",Chennai,Tamil Nadu,13.0664,80.2112,2026-07-16 05:00:00,47.0,99.0,19.0,4.0,,,4.0,78.03,99.0,23.75,5.0,,,1.0,99.0,PM10,Satisfactory,2026-07-16 05:38:19,tamil_nadu__chennai__arumbakkam_chennai_tnpcb,5,True,True,Valid AQI,99.0,Satisfactory,PM10
"Kodungaiyur, Chennai - TNPCB",Chennai,Tamil Nadu,13.1278,80.2642,2026-07-16 05:00:00,65.0,80.0,13.0,6.0,31.0,30.0,4.0,114.66,80.0,16.25,7.5,382.43,30.0,1.0,382.43,CO,Very Poor,2026-07-16 05:38:19,tamil_nadu__chennai__kodungaiyur_chennai_tnpcb,7,True,True,Valid AQI,382.43,Very Poor,CO
"Manali Village, Chennai - TNPCB",Chennai,Tamil Nadu,13.1662,80.2584,2026-07-16 05:00:00,45.0,66.0,15.0,13.0,46.0,283.0,2.0,74.66,66.0,18.75,16.25,475.09,314.59,0.5,475.09,CO,Severe,2026-07-16 05:38:19,tamil_nadu__chennai__manali_village_chennai_tnpcb,7,True,True,Valid AQI,475.09,Severe,CO
"Perungudi, Chennai - TNPCB",Chennai,Tamil Nadu,12.9533,80.2357,2026-07-16 05:00:00,61.0,187.0,6.0,5.0,32.0,2.0,0.0,101.0,158.14,7.5,6.25,388.28,2.0,0.0,388.28,CO,Very Poor,2026-07-16 05:38:19,tamil_nadu__chennai__perungudi_chennai_tnpcb,7,True,True,Valid AQI,388.28,Very Poor,CO
"Royapuram, Chennai - TNPCB",Chennai,Tamil Nadu,13.1036,80.2909,2026-07-16 05:00:00,40.0,53.0,14.0,5.0,53.0,31.0,4.0,66.21,53.0,17.5,6.25,500.0,31.0,1.0,500.0,CO,Severe,2026-07-16 05:38:19,tamil_nadu__chennai__royapuram_chennai_tnpcb,7,True,True,Valid AQI,500.0,Severe,CO
"Velachery Res. Area, Chennai - CPCB",Chennai,Tamil Nadu,13.0052189,80.2398125,2026-07-16 05:00:00,74.0,113.0,11.0,6.0,,9.0,3.0,145.38,108.97,13.75,7.5,,9.0,0.75,145.38,PM2.5,Moderate,2026-07-16 05:38:19,tamil_nadu__chennai__velachery_res_area_chennai_cpcb,6,True,True,Valid AQI,145.38,Moderate,PM2.5
"SIDCO Kurichi, Coimbatore - TNPCB",Coimbatore,Tamil Nadu,10.942451,76.978996,2026-07-16 05:00:00,43.0,34.0,23.0,26.0,9.0,20.0,1.0,71.28,34.0,28.75,32.5,187.47,20.0,0.25,187.47,CO,Moderate,2026-07-16 05:38:19,tamil_nadu__coimbatore__sidco_kurichi_coimbatore_tnpcb,7,True,True,Valid AQI,187.47,Moderate,CO
"Kudikadu, Cuddalore - TNPCB",Cuddalore,Tamil Nadu,11.6829898,79.7532099,2026-07-16 05:00:00,,,,,,9.0,,,,,,,9.0,,9.0,O3,Good,2026-07-16 05:38:19,tamil_nadu__cuddalore__kudikadu_cuddalore_tnpcb,1,False,False,Insufficient pollutants,,Unknown,
"Semmandalam, Cuddalore - TNPCB",Cuddalore,Tamil Nadu,11.7637683,79.7499835,2026-07-16 05:00:00,,59.0,,,,2.0,6.0,,59.0,,,,2.0,1.5,59.0,PM10,Satisfactory,2026-07-16 05:38:19,tamil_nadu__cuddalore__semmandalam_cuddalore_tnpcb,3,True,True,Valid AQI,59.0,Satisfactory,PM10
"Anthoni Pillai Nagar, Gummidipoondi - TNPCB",Gummidipoondi,Tamil Nadu,13.4127,80.1081,2026-07-16 05:00:00,108.0,119.0,20.0,20.0,,,1.0,259.03,112.96,25.0,25.0,,,0.25,259.03,PM2.5,Poor,2026-07-16 05:38:19,tamil_nadu__gummidipoondi__anthoni_pillai_nagar_gummidipoondi_tnpcb,5,True,True,Valid AQI,259.03,Poor,PM2.5
"Uchapatti, Madurai - TNPCB",Madurai,Tamil Nadu,9.865935,78.022669,2026-07-16 05:00:00,,,,56.0,46.0,1.0,9.0,,,,69.85,475.09,1.0,2.25,475.09,CO,Severe,2026-07-16 05:38:19,tamil_nadu__madurai__uchapatti_madurai_tnpcb,4,False,False,Insufficient pollutants,,Unknown,
"Meelavittan, Thoothukudi - TNPCB",Thoothukudi,Tamil Nadu,8.816428,78.099039,2026-07-16 05:00:00,,80.0,18.0,12.0,30.0,30.0,,,80.0,22.5,15.0,376.57,30.0,,376.57,CO,Very Poor,2026-07-16 05:38:19,tamil_nadu__thoothukudi__meelavittan_thoothukudi_tnpcb,5,True,True,Valid AQI,376.57,Very Poor,CO
"Central University, Hyderabad - TSPCB",Hyderabad,Telangana,17.460103,78.334361,2026-07-16 05:00:00,21.0,23.0,24.0,8.0,2.0,10.0,4.0,35.0,23.0,30.0,10.0,100.0,10.0,1.0,100.0,CO,Satisfactory,2026-07-16 05:38:19,telangana__hyderabad__central_university_hyderabad_tspcb,7,True,True,Valid AQI,100.0,Satisfactory,CO
"ECIL Kapra, Hyderabad - TSPCB",Hyderabad,Telangana,17.470431,78.566959,2026-07-16 05:00:00,42.0,57.0,6.0,17.0,15.0,20.0,2.0,69.59,57.0,7.5,21.25,271.3,20.0,0.5,271.3,CO,Poor,2026-07-16 05:38:19,telangana__hyderabad__ecil_kapra_hyderabad_tspcb,7,True,True,Valid AQI,271.3,Poor,CO
"ICRISAT Patancheru, Hyderabad - TSPCB",Hyderabad,Telangana,17.5184,78.278777,2026-07-16 05:00:00,33.0,67.0,13.0,9.0,34.0,21.0,2.0,54.38,67.0,16.25,11.25,400.0,21.0,0.5,400.0,CO,Very Poor,2026-07-16 05:38:19,telangana__hyderabad__icrisat_patancheru_hyderabad_tspcb,7,True,True,Valid AQI,400.0,Very Poor,CO
"IDA Pashamylaram, Hyderabad - TSPCB",Hyderabad,Telangana,17.5316895,78.218939,2026-07-16 05:00:00,32.0,53.0,30.0,14.0,7.0,19.0,2.0,52.69,53.0,37.5,17.5,162.41,19.0,0.5,162.41,CO,Moderate,2026-07-16 05:38:19,telangana__hyderabad__ida_pashamylaram_hyderabad_tspcb,7,True,True,Valid AQI,162.41,Moderate,CO
"Kokapet, Hyderabad - TSPCB",Hyderabad,Telangana,17.393559,78.339194,2026-07-16 05:00:00,47.0,60.0,13.0,9.0,23.0,17.0,3.0,78.03,60.0,16.25,11.25,335.56,17.0,0.75,335.56,CO,Very Poor,2026-07-16 05:38:19,telangana__hyderabad__kokapet_hyderabad_tspcb,7,True,True,Valid AQI,335.56,Very Poor,CO
"Kompally Municipal Office, Hyderabad - TSPCB",Hyderabad,Telangana,17.544899,78.486949,2026-07-16 05:00:00,38.0,57.0,13.0,9.0,13.0,12.0,3.0,62.83,57.0,16.25,11.25,242.61,12.0,0.75,242.61,CO,Poor,2026-07-16 05:38:19,telangana__hyderabad__kompally_municipal_office_hyderabad_tspcb,7,True,True,Valid AQI,242.61,Poor,CO
"Nacharam_TSIIC IALA, Hyderabad - TSPCB",Hyderabad,Telangana,17.429398,78.569354,2026-07-16 05:00:00,41.0,65.0,13.0,12.0,22.0,16.0,6.0,67.9,65.0,16.25,15.0,329.7,16.0,1.5,329.7,CO,Very Poor,2026-07-16 05:38:19,telangana__hyderabad__nacharam_tsiic_iala_hyderabad_tspcb,7,True,True,Valid AQI,329.7,Very Poor,CO
"New Malakpet, Hyderabad - TSPCB",Hyderabad,Telangana,17.37206,78.50864,2026-07-16 05:00:00,40.0,57.0,16.0,11.0,24.0,15.0,3.0,66.21,57.0,20.0,13.75,341.42,15.0,0.75,341.42,CO,Very Poor,2026-07-16 05:38:19,telangana__hyderabad__new_malakpet_hyderabad_tspcb,7,True,True,Valid AQI,341.42,Very Poor,CO
"Ramachandrapuram, Hyderabad - TSPCB",Hyderabad,Telangana,17.528544,78.286195,2026-07-16 05:00:00,44.0,76.0,12.0,16.0,18.0,29.0,3.0,72.97,76.0,15.0,20.0,306.27,29.0,0.75,306.27,CO,Very Poor,2026-07-16 05:38:19,telangana__hyderabad__ramachandrapuram_hyderabad_tspcb,7,True,True,Valid AQI,306.27,Very Poor,CO
"Sanathnagar, Hyderabad - TSPCB",Hyderabad,Telangana,17.4559458,78.4332152,2026-07-16 05:00:00,25.0,,36.0,9.0,39.0,22.0,,41.67,,45.0,11.25,431.51,22.0,,431.51,CO,Severe,2026-07-16 05:38:19,telangana__hyderabad__sanathnagar_hyderabad_tspcb,5,True,True,Valid AQI,431.51,Severe,CO
"Somajiguda, Hyderabad - TSPCB",Hyderabad,Telangana,17.417094,78.457437,2026-07-16 05:00:00,49.0,56.0,16.0,10.0,17.0,18.0,4.0,81.41,56.0,20.0,12.5,300.0,18.0,1.0,300.0,CO,Poor,2026-07-16 05:38:19,telangana__hyderabad__somajiguda_hyderabad_tspcb,7,True,True,Valid AQI,300.0,Poor,CO
"Zoo Park, Hyderabad - TSPCB",Hyderabad,Telangana,17.349694,78.451437,2026-07-16 05:00:00,37.0,38.0,9.0,7.0,33.0,4.0,2.0,61.14,38.0,11.25,8.75,394.14,4.0,0.5,394.14,CO,Very Poor,2026-07-16 05:38:19,telangana__hyderabad__zoo_park_hyderabad_tspcb,7,True,True,Valid AQI,394.14,Very Poor,CO
"Bardowali, Agartala - Tripura SPCB",Agartala,Tripura,23.8175497,91.2726974,2026-07-16 05:00:00,51.0,81.0,19.0,9.0,24.0,13.0,0.0,84.79,81.0,23.75,11.25,341.42,13.0,0.0,341.42,CO,Very Poor,2026-07-16 05:38:19,tripura__agartala__bardowali_agartala_tripura_spcb,7,True,True,Valid AQI,341.42,Very Poor,CO
"Manoharpur, Agra - UPPCB",Agra,Uttar Pradesh,27.23711,78.01936,2026-07-16 05:00:00,106.0,81.0,30.0,18.0,22.0,5.0,1.0,252.21,81.0,37.5,22.5,329.7,5.0,0.25,329.7,CO,Very Poor,2026-07-16 05:38:19,uttar_pradesh__agra__manoharpur_agra_uppcb,7,True,True,Valid AQI,329.7,Very Poor,CO
"Rohta, Agra - UPPCB",Agra,Uttar Pradesh,27.106972,78.000111,2026-07-16 05:00:00,37.0,137.0,15.0,13.0,22.0,12.0,5.0,61.14,124.92,18.75,16.25,329.7,12.0,1.25,329.7,CO,Very Poor,2026-07-16 05:38:19,uttar_pradesh__agra__rohta_agra_uppcb,7,True,True,Valid AQI,329.7,Very Poor,CO
"Sanjay Palace, Agra - UPPCB",Agra,Uttar Pradesh,27.19865833,78.00598056,2026-07-16 05:00:00,58.0,89.0,4.0,2.0,24.0,2.0,,96.62,89.0,5.0,2.5,341.42,2.0,,341.42,CO,Very Poor,2026-07-16 05:38:19,uttar_pradesh__agra__sanjay_palace_agra_uppcb,6,True,True,Valid AQI,341.42,Very Poor,CO
"Sector-3B Avas Vikas Colony, Agra - UPPCB",Agra,Uttar Pradesh,27.19412,77.96237,2026-07-16 05:00:00,63.0,88.0,35.0,21.0,17.0,14.0,10.0,107.83,88.0,43.75,26.25,300.0,14.0,2.5,300.0,CO,Poor,2026-07-16 05:38:19,uttar_pradesh__agra__sector_3b_avas_vikas_colony_agra_uppcb,7,True,True,Valid AQI,300.0,Poor,CO
"Shahjahan Garden, Agra - UPPCB",Agra,Uttar Pradesh,27.169338,78.03582,2026-07-16 05:00:00,70.0,58.0,31.0,90.0,21.0,5.0,1.0,131.72,58.0,38.75,103.98,323.85,5.0,0.25,323.85,CO,Very Poor,2026-07-16 05:38:19,uttar_pradesh__agra__shahjahan_garden_agra_uppcb,7,True,True,Valid AQI,323.85,Very Poor,CO
"Shastripuram, Agra - UPPCB",Agra,Uttar Pradesh,27.19862,77.92066,2026-07-16 05:00:00,45.0,,26.0,11.0,14.0,34.0,3.0,74.66,,32.5,13.75,256.96,34.0,0.75,256.96,CO,Poor,2026-07-16 05:38:19,uttar_pradesh__agra__shastripuram_agra_uppcb,6,True,True,Valid AQI,256.96,Poor,CO
"Sardar Patel Inter College, Baghpat - UPPCB",Baghpat,Uttar Pradesh,28.964949,77.278761,2026-07-16 05:00:00,51.0,108.0,20.0,6.0,14.0,17.0,2.0,84.79,105.65,25.0,7.5,256.96,17.0,0.5,256.96,CO,Poor,2026-07-16 05:38:19,uttar_pradesh__baghpat__sardar_patel_inter_college_baghpat_uppcb,7,True,True,Valid AQI,256.96,Poor,CO
"Civil Lines, Bareilly - UPPCB",Bareilly,Uttar Pradesh,28.359581,79.414455,2026-07-16 05:00:00,43.0,41.0,8.0,76.0,33.0,44.0,4.0,71.28,41.0,10.0,94.97,394.14,44.0,1.0,394.14,CO,Very Poor,2026-07-16 05:38:19,uttar_pradesh__bareilly__civil_lines_bareilly_uppcb,7,True,True,Valid AQI,394.14,Very Poor,CO
"Rajendra Nagar, Bareilly - UPPCB",Bareilly,Uttar Pradesh,28.38910936,79.42963708,2026-07-16 05:00:00,20.0,48.0,9.0,9.0,8.0,,1.0,33.33,48.0,11.25,11.25,174.94,,0.25,174.94,CO,Moderate,2026-07-16 05:38:19,uttar_pradesh__bareilly__rajendra_nagar_bareilly_uppcb,6,True,True,Valid AQI,174.94,Moderate,CO
"Yamunapuram, Bulandshahr - UPPCB",Bulandshahr,Uttar Pradesh,28.406963,77.849831,2026-07-16 05:00:00,53.0,141.0,16.0,,32.0,15.0,6.0,88.17,127.58,20.0,,388.28,15.0,1.5,388.28,CO,Very Poor,2026-07-16 05:38:19,uttar_pradesh__bulandshahr__yamunapuram_bulandshahr_uppcb,6,True,True,Valid AQI,388.28,Very Poor,CO
"Nagla Bhau, Firozabad - UPPCB",Firozabad,Uttar Pradesh,27.168897,78.37696,2026-07-16 05:00:00,51.0,73.0,17.0,36.0,21.0,9.0,2.0,84.79,73.0,21.25,45.0,323.85,9.0,0.5,323.85,CO,Very Poor,2026-07-16 05:38:19,uttar_pradesh__firozabad__nagla_bhau_firozabad_uppcb,7,True,True,Valid AQI,323.85,Very Poor,CO
"Vibhab Nagar, Firozabad - UPPCB",Firozabad,Uttar Pradesh,27.1594,78.3953,2026-07-16 05:00:00,25.0,36.0,15.0,7.0,37.0,1.0,7.0,41.67,36.0,18.75,8.75,419.06,1.0,1.75,419.06,CO,Severe,2026-07-16 05:38:19,uttar_pradesh__firozabad__vibhab_nagar_firozabad_uppcb,7,True,True,Valid AQI,419.06,Severe,CO
"Govindpuram, Ghaziabad - UPPCB",Ghaziabad,Uttar Pradesh,28.694528,77.494705,2026-07-16 05:00:00,52.0,91.0,17.0,5.0,42.0,7.0,4.0,86.48,91.0,21.25,6.25,450.19,7.0,1.0,450.19,CO,Severe,2026-07-16 05:38:19,uttar_pradesh__ghaziabad__govindpuram_ghaziabad_uppcb,7,True,True,Valid AQI,450.19,Severe,CO
"Indirapuram, Ghaziabad - UPPCB",Ghaziabad,Uttar Pradesh,28.646233,77.358075,2026-07-16 05:00:00,73.0,173.0,38.0,17.0,46.0,17.0,10.0,141.97,148.84,47.5,21.25,475.09,17.0,2.5,475.09,CO,Severe,2026-07-16 05:38:19,uttar_pradesh__ghaziabad__indirapuram_ghaziabad_uppcb,7,True,True,Valid AQI,475.09,Severe,CO
"Loni, Ghaziabad - UPPCB",Ghaziabad,Uttar Pradesh,28.757294,77.278792,2026-07-16 05:00:00,76.0,207.0,37.0,21.0,43.0,18.0,5.0,152.21,171.43,46.25,26.25,456.42,18.0,1.25,456.42,CO,Severe,2026-07-16 05:38:19,uttar_pradesh__ghaziabad__loni_ghaziabad_uppcb,7,True,True,Valid AQI,456.42,Severe,CO
"Sanjay Nagar, Ghaziabad - UPPCB",Ghaziabad,Uttar Pradesh,28.685382,77.453839,2026-07-16 05:00:00,79.0,185.0,47.0,15.0,34.0,10.0,15.0,162.45,156.81,58.54,18.75,400.0,10.0,3.75,400.0,CO,Very Poor,2026-07-16 05:38:19,uttar_pradesh__ghaziabad__sanjay_nagar_ghaziabad_uppcb,7,True,True,Valid AQI,400.0,Very Poor,CO
"Vasundhara, Ghaziabad - UPPCB",Ghaziabad,Uttar Pradesh,28.6603346,77.3572563,2026-07-16 05:00:00,95.0,175.0,32.0,12.0,68.0,18.0,5.0,214.66,150.17,40.0,15.0,500.0,18.0,1.25,500.0,CO,Severe,2026-07-16 05:38:19,uttar_pradesh__ghaziabad__vasundhara_ghaziabad_uppcb,7,True,True,Valid AQI,500.0,Severe,CO
"Madan Mohan Malaviya University of Technology, Gorakhpur - UPPCB",Gorakhpur,Uttar Pradesh,26.730136,83.433859,2026-07-16 05:00:00,,75.0,11.0,42.0,5.0,36.0,1.0,,75.0,13.75,52.26,137.34,36.0,0.25,137.34,CO,Moderate,2026-07-16 05:38:19,uttar_pradesh__gorakhpur__madan_mohan_malaviya_university_of_technology_gorakhpur_uppcb,6,True,True,Valid AQI,137.34,Moderate,CO
"Knowledge Park - III, Greater Noida - UPPCB",Greater Noida,Uttar Pradesh,28.47272,77.482,2026-07-16 05:00:00,72.0,196.0,25.0,8.0,37.0,14.0,8.0,138.55,164.12,31.25,10.0,419.06,14.0,2.0,419.06,CO,Severe,2026-07-16 05:38:19,uttar_pradesh__greater_noida__knowledge_park_iii_greater_noida_uppcb,7,True,True,Valid AQI,419.06,Severe,CO
"Knowledge Park - V, Greater Noida - UPPCB",Greater Noida,Uttar Pradesh,28.557054,77.453663,2026-07-16 05:00:00,83.0,228.0,39.0,10.0,15.0,8.0,9.0,176.1,185.38,48.75,12.5,271.3,8.0,2.25,271.3,CO,Poor,2026-07-16 05:38:19,uttar_pradesh__greater_noida__knowledge_park_v_greater_noida_uppcb,7,True,True,Valid AQI,271.3,Poor,CO
"Anand Vihar, Hapur - UPPCB",Hapur,Uttar Pradesh,28.725645,77.749675,2026-07-16 05:00:00,65.0,117.0,12.0,17.0,,,1.0,114.66,111.63,15.0,21.25,,,0.25,114.66,PM2.5,Moderate,2026-07-16 05:38:19,uttar_pradesh__hapur__anand_vihar_hapur_uppcb,5,True,True,Valid AQI,114.66,Moderate,PM2.5
"Shivaji Nagar, Jhansi - UPPCB",Jhansi,Uttar Pradesh,25.4547,78.6039,2026-07-16 05:00:00,27.0,58.0,6.0,22.0,8.0,6.0,4.0,45.0,58.0,7.5,27.5,174.94,6.0,1.0,174.94,CO,Moderate,2026-07-16 05:38:19,uttar_pradesh__jhansi__shivaji_nagar_jhansi_uppcb,7,True,True,Valid AQI,174.94,Moderate,CO
"FTI Kidwai Nagar, Kanpur - UPPCB",Kanpur,Uttar Pradesh,26.428282,80.327067,2026-07-16 05:00:00,56.0,75.0,27.0,30.0,35.0,11.0,3.0,93.24,75.0,33.75,37.5,406.6,11.0,0.75,406.6,CO,Severe,2026-07-16 05:38:19,uttar_pradesh__kanpur__fti_kidwai_nagar_kanpur_uppcb,7,True,True,Valid AQI,406.6,Severe,CO
"NSI Kalyanpur, Kanpur - UPPCB",Kanpur,Uttar Pradesh,26.509954,80.249612,2026-07-16 05:00:00,46.0,90.0,31.0,23.0,27.0,21.0,2.0,76.34,90.0,38.75,28.75,358.99,21.0,0.5,358.99,CO,Very Poor,2026-07-16 05:38:19,uttar_pradesh__kanpur__nsi_kalyanpur_kanpur_uppcb,7,True,True,Valid AQI,358.99,Very Poor,CO
"Nehru Nagar, Kanpur - UPPCB",Kanpur,Uttar Pradesh,26.4703136,80.3229863,2026-07-16 05:00:00,59.0,53.0,45.0,12.0,50.0,2.0,,98.31,53.0,56.03,15.0,500.0,2.0,,500.0,CO,Severe,2026-07-16 05:38:19,uttar_pradesh__kanpur__nehru_nagar_kanpur_uppcb,6,True,True,Valid AQI,500.0,Severe,CO
"Prashant Garden, Khora - UPPCB",Khora,Uttar Pradesh,28.61119,77.34206,2026-07-16 05:00:00,247.0,150.0,33.0,11.0,102.0,6.0,11.0,397.7,133.56,41.25,13.75,500.0,6.0,2.75,500.0,CO,Severe,2026-07-16 05:38:19,uttar_pradesh__khora__prashant_garden_khora_uppcb,7,True,True,Valid AQI,500.0,Severe,CO
"Kalindi Kunj, Khurja - UPPCB",Khurja,Uttar Pradesh,28.2348927,77.8683002,2026-07-16 05:00:00,35.0,60.0,13.0,10.0,15.0,23.0,1.0,57.76,60.0,16.25,12.5,271.3,23.0,0.25,271.3,CO,Poor,2026-07-16 05:38:19,uttar_pradesh__khurja__kalindi_kunj_khurja_uppcb,7,True,True,Valid AQI,271.3,Poor,CO
"B R Ambedkar University, Lucknow - UPPCB",Lucknow,Uttar Pradesh,26.766433,80.927299,2026-07-16 05:00:00,61.0,97.0,12.0,34.0,26.0,38.0,3.0,101.0,97.0,15.0,42.5,353.14,38.0,0.75,353.14,CO,Very Poor,2026-07-16 05:38:19,uttar_pradesh__lucknow__b_r_ambedkar_university_lucknow_uppcb,7,True,True,Valid AQI,353.14,Very Poor,CO
"Gomti Nagar, Lucknow - UPPCB",Lucknow,Uttar Pradesh,26.86812,81.005119,2026-07-16 05:00:00,69.0,61.0,10.0,14.0,39.0,41.0,,128.31,61.0,12.5,17.5,431.51,41.0,,431.51,CO,Severe,2026-07-16 05:38:19,uttar_pradesh__lucknow__gomti_nagar_lucknow_uppcb,6,True,True,Valid AQI,431.51,Severe,CO
"Kendriya Vidyalaya, Lucknow - CPCB",Lucknow,Uttar Pradesh,26.906111,80.948222,2026-07-16 05:00:00,70.0,70.0,29.0,5.0,28.0,19.0,15.0,131.72,70.0,36.25,6.25,364.85,19.0,3.75,364.85,CO,Very Poor,2026-07-16 05:38:19,uttar_pradesh__lucknow__kendriya_vidyalaya_lucknow_cpcb,7,True,True,Valid AQI,364.85,Very Poor,CO
"Kukrail Picnic Spot-1, Lucknow - UPPCB",Lucknow,Uttar Pradesh,26.90723,80.98579,2026-07-16 05:00:00,61.0,82.0,35.0,8.0,16.0,14.0,6.0,101.0,82.0,43.75,10.0,285.65,14.0,1.5,285.65,CO,Poor,2026-07-16 05:38:19,uttar_pradesh__lucknow__kukrail_picnic_spot_1_lucknow_uppcb,7,True,True,Valid AQI,285.65,Poor,CO
"Lalbagh, Lucknow - CPCB",Lucknow,Uttar Pradesh,26.8458805,80.9365541,2026-07-16 05:00:00,74.0,72.0,27.0,8.0,43.0,29.0,12.0,145.38,72.0,33.75,10.0,456.42,29.0,3.0,456.42,CO,Severe,2026-07-16 05:38:19,uttar_pradesh__lucknow__lalbagh_lucknow_cpcb,7,True,True,Valid AQI,456.42,Severe,CO
"Talkatora District Industries Center, Lucknow - CPCB",Lucknow,Uttar Pradesh,26.83399722,80.8917361,2026-07-16 05:00:00,80.0,77.0,22.0,8.0,33.0,14.0,7.0,165.86,77.0,27.5,10.0,394.14,14.0,1.75,394.14,CO,Very Poor,2026-07-16 05:38:19,uttar_pradesh__lucknow__talkatora_district_industries_center_lucknow_cpcb,7,True,True,Valid AQI,394.14,Very Poor,CO
"Pali Dungra, Mathura - UPPCB",Mathura,Uttar Pradesh,27.410954,77.550619,2026-07-16 05:00:00,67.0,92.0,3.0,1.0,17.0,19.0,1.0,121.48,92.0,3.75,1.25,300.0,19.0,0.25,300.0,CO,Poor,2026-07-16 05:38:19,uttar_pradesh__mathura__pali_dungra_mathura_uppcb,7,True,True,Valid AQI,300.0,Poor,CO
"Ganga Nagar, Meerut - UPPCB",Meerut,Uttar Pradesh,28.999264,77.7590354,2026-07-16 05:00:00,69.0,139.0,33.0,27.0,47.0,28.0,10.0,128.31,126.25,41.25,33.75,481.32,28.0,2.5,481.32,CO,Severe,2026-07-16 05:38:19,uttar_pradesh__meerut__ganga_nagar_meerut_uppcb,7,True,True,Valid AQI,481.32,Severe,CO
"Jai Bhim Nagar, Meerut - UPPCB",Meerut,Uttar Pradesh,28.9535882,77.7622941,2026-07-16 05:00:00,44.0,123.0,21.0,4.0,64.0,11.0,6.0,72.97,115.62,26.25,5.0,500.0,11.0,1.5,500.0,CO,Severe,2026-07-16 05:38:19,uttar_pradesh__meerut__jai_bhim_nagar_meerut_uppcb,7,True,True,Valid AQI,500.0,Severe,CO
"MIET College, Meerut - UPPCB",Meerut,Uttar Pradesh,28.972677,77.641018,2026-07-16 05:00:00,262.0,158.0,33.0,7.0,44.0,7.0,8.0,405.37,138.87,41.25,8.75,462.64,7.0,2.0,462.64,CO,Severe,2026-07-16 05:38:19,uttar_pradesh__meerut__miet_college_meerut_uppcb,7,True,True,Valid AQI,462.64,Severe,CO
"Pallavpuram Phase 2, Meerut - UPPCB",Meerut,Uttar Pradesh,29.06351,77.709723,2026-07-16 05:00:00,106.0,,37.0,13.0,21.0,10.0,15.0,252.21,,46.25,16.25,323.85,10.0,3.75,323.85,CO,Very Poor,2026-07-16 05:38:19,uttar_pradesh__meerut__pallavpuram_phase_2_meerut_uppcb,6,True,True,Valid AQI,323.85,Very Poor,CO
"SRM University, Modinagar - UPPCB",Modinagar,Uttar Pradesh,28.798171,77.540243,2026-07-16 05:00:00,,,28.0,12.0,29.0,,3.0,,,35.0,15.0,370.71,,0.75,370.71,CO,Very Poor,2026-07-16 05:38:19,uttar_pradesh__modinagar__srm_university_modinagar_uppcb,4,False,False,Insufficient pollutants,,Unknown,
"Buddhi Vihar, Moradabad - UPPCB",Moradabad,Uttar Pradesh,28.83526,78.7446,2026-07-16 05:00:00,40.0,76.0,29.0,25.0,31.0,32.0,5.0,66.21,76.0,36.25,31.25,382.43,32.0,1.25,382.43,CO,Very Poor,2026-07-16 05:38:19,uttar_pradesh__moradabad__buddhi_vihar_moradabad_uppcb,7,True,True,Valid AQI,382.43,Very Poor,CO
"Eco Herbal Park, Moradabad - UPPCB",Moradabad,Uttar Pradesh,28.840739,78.697531,2026-07-16 05:00:00,47.0,72.0,25.0,14.0,20.0,19.0,11.0,78.03,72.0,31.25,17.5,317.99,19.0,2.75,317.99,CO,Very Poor,2026-07-16 05:38:19,uttar_pradesh__moradabad__eco_herbal_park_moradabad_uppcb,7,True,True,Valid AQI,317.99,Very Poor,CO
"Employment Office, Moradabad - UPPCB",Moradabad,Uttar Pradesh,28.88528,78.7388,2026-07-16 05:00:00,60.0,83.0,23.0,28.0,18.0,31.0,3.0,100.0,83.0,28.75,35.0,306.27,31.0,0.75,306.27,CO,Very Poor,2026-07-16 05:38:19,uttar_pradesh__moradabad__employment_office_moradabad_uppcb,7,True,True,Valid AQI,306.27,Very Poor,CO
"Jigar Colony, Moradabad - UPPCB",Moradabad,Uttar Pradesh,28.856664,78.772638,2026-07-16 05:00:00,42.0,87.0,25.0,38.0,40.0,20.0,6.0,69.59,87.0,31.25,47.5,437.74,20.0,1.5,437.74,CO,Severe,2026-07-16 05:38:19,uttar_pradesh__moradabad__jigar_colony_moradabad_uppcb,7,True,True,Valid AQI,437.74,Severe,CO
"Kashiram Nagar, Moradabad - UPPCB",Moradabad,Uttar Pradesh,28.849399,78.742362,2026-07-16 05:00:00,28.0,101.0,24.0,66.0,35.0,8.0,4.0,46.67,101.0,30.0,82.41,406.6,8.0,1.0,406.6,CO,Severe,2026-07-16 05:38:19,uttar_pradesh__moradabad__kashiram_nagar_moradabad_uppcb,7,True,True,Valid AQI,406.6,Severe,CO
"Transport Nagar, Moradabad - UPPCB",Moradabad,Uttar Pradesh,28.802625,78.753728,2026-07-16 05:00:00,47.0,78.0,24.0,18.0,53.0,32.0,5.0,78.03,78.0,30.0,22.5,500.0,32.0,1.25,500.0,CO,Severe,2026-07-16 05:38:19,uttar_pradesh__moradabad__transport_nagar_moradabad_uppcb,7,True,True,Valid AQI,500.0,Severe,CO
"New Mandi, Muzaffarnagar - UPPCB",Muzaffarnagar,Uttar Pradesh,29.4723508,77.7194031,2026-07-16 05:00:00,125.0,148.0,31.0,24.0,44.0,16.0,3.0,304.07,132.23,38.75,30.0,462.64,16.0,0.75,462.64,CO,Severe,2026-07-16 05:38:19,uttar_pradesh__muzaffarnagar__new_mandi_muzaffarnagar_uppcb,7,True,True,Valid AQI,462.64,Severe,CO
"Sector - 125, Noida - UPPCB",Noida,Uttar Pradesh,28.5447608,77.3231257,2026-07-16 05:00:00,65.0,158.0,45.0,9.0,42.0,13.0,19.0,114.66,138.87,56.03,11.25,450.19,13.0,4.75,450.19,CO,Severe,2026-07-16 05:38:19,uttar_pradesh__noida__sector_125_noida_uppcb,7,True,True,Valid AQI,450.19,Severe,CO
"Sector - 62, Noida - IITM",Noida,Uttar Pradesh,28.6245479,77.3577104,2026-07-16 05:00:00,89.0,149.0,31.0,,48.0,21.0,,196.59,132.89,38.75,,487.55,21.0,,487.55,CO,Severe,2026-07-16 05:38:19,uttar_pradesh__noida__sector_62_noida_iitm,5,True,True,Valid AQI,487.55,Severe,CO
"Sector-1, Noida - UPPCB",Noida,Uttar Pradesh,28.5898,77.3101,2026-07-16 05:00:00,60.0,139.0,43.0,11.0,31.0,4.0,10.0,100.0,126.25,53.51,13.75,382.43,4.0,2.5,382.43,CO,Very Poor,2026-07-16 05:38:19,uttar_pradesh__noida__sector_1_noida_uppcb,7,True,True,Valid AQI,382.43,Very Poor,CO
"Sector-116, Noida - UPPCB",Noida,Uttar Pradesh,28.56923,77.393848,2026-07-16 05:00:00,94.0,188.0,45.0,11.0,15.0,14.0,13.0,211.24,158.81,56.03,13.75,271.3,14.0,3.25,271.3,CO,Poor,2026-07-16 05:38:19,uttar_pradesh__noida__sector_116_noida_uppcb,7,True,True,Valid AQI,271.3,Poor,CO
"Jhunsi, Prayagraj - UPPCB",Prayagraj,Uttar Pradesh,25.425602,81.917152,2026-07-16 05:00:00,44.0,64.0,6.0,21.0,13.0,34.0,6.0,72.97,64.0,7.5,26.25,242.61,34.0,1.5,242.61,CO,Poor,2026-07-16 05:38:19,uttar_pradesh__prayagraj__jhunsi_prayagraj_uppcb,7,True,True,Valid AQI,242.61,Poor,CO
"Motilal Nehru NIT, Prayagraj - UPPCB",Prayagraj,Uttar Pradesh,25.494,81.863,2026-07-16 05:00:00,32.0,32.0,12.0,43.0,6.0,14.0,8.0,52.69,32.0,15.0,53.51,149.87,14.0,2.0,149.87,CO,Moderate,2026-07-16 05:38:19,uttar_pradesh__prayagraj__motilal_nehru_nit_prayagraj_uppcb,7,True,True,Valid AQI,149.87,Moderate,CO
"Nagar Nigam, Prayagraj - UPPCB",Prayagraj,Uttar Pradesh,25.44919916,81.82735986,2026-07-16 05:00:00,26.0,23.0,5.0,48.0,14.0,24.0,15.0,43.33,23.0,6.25,59.79,256.96,24.0,3.75,256.96,CO,Poor,2026-07-16 05:38:19,uttar_pradesh__prayagraj__nagar_nigam_prayagraj_uppcb,7,True,True,Valid AQI,256.96,Poor,CO
"Anand Nagar, Raebareli - UPPCB",Raebareli,Uttar Pradesh,26.219512,81.237648,2026-07-16 05:00:00,67.0,132.0,16.0,14.0,62.0,55.0,11.0,121.48,121.6,20.0,17.5,500.0,55.0,2.75,500.0,CO,Severe,2026-07-16 05:38:19,uttar_pradesh__raebareli__anand_nagar_raebareli_uppcb,7,True,True,Valid AQI,500.0,Severe,CO
"Indira Nagar, Raebareli - NTPC Unchahar",Raebareli,Uttar Pradesh,26.207781,81.245571,2026-07-16 05:00:00,,,19.0,,,,9.0,,,23.75,,,,2.25,23.75,NO2,Good,2026-07-16 05:38:19,uttar_pradesh__raebareli__indira_nagar_raebareli_ntpc_unchahar,2,False,False,Insufficient pollutants,,Unknown,
"Ardhali Bazar, Varanasi - UPPCB",Varanasi,Uttar Pradesh,25.3505986,82.9083074,2026-07-16 05:00:00,86.0,101.0,41.0,15.0,,24.0,,186.34,101.0,51.0,18.75,,24.0,,186.34,PM2.5,Moderate,2026-07-16 05:38:19,uttar_pradesh__varanasi__ardhali_bazar_varanasi_uppcb,5,True,True,Valid AQI,186.34,Moderate,PM2.5
"Bhelupur, Varanasi - UPPCB",Varanasi,Uttar Pradesh,25.301778,82.996789,2026-07-16 05:00:00,30.0,74.0,8.0,29.0,12.0,11.0,1.0,50.0,74.0,10.0,36.25,228.26,11.0,0.25,228.26,CO,Poor,2026-07-16 05:38:19,uttar_pradesh__varanasi__bhelupur_varanasi_uppcb,7,True,True,Valid AQI,228.26,Poor,CO
"IESD Banaras Hindu University, Varanasi - UPPCB",Varanasi,Uttar Pradesh,25.262326,82.995408,2026-07-16 05:00:00,23.0,51.0,2.0,39.0,3.0,8.0,7.0,38.33,51.0,2.5,48.75,112.28,8.0,1.75,112.28,CO,Moderate,2026-07-16 05:38:19,uttar_pradesh__varanasi__iesd_banaras_hindu_university_varanasi_uppcb,7,True,True,Valid AQI,112.28,Moderate,CO
"Maldahiya, Varanasi - UPPCB",Varanasi,Uttar Pradesh,25.32393,82.99687,2026-07-16 05:00:00,45.0,59.0,3.0,31.0,21.0,4.0,0.0,74.66,59.0,3.75,38.75,323.85,4.0,0.0,323.85,CO,Very Poor,2026-07-16 05:38:19,uttar_pradesh__varanasi__maldahiya_varanasi_uppcb,7,True,True,Valid AQI,323.85,Very Poor,CO
"Omex Eternity, Vrindavan - UPPCB",Vrindavan,Uttar Pradesh,27.571409,77.655757,2026-07-16 05:00:00,61.0,67.0,27.0,30.0,10.0,15.0,8.0,101.0,67.0,33.75,37.5,200.0,15.0,2.0,200.0,CO,Moderate,2026-07-16 05:38:19,uttar_pradesh__vrindavan__omex_eternity_vrindavan_uppcb,7,True,True,Valid AQI,200.0,Moderate,CO
"Doon University, Dehradun - UKPCB",Dehradun,Uttarakhand,30.269444,78.044167,2026-07-16 05:00:00,78.0,75.0,2.0,1.0,10.0,6.0,,159.03,75.0,2.5,1.25,200.0,6.0,,200.0,CO,Moderate,2026-07-16 05:38:19,uttarakhand__dehradun__doon_university_dehradun_ukpcb,6,True,True,Valid AQI,200.0,Moderate,CO
"Govt. Girls Inter College, Kashipur - UKPCB",Kashipur,Uttarakhand,29.2124114,78.9611753,2026-07-16 05:00:00,62.0,62.0,15.0,7.0,18.0,10.0,4.0,104.41,62.0,18.75,8.75,306.27,10.0,1.0,306.27,CO,Very Poor,2026-07-16 05:38:19,uttarakhand__kashipur__govt_girls_inter_college_kashipur_ukpcb,7,True,True,Valid AQI,306.27,Very Poor,CO
"Shivaji Nagar, Rishikesh - UKPCB",Rishikesh,Uttarakhand,30.075911,78.2859547,2026-07-16 05:00:00,2.0,31.0,7.0,1.0,37.0,33.0,5.0,3.33,31.0,8.75,1.25,419.06,33.0,1.25,419.06,CO,Severe,2026-07-16 05:38:19,uttarakhand__rishikesh__shivaji_nagar_rishikesh_ukpcb,7,True,True,Valid AQI,419.06,Severe,CO
"Asansol Court Area, Asansol - WBPCB",Asansol,West Bengal,23.685297,86.945968,2026-07-16 05:00:00,42.0,37.0,31.0,13.0,16.0,29.0,3.0,69.59,37.0,38.75,16.25,285.65,29.0,0.75,285.65,CO,Poor,2026-07-16 05:38:19,west_bengal__asansol__asansol_court_area_asansol_wbpcb,7,True,True,Valid AQI,285.65,Poor,CO
"Evelyn Lodge, Asansol - WBPCB",Asansol,West Bengal,23.697936,86.944395,2026-07-16 05:00:00,21.0,31.0,14.0,76.0,20.0,18.0,5.0,35.0,31.0,17.5,94.97,317.99,18.0,1.25,317.99,CO,Very Poor,2026-07-16 05:38:19,west_bengal__asansol__evelyn_lodge_asansol_wbpcb,7,True,True,Valid AQI,317.99,Very Poor,CO
"Mahabir Colliery, Asansol - WBPCB",Asansol,West Bengal,23.618183,87.105718,2026-07-16 05:00:00,26.0,36.0,2.0,8.0,47.0,12.0,0.0,43.33,36.0,2.5,10.0,481.32,12.0,0.0,481.32,CO,Severe,2026-07-16 05:38:19,west_bengal__asansol__mahabir_colliery_asansol_wbpcb,7,True,True,Valid AQI,481.32,Severe,CO
"Trivenidevi Bhalotia College, Asansol - WBPCB",Asansol,West Bengal,23.616515,87.119133,2026-07-16 05:00:00,,,8.0,33.0,32.0,6.0,8.0,,,10.0,41.25,388.28,6.0,2.0,388.28,CO,Very Poor,2026-07-16 05:38:19,west_bengal__asansol__trivenidevi_bhalotia_college_asansol_wbpcb,5,False,False,Insufficient pollutants,,Unknown,
"SVSPA Campus, Barrackpore - WBPCB",Barrackpore,West Bengal,22.7605581,88.3617589,2026-07-16 05:00:00,28.0,36.0,15.0,11.0,38.0,8.0,8.0,46.67,36.0,18.75,13.75,425.28,8.0,2.0,425.28,CO,Severe,2026-07-16 05:38:19,west_bengal__barrackpore__svspa_campus_barrackpore_wbpcb,7,True,True,Valid AQI,425.28,Severe,CO
"Mahishkapur Road_B-Zone, Durgapur - WBPCB",Durgapur,West Bengal,23.567923,87.306843,2026-07-16 05:00:00,18.0,27.0,4.0,12.0,,27.0,1.0,30.0,27.0,5.0,15.0,,27.0,0.25,30.0,PM2.5,Good,2026-07-16 05:38:19,west_bengal__durgapur__mahishkapur_road_b_zone_durgapur_wbpcb,6,True,True,Valid AQI,30.0,Good,PM2.5
"PCBL Residential Complex, Durgapur - WBPCB",Durgapur,West Bengal,23.508764,87.35444,2026-07-16 05:00:00,19.0,24.0,71.0,11.0,24.0,3.0,5.0,31.67,24.0,88.69,13.75,341.42,3.0,1.25,341.42,CO,Very Poor,2026-07-16 05:38:19,west_bengal__durgapur__pcbl_residential_complex_durgapur_wbpcb,7,True,True,Valid AQI,341.42,Very Poor,CO
"Womens College_City Center, Durgapur - WBPCB",Durgapur,West Bengal,23.549395,87.300496,2026-07-16 05:00:00,21.0,44.0,36.0,12.0,18.0,12.0,2.0,35.0,44.0,45.0,15.0,306.27,12.0,0.5,306.27,CO,Very Poor,2026-07-16 05:38:19,west_bengal__durgapur__womens_college_city_center_durgapur_wbpcb,7,True,True,Valid AQI,306.27,Very Poor,CO
"Priyambada Housing Estate, Haldia - WBPCB",Haldia,West Bengal,22.06047,88.109737,2026-07-16 05:00:00,21.0,33.0,10.0,7.0,37.0,24.0,4.0,35.0,33.0,12.5,8.75,419.06,24.0,1.0,419.06,CO,Severe,2026-07-16 05:38:19,west_bengal__haldia__priyambada_housing_estate_haldia_wbpcb,7,True,True,Valid AQI,419.06,Severe,CO
"Belur Math, Howrah - WBPCB",Howrah,West Bengal,22.629801,88.352017,2026-07-16 05:00:00,19.0,36.0,18.0,7.0,14.0,8.0,4.0,31.67,36.0,22.5,8.75,256.96,8.0,1.0,256.96,CO,Poor,2026-07-16 05:38:19,west_bengal__howrah__belur_math_howrah_wbpcb,7,True,True,Valid AQI,256.96,Poor,CO
"Botanical Garden, Howrah - WBPCB",Howrah,West Bengal,22.554954,88.292568,2026-07-16 05:00:00,36.0,33.0,13.0,5.0,15.0,8.0,2.0,59.45,33.0,16.25,6.25,271.3,8.0,0.5,271.3,CO,Poor,2026-07-16 05:38:19,west_bengal__howrah__botanical_garden_howrah_wbpcb,7,True,True,Valid AQI,271.3,Poor,CO
"Dasnagar, Howrah - WBPCB",Howrah,West Bengal,22.6025571,88.3105664,2026-07-16 05:00:00,,,4.0,7.0,38.0,40.0,1.0,,,5.0,8.75,425.28,40.0,0.25,425.28,CO,Severe,2026-07-16 05:38:19,west_bengal__howrah__dasnagar_howrah_wbpcb,5,False,False,Insufficient pollutants,,Unknown,
"Ghusuri, Howrah - WBPCB",Howrah,West Bengal,22.611968,88.347422,2026-07-16 05:00:00,39.0,48.0,56.0,9.0,24.0,20.0,3.0,64.52,48.0,69.85,11.25,341.42,20.0,0.75,341.42,CO,Very Poor,2026-07-16 05:38:19,west_bengal__howrah__ghusuri_howrah_wbpcb,7,True,True,Valid AQI,341.42,Very Poor,CO
"Padmapukur, Howrah - WBPCB",Howrah,West Bengal,22.5687319,88.2797276,2026-07-16 05:00:00,30.0,37.0,30.0,6.0,57.0,19.0,7.0,50.0,37.0,37.5,7.5,500.0,19.0,1.75,500.0,CO,Severe,2026-07-16 05:38:19,west_bengal__howrah__padmapukur_howrah_wbpcb,7,True,True,Valid AQI,500.0,Severe,CO
"Ballygunge, Kolkata - WBPCB",Kolkata,West Bengal,22.5367507,88.3638022,2026-07-16 05:00:00,38.0,33.0,25.0,6.0,20.0,17.0,9.0,62.83,33.0,31.25,7.5,317.99,17.0,2.25,317.99,CO,Very Poor,2026-07-16 05:38:19,west_bengal__kolkata__ballygunge_kolkata_wbpcb,7,True,True,Valid AQI,317.99,Very Poor,CO
"Bidhannagar, Kolkata - WBPCB",Kolkata,West Bengal,22.58157048,88.41002457,2026-07-16 05:00:00,22.0,39.0,13.0,8.0,24.0,40.0,6.0,36.67,39.0,16.25,10.0,341.42,40.0,1.5,341.42,CO,Very Poor,2026-07-16 05:38:19,west_bengal__kolkata__bidhannagar_kolkata_wbpcb,7,True,True,Valid AQI,341.42,Very Poor,CO
"Fort William, Kolkata - WBPCB",Kolkata,West Bengal,22.55664,88.342674,2026-07-16 05:00:00,31.0,32.0,9.0,5.0,15.0,17.0,9.0,51.0,32.0,11.25,6.25,271.3,17.0,2.25,271.3,CO,Poor,2026-07-16 05:38:19,west_bengal__kolkata__fort_william_kolkata_wbpcb,7,True,True,Valid AQI,271.3,Poor,CO
"Jadavpur, Kolkata - WBPCB",Kolkata,West Bengal,22.49929,88.36917,2026-07-16 05:00:00,39.0,40.0,21.0,6.0,26.0,14.0,13.0,64.52,40.0,26.25,7.5,353.14,14.0,3.25,353.14,CO,Very Poor,2026-07-16 05:38:19,west_bengal__kolkata__jadavpur_kolkata_wbpcb,7,True,True,Valid AQI,353.14,Very Poor,CO
"Rabindra Bharati University, Kolkata - WBPCB",Kolkata,West Bengal,22.627847,88.380669,2026-07-16 05:00:00,20.0,31.0,34.0,9.0,42.0,24.0,6.0,33.33,31.0,42.5,11.25,450.19,24.0,1.5,450.19,CO,Severe,2026-07-16 05:38:19,west_bengal__kolkata__rabindra_bharati_university_kolkata_wbpcb,7,True,True,Valid AQI,450.19,Severe,CO
"Rabindra Sarobar, Kolkata - WBPCB",Kolkata,West Bengal,22.51106,88.35142,2026-07-16 05:00:00,19.0,24.0,18.0,7.0,15.0,25.0,7.0,31.67,24.0,22.5,8.75,271.3,25.0,1.75,271.3,CO,Poor,2026-07-16 05:38:19,west_bengal__kolkata__rabindra_sarobar_kolkata_wbpcb,7,True,True,Valid AQI,271.3,Poor,CO
"Victoria, Kolkata - WBPCB",Kolkata,West Bengal,22.5448082,88.3403691,2026-07-16 05:00:00,74.0,89.0,18.0,14.0,36.0,53.0,8.0,145.38,89.0,22.5,17.5,412.83,53.0,2.0,412.83,CO,Severe,2026-07-16 05:38:19,west_bengal__kolkata__victoria_kolkata_wbpcb,7,True,True,Valid AQI,412.83,Severe,CO
"Ward-32 Bapupara, Siliguri - WBPCB",Siliguri,West Bengal,26.6879226,88.4152495,2026-07-16 05:00:00,21.0,36.0,118.0,13.0,33.0,24.0,15.0,35.0,36.0,138.0,16.25,394.14,24.0,3.75,394.14,CO,Very Poor,2026-07-16 05:38:19,west_bengal__siliguri__ward_32_bapupara_siliguri_wbpcb,7,True,True,Valid AQI,394.14,Very Poor,CO
