advanced_priority_rank,state,city,station_name,current_aqi,current_aqi_category,forecast_aqi_next,forecast_aqi_category,forecast_aqi_change,forecast_trend,hotspot_status,advanced_priority_score,advanced_priority_category,health_exposure_risk_score,dispersion_index,satellite_aerosol_proxy_score,primary_pollution_source,recommended_intervention,lat,lon
1,Uttar Pradesh,Meerut,"MIET College, Meerut - UPPCB",462.64,Severe,475.6348430220259,Severe,12.994843022025918,Stable,Critical forecast hotspot,74.32,High,88.17,50.36,65.56,Biomass / fine-particle combustion,"Immediate intervention: Track open burning, control biomass combustion sources, increase public alerts, and strengthen fine-particle monitoring.",28.972677,77.641018
2,Assam,Guwahati,"Pan Bazaar, Guwahati - PCBA",350.88,Very Poor,350.88,Very Poor,0.0,Stable,Critical forecast hotspot,74.19,High,76.07,94.26,60.25,Biomass / fine-particle combustion,"Immediate intervention: Track open burning, control biomass combustion sources, increase public alerts, and strengthen fine-particle monitoring.",26.1875,91.744194
3,Uttar Pradesh,Khora,"Prashant Garden, Khora - UPPCB",500.0,Severe,488.8216427820324,Severe,-11.178357217967573,Stable,Critical forecast hotspot,73.22,High,89.84,38.45,68.2,Biomass / fine-particle combustion,"Immediate intervention: Track open burning, control biomass combustion sources, increase public alerts, and strengthen fine-particle monitoring.",28.61119,77.34206
4,Uttar Pradesh,Muzaffarnagar,"New Mandi, Muzaffarnagar - UPPCB",462.64,Severe,491.1634901528048,Severe,28.52349015280481,Increasing,Critical forecast hotspot,72.69,High,80.41,65.87,49.64,Biomass / fine-particle combustion,"Immediate intervention: Track open burning, control biomass combustion sources, increase public alerts, and strengthen fine-particle monitoring.",29.4723508,77.7194031
5,Uttar Pradesh,Raebareli,"Anand Nagar, Raebareli - UPPCB",500.0,Severe,499.9994461780309,Severe,-0.0005538219691061386,Stable,Critical forecast hotspot,71.94,High,77.77,70.82,43.89,Biomass / fine-particle combustion,"Immediate intervention: Track open burning, control biomass combustion sources, increase public alerts, and strengthen fine-particle monitoring.",26.219512,81.237648
5,Haryana,Faridabad,"Sector 11, Faridabad - HSPCB",500.0,Severe,498.46304612959045,Severe,-1.5369538704095476,Stable,Critical forecast hotspot,71.94,High,89.57,33.61,66.19,Construction / road dust,"Immediate intervention: Apply dust suppression, cover construction material, clean road dust, and enforce construction-site controls.",28.376058,77.315741
6,Assam,Byrnihat,"Central Academy for SFS, Byrnihat - PCBA",500.0,Severe,492.1253665145065,Severe,-7.8746334854935185,Stable,Critical forecast hotspot,71.76,High,78.33,83.01,32.61,Biomass / fine-particle combustion,"Immediate intervention: Track open burning, control biomass combustion sources, increase public alerts, and strengthen fine-particle monitoring.",26.071318,91.87488
7,Haryana,Karnal,"Sector-12, Karnal - HSPCB",493.77,Severe,499.2050731048237,Severe,5.4350731048237435,Stable,Critical forecast hotspot,71.69,High,85.84,51.78,51.0,Biomass / fine-particle combustion,"Immediate intervention: Track open burning, control biomass combustion sources, increase public alerts, and strengthen fine-particle monitoring.",29.6953,77.0027
8,Gujarat,Bhavnagar,"Vidhyanagar, Bhavnagar - Nexteng Enviro",500.0,Severe,499.9996227569056,Severe,-0.00037724309441955484,Stable,Critical forecast hotspot,69.99,High,73.49,81.32,32.07,Biomass / fine-particle combustion,"Immediate intervention: Track open burning, control biomass combustion sources, increase public alerts, and strengthen fine-particle monitoring.",21.755417,72.139056
9,Delhi,Delhi,"Shadipur, Delhi - CPCB",468.87,Severe,499.44935555555554,Severe,30.579355555555537,Increasing,Critical forecast hotspot,69.33,High,82.84,38.96,57.0,Vehicular traffic,"Immediate intervention: Implement traffic flow control, reduce idling zones, strengthen public transport diversion, and prioritize roadside monitoring.",28.6514781,77.1473105
10,Bihar,Patna,"Muradpur, Patna - BSPCB",500.0,Severe,498.7225361337761,Severe,-1.2774638662239113,Stable,Critical forecast hotspot,69.13,High,75.33,79.67,28.39,Vehicular traffic,"Immediate intervention: Implement traffic flow control, reduce idling zones, strengthen public transport diversion, and prioritize roadside monitoring.",25.619651,85.147382
11,Bihar,Chhapra,"Darshan Nagar, Chhapra - BSPCB",500.0,Severe,499.99923391155386,Severe,-0.0007660884461415662,Stable,Critical forecast hotspot,68.85,High,76.49,65.14,38.92,Biomass / fine-particle combustion,"Immediate intervention: Track open burning, control biomass combustion sources, increase public alerts, and strengthen fine-particle monitoring.",25.7808257,84.7446768
12,Haryana,Ambala,"Patti Mehar, Ambala - HSPCB",500.0,Severe,499.8574283559983,Severe,-0.1425716440016913,Stable,Critical forecast hotspot,68.36,High,78.46,58.02,41.28,Biomass / fine-particle combustion,"Immediate intervention: Track open burning, control biomass combustion sources, increase public alerts, and strengthen fine-particle monitoring.",30.379589,76.778328
13,Punjab,Rupnagar,"Ratanpura, Rupnagar - Ambuja Cements",500.0,Severe,487.3468963782503,Severe,-12.653103621749722,Stable,Critical forecast hotspot,68.18,High,78.46,67.25,33.84,Biomass / fine-particle combustion,"Immediate intervention: Track open burning, control biomass combustion sources, increase public alerts, and strengthen fine-particle monitoring.",31.0325454,76.5623046
14,Bihar,Bihar Sharif,"D M Colony, Bihar Sharif - BSPCB",500.0,Severe,499.9621589115538,Severe,-0.037841088446214144,Stable,Critical forecast hotspot,67.51,High,72.13,83.15,22.74,Biomass / fine-particle combustion,"Immediate intervention: Track open burning, control biomass combustion sources, increase public alerts, and strengthen fine-particle monitoring.",25.204762,85.51496
15,Haryana,Ballabgarh,"Nathu Colony, Ballabgarh - HSPCB",500.0,Severe,486.4307297943184,Severe,-13.569270205681619,Stable,Critical forecast hotspot,67.4,High,83.62,33.61,55.36,Biomass / fine-particle combustion,"Immediate intervention: Track open burning, control biomass combustion sources, increase public alerts, and strengthen fine-particle monitoring.",28.3419248,77.319699
15,Punjab,Mandi Gobindgarh,"RIMT University, Mandi Gobindgarh - PPCB",500.0,Severe,499.8770572440188,Severe,-0.12294275598122795,Stable,Critical forecast hotspot,67.4,High,78.01,54.58,41.29,Industrial combustion,"Immediate intervention: Increase industrial emission inspection, check stack compliance, enforce fuel-quality standards, and monitor nearby industrial clusters.",30.649961,76.331442
16,Delhi,Delhi,"North Campus, DU, Delhi - IITM",500.0,Severe,499.9996769779674,Severe,-0.00032302203260314855,Stable,Critical forecast hotspot,66.94,High,77.16,38.96,54.54,Vehicular traffic,"Immediate intervention: Implement traffic flow control, reduce idling zones, strengthen public transport diversion, and prioritize roadside monitoring.",28.6573814,77.1585447
17,Haryana,Fatehabad,"Huda Sector, Fatehabad - HSPCB",487.55,Severe,490.1712966693584,Severe,2.6212966693584008,Stable,Critical forecast hotspot,66.86,High,80.54,40.8,50.52,Industrial combustion,"Immediate intervention: Increase industrial emission inspection, check stack compliance, enforce fuel-quality standards, and monitor nearby industrial clusters.",29.503664,75.467934
18,Bihar,Rajgir,"Dangi Tola, Rajgir - BSPCB",456.42,Severe,460.5568989166152,Severe,4.136898916615166,Stable,Critical forecast hotspot,66.59,High,69.84,85.61,26.79,Biomass / fine-particle combustion,"Immediate intervention: Track open burning, control biomass combustion sources, increase public alerts, and strengthen fine-particle monitoring.",25.0328,85.41948
19,Uttar Pradesh,Moradabad,"Transport Nagar, Moradabad - UPPCB",500.0,Severe,499.74792624407456,Severe,-0.2520737559254371,Stable,Critical forecast hotspot,66.18,High,72.98,70.3,28.37,Biomass / fine-particle combustion,"Immediate intervention: Track open burning, control biomass combustion sources, increase public alerts, and strengthen fine-particle monitoring.",28.802625,78.753728
20,Haryana,Bahadurgarh,"Arya Nagar, Bahadurgarh - HSPCB",493.77,Severe,492.5773195920905,Severe,-1.1926804079095064,Stable,Critical forecast hotspot,66.13,High,83.07,35.15,49.48,Biomass / fine-particle combustion,"Immediate intervention: Track open burning, control biomass combustion sources, increase public alerts, and strengthen fine-particle monitoring.",28.6701,76.9254
21,Haryana,Hisar,"Urban Estate-II, Hisar - HSPCB",500.0,Severe,499.537889822665,Severe,-0.46211017733497783,Stable,Critical forecast hotspot,66.01,High,79.96,33.25,53.09,Industrial combustion,"Immediate intervention: Increase industrial emission inspection, check stack compliance, enforce fuel-quality standards, and monitor nearby industrial clusters.",29.14056,75.744941
21,Delhi,Delhi,"Wazirpur, Delhi - DPCC",450.19,Severe,496.1728144579638,Severe,45.9828144579638,Increasing,Critical forecast hotspot,66.01,High,75.56,39.51,52.92,Construction / road dust,"Immediate intervention: Apply dust suppression, cover construction material, clean road dust, and enforce construction-site controls.",28.699793,77.165453
22,Uttar Pradesh,Ghaziabad,"Vasundhara, Ghaziabad - UPPCB",500.0,Severe,499.9991231559984,Severe,-0.0008768440015956003,Stable,Critical forecast hotspot,65.36,High,78.01,38.45,48.16,Vehicular traffic,"Immediate intervention: Implement traffic flow control, reduce idling zones, strengthen public transport diversion, and prioritize roadside monitoring.",28.6603346,77.3572563
23,Delhi,Delhi,"CRRI Mathura Road, Delhi - IITM",500.0,Severe,499.86131586685633,Severe,-0.1386841331436699,Stable,Critical forecast hotspot,65.35,High,77.24,36.5,50.75,Vehicular traffic,"Immediate intervention: Implement traffic flow control, reduce idling zones, strengthen public transport diversion, and prioritize roadside monitoring.",28.5512005,77.2735737
24,Delhi,Delhi,"IGI Airport (T3), Delhi - IITM",500.0,Severe,499.9332503113008,Severe,-0.06674968869918985,Stable,Critical forecast hotspot,64.88,High,75.88,35.64,51.31,Vehicular traffic,"Immediate intervention: Implement traffic flow control, reduce idling zones, strengthen public transport diversion, and prioritize roadside monitoring.",28.5627763,77.1180053
25,West Bengal,Howrah,"Padmapukur, Howrah - WBPCB",500.0,Severe,499.80894193984346,Severe,-0.1910580601565357,Stable,Critical forecast hotspot,64.69,High,70.76,69.3,26.21,Biomass / fine-particle combustion,"Immediate intervention: Track open burning, control biomass combustion sources, increase public alerts, and strengthen fine-particle monitoring.",22.5687319,88.2797276
26,Bihar,Arrah,"New DM Office, Arrah - BSPCB",487.55,Severe,491.06292845581874,Severe,3.5129284558187237,Stable,Critical forecast hotspot,64.59,High,70.21,77.53,20.65,Biomass / fine-particle combustion,"Immediate intervention: Track open burning, control biomass combustion sources, increase public alerts, and strengthen fine-particle monitoring.",25.5626095,84.663264
27,Delhi,Delhi,"Jahangirpuri, Delhi - DPCC",443.96,Severe,473.8519263390205,Severe,29.89192633902053,Increasing,Critical forecast hotspot,64.55,High,75.2,39.47,52.01,Construction / road dust,"Immediate intervention: Apply dust suppression, cover construction material, clean road dust, and enforce construction-site controls.",28.73282,77.170633
28,Gujarat,Ankleshwar,"GIDC, Ankleshwar - GPCB",493.77,Severe,489.6757351058083,Severe,-4.094264894191667,Stable,Critical forecast hotspot,64.49,High,70.75,67.5,28.69,Biomass / fine-particle combustion,"Immediate intervention: Track open burning, control biomass combustion sources, increase public alerts, and strengthen fine-particle monitoring.",21.613267,73.010555
29,Haryana,Gurugram,"Vikas Sadan, Gurugram - HSPCB",432.81,Severe,426.7275716209715,Severe,-6.082428379028499,Stable,Critical forecast hotspot,64.17,High,81.26,27.26,64.4,Biomass / fine-particle combustion,"Immediate intervention: Track open burning, control biomass combustion sources, increase public alerts, and strengthen fine-particle monitoring.",28.4501238,77.0263051
30,Bihar,Hajipur,"Industrial Area, Hajipur - BSPCB",406.6,Severe,408.44483298756825,Severe,1.8448329875682248,Stable,Critical forecast hotspot,64.01,High,66.74,79.38,35.69,Photochemical smog,"Immediate intervention: Control NOx and VOC sources, reduce peak-hour emissions, and issue ozone/smog exposure advisories.",25.697189,85.2459
31,Gujarat,Ahmedabad,"SAC ISRO Satellite, Ahmedabad - IITM",500.0,Severe,499.9991231559984,Severe,-0.0008768440015956003,Stable,Critical forecast hotspot,63.85,High,73.18,57.51,30.89,Vehicular traffic,"Immediate intervention: Implement traffic flow control, reduce idling zones, strengthen public transport diversion, and prioritize roadside monitoring.",23.023389,72.515201
32,West Bengal,Kolkata,"Victoria, Kolkata - WBPCB",412.83,Severe,426.6471963417782,Severe,13.817196341778242,Stable,Critical forecast hotspot,63.78,High,68.29,69.87,38.27,Vehicular traffic,"Immediate intervention: Implement traffic flow control, reduce idling zones, strengthen public transport diversion, and prioritize roadside monitoring.",22.5448082,88.3403691
33,Himachal Pradesh,Baddi,"HIMUDA Complex Phase-1, Baddi - HPPCB",500.0,Severe,499.9840318329243,Severe,-0.015968167075698148,Stable,Critical forecast hotspot,63.76,High,74.12,50.42,35.85,Construction / road dust,"Immediate intervention: Apply dust suppression, cover construction material, clean road dust, and enforce construction-site controls.",30.943887,76.801991
34,Delhi,Delhi,"Pusa, Delhi - DPCC",475.09,Severe,499.9498569779674,Severe,24.85985697796741,Stable,Critical forecast hotspot,63.61,High,73.38,38.96,46.34,Vehicular traffic,"Immediate intervention: Implement traffic flow control, reduce idling zones, strengthen public transport diversion, and prioritize roadside monitoring.",28.639652,77.146275
35,Delhi,Delhi,"Ashok Vihar, Delhi - DPCC",500.0,Severe,499.9991773770601,Severe,-0.0008226229398928808,Stable,Critical forecast hotspot,63.59,High,76.21,39.47,42.66,Vehicular traffic,"Immediate intervention: Implement traffic flow control, reduce idling zones, strengthen public transport diversion, and prioritize roadside monitoring.",28.695381,77.181665
36,Haryana,Sonipat,"Murthal, Sonipat - HSPCB",388.28,Very Poor,383.9598244039336,Very Poor,-4.320175596066349,Stable,Critical forecast hotspot,63.52,High,74.98,46.24,58.4,Biomass / fine-particle combustion,"Immediate intervention: Track open burning, control biomass combustion sources, increase public alerts, and strengthen fine-particle monitoring.",29.0272,77.0621
37,Rajasthan,Jaipur,"RIICO Sitapura, Jaipur - RSPCB",406.6,Severe,425.8336111448837,Severe,19.233611144883696,Stable,Critical forecast hotspot,63.49,High,79.54,29.15,61.49,Biomass / fine-particle combustion,"Immediate intervention: Track open burning, control biomass combustion sources, increase public alerts, and strengthen fine-particle monitoring.",26.786682,75.827928
38,Delhi,Delhi,"IHBAS, Dilshad Garden, Delhi - CPCB",500.0,Severe,499.9991773770601,Severe,-0.0008226229398928808,Stable,Critical forecast hotspot,63.3,High,77.58,36.89,42.37,Vehicular traffic,"Immediate intervention: Implement traffic flow control, reduce idling zones, strengthen public transport diversion, and prioritize roadside monitoring.",28.6811736,77.3025234
39,Bihar,Patna,"Govt. High School Shikarpur, Patna - BSPCB",437.74,Severe,438.2015404814113,Severe,0.4615404814113049,Stable,Critical forecast hotspot,63.23,High,66.6,82.47,24.78,Vehicular traffic,"Immediate intervention: Implement traffic flow control, reduce idling zones, strengthen public transport diversion, and prioritize roadside monitoring.",25.592539,85.227158
40,Odisha,Rourkela,"Raghunathpali, Rourkela - OSPCB",456.42,Severe,463.0408127454096,Severe,6.62081274540958,Stable,Critical forecast hotspot,62.98,High,66.63,64.58,35.41,Biomass / fine-particle combustion,"Immediate intervention: Track open burning, control biomass combustion sources, increase public alerts, and strengthen fine-particle monitoring.",22.220833,84.809444
41,Uttar Pradesh,Meerut,"Ganga Nagar, Meerut - UPPCB",481.32,Severe,479.5153521535092,Severe,-1.8046478464908091,Stable,Critical forecast hotspot,62.83,High,71.43,49.88,39.51,Photochemical smog,"Immediate intervention: Control NOx and VOC sources, reduce peak-hour emissions, and issue ozone/smog exposure advisories.",28.999264,77.7590354
42,Delhi,Delhi,"Rohini, Delhi - DPCC",500.0,Severe,499.9991773770601,Severe,-0.0008226229398928808,Stable,Critical forecast hotspot,62.63,High,73.75,39.51,41.87,Vehicular traffic,"Immediate intervention: Implement traffic flow control, reduce idling zones, strengthen public transport diversion, and prioritize roadside monitoring.",28.732528,77.11992
43,Uttar Pradesh,Lucknow,"Lalbagh, Lucknow - CPCB",456.42,Severe,480.4212975853671,Severe,24.00129758536707,Stable,Critical forecast hotspot,62.32,High,71.35,57.01,31.17,Vehicular traffic,"Immediate intervention: Implement traffic flow control, reduce idling zones, strengthen public transport diversion, and prioritize roadside monitoring.",26.8458805,80.9365541
44,Odisha,Cuttack,"CDA Area, Cuttack - OSPCB",500.0,Severe,498.0704473243831,Severe,-1.9295526756168897,Stable,Critical forecast hotspot,61.68,High,71.9,41.02,39.28,Industrial combustion,"Immediate intervention: Increase industrial emission inspection, check stack compliance, enforce fuel-quality standards, and monitor nearby industrial clusters.",20.48891,85.84768
45,Andhra Pradesh,Amaravati,"Secretariat, Amaravati - APPCB",500.0,Severe,465.7394271929824,Severe,-34.26057280701758,Decreasing,Critical forecast hotspot,61.66,High,70.21,40.15,45.83,Construction / road dust,"Immediate intervention: Apply dust suppression, cover construction material, clean road dust, and enforce construction-site controls.",16.5150833,80.5181667
46,Bihar,Katihar,"Mirchaibari, Katihar - BSPCB",500.0,Severe,498.9251144671094,Severe,-1.0748855328906188,Stable,Critical forecast hotspot,61.64,High,67.51,67.94,19.86,Biomass / fine-particle combustion,"Immediate intervention: Track open burning, control biomass combustion sources, increase public alerts, and strengthen fine-particle monitoring.",25.560083,87.553265
47,Uttar Pradesh,Noida,"Sector - 62, Noida - IITM",487.55,Severe,472.4714018718767,Severe,-15.078598128123303,Stable,Critical forecast hotspot,61.38,High,74.15,38.45,41.74,Photochemical smog,"Immediate intervention: Control NOx and VOC sources, reduce peak-hour emissions, and issue ozone/smog exposure advisories.",28.6245479,77.3577104
48,Assam,Guwahati,"LGBI Airport, Guwahati - PCBA",406.6,Severe,401.7788500183151,Severe,-4.8211499816849255,Stable,Critical forecast hotspot,61.34,High,62.16,86.92,25.09,Biomass / fine-particle combustion,"Immediate intervention: Track open burning, control biomass combustion sources, increase public alerts, and strengthen fine-particle monitoring.",26.10887,91.589544
49,Uttar Pradesh,Ghaziabad,"Indirapuram, Ghaziabad - UPPCB",475.09,Severe,482.94121880434494,Severe,7.851218804344967,Stable,Critical forecast hotspot,61.29,High,72.05,38.45,42.79,Vehicular traffic,"Immediate intervention: Implement traffic flow control, reduce idling zones, strengthen public transport diversion, and prioritize roadside monitoring.",28.646233,77.358075
50,Delhi,Delhi,"Burari Crossing, Delhi - IITM",500.0,Severe,499.9991773770601,Severe,-0.0008226229398928808,Stable,Critical forecast hotspot,61.24,High,74.12,39.47,36.28,Vehicular traffic,"Immediate intervention: Implement traffic flow control, reduce idling zones, strengthen public transport diversion, and prioritize roadside monitoring.",28.7256504,77.2011573
51,Delhi,Delhi,"NSIT Dwarka, Delhi - CPCB",475.09,Severe,499.4592129984306,Severe,24.369212998430612,Stable,Critical forecast hotspot,61.07,High,74.49,37.74,36.79,Vehicular traffic,"Immediate intervention: Implement traffic flow control, reduce idling zones, strengthen public transport diversion, and prioritize roadside monitoring.",28.60909,77.0325413
52,Uttar Pradesh,Meerut,"Jai Bhim Nagar, Meerut - UPPCB",500.0,Severe,499.9991231559984,Severe,-0.0008768440015956003,Stable,Critical forecast hotspot,61.06,High,70.04,48.88,31.83,Biomass / fine-particle combustion,"Immediate intervention: Track open burning, control biomass combustion sources, increase public alerts, and strengthen fine-particle monitoring.",28.9535882,77.7622941
53,Uttar Pradesh,Ghaziabad,"Loni, Ghaziabad - UPPCB",456.42,Severe,465.9679110703988,Severe,9.547911070398811,Stable,Critical forecast hotspot,61.05,High,70.67,37.46,47.41,Vehicular traffic,"Immediate intervention: Implement traffic flow control, reduce idling zones, strengthen public transport diversion, and prioritize roadside monitoring.",28.757294,77.278792
54,Uttar Pradesh,Ghaziabad,"Sanjay Nagar, Ghaziabad - UPPCB",400.0,Very Poor,458.8144457142855,Severe,58.81444571428551,Increasing,Critical forecast hotspot,61.0,High,67.16,44.32,46.18,Vehicular traffic,"Immediate intervention: Implement traffic flow control, reduce idling zones, strengthen public transport diversion, and prioritize roadside monitoring.",28.685382,77.453839
55,Bihar,Patna,"DRM Office Danapur, Patna - BSPCB",412.83,Severe,429.1637315458931,Severe,16.3337315458931,Stable,Critical forecast hotspot,60.96,High,64.31,71.6,30.26,Vehicular traffic,"Immediate intervention: Implement traffic flow control, reduce idling zones, strengthen public transport diversion, and prioritize roadside monitoring.",25.586562,85.043586
56,Delhi,Delhi,"Sonia Vihar, Delhi - DPCC",500.0,Severe,499.94379959928233,Severe,-0.05620040071767107,Stable,Critical forecast hotspot,60.88,High,73.89,37.46,37.04,Vehicular traffic,"Immediate intervention: Implement traffic flow control, reduce idling zones, strengthen public transport diversion, and prioritize roadside monitoring.",28.710508,77.249485
57,Chandigarh,Chandigarh,"Sector-53, Chandigarh - CPCC",487.55,Severe,465.22475701031374,Severe,-22.325242989686274,Stable,Critical forecast hotspot,60.69,High,68.0,67.92,20.58,Photochemical smog,"Immediate intervention: Control NOx and VOC sources, reduce peak-hour emissions, and issue ozone/smog exposure advisories.",30.719859,76.738637
58,Bihar,Purnia,"Mariam Nagar, Purnia - BSPCB",500.0,Severe,499.99923391155386,Severe,-0.0007660884461415662,Stable,Critical forecast hotspot,60.43,High,70.67,53.48,24.6,Biomass / fine-particle combustion,"Immediate intervention: Track open burning, control biomass combustion sources, increase public alerts, and strengthen fine-particle monitoring.",25.366336,87.117468
59,Gujarat,Rajkot,"Mavdi, Rajkot - Nexteng Enviro",500.0,Severe,499.9996227569056,Severe,-0.00037724309441955484,Stable,Critical forecast hotspot,60.37,High,69.09,46.15,32.75,Biomass / fine-particle combustion,"Immediate intervention: Track open burning, control biomass combustion sources, increase public alerts, and strengthen fine-particle monitoring.",22.248853,70.776774
60,Uttar Pradesh,Moradabad,"Jigar Colony, Moradabad - UPPCB",437.74,Severe,437.79872531817216,Severe,0.058725318172150764,Stable,Critical forecast hotspot,60.34,High,64.15,71.67,26.6,Biomass / fine-particle combustion,"Immediate intervention: Track open burning, control biomass combustion sources, increase public alerts, and strengthen fine-particle monitoring.",28.856664,78.772638
61,Haryana,Faridabad,"Sector 30, Faridabad - HSPCB",500.0,Severe,484.7534285474855,Severe,-15.246571452514502,Stable,Critical forecast hotspot,60.31,High,74.29,34.9,38.58,Photochemical smog,"Immediate intervention: Control NOx and VOC sources, reduce peak-hour emissions, and issue ozone/smog exposure advisories.",28.4417,77.3217
62,Karnataka,Bengaluru,"City Railway Station, Bengaluru - KSPCB",500.0,Severe,493.0612531057588,Severe,-6.938746894241206,Stable,Critical forecast hotspot,60.25,High,68.27,51.67,29.13,Vehicular traffic,"Immediate intervention: Implement traffic flow control, reduce idling zones, strengthen public transport diversion, and prioritize roadside monitoring.",12.9756843,77.5660749
62,Punjab,Jalandhar,"Civil Line, Jalandhar - PPCB",443.96,Severe,447.9628141981621,Severe,4.0028141981621275,Stable,Critical forecast hotspot,60.25,High,65.03,66.64,27.9,Photochemical smog,"Immediate intervention: Control NOx and VOC sources, reduce peak-hour emissions, and issue ozone/smog exposure advisories.",31.321907,75.578914
63,Delhi,Delhi,"Jawaharlal Nehru Stadium, Delhi - DPCC",500.0,Severe,499.9403384881712,Severe,-0.05966151182877866,Stable,Critical forecast hotspot,60.22,High,72.67,35.19,37.99,Vehicular traffic,"Immediate intervention: Implement traffic flow control, reduce idling zones, strengthen public transport diversion, and prioritize roadside monitoring.",28.58028,77.233829
64,Punjab,Khanna,"Kalal Majra, Khanna - PPCB",468.87,Severe,466.0777375085159,Severe,-2.7922624914841094,Stable,Critical forecast hotspot,60.03,High,66.68,62.21,25.76,Biomass / fine-particle combustion,"Immediate intervention: Track open burning, control biomass combustion sources, increase public alerts, and strengthen fine-particle monitoring.",30.736056,76.209694
65,Rajasthan,Jaipur,"Sector-2 Murlipura, Jaipur - RSPCB",500.0,Severe,499.916302089142,Severe,-0.08369791085800671,Stable,Critical forecast hotspot,59.86,Moderate,73.3,32.03,38.75,Construction / road dust,"Immediate intervention: Apply dust suppression, cover construction material, clean road dust, and enforce construction-site controls.",26.960669,75.771817
66,Delhi,Delhi,"Anand Vihar, Delhi - DPCC",382.43,Very Poor,390.4863533333335,Very Poor,8.056353333333504,Stable,Critical forecast hotspot,59.66,Moderate,68.73,36.89,58.56,Construction / road dust,"Immediate intervention: Apply dust suppression, cover construction material, clean road dust, and enforce construction-site controls.",28.647622,77.315809
67,Maharashtra,Chandrapur,"Chauhan Colony, Chandrapur - MPCB",500.0,Severe,497.3492461184284,Severe,-2.6507538815715748,Stable,Critical forecast hotspot,59.49,Moderate,70.19,42.66,31.69,Biomass / fine-particle combustion,"Immediate intervention: Track open burning, control biomass combustion sources, increase public alerts, and strengthen fine-particle monitoring.",19.9629,79.298714
68,Delhi,Delhi,"Mundka, Delhi - DPCC",443.96,Severe,422.2570547848288,Severe,-21.702945215171155,Stable,Critical forecast hotspot,59.09,Moderate,67.03,37.6,50.74,Vehicular traffic,"Immediate intervention: Implement traffic flow control, reduce idling zones, strengthen public transport diversion, and prioritize roadside monitoring.",28.684678,77.076574
69,West Bengal,Siliguri,"Ward-32 Bapupara, Siliguri - WBPCB",394.14,Very Poor,400.4990751587302,Severe,6.359075158730207,Stable,Critical forecast hotspot,59.02,Moderate,58.25,73.87,33.07,Photochemical smog,"Immediate intervention: Control NOx and VOC sources, reduce peak-hour emissions, and issue ozone/smog exposure advisories.",26.6879226,88.4152495
70,Bihar,Gaya,"Kareemganj, Gaya - BSPCB",425.28,Severe,378.3099221693121,Very Poor,-46.9700778306879,Decreasing,Critical forecast hotspot,58.97,Moderate,62.42,73.38,29.81,Biomass / fine-particle combustion,"Immediate intervention: Track open burning, control biomass combustion sources, increase public alerts, and strengthen fine-particle monitoring.",24.792403,84.992416
71,Delhi,Delhi,"Commonwealth Sports Complex, Delhi - DPCC",475.09,Severe,486.85420767535874,Severe,11.764207675358762,Stable,Critical forecast hotspot,58.96,Moderate,70.74,36.89,36.27,Vehicular traffic,"Immediate intervention: Implement traffic flow control, reduce idling zones, strengthen public transport diversion, and prioritize roadside monitoring.",28.615828,77.271992
72,Uttar Pradesh,Lucknow,"Gomti Nagar, Lucknow - UPPCB",431.51,Severe,431.1430891926511,Severe,-0.36691080734891557,Stable,Critical forecast hotspot,58.8,Moderate,66.38,63.74,26.6,Vehicular traffic,"Immediate intervention: Implement traffic flow control, reduce idling zones, strengthen public transport diversion, and prioritize roadside monitoring.",26.86812,81.005119
73,Gujarat,Vadodara,"Bapunagar, Vadodara - Nexteng Enviro",500.0,Severe,487.9623833333332,Severe,-12.037616666666793,Stable,Critical forecast hotspot,58.77,Moderate,70.01,47.95,25.6,Vehicular traffic,"Immediate intervention: Implement traffic flow control, reduce idling zones, strengthen public transport diversion, and prioritize roadside monitoring.",22.320153,73.216285
74,Haryana,Yamuna Nagar,"Gobind Pura, Yamuna Nagar - HSPCB",324.79,Very Poor,331.0978835875142,Very Poor,6.307883587514198,Stable,Critical forecast hotspot,58.68,Moderate,62.9,63.61,48.29,Biomass / fine-particle combustion,"Immediate intervention: Track open burning, control biomass combustion sources, increase public alerts, and strengthen fine-particle monitoring.",30.1480566,77.2893471
75,Delhi,Delhi,"Alipur, Delhi - DPCC",412.83,Severe,425.5442250072148,Severe,12.714225007214793,Stable,Critical forecast hotspot,58.62,Moderate,65.52,42.6,46.87,Vehicular traffic,"Immediate intervention: Implement traffic flow control, reduce idling zones, strengthen public transport diversion, and prioritize roadside monitoring.",28.815329,77.15301
76,Delhi,Delhi,"Chandni Chowk, Delhi - IITM",500.0,Severe,499.9991773770601,Severe,-0.0008226229398928808,Stable,Critical forecast hotspot,58.59,Moderate,73.0,36.89,30.0,Vehicular traffic,"Immediate intervention: Implement traffic flow control, reduce idling zones, strengthen public transport diversion, and prioritize roadside monitoring.",28.656756,77.227234
77,Punjab,Amritsar,"Golden Temple, Amritsar - PPCB",370.71,Very Poor,371.6471210776792,Very Poor,0.9371210776791941,Stable,Critical forecast hotspot,58.49,Moderate,62.17,69.0,36.24,Biomass / fine-particle combustion,"Immediate intervention: Track open burning, control biomass combustion sources, increase public alerts, and strengthen fine-particle monitoring.",31.62,74.876512
78,Haryana,Dharuhera,"Municipal Corporation Office, Dharuhera -  HSPCB",500.0,Severe,488.7652226004428,Severe,-11.234777399557174,Stable,Critical forecast hotspot,58.32,Moderate,75.21,19.75,43.23,Industrial combustion,"Immediate intervention: Increase industrial emission inspection, check stack compliance, enforce fuel-quality standards, and monitor nearby industrial clusters.",28.2068,76.7997
79,Odisha,Angul,"Hakimapada, Angul - OSPCB",500.0,Severe,499.9991231559984,Severe,-0.0008768440015956003,Stable,Critical forecast hotspot,58.28,Moderate,67.53,41.95,30.55,Biomass / fine-particle combustion,"Immediate intervention: Track open burning, control biomass combustion sources, increase public alerts, and strengthen fine-particle monitoring.",20.832874,85.104082
80,Haryana,Sirsa,"F-Block, Sirsa - HSPCB",500.0,Severe,457.65857189661455,Severe,-42.341428103385454,Decreasing,Critical forecast hotspot,58.13,Moderate,71.84,29.17,41.65,Biomass / fine-particle combustion,"Immediate intervention: Track open burning, control biomass combustion sources, increase public alerts, and strengthen fine-particle monitoring.",29.5364,75.0158
80,Maharashtra,Mumbai,"Mazgaon, Mumbai - IITM",456.42,Severe,497.3152779946908,Severe,40.89527799469079,Increasing,Critical forecast hotspot,58.13,Moderate,66.12,51.03,23.73,Vehicular traffic,"Immediate intervention: Implement traffic flow control, reduce idling zones, strengthen public transport diversion, and prioritize roadside monitoring.",18.96702,72.84214
81,Tamil Nadu,Chennai,"Royapuram, Chennai - TNPCB",500.0,Severe,495.936558996502,Severe,-4.063441003497985,Stable,Critical forecast hotspot,58.12,Moderate,69.25,46.93,23.99,Vehicular traffic,"Immediate intervention: Implement traffic flow control, reduce idling zones, strengthen public transport diversion, and prioritize roadside monitoring.",13.1036,80.2909
82,Haryana,Panchgaon,"Amity University, Panchgaon - IITM",395.4,Very Poor,394.4083750518393,Very Poor,-0.9916249481606769,Stable,Critical forecast hotspot,58.05,Moderate,73.87,24.77,56.87,Biomass / fine-particle combustion,"Immediate intervention: Track open burning, control biomass combustion sources, increase public alerts, and strengthen fine-particle monitoring.",28.3153,76.9143
83,Gujarat,Mehsana,"Sadanand Nagar, Mehsana - Nexteng Enviro",500.0,Severe,499.9991231559984,Severe,-0.0008768440015956003,Stable,Critical forecast hotspot,58.02,Moderate,68.64,47.3,23.49,Biomass / fine-particle combustion,"Immediate intervention: Track open burning, control biomass combustion sources, increase public alerts, and strengthen fine-particle monitoring.",23.59315,72.372792
84,Haryana,Kurukshetra,"Sector-7, Kurukshetra - HSPCB",317.99,Very Poor,325.5562593056024,Very Poor,7.566259305602387,Stable,Critical forecast hotspot,58.01,Moderate,59.98,58.21,54.92,Photochemical smog,"Immediate intervention: Control NOx and VOC sources, reduce peak-hour emissions, and issue ozone/smog exposure advisories.",29.966942,76.875879
84,Haryana,Gurugram,"NISE Gwal Pahari, Gurugram - IITM",500.0,Severe,499.9991231559984,Severe,-0.0008768440015956003,Stable,Critical forecast hotspot,58.01,Moderate,71.72,28.56,36.75,Vehicular traffic,"Immediate intervention: Implement traffic flow control, reduce idling zones, strengthen public transport diversion, and prioritize roadside monitoring.",28.422681,77.148944
85,Gujarat,Vatva,"Phase-4 GIDC, Vatva - GPCB",382.43,Very Poor,382.35942046608295,Very Poor,-0.07057953391705496,Stable,Critical forecast hotspot,57.99,Moderate,64.25,56.2,41.58,Industrial combustion,"Immediate intervention: Increase industrial emission inspection, check stack compliance, enforce fuel-quality standards, and monitor nearby industrial clusters.",22.969611,72.6435
86,Haryana,Jind,"Police Lines, Jind - HSPCB",366.23,Very Poor,364.607828607477,Very Poor,-1.6221713925230006,Stable,Critical forecast hotspot,57.96,Moderate,70.2,42.19,50.38,Biomass / fine-particle combustion,"Immediate intervention: Track open burning, control biomass combustion sources, increase public alerts, and strengthen fine-particle monitoring.",29.307814,76.337619
87,Andhra Pradesh,Vijayawada,"Rajiv Gandhi Park, Vijayawada - APPCB",481.32,Severe,458.8620610140203,Severe,-22.457938985979695,Stable,Critical forecast hotspot,57.64,Moderate,67.25,44.45,32.26,Biomass / fine-particle combustion,"Immediate intervention: Track open burning, control biomass combustion sources, increase public alerts, and strengthen fine-particle monitoring.",16.509717,80.612222
88,Haryana,Gurugram,"Sector-51, Gurugram - HSPCB",360.86,Very Poor,363.5076130101461,Very Poor,2.647613010146074,Stable,Critical forecast hotspot,57.49,Moderate,70.92,28.56,60.37,Construction / road dust,"Immediate intervention: Apply dust suppression, cover construction material, clean road dust, and enforce construction-site controls.",28.4227,77.0667
89,Delhi,Delhi,"ITO, Delhi - CPCB",475.09,Severe,468.32971554512966,Severe,-6.760284454870316,Stable,Critical forecast hotspot,57.45,Moderate,68.04,36.89,36.7,Vehicular traffic,"Immediate intervention: Implement traffic flow control, reduce idling zones, strengthen public transport diversion, and prioritize roadside monitoring.",28.628624,77.24106
90,Maharashtra,Pune,"Dhankawadi, Pune - IITM",500.0,Severe,499.9991231559984,Severe,-0.0008768440015956003,Stable,Critical forecast hotspot,57.31,Moderate,68.2,43.76,24.51,Vehicular traffic,"Immediate intervention: Implement traffic flow control, reduce idling zones, strengthen public transport diversion, and prioritize roadside monitoring.",18.459883,73.852193
91,Delhi,Delhi,"Narela, Delhi - DPCC",443.96,Severe,422.4189669576722,Severe,-21.541033042327797,Stable,Critical forecast hotspot,57.26,Moderate,66.45,42.0,40.62,Vehicular traffic,"Immediate intervention: Implement traffic flow control, reduce idling zones, strengthen public transport diversion, and prioritize roadside monitoring.",28.822836,77.101981
92,West Bengal,Kolkata,"Rabindra Bharati University, Kolkata - WBPCB",450.19,Severe,431.7162454789272,Severe,-18.473754521072806,Stable,Critical forecast hotspot,56.98,Moderate,62.45,64.19,22.68,Vehicular traffic,"Immediate intervention: Implement traffic flow control, reduce idling zones, strengthen public transport diversion, and prioritize roadside monitoring.",22.627847,88.380669
93,Bihar,Patna,"Rajbansi Nagar, Patna - BSPCB",376.57,Very Poor,368.54138403213017,Very Poor,-8.028615967869825,Stable,Critical forecast hotspot,56.96,Moderate,57.72,79.67,26.09,Vehicular traffic,"Immediate intervention: Implement traffic flow control, reduce idling zones, strengthen public transport diversion, and prioritize roadside monitoring.",25.599486,85.113666
94,Gujarat,Ahmedabad,"SVPI Airport Hansol, Ahmedabad - IITM",475.09,Severe,479.1944101967293,Severe,4.1044101967293045,Stable,Critical forecast hotspot,56.77,Moderate,66.05,52.47,20.87,Vehicular traffic,"Immediate intervention: Implement traffic flow control, reduce idling zones, strengthen public transport diversion, and prioritize roadside monitoring.",23.076793,72.627874
95,Bihar,Buxar,"Charitra Van, Buxar - BSPCB",347.28,Very Poor,330.9865954101304,Very Poor,-16.293404589869567,Stable,Critical forecast hotspot,56.71,Moderate,54.69,91.02,24.71,Biomass / fine-particle combustion,"Immediate intervention: Track open burning, control biomass combustion sources, increase public alerts, and strengthen fine-particle monitoring.",25.56752,83.966379
96,Delhi,Delhi,"Nehru Nagar, Delhi - DPCC",431.51,Severe,454.659841944445,Severe,23.14984194444503,Stable,Critical forecast hotspot,56.64,Moderate,65.83,37.06,38.82,Vehicular traffic,"Immediate intervention: Implement traffic flow control, reduce idling zones, strengthen public transport diversion, and prioritize roadside monitoring.",28.56789,77.250515
97,Bihar,Patna,"Samanpura, Patna - BSPCB",341.42,Very Poor,341.42,Very Poor,0.0,Stable,Critical forecast hotspot,56.63,Moderate,55.36,79.67,32.93,Vehicular traffic,"Immediate intervention: Implement traffic flow control, reduce idling zones, strengthen public transport diversion, and prioritize roadside monitoring.",25.596727,85.085624
98,Assam,Nagaon,"Christianpatty, Nagaon - PCBA",329.7,Very Poor,324.50302157481843,Very Poor,-5.196978425181555,Stable,Critical forecast hotspot,56.48,Moderate,54.3,93.67,23.77,Biomass / fine-particle combustion,"Immediate intervention: Track open burning, control biomass combustion sources, increase public alerts, and strengthen fine-particle monitoring.",26.349082,92.68449
99,Madhya Pradesh,Jabalpur,"Marhatal, Jabalpur - MPPCB",412.83,Severe,459.9466228571426,Severe,47.1166228571426,Increasing,Critical forecast hotspot,56.3,Moderate,60.42,53.04,28.32,Biomass / fine-particle combustion,"Immediate intervention: Track open burning, control biomass combustion sources, increase public alerts, and strengthen fine-particle monitoring.",23.168606,79.932247
100,Uttar Pradesh,Noida,"Sector - 125, Noida - UPPCB",450.19,Severe,441.8668017501021,Severe,-8.323198249897871,Stable,Critical forecast hotspot,56.26,Moderate,66.51,34.83,40.54,Construction / road dust,"Immediate intervention: Apply dust suppression, cover construction material, clean road dust, and enforce construction-site controls.",28.5447608,77.3231257
101,Maharashtra,Pune,"Mhada Colony, Pune - IITM",462.64,Severe,487.1152685646047,Severe,24.475268564604733,Stable,Critical forecast hotspot,56.18,Moderate,66.0,41.3,27.25,Vehicular traffic,"Immediate intervention: Implement traffic flow control, reduce idling zones, strengthen public transport diversion, and prioritize roadside monitoring.",18.57304,73.927715
102,Uttar Pradesh,Moradabad,"Kashiram Nagar, Moradabad - UPPCB",406.6,Severe,400.7898026984127,Severe,-5.810197301587323,Stable,Critical forecast hotspot,56.17,Moderate,57.95,71.67,24.41,Biomass / fine-particle combustion,"Immediate intervention: Track open burning, control biomass combustion sources, increase public alerts, and strengthen fine-particle monitoring.",28.849399,78.742362
103,Maharashtra,Pune,"Panchawati_Pashan, Pune - IITM",500.0,Severe,499.9991231559984,Severe,-0.0008768440015956003,Stable,Critical forecast hotspot,56.12,Moderate,67.43,43.85,20.87,Vehicular traffic,"Immediate intervention: Implement traffic flow control, reduce idling zones, strengthen public transport diversion, and prioritize roadside monitoring.",18.536457,73.805454
104,Maharashtra,Navi Mumbai,"Mahape, Navi Mumbai - MPCB",481.32,Severe,478.8730295724064,Severe,-2.4469704275936124,Stable,Critical forecast hotspot,55.94,Moderate,64.22,46.73,24.92,Biomass / fine-particle combustion,"Immediate intervention: Track open burning, control biomass combustion sources, increase public alerts, and strengthen fine-particle monitoring.",19.1135051,73.008978
105,Uttar Pradesh,Kanpur,"Nehru Nagar, Kanpur - UPPCB",500.0,Severe,459.15947105759,Severe,-40.84052894241,Decreasing,Critical forecast hotspot,55.92,Moderate,68.62,39.54,27.55,Vehicular traffic,"Immediate intervention: Implement traffic flow control, reduce idling zones, strengthen public transport diversion, and prioritize roadside monitoring.",26.4703136,80.3229863
106,Rajasthan,Jaipur,"Police Commissionerate, Jaipur - RSPCB",456.42,Severe,439.0364585846561,Severe,-17.383541415343927,Stable,Critical forecast hotspot,55.9,Moderate,68.67,29.66,41.34,Vehicular traffic,"Immediate intervention: Implement traffic flow control, reduce idling zones, strengthen public transport diversion, and prioritize roadside monitoring.",26.9164092,75.7994901
107,Bihar,Saharsa,"Police Line, Saharsa - BSPCB",431.51,Severe,431.4502474648671,Severe,-0.05975253513287271,Stable,Critical forecast hotspot,55.81,Moderate,58.63,65.4,22.74,Photochemical smog,"Immediate intervention: Control NOx and VOC sources, reduce peak-hour emissions, and issue ozone/smog exposure advisories.",25.892357,86.590325
108,Bihar,Muzaffarpur,"MIT-Daudpur Kothi, Muzaffarpur - BSPCB",419.06,Severe,406.22931357142863,Severe,-12.830686428571369,Stable,Critical forecast hotspot,55.61,Moderate,59.01,68.47,22.6,Biomass / fine-particle combustion,"Immediate intervention: Track open burning, control biomass combustion sources, increase public alerts, and strengthen fine-particle monitoring.",26.1403345,85.3650192
109,Jharkhand,Jorapokhar,"Tata Stadium, Jorapokhar - JSPCB",431.51,Severe,431.3175339868912,Severe,-0.19246601310879896,Stable,Critical forecast hotspot,55.58,Moderate,61.48,57.65,25.62,Biomass / fine-particle combustion,"Immediate intervention: Track open burning, control biomass combustion sources, increase public alerts, and strengthen fine-particle monitoring.",23.707909,86.41467
110,Gujarat,Ahmedabad,"Raikhad, Ahmedabad - IITM",450.19,Severe,441.0617230158728,Severe,-9.128276984127183,Stable,Critical forecast hotspot,55.44,Moderate,62.95,56.46,22.18,Vehicular traffic,"Immediate intervention: Implement traffic flow control, reduce idling zones, strengthen public transport diversion, and prioritize roadside monitoring.",23.020509,72.579261
111,Punjab,Bathinda,"Hardev Nagar, Bathinda - PPCB",500.0,Severe,499.93102557822056,Severe,-0.06897442177944413,Stable,Critical forecast hotspot,55.1,Moderate,65.05,46.0,17.86,Biomass / fine-particle combustion,"Immediate intervention: Track open burning, control biomass combustion sources, increase public alerts, and strengthen fine-particle monitoring.",30.233011,74.907758
112,Uttar Pradesh,Moradabad,"Buddhi Vihar, Moradabad - UPPCB",382.43,Very Poor,382.5637281424941,Very Poor,0.13372814249407838,Stable,Critical forecast hotspot,55.02,Moderate,56.44,71.67,25.49,Photochemical smog,"Immediate intervention: Control NOx and VOC sources, reduce peak-hour emissions, and issue ozone/smog exposure advisories.",28.83526,78.7446
113,Punjab,Ludhiana,"Punjab Agricultural University, Ludhiana - PPCB",347.28,Very Poor,347.7258011228933,Very Poor,0.44580112289332874,Stable,Critical forecast hotspot,55.0,Moderate,59.2,59.85,39.14,Photochemical smog,"Immediate intervention: Control NOx and VOC sources, reduce peak-hour emissions, and issue ozone/smog exposure advisories.",30.9028,75.8086
114,Madhya Pradesh,Indore,"Regional Park, Indore - IMC",500.0,Severe,499.2318564893317,Severe,-0.7681435106683239,Stable,Critical forecast hotspot,54.99,Moderate,67.57,42.86,17.49,Insufficient pollutant signal,Immediate intervention: Improve pollutant data completeness and continue monitoring before assigning a source-specific intervention.,22.678,75.8559
115,Uttar Pradesh,Ghaziabad,"Govindpuram, Ghaziabad - UPPCB",450.19,Severe,463.70855151882085,Severe,13.518551518820857,Stable,Critical forecast hotspot,54.81,Moderate,64.75,44.32,25.13,Vehicular traffic,"Immediate intervention: Implement traffic flow control, reduce idling zones, strengthen public transport diversion, and prioritize roadside monitoring.",28.694528,77.494705
116,Maharashtra,Kalyan,"Pimpleshwar Mandir, Kalyan - MPCB",437.74,Severe,437.831290708214,Severe,0.09129070821398955,Stable,Critical forecast hotspot,54.78,Moderate,62.26,57.07,21.09,Photochemical smog,"Immediate intervention: Control NOx and VOC sources, reduce peak-hour emissions, and issue ozone/smog exposure advisories.",19.192056,72.9585188
117,Rajasthan,Pali,"Indira Colony Vistar, Pali - RSPCB",370.71,Very Poor,360.6460084200826,Very Poor,-10.0639915799174,Stable,Critical forecast hotspot,54.77,Moderate,64.88,37.23,49.21,Biomass / fine-particle combustion,"Immediate intervention: Track open burning, control biomass combustion sources, increase public alerts, and strengthen fine-particle monitoring.",25.771061,73.340227
118,Uttar Pradesh,Bareilly,"Civil Lines, Bareilly - UPPCB",394.14,Very Poor,396.6478784920636,Very Poor,2.5078784920636394,Stable,Critical forecast hotspot,54.68,Moderate,57.47,73.09,19.21,Biomass / fine-particle combustion,"Immediate intervention: Track open burning, control biomass combustion sources, increase public alerts, and strengthen fine-particle monitoring.",28.359581,79.414455
119,Uttar Pradesh,Lucknow,"Talkatora District Industries Center, Lucknow - CPCB",394.14,Very Poor,387.9465954864061,Very Poor,-6.193404513593862,Stable,Critical forecast hotspot,54.6,Moderate,61.7,57.01,29.73,Vehicular traffic,"Immediate intervention: Implement traffic flow control, reduce idling zones, strengthen public transport diversion, and prioritize roadside monitoring.",26.83399722,80.8917361
120,Uttar Pradesh,Greater Noida,"Knowledge Park - III, Greater Noida - UPPCB",419.06,Severe,410.3268195469767,Severe,-8.733180453023294,Stable,Critical forecast hotspot,54.55,Moderate,61.77,37.33,42.96,Construction / road dust,"Immediate intervention: Apply dust suppression, cover construction material, clean road dust, and enforce construction-site controls.",28.47272,77.482
121,Maharashtra,Aurangabad,"More Chowk Waluj, Aurangabad - MPCB",500.0,Severe,499.9991231559984,Severe,-0.0008768440015956003,Stable,Critical forecast hotspot,54.54,Moderate,67.79,31.02,26.08,Vehicular traffic,"Immediate intervention: Implement traffic flow control, reduce idling zones, strengthen public transport diversion, and prioritize roadside monitoring.",19.8389439,75.244448
122,Madhya Pradesh,Jabalpur,"Suhagi, Jabalpur - JMC",493.77,Severe,445.3811972352767,Severe,-48.388802764723266,Decreasing,Critical forecast hotspot,54.36,Moderate,62.8,52.94,18.38,Biomass / fine-particle combustion,"Immediate intervention: Track open burning, control biomass combustion sources, increase public alerts, and strengthen fine-particle monitoring.",23.218135,79.95777
123,Rajasthan,Jaipur,"Shastri Nagar, Jaipur - RSPCB",431.51,Severe,425.6490642670403,Severe,-5.860935732959717,Stable,Critical forecast hotspot,54.31,Moderate,66.2,31.55,39.6,Vehicular traffic,"Immediate intervention: Implement traffic flow control, reduce idling zones, strengthen public transport diversion, and prioritize roadside monitoring.",26.9502929,75.730943
124,Madhya Pradesh,Indore,"Airport Area, Indore - IMC",437.74,Severe,438.07412774234894,Severe,0.33412774234892595,Stable,Critical forecast hotspot,54.26,Moderate,64.24,43.6,28.95,Industrial combustion,"Immediate intervention: Increase industrial emission inspection, check stack compliance, enforce fuel-quality standards, and monitor nearby industrial clusters.",22.7289,75.8076
125,Haryana,Manesar,"Sector-2 IMT, Manesar - HSPCB",388.28,Very Poor,389.8143200638058,Very Poor,1.5343200638058079,Stable,Critical forecast hotspot,54.1,Moderate,67.29,26.03,49.38,Photochemical smog,"Immediate intervention: Control NOx and VOC sources, reduce peak-hour emissions, and issue ozone/smog exposure advisories.",28.360699,76.93609
126,Odisha,Brajrajnagar,"GM Office, Brajrajnagar - OSPCB",364.85,Very Poor,354.65653965470807,Very Poor,-10.193460345291953,Stable,Critical forecast hotspot,54.04,Moderate,52.85,80.11,22.75,Biomass / fine-particle combustion,"Immediate intervention: Track open burning, control biomass combustion sources, increase public alerts, and strengthen fine-particle monitoring.",21.8004996,83.8396977
127,Chandigarh,Chandigarh,"Sector 22, Chandigarh - CPCC",419.06,Severe,419.393922150485,Severe,0.33392215048502294,Stable,Critical forecast hotspot,53.81,Moderate,59.31,63.82,18.08,Photochemical smog,"Immediate intervention: Control NOx and VOC sources, reduce peak-hour emissions, and issue ozone/smog exposure advisories.",30.735567,76.775714
128,Chhattisgarh,Bilaspur,"Mangala, Bilaspur - NTPC",382.43,Very Poor,368.2079307831117,Very Poor,-14.222069216888315,Stable,Critical forecast hotspot,53.8,Moderate,55.25,73.91,21.98,Biomass / fine-particle combustion,"Immediate intervention: Track open burning, control biomass combustion sources, increase public alerts, and strengthen fine-particle monitoring.",22.08815,82.13737
129,Delhi,Delhi,"NSUT Jaffarpur, Delhi - DPCC",468.87,Severe,473.4981613088187,Severe,4.628161308818676,Stable,Critical forecast hotspot,53.62,Moderate,66.71,27.26,32.02,Vehicular traffic,"Immediate intervention: Implement traffic flow control, reduce idling zones, strengthen public transport diversion, and prioritize roadside monitoring.",28.594004,76.909423
130,Chhattisgarh,Bhilai,"Hathkhoj, Bhilai - CECB",382.43,Very Poor,393.485480194766,Very Poor,11.055480194766005,Stable,Critical forecast hotspot,53.57,Moderate,55.52,65.93,24.27,Biomass / fine-particle combustion,"Immediate intervention: Track open burning, control biomass combustion sources, increase public alerts, and strengthen fine-particle monitoring.",21.224231,81.40835
131,Delhi,Delhi,"IIT Delhi, Delhi - IITM",376.57,Very Poor,390.99579420816855,Very Poor,14.425794208168554,Stable,Critical forecast hotspot,53.49,Moderate,59.72,35.19,47.21,Construction / road dust,"Immediate intervention: Apply dust suppression, cover construction material, clean road dust, and enforce construction-site controls.",28.54246,77.191651
132,Delhi,Delhi,"Talkatora Garden, Delhi - DPCC",431.51,Severe,432.3925869759779,Severe,0.8825869759779152,Stable,Critical forecast hotspot,53.48,Moderate,63.44,38.96,32.15,Vehicular traffic,"Immediate intervention: Implement traffic flow control, reduce idling zones, strengthen public transport diversion, and prioritize roadside monitoring.",28.62181,77.1944633
133,Bihar,Munger,"Town Hall, Munger - BSPCB",412.83,Severe,409.42518247843367,Severe,-3.404817521566315,Stable,Critical forecast hotspot,53.38,Moderate,58.29,60.95,21.82,Biomass / fine-particle combustion,"Immediate intervention: Track open burning, control biomass combustion sources, increase public alerts, and strengthen fine-particle monitoring.",25.376776,86.471523
134,Haryana,Palwal,"Shyam Nagar, Palwal - HSPCB",481.32,Severe,490.5174525479343,Severe,9.19745254793429,Stable,Critical forecast hotspot,53.35,Moderate,65.08,31.92,25.58,Photochemical smog,"Immediate intervention: Control NOx and VOC sources, reduce peak-hour emissions, and issue ozone/smog exposure advisories.",28.1485564,77.3320667
135,Delhi,Delhi,"Vivek Vihar, Delhi - DPCC",400.0,Very Poor,417.98848464382496,Severe,17.98848464382496,Stable,Critical forecast hotspot,53.32,Moderate,60.7,37.24,38.75,Vehicular traffic,"Immediate intervention: Implement traffic flow control, reduce idling zones, strengthen public transport diversion, and prioritize roadside monitoring.",28.672342,77.31526
136,Tamil Nadu,Chennai,"Perungudi, Chennai - TNPCB",388.28,Very Poor,379.7474552103053,Very Poor,-8.532544789694668,Stable,Critical forecast hotspot,53.31,Moderate,58.92,46.22,39.11,Construction / road dust,"Immediate intervention: Apply dust suppression, cover construction material, clean road dust, and enforce construction-site controls.",12.9533,80.2357
137,West Bengal,Asansol,"Mahabir Colliery, Asansol - WBPCB",481.32,Severe,469.69449564024166,Severe,-11.625504359758338,Stable,Critical forecast hotspot,53.26,Moderate,62.27,48.22,16.93,Biomass / fine-particle combustion,"Immediate intervention: Track open burning, control biomass combustion sources, increase public alerts, and strengthen fine-particle monitoring.",23.618183,87.105718
138,West Bengal,Haldia,"Priyambada Housing Estate, Haldia - WBPCB",419.06,Severe,411.16217350243153,Severe,-7.897826497568474,Stable,Critical forecast hotspot,53.1,Moderate,57.19,66.86,16.13,Industrial combustion,"Immediate intervention: Increase industrial emission inspection, check stack compliance, enforce fuel-quality standards, and monitor nearby industrial clusters.",22.06047,88.109737
139,Andhra Pradesh,Visakhapatnam,"GVM Corporation, Visakhapatnam - APPCB",228.26,Poor,269.9885752834335,Poor,41.728575283433486,Increasing,High forecast hotspot,53.07,Moderate,45.5,75.37,47.46,Photochemical smog,"High-priority intervention: Control NOx and VOC sources, reduce peak-hour emissions, and issue ozone/smog exposure advisories.",17.72,83.3
140,Andhra Pradesh,Vijayawada,"HB Colony, Vijayawada - APPCB",400.0,Very Poor,405.9597046640214,Severe,5.9597046640213875,Stable,Critical forecast hotspot,52.92,Moderate,59.01,50.58,29.42,Biomass / fine-particle combustion,"Immediate intervention: Track open burning, control biomass combustion sources, increase public alerts, and strengthen fine-particle monitoring.",16.536107,80.594233
141,Rajasthan,Udaipur,"Ashok Nagar, Udaipur - RSPCB",400.0,Very Poor,407.3959067532469,Severe,7.395906753246891,Stable,Critical forecast hotspot,52.75,Moderate,59.41,46.02,32.15,Biomass / fine-particle combustion,"Immediate intervention: Track open burning, control biomass combustion sources, increase public alerts, and strengthen fine-particle monitoring.",24.5886166,73.6321397
142,Odisha,Bhubaneswar,"Patia, Bhubaneswar - OSPCB",481.32,Severe,473.418076783807,Severe,-7.9019232161929835,Stable,Critical forecast hotspot,52.55,Moderate,62.71,30.0,29.68,Biomass / fine-particle combustion,"Immediate intervention: Track open burning, control biomass combustion sources, increase public alerts, and strengthen fine-particle monitoring.",20.34652,85.8163
143,West Bengal,Howrah,"Ghusuri, Howrah - WBPCB",341.42,Very Poor,345.3255328595619,Very Poor,3.9055328595619017,Stable,Critical forecast hotspot,52.43,Moderate,51.6,69.3,30.16,Biomass / fine-particle combustion,"Immediate intervention: Track open burning, control biomass combustion sources, increase public alerts, and strengthen fine-particle monitoring.",22.611968,88.347422
144,Rajasthan,Jhalawar,"Rajlaxmi Nagar, Jhalawar - RSPCB",437.74,Severe,456.74463828042366,Severe,19.00463828042365,Stable,Critical forecast hotspot,52.4,Moderate,60.04,40.01,26.59,Photochemical smog,"Immediate intervention: Control NOx and VOC sources, reduce peak-hour emissions, and issue ozone/smog exposure advisories.",24.588397,76.172782
145,Uttar Pradesh,Lucknow,"Kendriya Vidyalaya, Lucknow - CPCB",364.85,Very Poor,365.6675235613424,Very Poor,0.8175235613423979,Stable,Critical forecast hotspot,52.18,Moderate,57.31,59.0,28.31,Vehicular traffic,"Immediate intervention: Implement traffic flow control, reduce idling zones, strengthen public transport diversion, and prioritize roadside monitoring.",26.906111,80.948222
146,Karnataka,Bengaluru,"Jigani, Bengaluru - KSPCB",431.51,Severe,430.75308708477496,Severe,-0.7569129152250298,Stable,Critical forecast hotspot,52.11,Moderate,60.48,43.67,26.43,Vehicular traffic,"Immediate intervention: Implement traffic flow control, reduce idling zones, strengthen public transport diversion, and prioritize roadside monitoring.",12.7816279,77.6299145
147,Delhi,Delhi,"Pusa, Delhi - IITM",376.57,Very Poor,388.3210334209688,Very Poor,11.751033420968781,Stable,Critical forecast hotspot,52.02,Moderate,58.39,38.96,40.34,Vehicular traffic,"Immediate intervention: Implement traffic flow control, reduce idling zones, strengthen public transport diversion, and prioritize roadside monitoring.",28.63611,77.173332
148,Assam,Sivasagar,"Girls College, Sivasagar - PCBA",312.13,Very Poor,298.4045928103377,Poor,-13.725407189662292,Stable,Critical current hotspot,51.97,Moderate,45.98,100.0,16.6,Biomass / fine-particle combustion,"Immediate intervention: Track open burning, control biomass combustion sources, increase public alerts, and strengthen fine-particle monitoring.",26.987634,94.636574
149,Uttar Pradesh,Varanasi,"Maldahiya, Varanasi - UPPCB",323.85,Very Poor,316.9693571280167,Very Poor,-6.880642871983298,Stable,Critical forecast hotspot,51.94,Moderate,49.91,84.16,21.63,Biomass / fine-particle combustion,"Immediate intervention: Track open burning, control biomass combustion sources, increase public alerts, and strengthen fine-particle monitoring.",25.32393,82.99687
150,West Bengal,Barrackpore,"SVSPA Campus, Barrackpore - WBPCB",425.28,Severe,431.2901868786356,Severe,6.010186878635636,Stable,Critical forecast hotspot,51.92,Moderate,57.46,53.47,20.27,Biomass / fine-particle combustion,"Immediate intervention: Track open burning, control biomass combustion sources, increase public alerts, and strengthen fine-particle monitoring.",22.7605581,88.3617589
151,Odisha,Bhubaneswar,"Lingraj Mandir, Bhubaneswar - OSPCB",443.96,Severe,448.7630572673834,Severe,4.8030572673833944,Stable,Critical forecast hotspot,51.88,Moderate,61.77,29.55,33.55,Biomass / fine-particle combustion,"Immediate intervention: Track open burning, control biomass combustion sources, increase public alerts, and strengthen fine-particle monitoring.",20.24079,85.836784
152,Maharashtra,Mumbai,"Worli, Mumbai - MPCB",419.06,Severe,421.5101084349075,Severe,2.45010843490752,Stable,Critical forecast hotspot,51.82,Moderate,59.46,51.03,21.6,Vehicular traffic,"Immediate intervention: Implement traffic flow control, reduce idling zones, strengthen public transport diversion, and prioritize roadside monitoring.",18.9936162,72.8128113
153,Gujarat,Ahmedabad,"Maninagar, Ahmedabad - GPCB",364.85,Very Poor,377.2351271608945,Very Poor,12.385127160894456,Stable,Critical forecast hotspot,51.68,Moderate,56.15,56.46,27.93,Vehicular traffic,"Immediate intervention: Implement traffic flow control, reduce idling zones, strengthen public transport diversion, and prioritize roadside monitoring.",23.002657,72.591912
154,Uttar Pradesh,Varanasi,"Ardhali Bazar, Varanasi - UPPCB",186.34,Moderate,205.98428838312867,Poor,19.644288383128668,Stable,High forecast hotspot,51.67,Moderate,42.16,95.05,40.35,Photochemical smog,"High-priority intervention: Control NOx and VOC sources, reduce peak-hour emissions, and issue ozone/smog exposure advisories.",25.3505986,82.9083074
155,Maharashtra,Mumbai,"Deonar, Mumbai - IITM",425.28,Severe,424.6404972915476,Severe,-0.639502708452369,Stable,Critical forecast hotspot,51.63,Moderate,57.95,52.9,20.33,Vehicular traffic,"Immediate intervention: Implement traffic flow control, reduce idling zones, strengthen public transport diversion, and prioritize roadside monitoring.",19.04946,72.923
156,Odisha,Bileipada,"Tata Township, Bileipada - OSPCB",341.42,Very Poor,338.7758883947631,Very Poor,-2.644111605236901,Stable,Critical forecast hotspot,51.62,Moderate,54.03,58.59,35.01,Biomass / fine-particle combustion,"Immediate intervention: Track open burning, control biomass combustion sources, increase public alerts, and strengthen fine-particle monitoring.",22.06156703,85.47409613
157,Karnataka,Bengaluru,"BWSSB Kadabesanahalli, Bengaluru - CPCB",419.06,Severe,386.9431022974245,Very Poor,-32.1168977025755,Decreasing,Critical forecast hotspot,51.61,Moderate,59.71,51.13,24.76,Vehicular traffic,"Immediate intervention: Implement traffic flow control, reduce idling zones, strengthen public transport diversion, and prioritize roadside monitoring.",12.9352049,77.6814488
158,Rajasthan,Bhilwara,"Pratap Nagar, Bhilwara - RSPCB",425.28,Severe,412.3275360172468,Severe,-12.952463982753159,Stable,Critical forecast hotspot,51.57,Moderate,58.74,44.27,28.45,Biomass / fine-particle combustion,"Immediate intervention: Track open burning, control biomass combustion sources, increase public alerts, and strengthen fine-particle monitoring.",25.339605,74.618883
159,Punjab,Patiala,"Model Town, Patiala - PPCB",358.99,Very Poor,362.0752664781531,Very Poor,3.0852664781530734,Stable,Critical forecast hotspot,51.4,Moderate,54.8,56.47,31.17,Biomass / fine-particle combustion,"Immediate intervention: Track open burning, control biomass combustion sources, increase public alerts, and strengthen fine-particle monitoring.",30.349388,76.366642
160,Bihar,Muzaffarpur,"Buddha Colony, Muzaffarpur - BSPCB",323.85,Very Poor,324.08704375023973,Very Poor,0.2370437502397067,Stable,Critical forecast hotspot,51.18,Moderate,50.97,68.47,30.8,Biomass / fine-particle combustion,"Immediate intervention: Track open burning, control biomass combustion sources, increase public alerts, and strengthen fine-particle monitoring.",26.11442,85.39813
161,Delhi,Delhi,"Punjabi Bagh, Delhi - DPCC",376.57,Very Poor,384.3411903998469,Very Poor,7.771190399846887,Stable,Critical forecast hotspot,51.17,Moderate,59.03,38.96,37.19,Vehicular traffic,"Immediate intervention: Implement traffic flow control, reduce idling zones, strengthen public transport diversion, and prioritize roadside monitoring.",28.674045,77.131023
162,Chhattisgarh,Korba,"Urja Nagar, Korba - CECB",329.7,Very Poor,339.93371543644946,Very Poor,10.233715436449472,Stable,Critical forecast hotspot,51.07,Moderate,49.18,81.83,17.51,Biomass / fine-particle combustion,"Immediate intervention: Track open burning, control biomass combustion sources, increase public alerts, and strengthen fine-particle monitoring.",22.348441,82.549611
163,Haryana,Charkhi Dadri,"Mini Secretariat, Charkhi Dadri - HSPCB",370.07,Very Poor,362.10364514116,Very Poor,-7.96635485884002,Stable,Critical forecast hotspot,50.97,Moderate,67.11,16.9,50.22,Biomass / fine-particle combustion,"Immediate intervention: Track open burning, control biomass combustion sources, increase public alerts, and strengthen fine-particle monitoring.",28.593883,76.270653
164,Delhi,Delhi,"IMD Lodhi Road, Delhi - IITM",400.0,Very Poor,414.72934005189296,Severe,14.729340051892962,Stable,Critical forecast hotspot,50.96,Moderate,60.4,35.19,32.73,Vehicular traffic,"Immediate intervention: Implement traffic flow control, reduce idling zones, strengthen public transport diversion, and prioritize roadside monitoring.",28.5918245,77.2273074
165,Delhi,Delhi,"Sri Aurobindo Marg, Delhi - DPCC",412.83,Severe,424.8887900309392,Severe,12.058790030939235,Stable,Critical forecast hotspot,50.86,Moderate,59.66,33.43,32.95,Vehicular traffic,"Immediate intervention: Implement traffic flow control, reduce idling zones, strengthen public transport diversion, and prioritize roadside monitoring.",28.531346,77.190156
166,Bihar,Gaya,"SFTI Kusdihra, Gaya - BSPCB",335.56,Very Poor,348.6808798621656,Very Poor,13.120879862165623,Stable,Critical forecast hotspot,50.83,Moderate,50.53,73.38,21.1,Biomass / fine-particle combustion,"Immediate intervention: Track open burning, control biomass combustion sources, increase public alerts, and strengthen fine-particle monitoring.",24.762518,84.982348
167,Madhya Pradesh,Katni,"Gole Bazar, Katni - MPPCB",370.71,Very Poor,366.77406932866126,Very Poor,-3.935930671338724,Stable,Critical forecast hotspot,50.65,Moderate,54.29,49.89,33.78,Biomass / fine-particle combustion,"Immediate intervention: Track open burning, control biomass combustion sources, increase public alerts, and strengthen fine-particle monitoring.",23.50016,80.23284
168,Uttarakhand,Rishikesh,"Shivaji Nagar, Rishikesh - UKPCB",419.06,Severe,418.75877112750544,Severe,-0.301228872494562,Stable,Critical forecast hotspot,50.55,Moderate,54.68,63.46,11.64,Construction / road dust,"Immediate intervention: Apply dust suppression, cover construction material, clean road dust, and enforce construction-site controls.",30.075911,78.2859547
169,Gujarat,Surat,"Katargam, Surat - Nexteng Enviro",437.74,Severe,391.9808971762744,Very Poor,-45.759102823725584,Decreasing,Critical forecast hotspot,50.47,Moderate,57.23,53.31,19.64,Vehicular traffic,"Immediate intervention: Implement traffic flow control, reduce idling zones, strengthen public transport diversion, and prioritize roadside monitoring.",21.217779,72.834787
170,Tamil Nadu,Chennai,"Manali Village, Chennai - TNPCB",475.09,Severe,314.13031554232805,Very Poor,-160.95968445767193,Decreasing,Critical forecast hotspot,50.23,Moderate,58.63,47.81,29.24,Photochemical smog,"Immediate intervention: Control NOx and VOC sources, reduce peak-hour emissions, and issue ozone/smog exposure advisories.",13.1662,80.2584
171,Assam,Silchar,"Tarapur, Silchar - PCBA",388.28,Very Poor,384.12615493379616,Very Poor,-4.153845066203814,Stable,Critical forecast hotspot,50.09,Moderate,52.88,64.58,16.99,Biomass / fine-particle combustion,"Immediate intervention: Track open burning, control biomass combustion sources, increase public alerts, and strengthen fine-particle monitoring.",24.82827,92.79525
172,Odisha,Rourkela,"Sector-2, Rourkela - OSPCB",306.27,Very Poor,306.4146124981791,Very Poor,0.14461249817912858,Stable,Critical forecast hotspot,49.84,Moderate,48.82,78.34,22.56,Biomass / fine-particle combustion,"Immediate intervention: Track open burning, control biomass combustion sources, increase public alerts, and strengthen fine-particle monitoring.",22.245,84.88111111
173,Uttar Pradesh,Kanpur,"FTI Kidwai Nagar, Kanpur - UPPCB",406.6,Severe,413.4258781014589,Severe,6.825878101458898,Stable,Critical forecast hotspot,49.73,Moderate,58.51,39.87,26.37,Vehicular traffic,"Immediate intervention: Implement traffic flow control, reduce idling zones, strengthen public transport diversion, and prioritize roadside monitoring.",26.428282,80.327067
174,Haryana,Faridabad,"New Industrial Town, Faridabad - HSPCB",335.56,Very Poor,341.33267873274224,Very Poor,5.772678732742236,Stable,Critical forecast hotspot,49.71,Moderate,59.32,33.61,43.99,Photochemical smog,"Immediate intervention: Control NOx and VOC sources, reduce peak-hour emissions, and issue ozone/smog exposure advisories.",28.39072,77.30059
175,West Bengal,Kolkata,"Jadavpur, Kolkata - WBPCB",353.14,Very Poor,349.4221227855101,Very Poor,-3.7178772144898744,Stable,Critical forecast hotspot,49.58,Moderate,52.23,64.55,22.11,Vehicular traffic,"Immediate intervention: Implement traffic flow control, reduce idling zones, strengthen public transport diversion, and prioritize roadside monitoring.",22.49929,88.36917
176,Maharashtra,Mumbai,"Kurla, Mumbai - MPCB",347.28,Very Poor,346.8435705675639,Very Poor,-0.43642943243605714,Stable,Critical forecast hotspot,49.52,Moderate,53.98,57.23,27.13,Vehicular traffic,"Immediate intervention: Implement traffic flow control, reduce idling zones, strengthen public transport diversion, and prioritize roadside monitoring.",19.0863,72.8888
177,Uttar Pradesh,Bulandshahr,"Yamunapuram, Bulandshahr - UPPCB",388.28,Very Poor,399.1406573595853,Very Poor,10.860657359585332,Stable,Critical forecast hotspot,49.48,Moderate,55.3,40.34,31.19,Photochemical smog,"Immediate intervention: Control NOx and VOC sources, reduce peak-hour emissions, and issue ozone/smog exposure advisories.",28.406963,77.849831
178,Delhi,Delhi,"R K Puram, Delhi - DPCC",341.42,Very Poor,371.9904301096698,Very Poor,30.570430109669758,Increasing,Critical forecast hotspot,49.46,Moderate,54.52,35.75,40.95,Vehicular traffic,"Immediate intervention: Implement traffic flow control, reduce idling zones, strengthen public transport diversion, and prioritize roadside monitoring.",28.563262,77.186937
179,Haryana,Panipat,"Sector-18, Panipat - HSPCB",353.14,Very Poor,371.5926199194327,Very Poor,18.45261991943272,Stable,Critical forecast hotspot,49.4,Moderate,49.68,50.65,32.97,Industrial combustion,"Immediate intervention: Increase industrial emission inspection, check stack compliance, enforce fuel-quality standards, and monitor nearby industrial clusters.",29.432304,76.972765
180,Uttar Pradesh,Moradabad,"Employment Office, Moradabad - UPPCB",306.27,Very Poor,304.5969075160642,Very Poor,-1.6730924839357613,Stable,Critical forecast hotspot,49.32,Moderate,48.5,71.67,27.22,Biomass / fine-particle combustion,"Immediate intervention: Track open burning, control biomass combustion sources, increase public alerts, and strengthen fine-particle monitoring.",28.88528,78.7388
180,Chhattisgarh,Kunjemura,"OP Jindal School, Kunjemura - CECB",329.7,Very Poor,334.71976597260965,Very Poor,5.019765972609662,Stable,Critical forecast hotspot,49.32,Moderate,46.73,78.18,18.02,Biomass / fine-particle combustion,"Immediate intervention: Track open burning, control biomass combustion sources, increase public alerts, and strengthen fine-particle monitoring.",22.12665,83.483212
181,Uttar Pradesh,Lucknow,"B R Ambedkar University, Lucknow - UPPCB",353.14,Very Poor,351.2145862263052,Very Poor,-1.9254137736947996,Stable,Critical forecast hotspot,49.09,Moderate,53.86,53.14,28.45,Photochemical smog,"Immediate intervention: Control NOx and VOC sources, reduce peak-hour emissions, and issue ozone/smog exposure advisories.",26.766433,80.927299
182,Uttar Pradesh,Noida,"Sector-1, Noida - UPPCB",382.43,Very Poor,376.5116062301586,Very Poor,-5.91839376984143,Stable,Critical forecast hotspot,49.07,Moderate,56.51,37.06,35.0,Photochemical smog,"Immediate intervention: Control NOx and VOC sources, reduce peak-hour emissions, and issue ozone/smog exposure advisories.",28.5898,77.3101
183,Maharashtra,Mumbai,"Khindipada-Bhandup West, Mumbai - IITM",382.43,Very Poor,394.6350017248248,Very Poor,12.205001724824797,Stable,Critical forecast hotspot,48.98,Moderate,53.46,57.07,17.22,Vehicular traffic,"Immediate intervention: Implement traffic flow control, reduce idling zones, strengthen public transport diversion, and prioritize roadside monitoring.",19.1653323,72.922099
184,Telangana,Hyderabad,"Sanathnagar, Hyderabad - TSPCB",431.51,Severe,406.5301099297718,Severe,-24.97989007022818,Stable,Critical forecast hotspot,48.9,Moderate,56.67,45.37,20.17,Vehicular traffic,"Immediate intervention: Implement traffic flow control, reduce idling zones, strengthen public transport diversion, and prioritize roadside monitoring.",17.4559458,78.4332152
185,Maharashtra,Mumbai,"Bandra Kurla Complex, Mumbai - MPCB",364.85,Very Poor,360.0660579542883,Very Poor,-4.78394204571174,Stable,Critical forecast hotspot,48.73,Moderate,53.41,57.23,22.18,Vehicular traffic,"Immediate intervention: Implement traffic flow control, reduce idling zones, strengthen public transport diversion, and prioritize roadside monitoring.",19.065931,72.862131
186,Delhi,Delhi,"DTU, Delhi - CPCB",347.28,Very Poor,358.91403586759736,Very Poor,11.63403586759739,Stable,Critical forecast hotspot,48.68,Moderate,54.24,42.6,34.63,Vehicular traffic,"Immediate intervention: Implement traffic flow control, reduce idling zones, strengthen public transport diversion, and prioritize roadside monitoring.",28.7500499,77.1112615
187,West Bengal,Kolkata,"Ballygunge, Kolkata - WBPCB",317.99,Very Poor,324.82948769501235,Very Poor,6.8394876950123376,Stable,Critical forecast hotspot,48.54,Moderate,48.86,69.87,21.91,Vehicular traffic,"Immediate intervention: Implement traffic flow control, reduce idling zones, strengthen public transport diversion, and prioritize roadside monitoring.",22.5367507,88.3638022
188,Maharashtra,Mahad,"Kamble Tarf Birwadi, Mahad - MPCB",329.7,Very Poor,326.5364544116606,Very Poor,-3.163545588339389,Stable,Critical forecast hotspot,48.45,Moderate,49.73,62.67,26.6,Biomass / fine-particle combustion,"Immediate intervention: Track open burning, control biomass combustion sources, increase public alerts, and strengthen fine-particle monitoring.",18.1023399,73.4783687
189,Karnataka,Dharwad,"Kalabhavan, Dharwad - KSPCB",431.51,Severe,433.61547621693126,Severe,2.1054762169312653,Stable,Critical forecast hotspot,48.44,Moderate,58.96,24.7,31.03,Biomass / fine-particle combustion,"Immediate intervention: Track open burning, control biomass combustion sources, increase public alerts, and strengthen fine-particle monitoring.",15.459706,75.008381
190,Andhra Pradesh,Nellore,"Ambedkar Nagar, Nellore - APPCB",412.83,Severe,417.5002221153751,Severe,4.670222115375111,Stable,Critical forecast hotspot,48.36,Moderate,56.54,32.24,29.59,Photochemical smog,"Immediate intervention: Control NOx and VOC sources, reduce peak-hour emissions, and issue ozone/smog exposure advisories.",14.438164,79.966814
191,Andhra Pradesh,Vijayawada,"Rajiv Nagar, Vijayawada - APPCB",364.85,Very Poor,357.7939817880198,Very Poor,-7.056018211980245,Stable,Critical forecast hotspot,48.33,Moderate,53.13,49.02,28.67,Biomass / fine-particle combustion,"Immediate intervention: Track open burning, control biomass combustion sources, increase public alerts, and strengthen fine-particle monitoring.",16.554731,80.64911
192,Madhya Pradesh,Gwalior,"Maharaj Bada, Gwalior - MPPCB",412.83,Severe,449.065533498168,Severe,36.235533498168024,Increasing,Critical forecast hotspot,48.3,Moderate,58.72,24.06,28.45,Photochemical smog,"Immediate intervention: Control NOx and VOC sources, reduce peak-hour emissions, and issue ozone/smog exposure advisories.",26.200388,78.147714
193,Delhi,Delhi,"Okhla Phase-2, Delhi - DPCC",376.57,Very Poor,370.744903748474,Very Poor,-5.82509625152602,Stable,Critical forecast hotspot,48.29,Moderate,55.78,34.83,35.97,Construction / road dust,"Immediate intervention: Apply dust suppression, cover construction material, clean road dust, and enforce construction-site controls.",28.530785,77.271255
194,Rajasthan,Jodhpur,"Collectorate, Jodhpur - RSPCB",456.42,Severe,437.1018411904758,Severe,-19.31815880952422,Stable,Critical forecast hotspot,48.28,Moderate,59.21,29.88,23.72,Photochemical smog,"Immediate intervention: Control NOx and VOC sources, reduce peak-hour emissions, and issue ozone/smog exposure advisories.",26.268249,73.0193853
195,Chandigarh,Chandigarh,"Sector-25, Chandigarh - CPCC",312.13,Very Poor,317.1113886408278,Very Poor,4.981388640827788,Stable,Critical forecast hotspot,48.22,Moderate,49.52,65.37,25.44,Photochemical smog,"Immediate intervention: Control NOx and VOC sources, reduce peak-hour emissions, and issue ozone/smog exposure advisories.",30.751462,76.762879
196,Maharashtra,Mumbai,"Malad West, Mumbai - IITM",406.6,Severe,404.2336417135642,Severe,-2.3663582864357977,Stable,Critical forecast hotspot,48.01,Moderate,54.24,52.24,15.2,Construction / road dust,"Immediate intervention: Apply dust suppression, cover construction material, clean road dust, and enforce construction-site controls.",19.19709,72.82204
197,Maharashtra,Nagpur,"Opp GPO Civil Lines, Nagpur - MPCB",364.85,Very Poor,368.3203780190102,Very Poor,3.470378019010184,Stable,Critical forecast hotspot,47.84,Moderate,52.63,49.54,25.45,Vehicular traffic,"Immediate intervention: Implement traffic flow control, reduce idling zones, strengthen public transport diversion, and prioritize roadside monitoring.",21.152875,79.0517531
198,Maharashtra,Mumbai,"Navy Nagar-Colaba, Mumbai - IITM",400.0,Very Poor,402.2706513591272,Severe,2.270651359127214,Stable,Critical forecast hotspot,47.77,Moderate,55.15,33.84,30.29,Vehicular traffic,"Immediate intervention: Implement traffic flow control, reduce idling zones, strengthen public transport diversion, and prioritize roadside monitoring.",18.897756,72.81332
199,Gujarat,Ahmedabad,"Rakhial, Ahmedabad - IITM",382.43,Very Poor,373.2353180015273,Very Poor,-9.194681998472731,Stable,Critical forecast hotspot,47.76,Moderate,52.64,56.46,17.51,Vehicular traffic,"Immediate intervention: Implement traffic flow control, reduce idling zones, strengthen public transport diversion, and prioritize roadside monitoring.",23.016834,72.625775
200,Uttar Pradesh,Moradabad,"Eco Herbal Park, Moradabad - UPPCB",317.99,Very Poor,318.4932220581846,Very Poor,0.5032220581845763,Stable,Critical forecast hotspot,47.75,Moderate,47.62,67.8,23.4,Biomass / fine-particle combustion,"Immediate intervention: Track open burning, control biomass combustion sources, increase public alerts, and strengthen fine-particle monitoring.",28.840739,78.697531
201,Gujarat,Ahmedabad,"Gyaspur, Ahmedabad - IITM",358.99,Very Poor,358.1263454106785,Very Poor,-0.863654589321527,Stable,Critical forecast hotspot,47.74,Moderate,50.35,59.47,20.55,Vehicular traffic,"Immediate intervention: Implement traffic flow control, reduce idling zones, strengthen public transport diversion, and prioritize roadside monitoring.",22.977134,72.553024
202,Haryana,Rohtak,"MD University, Rohtak - HSPCB",425.28,Severe,428.2220265412571,Severe,2.942026541257121,Stable,Critical forecast hotspot,47.66,Moderate,61.83,15.8,33.1,Biomass / fine-particle combustion,"Immediate intervention: Track open burning, control biomass combustion sources, increase public alerts, and strengthen fine-particle monitoring.",28.52123,76.37138
203,Gujarat,Ahmedabad,"Chandkheda, Ahmedabad - IITM",382.43,Very Poor,390.170917294614,Very Poor,7.7409172946140075,Stable,Critical forecast hotspot,47.61,Moderate,53.32,52.47,17.23,Vehicular traffic,"Immediate intervention: Implement traffic flow control, reduce idling zones, strengthen public transport diversion, and prioritize roadside monitoring.",23.107969,72.574648
204,Haryana,Gurugram,"Teri Gram, Gurugram - HSPCB",376.57,Very Poor,379.8557527751878,Very Poor,3.2857527751878024,Stable,Critical forecast hotspot,47.6,Moderate,58.86,28.56,34.22,Vehicular traffic,"Immediate intervention: Implement traffic flow control, reduce idling zones, strengthen public transport diversion, and prioritize roadside monitoring.",28.4275,77.1465
205,Odisha,Barbil,"Forest Office, Barbil - OSPCB",312.13,Very Poor,315.3066781548555,Very Poor,3.1766781548554945,Stable,Critical forecast hotspot,47.57,Moderate,46.6,67.25,24.97,Biomass / fine-particle combustion,"Immediate intervention: Track open burning, control biomass combustion sources, increase public alerts, and strengthen fine-particle monitoring.",22.1166054,85.3945546
206,Kerala,Thrissur,"Corporation Ground, Thrissur - Kerala PCB",329.7,Very Poor,322.6516990613783,Very Poor,-7.048300938621708,Stable,Critical forecast hotspot,47.47,Moderate,48.19,63.3,24.59,Biomass / fine-particle combustion,"Immediate intervention: Track open burning, control biomass combustion sources, increase public alerts, and strengthen fine-particle monitoring.",10.5324,76.2159
206,Odisha,Rourkela,"Fertilizer Township, Rourkela - OSPCB",306.27,Very Poor,306.5275799016184,Very Poor,0.2575799016184419,Stable,Critical forecast hotspot,47.47,Moderate,47.86,69.38,22.84,Biomass / fine-particle combustion,"Immediate intervention: Track open burning, control biomass combustion sources, increase public alerts, and strengthen fine-particle monitoring.",22.18972222,84.86277778
207,Assam,Guwahati,"Railway Colony, Guwahati - PCBA",271.3,Poor,265.01057777777845,Poor,-6.28942222222156,Stable,High forecast hotspot,47.36,Moderate,41.91,94.26,14.13,Vehicular traffic,"High-priority intervention: Implement traffic flow control, reduce idling zones, strengthen public transport diversion, and prioritize roadside monitoring.",26.181742,91.78063
208,Odisha,Keonjhar,"Jagamohanpur, Keonjhar - OSPCB",406.6,Severe,408.59742522287655,Severe,1.9974252228765295,Stable,Critical forecast hotspot,47.33,Moderate,53.63,40.67,23.13,Biomass / fine-particle combustion,"Immediate intervention: Track open burning, control biomass combustion sources, increase public alerts, and strengthen fine-particle monitoring.",21.6439,85.599355
209,West Bengal,Kolkata,"Bidhannagar, Kolkata - WBPCB",341.42,Very Poor,340.91553188203085,Very Poor,-0.5044681179691679,Stable,Critical forecast hotspot,47.28,Moderate,48.7,64.19,19.61,Vehicular traffic,"Immediate intervention: Implement traffic flow control, reduce idling zones, strengthen public transport diversion, and prioritize roadside monitoring.",22.58157048,88.41002457
210,Delhi,Delhi,"Najafgarh, Delhi - DPCC",394.14,Very Poor,393.6648891225794,Very Poor,-0.47511087742060454,Stable,Critical forecast hotspot,47.14,Moderate,55.39,33.32,29.66,Vehicular traffic,"Immediate intervention: Implement traffic flow control, reduce idling zones, strengthen public transport diversion, and prioritize roadside monitoring.",28.570173,76.933762
211,Tamil Nadu,Chennai,"Kodungaiyur, Chennai - TNPCB",382.43,Very Poor,319.4616546740875,Very Poor,-62.96834532591248,Decreasing,Critical forecast hotspot,47.12,Moderate,53.67,46.93,28.99,Vehicular traffic,"Immediate intervention: Implement traffic flow control, reduce idling zones, strengthen public transport diversion, and prioritize roadside monitoring.",13.1278,80.2642
212,Rajasthan,Dausa,"Khatikan Mohalla, Dausa - RSPCB",431.51,Severe,433.4159273015874,Severe,1.9059273015873828,Stable,Critical forecast hotspot,47.01,Moderate,56.87,22.26,30.29,Photochemical smog,"Immediate intervention: Control NOx and VOC sources, reduce peak-hour emissions, and issue ozone/smog exposure advisories.",26.895552,76.334753
213,Uttar Pradesh,Meerut,"Pallavpuram Phase 2, Meerut - UPPCB",323.85,Very Poor,323.32000866821954,Very Poor,-0.5299913317804794,Stable,Critical forecast hotspot,47.0,Moderate,53.09,52.25,27.45,Photochemical smog,"Immediate intervention: Control NOx and VOC sources, reduce peak-hour emissions, and issue ozone/smog exposure advisories.",29.06351,77.709723
214,Andhra Pradesh,Rajamahendravaram,"Anand Kala Kshetram, Rajamahendravaram - APPCB",353.14,Very Poor,365.4351883044143,Very Poor,12.295188304414296,Stable,Critical forecast hotspot,46.97,Moderate,50.93,45.57,28.18,Biomass / fine-particle combustion,"Immediate intervention: Track open burning, control biomass combustion sources, increase public alerts, and strengthen fine-particle monitoring.",16.9872867,81.7363176
215,Delhi,Delhi,"IGNOU_Maidan Garhi, Delhi - DPCC",400.0,Very Poor,405.1690676777896,Severe,5.169067677789599,Stable,Critical forecast hotspot,46.92,Moderate,55.13,32.71,27.62,Construction / road dust,"Immediate intervention: Apply dust suppression, cover construction material, clean road dust, and enforce construction-site controls.",28.493624,77.201159
215,Madhya Pradesh,Jabalpur,"Gupteshwar, Jabalpur - JMC",376.57,Very Poor,306.7320325630993,Very Poor,-69.83796743690067,Decreasing,Critical forecast hotspot,46.92,Moderate,50.74,53.04,27.98,Biomass / fine-particle combustion,"Immediate intervention: Track open burning, control biomass combustion sources, increase public alerts, and strengthen fine-particle monitoring.",23.142888,79.916147
216,Andhra Pradesh,Tirupati,"Vaikuntapuram, Tirupati - APPCB",323.85,Very Poor,325.01646491498406,Very Poor,1.166464914984033,Stable,Critical forecast hotspot,46.84,Moderate,48.65,53.25,30.74,Photochemical smog,"Immediate intervention: Control NOx and VOC sources, reduce peak-hour emissions, and issue ozone/smog exposure advisories.",13.615387,79.40923
217,Maharashtra,Nagpur,"Mahal, Nagpur - MPCB",323.85,Very Poor,361.5426918339297,Very Poor,37.6926918339297,Increasing,Critical forecast hotspot,46.83,Moderate,49.88,50.36,25.19,Vehicular traffic,"Immediate intervention: Implement traffic flow control, reduce idling zones, strengthen public transport diversion, and prioritize roadside monitoring.",21.14472,79.107595
218,Rajasthan,Jaipur,"Adarsh Nagar, Jaipur - RSPCB",358.99,Very Poor,363.4152907582861,Very Poor,4.42529075828611,Stable,Critical forecast hotspot,46.7,Moderate,55.56,29.66,36.58,Vehicular traffic,"Immediate intervention: Implement traffic flow control, reduce idling zones, strengthen public transport diversion, and prioritize roadside monitoring.",26.902909,75.836858
219,Karnataka,Shivamogga,"Vinoba Nagara, Shivamogga - KSPCB",364.85,Very Poor,360.108963326708,Very Poor,-4.741036673292001,Stable,Critical forecast hotspot,46.67,Moderate,50.12,48.95,25.69,Biomass / fine-particle combustion,"Immediate intervention: Track open burning, control biomass combustion sources, increase public alerts, and strengthen fine-particle monitoring.",13.94,75.555917
220,Tamil Nadu,Gummidipoondi,"Anthoni Pillai Nagar, Gummidipoondi - TNPCB",259.03,Poor,272.78374200752427,Poor,13.753742007524295,Stable,High forecast hotspot,46.62,Moderate,47.27,56.24,38.16,Construction / road dust,"High-priority intervention: Apply dust suppression, cover construction material, clean road dust, and enforce construction-site controls.",13.4127,80.1081
221,Uttarakhand,Kashipur,"Govt. Girls Inter College, Kashipur - UKPCB",306.27,Very Poor,308.5540286526297,Very Poor,2.284028652629729,Stable,Critical forecast hotspot,46.61,Moderate,47.26,67.06,22.0,Biomass / fine-particle combustion,"Immediate intervention: Track open burning, control biomass combustion sources, increase public alerts, and strengthen fine-particle monitoring.",29.2124114,78.9611753
222,Maharashtra,Mumbai,"Shivaji Nagar, Mumbai - BMC",364.85,Very Poor,374.29097321028513,Very Poor,9.440973210285108,Stable,Critical forecast hotspot,46.6,Moderate,51.21,52.9,18.32,Vehicular traffic,"Immediate intervention: Implement traffic flow control, reduce idling zones, strengthen public transport diversion, and prioritize roadside monitoring.",19.060498,72.923356
223,Uttar Pradesh,Lucknow,"Kukrail Picnic Spot-1, Lucknow - UPPCB",285.65,Poor,293.36343598505067,Poor,7.713435985050694,Stable,High forecast hotspot,46.54,Moderate,46.98,63.74,27.77,Vehicular traffic,"High-priority intervention: Implement traffic flow control, reduce idling zones, strengthen public transport diversion, and prioritize roadside monitoring.",26.90723,80.98579
224,Gujarat,Surat,"Science Center, Surat - SMC",400.0,Very Poor,402.59224563492086,Severe,2.5922456349208574,Stable,Critical forecast hotspot,46.32,Moderate,52.95,49.3,13.48,Vehicular traffic,"Immediate intervention: Implement traffic flow control, reduce idling zones, strengthen public transport diversion, and prioritize roadside monitoring.",21.170046,72.795405
225,Gujarat,Gandhinagar,"GIFT City, Gandhinagar - IITM",370.71,Very Poor,381.0201606166055,Very Poor,10.310160616605515,Stable,Critical forecast hotspot,46.16,Moderate,49.88,49.32,20.17,Photochemical smog,"Immediate intervention: Control NOx and VOC sources, reduce peak-hour emissions, and issue ozone/smog exposure advisories.",23.163798,72.677768
226,Madhya Pradesh,Gwalior,"Deen Dayal Nagar, Gwalior - MPPCB",425.28,Severe,428.79583213524177,Severe,3.5158321352417943,Stable,Critical forecast hotspot,46.11,Moderate,56.18,25.0,26.1,Photochemical smog,"Immediate intervention: Control NOx and VOC sources, reduce peak-hour emissions, and issue ozone/smog exposure advisories.",26.259242,78.216432
227,Bihar,Bhagalpur,"DM Office_Kachari Chowk, Bhagalpur - BSPCB",323.85,Very Poor,334.0209837445645,Very Poor,10.170983744564467,Stable,Critical forecast hotspot,46.03,Moderate,47.18,58.81,22.74,Vehicular traffic,"Immediate intervention: Implement traffic flow control, reduce idling zones, strengthen public transport diversion, and prioritize roadside monitoring.",25.251013,86.989001
228,Rajasthan,Baran,"Bamboliya, Baran - RSPCB",412.83,Severe,412.33573329498034,Severe,-0.49426670501964054,Stable,Critical forecast hotspot,46.02,Moderate,54.83,28.7,26.92,Photochemical smog,"Immediate intervention: Control NOx and VOC sources, reduce peak-hour emissions, and issue ozone/smog exposure advisories.",25.106006,76.469948
229,Rajasthan,Kota,"Dhanmandi, Kota - RSPCB",406.6,Severe,412.70358398845207,Severe,6.103583988452044,Stable,Critical forecast hotspot,45.86,Moderate,53.49,35.08,22.06,Photochemical smog,"Immediate intervention: Control NOx and VOC sources, reduce peak-hour emissions, and issue ozone/smog exposure advisories.",25.16409,75.858137
230,Madhya Pradesh,Sagar,"Civil Lines, Sagar - MPPCB",406.6,Severe,407.12918888888896,Severe,0.5291888888889389,Stable,Critical forecast hotspot,45.85,Moderate,53.69,36.2,21.82,Biomass / fine-particle combustion,"Immediate intervention: Track open burning, control biomass combustion sources, increase public alerts, and strengthen fine-particle monitoring.",23.838586,78.759431
231,Rajasthan,Bhiwadi,"RIICO Ind. Area III, Bhiwadi - RSPCB",364.85,Very Poor,362.3014277506552,Very Poor,-2.5485722493448293,Stable,Critical forecast hotspot,45.84,Moderate,55.84,21.94,40.08,Photochemical smog,"Immediate intervention: Control NOx and VOC sources, reduce peak-hour emissions, and issue ozone/smog exposure advisories.",28.194909,76.862296
232,Maharashtra,Pimpri-Chinchwad,"Transport Nagar-Nigdi, Pune - IITM",431.51,Severe,413.4069603838381,Severe,-18.10303961616188,Stable,Critical forecast hotspot,45.83,Moderate,53.57,37.7,18.3,Biomass / fine-particle combustion,"Immediate intervention: Track open burning, control biomass combustion sources, increase public alerts, and strengthen fine-particle monitoring.",18.664282,73.763966
233,Rajasthan,Jaipur,"Mansarovar Sector-12, Jaipur - RSPCB",376.57,Very Poor,385.3546834808398,Very Poor,8.784683480839817,Stable,Critical forecast hotspot,45.76,Moderate,54.22,27.85,32.28,Construction / road dust,"Immediate intervention: Apply dust suppression, cover construction material, clean road dust, and enforce construction-site controls.",26.843698,75.766894
234,Delhi,Delhi,"Aya Nagar, Delhi - IITM",376.57,Very Poor,380.48140803267466,Very Poor,3.9114080326746716,Stable,Critical forecast hotspot,45.7,Moderate,54.37,28.93,31.8,Construction / road dust,"Immediate intervention: Apply dust suppression, cover construction material, clean road dust, and enforce construction-site controls.",28.4706914,77.1099364
235,Andhra Pradesh,Chittoor,"Gangineni Cheruvu, Chittoor - APPCB",323.85,Very Poor,319.2487107336162,Very Poor,-4.601289266383844,Stable,Critical forecast hotspot,45.69,Moderate,48.69,49.15,30.85,Biomass / fine-particle combustion,"Immediate intervention: Track open burning, control biomass combustion sources, increase public alerts, and strengthen fine-particle monitoring.",13.20488,79.097889
236,Chhattisgarh,Tumidih,"OP Jindal Industrial Park, Tumidih - CECB",271.3,Poor,288.3501388904776,Poor,17.05013889047757,Stable,High forecast hotspot,45.57,Moderate,41.86,75.59,20.21,Industrial combustion,"High-priority intervention: Increase industrial emission inspection, check stack compliance, enforce fuel-quality standards, and monitor nearby industrial clusters.",22.06631475,83.33820077
237,Rajasthan,Alwar,"Moti Doongri, Alwar - RSPCB",347.28,Very Poor,324.31741815635417,Very Poor,-22.962581843645808,Stable,Critical forecast hotspot,45.52,Moderate,53.86,27.22,42.01,Photochemical smog,"Immediate intervention: Control NOx and VOC sources, reduce peak-hour emissions, and issue ozone/smog exposure advisories.",27.554793,76.611536
238,Meghalaya,Byrnihat,"Tamulikuchi, Byrnihat - Meghalaya PCB",214.66,Poor,214.66,Poor,0.0,Stable,High forecast hotspot,45.43,Moderate,41.48,83.52,26.36,Biomass / fine-particle combustion,"High-priority intervention: Track open burning, control biomass combustion sources, increase public alerts, and strengthen fine-particle monitoring.",26.079047,91.875185
239,Rajasthan,Dungarpur,"Bhoiwada, Dungarpur - RSPCB",376.57,Very Poor,376.653006364549,Very Poor,0.08300636454902133,Stable,Critical forecast hotspot,45.39,Moderate,50.87,46.76,19.31,Biomass / fine-particle combustion,"Immediate intervention: Track open burning, control biomass combustion sources, increase public alerts, and strengthen fine-particle monitoring.",23.837789,73.714926
240,Uttar Pradesh,Agra,"Manoharpur, Agra - UPPCB",329.7,Very Poor,329.89496493180013,Very Poor,0.1949649318001434,Stable,Critical forecast hotspot,45.34,Moderate,53.59,37.53,32.75,Vehicular traffic,"Immediate intervention: Implement traffic flow control, reduce idling zones, strengthen public transport diversion, and prioritize roadside monitoring.",27.23711,78.01936
241,Rajasthan,Rajsamand,"Dhoinda, Rajsamand - RSPCB",382.43,Very Poor,307.859256449542,Very Poor,-74.57074355045802,Decreasing,Critical forecast hotspot,45.3,Moderate,48.77,53.8,23.01,Photochemical smog,"Immediate intervention: Control NOx and VOC sources, reduce peak-hour emissions, and issue ozone/smog exposure advisories.",25.03636,73.883502
242,Madhya Pradesh,Mandideep,"Sector-D Industrial Area, Mandideep - MPPCB",353.14,Very Poor,343.55152622173534,Very Poor,-9.588473778264643,Stable,Critical forecast hotspot,45.19,Moderate,50.18,38.68,32.0,Photochemical smog,"Immediate intervention: Control NOx and VOC sources, reduce peak-hour emissions, and issue ozone/smog exposure advisories.",23.10844,77.511428
243,Maharashtra,Nashik,"Hirawadi, Nashik - MPCB",394.14,Very Poor,399.5709857242066,Very Poor,5.430985724206607,Stable,Critical forecast hotspot,45.15,Moderate,53.07,40.93,16.98,Vehicular traffic,"Immediate intervention: Implement traffic flow control, reduce idling zones, strengthen public transport diversion, and prioritize roadside monitoring.",20.021503,73.813844
244,Bihar,Begusarai,"Lohiyanagar, Begusarai - BSPCB",300.0,Poor,298.72164434179354,Poor,-1.2783556582064648,Stable,High forecast hotspot,45.14,Moderate,43.44,70.79,19.23,Biomass / fine-particle combustion,"High-priority intervention: Track open burning, control biomass combustion sources, increase public alerts, and strengthen fine-particle monitoring.",25.42742023,86.13886079
245,Maharashtra,Boisar,"Khaira, Boisar - MPCB",285.65,Poor,306.5950529889644,Very Poor,20.94505298896445,Stable,Critical forecast hotspot,45.13,Moderate,43.32,65.09,23.05,Biomass / fine-particle combustion,"Immediate intervention: Track open burning, control biomass combustion sources, increase public alerts, and strengthen fine-particle monitoring.",19.786089,72.757971
246,Uttar Pradesh,Kanpur,"NSI Kalyanpur, Kanpur - UPPCB",358.99,Very Poor,360.736282316033,Very Poor,1.746282316032989,Stable,Critical forecast hotspot,45.07,Moderate,51.07,39.98,26.84,Vehicular traffic,"Immediate intervention: Implement traffic flow control, reduce idling zones, strengthen public transport diversion, and prioritize roadside monitoring.",26.509954,80.249612
247,Uttar Pradesh,Noida,"Sector-116, Noida - UPPCB",271.3,Poor,276.221705909091,Poor,4.921705909090974,Stable,High forecast hotspot,45.05,Moderate,48.08,38.96,46.31,Construction / road dust,"High-priority intervention: Apply dust suppression, cover construction material, clean road dust, and enforce construction-site controls.",28.56923,77.393848
248,Gujarat,Gandhinagar,"IIPHG Lekawada, Gandhinagar - IITM",412.83,Severe,413.1909374603176,Severe,0.3609374603176434,Stable,Critical forecast hotspot,44.99,Moderate,52.06,41.31,14.8,Biomass / fine-particle combustion,"Immediate intervention: Track open burning, control biomass combustion sources, increase public alerts, and strengthen fine-particle monitoring.",23.243639,72.68994
249,Karnataka,Karwar,"KHB Colony, Karwar - KSPCB",364.85,Very Poor,353.64977875642103,Very Poor,-11.200221243578994,Stable,Critical forecast hotspot,44.9,Moderate,48.62,50.86,19.84,Biomass / fine-particle combustion,"Immediate intervention: Track open burning, control biomass combustion sources, increase public alerts, and strengthen fine-particle monitoring.",14.816666,74.141003
250,Maharashtra,Aurangabad,"Rachnakar Colony, Aurangabad - MPCB",358.99,Very Poor,389.1098519758243,Very Poor,30.119851975824304,Increasing,Critical forecast hotspot,44.87,Moderate,50.59,38.7,22.6,Biomass / fine-particle combustion,"Immediate intervention: Track open burning, control biomass combustion sources, increase public alerts, and strengthen fine-particle monitoring.",19.863756,75.321188
251,Rajasthan,Sri Ganganagar,"Old City, Sri Ganganagar - RSPCB",306.27,Very Poor,354.19921740740733,Very Poor,47.92921740740735,Increasing,Critical forecast hotspot,44.82,Moderate,46.36,39.55,32.67,Photochemical smog,"Immediate intervention: Control NOx and VOC sources, reduce peak-hour emissions, and issue ozone/smog exposure advisories.",29.931624,73.864511
251,Odisha,Balasore,"Kalidaspur, Balasore - OSPCB",394.14,Very Poor,396.0133952380952,Very Poor,1.8733952380952132,Stable,Critical forecast hotspot,44.82,Moderate,50.61,42.57,17.75,Biomass / fine-particle combustion,"Immediate intervention: Track open burning, control biomass combustion sources, increase public alerts, and strengthen fine-particle monitoring.",21.51161,86.89088
252,Rajasthan,Tonk,"Shastri Nagar, Tonk - RSPCB",388.28,Very Poor,367.18679436507966,Very Poor,-21.09320563492031,Stable,Critical forecast hotspot,44.7,Moderate,52.75,27.84,32.03,Photochemical smog,"Immediate intervention: Control NOx and VOC sources, reduce peak-hour emissions, and issue ozone/smog exposure advisories.",26.159933,75.780517
252,Bihar,Araria,"Kharahiya Basti, Araria - BSPCB",317.99,Very Poor,323.2689008173836,Very Poor,5.278900817383601,Stable,Critical forecast hotspot,44.7,Moderate,44.08,65.97,16.81,Biomass / fine-particle combustion,"Immediate intervention: Track open burning, control biomass combustion sources, increase public alerts, and strengthen fine-particle monitoring.",26.146529,87.454184
253,Maharashtra,Chandrapur,"MIDC Khutala, Chandrapur - MPCB",431.51,Severe,392.8104526071053,Very Poor,-38.699547392894715,Decreasing,Critical forecast hotspot,44.66,Moderate,52.81,37.36,17.61,Construction / road dust,"Immediate intervention: Apply dust suppression, cover construction material, clean road dust, and enforce construction-site controls.",19.9775302,79.2337086
253,Delhi,Delhi,"JNU, Delhi - DPCC",329.7,Very Poor,346.66619319167967,Very Poor,16.96619319167968,Stable,Critical forecast hotspot,44.66,Moderate,50.51,35.19,32.74,Photochemical smog,"Immediate intervention: Control NOx and VOC sources, reduce peak-hour emissions, and issue ozone/smog exposure advisories.",28.540721,77.168544
254,Delhi,Delhi,"Sirifort, Delhi - CPCB",306.27,Very Poor,329.90523606741823,Very Poor,23.635236067418248,Stable,Critical forecast hotspot,44.64,Moderate,50.53,35.75,35.15,Construction / road dust,"Immediate intervention: Apply dust suppression, cover construction material, clean road dust, and enforce construction-site controls.",28.5504249,77.2159377
255,Uttar Pradesh,Firozabad,"Vibhab Nagar, Firozabad - UPPCB",419.06,Severe,424.73538843052233,Severe,5.675388430522332,Stable,Critical forecast hotspot,44.58,Moderate,52.7,39.02,12.45,Photochemical smog,"Immediate intervention: Control NOx and VOC sources, reduce peak-hour emissions, and issue ozone/smog exposure advisories.",27.1594,78.3953
256,Delhi,Delhi,"Bawana, Delhi - DPCC",370.71,Very Poor,366.6864402248677,Very Poor,-4.0235597751322985,Stable,Critical forecast hotspot,44.51,Moderate,48.8,40.98,25.12,Vehicular traffic,"Immediate intervention: Implement traffic flow control, reduce idling zones, strengthen public transport diversion, and prioritize roadside monitoring.",28.7762,77.051074
257,Chhattisgarh,Raipur,"Siltara Phase-II, Raipur - CECB",300.0,Poor,299.10031493974765,Poor,-0.8996850602523523,Stable,High forecast hotspot,44.47,Moderate,43.46,67.35,19.75,Industrial combustion,"High-priority intervention: Increase industrial emission inspection, check stack compliance, enforce fuel-quality standards, and monitor nearby industrial clusters.",21.371751,81.664929
258,Maharashtra,Virar,"Bolinj, Virar - MPCB",353.14,Very Poor,365.2499968650794,Very Poor,12.109996865079438,Stable,Critical forecast hotspot,44.42,Moderate,48.46,43.63,23.27,Biomass / fine-particle combustion,"Immediate intervention: Track open burning, control biomass combustion sources, increase public alerts, and strengthen fine-particle monitoring.",19.445821,72.7988231
258,Uttar Pradesh,Greater Noida,"Knowledge Park - V, Greater Noida - UPPCB",271.3,Poor,270.8573882575768,Poor,-0.4426117424231961,Stable,High forecast hotspot,44.42,Moderate,44.98,40.63,46.98,Construction / road dust,"High-priority intervention: Apply dust suppression, cover construction material, clean road dust, and enforce construction-site controls.",28.557054,77.453663
259,Andhra Pradesh,Eluru,"District Court, Eluru - APPCB",306.27,Very Poor,324.354062053063,Very Poor,18.084062053063008,Stable,Critical forecast hotspot,44.41,Moderate,45.32,55.93,23.11,Biomass / fine-particle combustion,"Immediate intervention: Track open burning, control biomass combustion sources, increase public alerts, and strengthen fine-particle monitoring.",16.711754,81.092095
260,Odisha,Talcher,"Talcher Coalfields,Talcher - OSPCB",353.14,Very Poor,351.32670500248605,Very Poor,-1.8132949975139354,Stable,Critical forecast hotspot,44.27,Moderate,45.75,50.65,21.93,Industrial combustion,"Immediate intervention: Increase industrial emission inspection, check stack compliance, enforce fuel-quality standards, and monitor nearby industrial clusters.",20.9360711,85.1707021
261,Telangana,Hyderabad,"ICRISAT Patancheru, Hyderabad - TSPCB",400.0,Very Poor,352.4653552883604,Very Poor,-47.5346447116396,Decreasing,Critical forecast hotspot,44.23,Moderate,51.52,38.06,23.59,Vehicular traffic,"Immediate intervention: Implement traffic flow control, reduce idling zones, strengthen public transport diversion, and prioritize roadside monitoring.",17.5184,78.278777
262,Karnataka,Ramanagara,"Vijay Nagar, Ramanagara - KSPCB",335.56,Very Poor,339.4077141176963,Very Poor,3.8477141176962846,Stable,Critical forecast hotspot,44.22,Moderate,46.45,55.46,18.87,Biomass / fine-particle combustion,"Immediate intervention: Track open burning, control biomass combustion sources, increase public alerts, and strengthen fine-particle monitoring.",12.733409,77.298051
262,Haryana,Panchkula,"Sector-6, Panchkula - HSPCB",312.13,Very Poor,310.5663988727558,Very Poor,-1.5636011272441692,Stable,Critical forecast hotspot,44.22,Moderate,45.08,68.87,13.5,Photochemical smog,"Immediate intervention: Control NOx and VOC sources, reduce peak-hour emissions, and issue ozone/smog exposure advisories.",30.7057778,76.8531805555555
263,Delhi,Delhi,"Major Dhyan Chand National Stadium, Delhi - DPCC",347.28,Very Poor,363.0290136659809,Very Poor,15.749013665980954,Stable,Critical forecast hotspot,44.11,Moderate,49.2,36.89,27.72,Vehicular traffic,"Immediate intervention: Implement traffic flow control, reduce idling zones, strengthen public transport diversion, and prioritize roadside monitoring.",28.611281,77.237738
264,Chhattisgarh,Bhilai,"Civic Center, Bhilai - Bhilai Steel Plant",335.56,Very Poor,338.4148978414439,Very Poor,2.854897841443915,Stable,Critical forecast hotspot,44.0,Moderate,44.62,60.83,15.5,Biomass / fine-particle combustion,"Immediate intervention: Track open burning, control biomass combustion sources, increase public alerts, and strengthen fine-particle monitoring.",21.185571,81.343175
265,Maharashtra,Mumbai,"Ghatkopar, Mumbai - BMC",335.56,Very Poor,333.6536508670453,Very Poor,-1.9063491329546878,Stable,Critical forecast hotspot,43.94,Moderate,46.83,52.9,20.64,Vehicular traffic,"Immediate intervention: Implement traffic flow control, reduce idling zones, strengthen public transport diversion, and prioritize roadside monitoring.",19.083694,72.920967
266,Bihar,Motihari,"Gandak Colony, Motihari - BSPCB",228.26,Poor,232.4637689367417,Poor,4.20376893674171,Stable,High forecast hotspot,43.93,Moderate,40.51,69.79,30.97,Biomass / fine-particle combustion,"High-priority intervention: Track open burning, control biomass combustion sources, increase public alerts, and strengthen fine-particle monitoring.",26.63086,84.90051
267,Andhra Pradesh,Anantapur,"Gulzarpet, Anantapur - APPCB",329.7,Very Poor,333.9891922778277,Very Poor,4.289192277827738,Stable,Critical forecast hotspot,43.9,Moderate,49.71,36.18,32.28,Biomass / fine-particle combustion,"Immediate intervention: Track open burning, control biomass combustion sources, increase public alerts, and strengthen fine-particle monitoring.",14.675886,77.593027
268,West Bengal,Durgapur,"PCBL Residential Complex, Durgapur - WBPCB",341.42,Very Poor,345.44588604679524,Very Poor,4.025886046795222,Stable,Critical forecast hotspot,43.89,Moderate,45.32,48.24,24.31,Photochemical smog,"Immediate intervention: Control NOx and VOC sources, reduce peak-hour emissions, and issue ozone/smog exposure advisories.",23.508764,87.35444
269,Assam,Nalbari,"Bata Chowk, Nalbari - PCBA",323.85,Very Poor,287.2769101948048,Poor,-36.573089805195195,Decreasing,Critical current hotspot,43.84,Moderate,47.06,56.4,23.16,Vehicular traffic,"Immediate intervention: Implement traffic flow control, reduce idling zones, strengthen public transport diversion, and prioritize roadside monitoring.",26.446912,91.439057
270,Andhra Pradesh,Kadapa,"Yerramukkapalli, Kadapa - APPCB",364.85,Very Poor,376.0699529004712,Very Poor,11.219952900471185,Stable,Critical forecast hotspot,43.76,Moderate,49.87,34.19,25.72,Photochemical smog,"Immediate intervention: Control NOx and VOC sources, reduce peak-hour emissions, and issue ozone/smog exposure advisories.",14.465052,78.824187
271,Bihar,Kishanganj,"SDM Office_Khagra, Kishanganj - BSPCB",256.96,Poor,256.9844827098721,Poor,0.024482709872131636,Stable,High forecast hotspot,43.7,Moderate,40.24,73.48,22.71,Biomass / fine-particle combustion,"High-priority intervention: Track open burning, control biomass combustion sources, increase public alerts, and strengthen fine-particle monitoring.",26.0881305,87.93840336
272,Delhi,Delhi,"Cantonment Area, Delhi - DPCC",364.85,Very Poor,377.26058009852704,Very Poor,12.41058009852702,Stable,Critical forecast hotspot,43.62,Moderate,50.43,35.64,23.04,Construction / road dust,"Immediate intervention: Apply dust suppression, cover construction material, clean road dust, and enforce construction-site controls.",28.594169,77.1251
273,Madhya Pradesh,Indore,"Chhoti Gwaltoli, Indore - MPPCB",323.85,Very Poor,347.541417328042,Very Poor,23.69141732804195,Stable,Critical forecast hotspot,43.38,Moderate,47.51,36.03,30.43,Vehicular traffic,"Immediate intervention: Implement traffic flow control, reduce idling zones, strengthen public transport diversion, and prioritize roadside monitoring.",22.431,75.5213
274,Tamil Nadu,Thoothukudi,"Meelavittan, Thoothukudi - TNPCB",376.57,Very Poor,338.68801841290684,Very Poor,-37.88198158709315,Decreasing,Critical forecast hotspot,43.32,Moderate,45.98,48.08,20.55,Photochemical smog,"Immediate intervention: Control NOx and VOC sources, reduce peak-hour emissions, and issue ozone/smog exposure advisories.",8.816428,78.099039
275,Madhya Pradesh,Bhopal,"Idgah Hills, Bhopal - MPPCB",312.13,Very Poor,336.66178500397075,Very Poor,24.531785003970754,Stable,Critical forecast hotspot,43.13,Moderate,46.75,39.51,29.2,Vehicular traffic,"Immediate intervention: Implement traffic flow control, reduce idling zones, strengthen public transport diversion, and prioritize roadside monitoring.",23.264759,77.381568
276,West Bengal,Kolkata,"Fort William, Kolkata - WBPCB",271.3,Poor,281.07993337895823,Poor,9.77993337895822,Stable,High forecast hotspot,42.88,Moderate,41.32,69.87,17.27,Vehicular traffic,"High-priority intervention: Implement traffic flow control, reduce idling zones, strengthen public transport diversion, and prioritize roadside monitoring.",22.55664,88.342674
277,Chhattisgarh,Bhilai,"32Bungalows, Bhilai - CECB",300.0,Poor,311.7331933971094,Very Poor,11.733193397109403,Stable,Critical forecast hotspot,42.67,Moderate,41.91,60.83,18.38,Biomass / fine-particle combustion,"Immediate intervention: Track open burning, control biomass combustion sources, increase public alerts, and strengthen fine-particle monitoring.",21.194815,81.31477
278,Telangana,Hyderabad,"Zoo Park, Hyderabad - TSPCB",394.14,Very Poor,360.635869565916,Very Poor,-33.504130434084004,Decreasing,Critical forecast hotspot,42.6,Moderate,50.81,38.99,16.85,Vehicular traffic,"Immediate intervention: Implement traffic flow control, reduce idling zones, strengthen public transport diversion, and prioritize roadside monitoring.",17.349694,78.451437
279,Andhra Pradesh,Vijayawada,"Kanuru, Vijayawada - APPCB",317.99,Very Poor,317.432798757516,Very Poor,-0.5572012424839841,Stable,Critical forecast hotspot,42.53,Moderate,45.91,43.51,27.86,Biomass / fine-particle combustion,"Immediate intervention: Track open burning, control biomass combustion sources, increase public alerts, and strengthen fine-particle monitoring.",16.486692,80.699436
280,West Bengal,Kolkata,"Rabindra Sarobar, Kolkata - WBPCB",271.3,Poor,281.9458983304272,Poor,10.645898330427201,Stable,High forecast hotspot,42.3,Moderate,40.05,69.87,16.4,Vehicular traffic,"High-priority intervention: Implement traffic flow control, reduce idling zones, strengthen public transport diversion, and prioritize roadside monitoring.",22.51106,88.35142
281,Chhattisgarh,Chhal,"Nawapara SECL Colony, Chhal - CECB",213.91,Poor,239.6882453880871,Poor,25.7782453880871,Increasing,High forecast hotspot,42.25,Moderate,36.28,76.26,22.33,Biomass / fine-particle combustion,"High-priority intervention: Track open burning, control biomass combustion sources, increase public alerts, and strengthen fine-particle monitoring.",22.118125,83.140608
282,Maharashtra,Thane,"Kasarvadavali, Thane - MPCB",271.3,Poor,289.6547462259936,Poor,18.35474622599361,Stable,High forecast hotspot,42.21,Moderate,39.12,63.32,21.59,Photochemical smog,"High-priority intervention: Control NOx and VOC sources, reduce peak-hour emissions, and issue ozone/smog exposure advisories.",19.26777,72.97182
283,Madhya Pradesh,Singrauli,"Suryakiran Bhawan NCL, Singrauli - MPPCB",98.0,Satisfactory,337.39025528769866,Very Poor,239.39025528769866,Increasing,Critical forecast hotspot,42.19,Moderate,28.43,61.92,27.46,Photochemical smog,"Immediate intervention: Control NOx and VOC sources, reduce peak-hour emissions, and issue ozone/smog exposure advisories.",24.10897,82.64558
284,Telangana,Hyderabad,"New Malakpet, Hyderabad - TSPCB",341.42,Very Poor,344.24757907407405,Very Poor,2.8275790740740376,Stable,Critical forecast hotspot,42.17,Moderate,47.45,42.88,20.51,Vehicular traffic,"Immediate intervention: Implement traffic flow control, reduce idling zones, strengthen public transport diversion, and prioritize roadside monitoring.",17.37206,78.50864
285,Chhattisgarh,Raipur,"Krishak Nagar, Raipur - CECB",317.99,Very Poor,311.99875496868344,Very Poor,-5.991245031316566,Stable,Critical forecast hotspot,42.11,Moderate,42.25,61.71,14.76,Biomass / fine-particle combustion,"Immediate intervention: Track open burning, control biomass combustion sources, increase public alerts, and strengthen fine-particle monitoring.",21.237755,81.705301
286,West Bengal,Howrah,"Botanical Garden, Howrah - WBPCB",271.3,Poor,269.4873212442324,Poor,-1.8126787557675925,Stable,High forecast hotspot,42.08,Moderate,39.61,69.87,18.26,Biomass / fine-particle combustion,"High-priority intervention: Track open burning, control biomass combustion sources, increase public alerts, and strengthen fine-particle monitoring.",22.554954,88.292568
287,Karnataka,Kalaburagi,"Mahatma Basaveswar Colony, Kalaburgi - KSPCB",382.43,Very Poor,383.6742726525224,Very Poor,1.2442726525223975,Stable,Critical forecast hotspot,42.07,Moderate,48.0,39.22,15.71,Biomass / fine-particle combustion,"Immediate intervention: Track open burning, control biomass combustion sources, increase public alerts, and strengthen fine-particle monitoring.",17.336318,76.847397
288,Uttar Pradesh,Prayagraj,"Jhunsi, Prayagraj - UPPCB",242.61,Poor,266.6140404108988,Poor,24.004040410898767,Stable,High forecast hotspot,41.76,Moderate,38.16,66.17,22.55,Biomass / fine-particle combustion,"High-priority intervention: Track open burning, control biomass combustion sources, increase public alerts, and strengthen fine-particle monitoring.",25.425602,81.917152
289,Rajasthan,Kota,"Shrinath Puram, Kota - RSPCB",341.42,Very Poor,349.8281964661824,Very Poor,8.408196466182403,Stable,Critical forecast hotspot,41.68,Moderate,48.2,35.08,23.83,Biomass / fine-particle combustion,"Immediate intervention: Track open burning, control biomass combustion sources, increase public alerts, and strengthen fine-particle monitoring.",25.14389,75.821256
290,Maharashtra,Aurangabad,"MIDC Chilkalthana, Aurangabad - MPCB",353.14,Very Poor,310.2655720090633,Very Poor,-42.87442799093668,Decreasing,Critical forecast hotspot,41.62,Moderate,47.68,38.7,25.53,Industrial combustion,"Immediate intervention: Increase industrial emission inspection, check stack compliance, enforce fuel-quality standards, and monitor nearby industrial clusters.",19.87562,75.38731
291,Telangana,Hyderabad,"Kokapet, Hyderabad - TSPCB",335.56,Very Poor,330.7398800721471,Very Poor,-4.820119927852886,Stable,Critical forecast hotspot,41.53,Moderate,47.0,40.35,23.08,Vehicular traffic,"Immediate intervention: Implement traffic flow control, reduce idling zones, strengthen public transport diversion, and prioritize roadside monitoring.",17.393559,78.339194
292,Rajasthan,Ajmer,"Civil Lines,  Ajmer - RSPCB",300.0,Poor,331.00783768194003,Very Poor,31.007837681940032,Increasing,Critical forecast hotspot,41.49,Moderate,46.83,26.56,35.61,Photochemical smog,"Immediate intervention: Control NOx and VOC sources, reduce peak-hour emissions, and issue ozone/smog exposure advisories.",26.470859,74.646594
293,Uttar Pradesh,Agra,"Sanjay Palace, Agra - UPPCB",341.42,Very Poor,341.55352681772257,Very Poor,0.13352681772255437,Stable,Critical forecast hotspot,41.48,Moderate,48.53,38.69,20.99,Vehicular traffic,"Immediate intervention: Implement traffic flow control, reduce idling zones, strengthen public transport diversion, and prioritize roadside monitoring.",27.19865833,78.00598056
293,Madhya Pradesh,Ujjain,"Mahashweta Nagar, Ujjain - MPPCB",347.28,Very Poor,348.0337324918904,Very Poor,0.753732491890446,Stable,Critical forecast hotspot,41.48,Moderate,46.32,42.31,19.07,Biomass / fine-particle combustion,"Immediate intervention: Track open burning, control biomass combustion sources, increase public alerts, and strengthen fine-particle monitoring.",23.1633321,75.800225
294,Madhya Pradesh,Satna,"Bandhavgar Colony, Satna - Birla Cement",306.27,Very Poor,311.40336066151343,Very Poor,5.13336066151345,Stable,Critical forecast hotspot,41.47,Moderate,43.5,51.5,20.57,Biomass / fine-particle combustion,"Immediate intervention: Track open burning, control biomass combustion sources, increase public alerts, and strengthen fine-particle monitoring.",24.58434363,80.8549414
295,Maharashtra,Pimpri-Chinchwad,"Thergaon, Pimpri Chinchwad - MPCB",317.99,Very Poor,327.54587898125385,Very Poor,9.55587898125384,Stable,Critical forecast hotspot,41.44,Moderate,44.83,44.55,22.26,Biomass / fine-particle combustion,"Immediate intervention: Track open burning, control biomass combustion sources, increase public alerts, and strengthen fine-particle monitoring.",18.616318,73.765797
296,Maharashtra,Mumbai,"Kherwadi_Bandra East, Mumbai - MPCB",312.13,Very Poor,306.5093265949284,Very Poor,-5.620673405071614,Stable,Critical forecast hotspot,41.22,Moderate,43.13,57.23,15.49,Vehicular traffic,"Immediate intervention: Implement traffic flow control, reduce idling zones, strengthen public transport diversion, and prioritize roadside monitoring.",19.0632143,72.8456324
297,Maharashtra,Ulhasnagar,"Sidhi Vinayak Nagar, Ulhasnagar - MPCB",335.56,Very Poor,335.0098827540178,Very Poor,-0.5501172459822214,Stable,Critical forecast hotspot,41.18,Moderate,45.68,45.17,18.44,Biomass / fine-particle combustion,"Immediate intervention: Track open burning, control biomass combustion sources, increase public alerts, and strengthen fine-particle monitoring.",19.235581,73.159121
298,Uttar Pradesh,Agra,"Shahjahan Garden, Agra - UPPCB",323.85,Very Poor,324.4652790485844,Very Poor,0.615279048584398,Stable,Critical forecast hotspot,41.16,Moderate,47.87,38.31,23.93,Industrial combustion,"Immediate intervention: Increase industrial emission inspection, check stack compliance, enforce fuel-quality standards, and monitor nearby industrial clusters.",27.169338,78.03582
299,Uttar Pradesh,Varanasi,"Bhelupur, Varanasi - UPPCB",228.26,Poor,237.44631307794103,Poor,9.186313077941037,Stable,High forecast hotspot,41.13,Moderate,35.18,73.84,22.02,Biomass / fine-particle combustion,"High-priority intervention: Track open burning, control biomass combustion sources, increase public alerts, and strengthen fine-particle monitoring.",25.301778,82.996789
300,West Bengal,Asansol,"Evelyn Lodge, Asansol - WBPCB",317.99,Very Poor,323.824879299912,Very Poor,5.834879299912018,Stable,Critical forecast hotspot,41.06,Moderate,41.96,55.43,15.03,Industrial combustion,"Immediate intervention: Increase industrial emission inspection, check stack compliance, enforce fuel-quality standards, and monitor nearby industrial clusters.",23.697936,86.944395
301,Telangana,Hyderabad,"Nacharam_TSIIC IALA, Hyderabad - TSPCB",329.7,Very Poor,326.76126070590595,Very Poor,-2.9387392940940344,Stable,Critical forecast hotspot,41.0,Moderate,45.77,42.88,21.03,Vehicular traffic,"Immediate intervention: Implement traffic flow control, reduce idling zones, strengthen public transport diversion, and prioritize roadside monitoring.",17.429398,78.569354
302,Uttar Pradesh,Agra,"Rohta, Agra - UPPCB",329.7,Very Poor,333.3829398907784,Very Poor,3.682939890778414,Stable,Critical forecast hotspot,40.96,Moderate,45.7,35.92,26.2,Construction / road dust,"Immediate intervention: Apply dust suppression, cover construction material, clean road dust, and enforce construction-site controls.",27.106972,78.000111
303,Maharashtra,Pimpri-Chinchwad,"Savta Mali Nagar, Pimpri-Chinchwad - IITM",364.85,Very Poor,362.43077085501255,Very Poor,-2.4192291449874688,Stable,Critical forecast hotspot,40.9,Moderate,45.65,44.55,12.9,Photochemical smog,"Immediate intervention: Control NOx and VOC sources, reduce peak-hour emissions, and issue ozone/smog exposure advisories.",18.614767,73.799516
304,Maharashtra,Badlapur,"Katrap, Badlapur - MPCB",312.13,Very Poor,313.34535597797367,Very Poor,1.2153559779736725,Stable,Critical forecast hotspot,40.84,Moderate,43.11,48.87,20.67,Biomass / fine-particle combustion,"Immediate intervention: Track open burning, control biomass combustion sources, increase public alerts, and strengthen fine-particle monitoring.",19.16485,73.23409
305,Haryana,Mandikhera,"General Hospital, Mandikhera(Nuh) - HSPCB",394.14,Very Poor,394.0220405445043,Very Poor,-0.11795945549567932,Stable,Critical forecast hotspot,40.77,Moderate,50.66,18.39,24.66,Photochemical smog,"Immediate intervention: Control NOx and VOC sources, reduce peak-hour emissions, and issue ozone/smog exposure advisories.",27.9002,76.9938
306,Madhya Pradesh,Pithampur,"Sector-2 Industrial Area, Pithampur - MPPCB",152.21,Moderate,358.5385571611833,Very Poor,206.32855716118328,Increasing,Critical forecast hotspot,40.74,Moderate,37.11,42.37,24.1,Photochemical smog,"Immediate intervention: Control NOx and VOC sources, reduce peak-hour emissions, and issue ozone/smog exposure advisories.",22.624758,75.675238
307,Chhattisgarh,Raipur,"Bhatagaon New ISBT, Raipur - CECB",312.13,Very Poor,315.12698637726845,Very Poor,2.996986377268456,Stable,Critical forecast hotspot,40.73,Moderate,40.69,58.5,14.07,Biomass / fine-particle combustion,"Immediate intervention: Track open burning, control biomass combustion sources, increase public alerts, and strengthen fine-particle monitoring.",21.219665,81.630094
308,Maharashtra,Navi Mumbai,"Kopripada-Vashi, Navi Mumbai - MPCB",317.99,Very Poor,331.49627645810034,Very Poor,13.50627645810033,Stable,Critical forecast hotspot,40.67,Moderate,43.6,46.73,18.09,Biomass / fine-particle combustion,"Immediate intervention: Track open burning, control biomass combustion sources, increase public alerts, and strengthen fine-particle monitoring.",19.090337,73.014232
309,Odisha,Tensa,"Barsua Iron Ore Mines, Tensa - OSPCB",55.0,Satisfactory,364.563665933664,Very Poor,309.563665933664,Increasing,Critical forecast hotspot,40.6,Moderate,27.35,68.31,16.18,Construction / road dust,"Immediate intervention: Apply dust suppression, cover construction material, clean road dust, and enforce construction-site controls.",21.869985,85.167016
310,Telangana,Hyderabad,"Somajiguda, Hyderabad - TSPCB",300.0,Poor,313.2202698196355,Very Poor,13.220269819635519,Stable,Critical forecast hotspot,40.57,Moderate,44.04,44.74,22.29,Vehicular traffic,"Immediate intervention: Implement traffic flow control, reduce idling zones, strengthen public transport diversion, and prioritize roadside monitoring.",17.417094,78.457437
311,Uttar Pradesh,Agra,"Sector-3B Avas Vikas Colony, Agra - UPPCB",300.0,Poor,306.3498079881847,Very Poor,6.349807988184693,Stable,Critical forecast hotspot,40.53,Moderate,45.44,38.69,27.26,Photochemical smog,"Immediate intervention: Control NOx and VOC sources, reduce peak-hour emissions, and issue ozone/smog exposure advisories.",27.19412,77.96237
311,Uttarakhand,Dehradun,"Doon University, Dehradun - UKPCB",200.0,Moderate,212.52031147223155,Poor,12.520311472231555,Stable,High forecast hotspot,40.53,Moderate,36.51,73.89,22.74,Biomass / fine-particle combustion,"High-priority intervention: Track open burning, control biomass combustion sources, increase public alerts, and strengthen fine-particle monitoring.",30.269444,78.044167
312,Karnataka,Bengaluru,"Sanegurava Halli, Bengaluru - KSPCB",323.85,Very Poor,325.78335190528657,Very Poor,1.9333519052865427,Stable,Critical forecast hotspot,40.49,Moderate,42.64,51.67,15.15,Vehicular traffic,"Immediate intervention: Implement traffic flow control, reduce idling zones, strengthen public transport diversion, and prioritize roadside monitoring.",12.990328,77.5431385
313,West Bengal,Howrah,"Belur Math, Howrah - WBPCB",256.96,Poor,266.611604962117,Poor,9.651604962117005,Stable,High forecast hotspot,40.36,Moderate,36.34,69.3,16.66,Biomass / fine-particle combustion,"High-priority intervention: Track open burning, control biomass combustion sources, increase public alerts, and strengthen fine-particle monitoring.",22.629801,88.352017
314,Andhra Pradesh,Guntur,"Rajendra Nagar North, Guntur - APPCB",271.3,Poor,302.8973136534546,Very Poor,31.59731365345459,Increasing,Critical forecast hotspot,40.21,Moderate,40.67,43.34,27.87,Photochemical smog,"Immediate intervention: Control NOx and VOC sources, reduce peak-hour emissions, and issue ozone/smog exposure advisories.",16.316553,80.413302
315,Maharashtra,Mumbai,"Byculla, Mumbai - BMC",312.13,Very Poor,328.4092961551809,Very Poor,16.27929615518093,Stable,Critical forecast hotspot,40.19,Moderate,42.76,51.03,13.95,Vehicular traffic,"Immediate intervention: Implement traffic flow control, reduce idling zones, strengthen public transport diversion, and prioritize roadside monitoring.",18.9767,72.838
316,Maharashtra,Pune,"Savitribai Phule Pune University, Pune - MPCB",353.14,Very Poor,353.55763953207304,Very Poor,0.4176395320730535,Stable,Critical forecast hotspot,39.97,Low,45.67,43.66,11.96,Vehicular traffic,"Immediate intervention: Implement traffic flow control, reduce idling zones, strengthen public transport diversion, and prioritize roadside monitoring.",18.547056,73.826908
317,Delhi,Delhi,"Dr. Karni Singh Shooting Range, Delhi - DPCC",347.28,Very Poor,356.4521557462863,Very Poor,9.172155746286307,Stable,Critical forecast hotspot,39.85,Low,48.12,34.99,15.96,Vehicular traffic,"Immediate intervention: Implement traffic flow control, reduce idling zones, strengthen public transport diversion, and prioritize roadside monitoring.",28.498571,77.26484
318,Maharashtra,Nanded,"Sneh Nagar, Nanded - MPCB",323.85,Very Poor,322.8233945087797,Very Poor,-1.026605491220323,Stable,Critical forecast hotspot,39.75,Low,42.04,42.33,21.95,Photochemical smog,"Immediate intervention: Control NOx and VOC sources, reduce peak-hour emissions, and issue ozone/smog exposure advisories.",19.173852,77.296291
319,Rajasthan,Karauli,"Satyawati Vihar, Karauli - RSPCB",306.27,Very Poor,329.7768274144495,Very Poor,23.506827414449504,Stable,Critical forecast hotspot,39.68,Low,45.71,23.62,33.04,Photochemical smog,"Immediate intervention: Control NOx and VOC sources, reduce peak-hour emissions, and issue ozone/smog exposure advisories.",26.506177,77.025989
320,Tripura,Agartala,"Bardowali, Agartala - Tripura SPCB",341.42,Very Poor,346.637438778878,Very Poor,5.217438778877977,Stable,Critical forecast hotspot,39.37,Low,45.59,29.06,24.18,Photochemical smog,"Immediate intervention: Control NOx and VOC sources, reduce peak-hour emissions, and issue ozone/smog exposure advisories.",23.8175497,91.2726974
321,Bihar,Muzaffarpur,"Muzaffarpur Collectorate, Muzaffarpur - BSPCB",242.61,Poor,236.7562589112743,Poor,-5.853741088725712,Stable,High forecast hotspot,39.33,Low,36.21,68.47,18.76,Photochemical smog,"High-priority intervention: Control NOx and VOC sources, reduce peak-hour emissions, and issue ozone/smog exposure advisories.",26.1209,85.3647
322,Uttar Pradesh,Firozabad,"Nagla Bhau, Firozabad - UPPCB",323.85,Very Poor,323.70098141737867,Very Poor,-0.14901858262135192,Stable,Critical forecast hotspot,39.19,Low,43.8,39.02,20.73,Photochemical smog,"Immediate intervention: Control NOx and VOC sources, reduce peak-hour emissions, and issue ozone/smog exposure advisories.",27.168897,78.37696
323,Telangana,Hyderabad,"Ramachandrapuram, Hyderabad - TSPCB",306.27,Very Poor,306.4581969079328,Very Poor,0.18819690793282007,Stable,Critical forecast hotspot,39.15,Low,43.19,38.06,25.27,Vehicular traffic,"Immediate intervention: Implement traffic flow control, reduce idling zones, strengthen public transport diversion, and prioritize roadside monitoring.",17.528544,78.286195
324,Madhya Pradesh,Gwalior,"City Center, Gwalior - MPPCB",341.42,Very Poor,349.05843756516845,Very Poor,7.638437565168431,Stable,Critical forecast hotspot,39.12,Low,46.07,24.06,26.75,Photochemical smog,"Immediate intervention: Control NOx and VOC sources, reduce peak-hour emissions, and issue ozone/smog exposure advisories.",26.203442,78.193251
325,Haryana,Narnaul,"Shastri Nagar, Narnaul - HSPCB",304.07,Very Poor,305.0617058292992,Very Poor,0.9917058292992351,Stable,Critical forecast hotspot,39.07,Low,48.46,15.12,38.93,Photochemical smog,"Immediate intervention: Control NOx and VOC sources, reduce peak-hour emissions, and issue ozone/smog exposure advisories.",28.060249,76.113115
326,Karnataka,Chamarajanagar,"Urban, Chamarajanagar - KSPCB",329.7,Very Poor,326.5241282823438,Very Poor,-3.1758717176562072,Stable,Critical forecast hotspot,39.01,Low,42.26,40.38,19.89,Biomass / fine-particle combustion,"Immediate intervention: Track open burning, control biomass combustion sources, increase public alerts, and strengthen fine-particle monitoring.",11.55358,76.55521
327,Andhra Pradesh,Machilipatnam,"Srinivas Nagar Colony, Machilipatnam - APPCB",317.99,Very Poor,343.04371110270046,Very Poor,25.053711102700447,Increasing,Critical forecast hotspot,38.98,Low,43.89,30.5,23.92,Photochemical smog,"Immediate intervention: Control NOx and VOC sources, reduce peak-hour emissions, and issue ozone/smog exposure advisories.",16.186555,81.13219
328,Maharashtra,Mumbai,"Chembur, Mumbai - MPCB",312.13,Very Poor,309.6133898529771,Very Poor,-2.5166101470229023,Stable,Critical forecast hotspot,38.9,Low,41.41,51.03,13.99,Vehicular traffic,"Immediate intervention: Implement traffic flow control, reduce idling zones, strengthen public transport diversion, and prioritize roadside monitoring.",19.0364585,72.8954371
329,Odisha,Rairangpur,"Divisional Forest Office, Rairangpur - OSPCB",271.3,Poor,280.69233700287305,Poor,9.392337002873035,Stable,High forecast hotspot,38.81,Low,36.91,61.05,15.11,Biomass / fine-particle combustion,"High-priority intervention: Track open burning, control biomass combustion sources, increase public alerts, and strengthen fine-particle monitoring.",22.265816,86.174829
330,Maharashtra,Nashik,"Gangapur Road, Nashik - MPCB",329.7,Very Poor,328.4747491486644,Very Poor,-1.225250851335602,Stable,Critical forecast hotspot,38.79,Low,44.87,40.93,15.4,Vehicular traffic,"Immediate intervention: Implement traffic flow control, reduce idling zones, strengthen public transport diversion, and prioritize roadside monitoring.",20.0073285,73.7762427
331,Maharashtra,Mumbai,"Sion, Mumbai - MPCB",306.27,Very Poor,305.52490922341013,Very Poor,-0.7450907765898478,Stable,Critical forecast hotspot,38.72,Low,40.56,51.03,15.13,Vehicular traffic,"Immediate intervention: Implement traffic flow control, reduce idling zones, strengthen public transport diversion, and prioritize roadside monitoring.",19.047,72.8746
332,West Bengal,Asansol,"Asansol Court Area, Asansol - WBPCB",285.65,Poor,289.0545722117665,Poor,3.404572211766549,Stable,High forecast hotspot,38.69,Low,40.26,48.42,20.7,Photochemical smog,"High-priority intervention: Control NOx and VOC sources, reduce peak-hour emissions, and issue ozone/smog exposure advisories.",23.685297,86.945968
333,Maharashtra,Belapur,"CBD Belapur, Belapur - MPCB",285.65,Poor,303.5581784585227,Very Poor,17.90817845852274,Stable,Critical forecast hotspot,38.58,Low,40.21,42.78,22.72,Biomass / fine-particle combustion,"Immediate intervention: Track open burning, control biomass combustion sources, increase public alerts, and strengthen fine-particle monitoring.",19.0243902,73.0406721
334,Karnataka,Chikkaballapur,"Chikkaballapur Rural, Chikkaballapur - KSPCB",347.28,Very Poor,344.65174623936315,Very Poor,-2.6282537606368237,Stable,Critical forecast hotspot,38.43,Low,42.67,34.7,19.11,Construction / road dust,"Immediate intervention: Apply dust suppression, cover construction material, clean road dust, and enforce construction-site controls.",13.428828,77.731418
335,West Bengal,Durgapur,"Mahishkapur Road_B-Zone, Durgapur - WBPCB",30.0,Good,490.0747070296515,Severe,460.0747070296515,Increasing,Critical forecast hotspot,38.05,Low,29.65,41.99,12.57,Construction / road dust,"Immediate intervention: Apply dust suppression, cover construction material, clean road dust, and enforce construction-site controls.",23.567923,87.306843
336,Maharashtra,Nagpur,"Ambazari, Nagpur - MPCB",271.3,Poor,274.25774388286817,Poor,2.957743882868158,Stable,High forecast hotspot,38.0,Low,39.28,49.54,20.88,Vehicular traffic,"High-priority intervention: Implement traffic flow control, reduce idling zones, strengthen public transport diversion, and prioritize roadside monitoring.",21.121801,79.04952
337,Gujarat,Gandhinagar,"Sector-10, Gandhinagar - GPCB",317.99,Very Poor,314.1439420781877,Very Poor,-3.846057921812303,Stable,Critical forecast hotspot,37.9,Low,41.32,48.62,11.64,Photochemical smog,"Immediate intervention: Control NOx and VOC sources, reduce peak-hour emissions, and issue ozone/smog exposure advisories.",23.221714,72.654328
338,Jammu and Kashmir,Srinagar,"Rajbagh, Srinagar - JKPCC",271.3,Poor,265.5073091540362,Poor,-5.7926908459638184,Stable,High forecast hotspot,37.86,Low,36.5,63.94,11.86,Biomass / fine-particle combustion,"High-priority intervention: Track open burning, control biomass combustion sources, increase public alerts, and strengthen fine-particle monitoring.",34.066206,74.81982
339,Uttar Pradesh,Baghpat,"Sardar Patel Inter College, Baghpat - UPPCB",256.96,Poor,262.0436489368969,Poor,5.083648936896907,Stable,High forecast hotspot,37.84,Low,37.59,47.7,26.08,Photochemical smog,"High-priority intervention: Control NOx and VOC sources, reduce peak-hour emissions, and issue ozone/smog exposure advisories.",28.964949,77.278761
339,Maharashtra,Ulhasnagar,"Vithalwadi, Ulhasnagar - MPCB",329.7,Very Poor,327.261847064223,Very Poor,-2.4381529357769978,Stable,Critical forecast hotspot,37.84,Low,40.94,45.17,12.64,Photochemical smog,"Immediate intervention: Control NOx and VOC sources, reduce peak-hour emissions, and issue ozone/smog exposure advisories.",19.2307571,73.155192
340,Haryana,Bhiwani,"H.B. Colony, Bhiwani - HSPCB",312.13,Very Poor,314.02529784214244,Very Poor,1.8952978421424405,Stable,Critical forecast hotspot,37.79,Low,46.36,24.51,27.39,Biomass / fine-particle combustion,"Immediate intervention: Track open burning, control biomass combustion sources, increase public alerts, and strengthen fine-particle monitoring.",28.806223,76.141105
341,Maharashtra,Mira-Bhayandar,"Bhayandar West, Mira-Bhayandar - MPCB",300.0,Poor,314.92356893585105,Very Poor,14.923568935851051,Stable,Critical forecast hotspot,37.71,Low,39.23,51.6,10.63,Biomass / fine-particle combustion,"Immediate intervention: Track open burning, control biomass combustion sources, increase public alerts, and strengthen fine-particle monitoring.",19.296481,72.840923
342,Madhya Pradesh,Bhopal,"T T Nagar, Bhopal - MPPCB",91.0,Satisfactory,374.6895245899469,Very Poor,283.6895245899469,Increasing,Critical forecast hotspot,37.69,Low,30.79,39.51,24.04,Construction / road dust,"Immediate intervention: Apply dust suppression, cover construction material, clean road dust, and enforce construction-site controls.",23.233584,77.400574
343,West Bengal,Durgapur,"Womens College_City Center, Durgapur - WBPCB",306.27,Very Poor,303.5302371253072,Very Poor,-2.739762874692758,Stable,Critical forecast hotspot,37.61,Low,38.9,41.99,21.24,Biomass / fine-particle combustion,"Immediate intervention: Track open burning, control biomass combustion sources, increase public alerts, and strengthen fine-particle monitoring.",23.549395,87.300496
344,Uttar Pradesh,Mathura,"Pali Dungra, Mathura - UPPCB",300.0,Poor,308.47676254488,Very Poor,8.476762544879989,Stable,Critical forecast hotspot,37.42,Low,42.33,33.62,23.35,Photochemical smog,"Immediate intervention: Control NOx and VOC sources, reduce peak-hour emissions, and issue ozone/smog exposure advisories.",27.410954,77.550619
345,Telangana,Hyderabad,"ECIL Kapra, Hyderabad - TSPCB",271.3,Poor,294.76243973757164,Poor,23.46243973757163,Stable,High forecast hotspot,37.37,Low,39.52,43.98,19.52,Vehicular traffic,"High-priority intervention: Implement traffic flow control, reduce idling zones, strengthen public transport diversion, and prioritize roadside monitoring.",17.470431,78.566959
346,Uttar Pradesh,Hapur,"Anand Vihar, Hapur - UPPCB",114.66,Moderate,314.114328634383,Very Poor,199.45432863438302,Increasing,Critical forecast hotspot,37.32,Low,30.47,44.16,25.31,Construction / road dust,"Immediate intervention: Apply dust suppression, cover construction material, clean road dust, and enforce construction-site controls.",28.725645,77.749675
347,Uttar Pradesh,Prayagraj,"Nagar Nigam, Prayagraj - UPPCB",256.96,Poor,265.3049953571436,Poor,8.344995357143603,Stable,High forecast hotspot,37.24,Low,35.08,61.89,13.34,Biomass / fine-particle combustion,"High-priority intervention: Track open burning, control biomass combustion sources, increase public alerts, and strengthen fine-particle monitoring.",25.44919916,81.82735986
348,Rajasthan,Khairthal,"New Anaj Mandi, Khairthal - RSPCB",306.27,Very Poor,309.2670146538914,Very Poor,2.9970146538914264,Stable,Critical forecast hotspot,37.23,Low,44.92,19.87,31.93,Photochemical smog,"Immediate intervention: Control NOx and VOC sources, reduce peak-hour emissions, and issue ozone/smog exposure advisories.",27.8015617,76.6365217
349,Maharashtra,Bhiwandi,"Gokul Nagar, Bhiwandi - MPCB",228.26,Poor,264.2608022996484,Poor,36.0008022996484,Increasing,High forecast hotspot,37.1,Low,34.08,54.43,20.75,Biomass / fine-particle combustion,"High-priority intervention: Track open burning, control biomass combustion sources, increase public alerts, and strengthen fine-particle monitoring.",19.309073,73.057223
350,Karnataka,Chikkamagaluru,"Kalyana Nagara, Chikkamagaluru - KSPCB",271.3,Poor,272.6648683507349,Poor,1.3648683507348665,Stable,High forecast hotspot,37.0,Low,36.67,47.14,22.58,Biomass / fine-particle combustion,"High-priority intervention: Track open burning, control biomass combustion sources, increase public alerts, and strengthen fine-particle monitoring.",13.328028,75.797056
350,Madhya Pradesh,Damoh,"Shrivastav Colony, Damoh - MPPCB",323.85,Very Poor,296.22681087577115,Poor,-27.623189124228873,Decreasing,Critical current hotspot,37.0,Low,40.5,42.28,16.71,Biomass / fine-particle combustion,"Immediate intervention: Track open burning, control biomass combustion sources, increase public alerts, and strengthen fine-particle monitoring.",23.81748678,79.446246
351,Maharashtra,Nashik,"MIDC Ambad, Nashik - MPCB",271.3,Poor,278.7355308110518,Poor,7.435530811051763,Stable,High forecast hotspot,36.8,Low,39.23,44.49,20.2,Construction / road dust,"High-priority intervention: Apply dust suppression, cover construction material, clean road dust, and enforce construction-site controls.",19.95022,73.73148
352,Madhya Pradesh,Maihar,"Sahilara, Maihar - KJS Cements",329.7,Very Poor,326.8073201819459,Very Poor,-2.8926798180540914,Stable,Critical forecast hotspot,36.76,Low,39.54,42.38,12.76,Insufficient pollutant signal,Immediate intervention: Improve pollutant data completeness and continue monitoring before assigning a source-specific intervention.,24.2613009,80.7231783
353,Jammu and Kashmir,Srinagar,"Khunmoh, Srinagar - JKPCC",201.0,Poor,193.91129472228988,Moderate,-7.088705277710119,Stable,High current hotspot,36.72,Low,35.1,61.59,24.12,Construction / road dust,"High-priority intervention: Apply dust suppression, cover construction material, clean road dust, and enforce construction-site controls.",34.06313,74.96017
354,Rajasthan,Churu,"Subash Chowk, Churu - RSPCB",312.13,Very Poor,327.30680871712565,Very Poor,15.176808717125652,Stable,Critical forecast hotspot,36.5,Low,41.48,22.52,27.45,Construction / road dust,"Immediate intervention: Apply dust suppression, cover construction material, clean road dust, and enforce construction-site controls.",28.296139,74.961696
355,Chhattisgarh,Milupara,"Govt. Higher Secondary School, Milupara - CECB",162.41,Moderate,180.46555466934404,Moderate,18.055554669344048,Stable,Watchlist,36.44,Low,27.19,80.33,18.05,Biomass / fine-particle combustion,"Routine monitoring: Track open burning, control biomass combustion sources, increase public alerts, and strengthen fine-particle monitoring.",22.1910172,83.5197009
356,Bihar,Patna,"IGSC Planetarium Complex, Patna - BSPCB",149.87,Moderate,149.97088888888933,Moderate,0.10088888888932956,Stable,Watchlist,36.41,Low,29.77,79.67,21.16,Photochemical smog,"Routine monitoring: Control NOx and VOC sources, reduce peak-hour emissions, and issue ozone/smog exposure advisories.",25.610369,85.132568
357,Madhya Pradesh,Dewas,"Bhopal Chauraha, Dewas - MPPCB",109.0,Moderate,301.5443426042629,Very Poor,192.5443426042629,Increasing,Critical forecast hotspot,36.23,Low,26.77,39.63,31.81,Photochemical smog,"Immediate intervention: Control NOx and VOC sources, reduce peak-hour emissions, and issue ozone/smog exposure advisories.",22.9682591,76.064118
358,Maharashtra,Pune,"Revenue Colony-Shivajinagar, Pune - IITM",300.0,Poor,312.54200181273285,Very Poor,12.542001812732849,Stable,Critical forecast hotspot,36.08,Low,39.89,43.66,11.37,Construction / road dust,"Immediate intervention: Apply dust suppression, cover construction material, clean road dust, and enforce construction-site controls.",18.530085,73.849598
359,Maharashtra,Solapur,"Ratandeep Housing Society, Solapur - MPCB",306.27,Very Poor,328.745514006599,Very Poor,22.47551400659904,Stable,Critical forecast hotspot,35.88,Low,39.42,36.85,14.32,Biomass / fine-particle combustion,"Immediate intervention: Track open burning, control biomass combustion sources, increase public alerts, and strengthen fine-particle monitoring.",17.65439,75.90649
360,Uttar Pradesh,Gorakhpur,"Madan Mohan Malaviya University of Technology, Gorakhpur - UPPCB",137.34,Moderate,138.27884019841227,Moderate,0.9388401984122652,Stable,Watchlist,35.8,Low,22.99,88.06,21.18,Photochemical smog,"Routine monitoring: Control NOx and VOC sources, reduce peak-hour emissions, and issue ozone/smog exposure advisories.",26.730136,83.433859
361,Maharashtra,Nagpur,"Ram Nagar, Nagpur - MPCB",242.61,Poor,248.1972163419917,Poor,5.587216341991677,Stable,High forecast hotspot,35.7,Low,35.99,49.54,20.75,Vehicular traffic,"High-priority intervention: Implement traffic flow control, reduce idling zones, strengthen public transport diversion, and prioritize roadside monitoring.",21.143383,79.048912
362,Karnataka,Madikeri,"Stuart Hill, Madikeri - KSPCB",242.61,Poor,238.2640498015876,Poor,-4.3459501984124245,Stable,High forecast hotspot,35.08,Low,32.14,61.32,13.77,Biomass / fine-particle combustion,"High-priority intervention: Track open burning, control biomass combustion sources, increase public alerts, and strengthen fine-particle monitoring.",12.415911,75.73505
363,Maharashtra,Malegaon,"Mahesh Nagar, Malegaon - MPCB",271.3,Poor,279.2868423757853,Poor,7.9868423757852725,Stable,High forecast hotspot,34.82,Low,38.83,33.93,22.63,Biomass / fine-particle combustion,"High-priority intervention: Track open burning, control biomass combustion sources, increase public alerts, and strengthen fine-particle monitoring.",20.555712,74.529236
364,Maharashtra,Navi Mumbai,"Tondare-Taloja, Navi Mumbai - MPCB",256.96,Poor,264.7357357407414,Poor,7.775735740741425,Stable,High forecast hotspot,34.81,Low,33.87,48.38,17.9,Photochemical smog,"High-priority intervention: Control NOx and VOC sources, reduce peak-hour emissions, and issue ozone/smog exposure advisories.",19.063,73.1209
365,Assam,Guwahati,"IITG, Guwahati - PCBA",162.41,Moderate,160.60596489418035,Moderate,-1.8040351058196507,Stable,Watchlist,34.61,Low,24.66,89.31,9.55,Biomass / fine-particle combustion,"Routine monitoring: Track open burning, control biomass combustion sources, increase public alerts, and strengthen fine-particle monitoring.",26.2028636,91.70046436
366,Nagaland,Kohima,"PWD Junction, Kohima - NPCB",124.81,Moderate,138.8727958333329,Moderate,14.062795833332899,Stable,Watchlist,34.57,Low,22.17,96.59,10.45,Vehicular traffic,"Routine monitoring: Implement traffic flow control, reduce idling zones, strengthen public transport diversion, and prioritize roadside monitoring.",25.6635413,94.0989878
367,Rajasthan,Sawai Madhopur,"Sahu Nagar, Sawai Madhopur - RSPCB",285.65,Poor,292.6371889055057,Poor,6.987188905505718,Stable,High forecast hotspot,34.53,Low,37.31,26.34,27.68,Photochemical smog,"High-priority intervention: Control NOx and VOC sources, reduce peak-hour emissions, and issue ozone/smog exposure advisories.",26.031443,76.359327
368,Maharashtra,Amravati,"Shri Shivaji Science College, Amravati - MPCB",306.27,Very Poor,310.09352031283373,Very Poor,3.8235203128337503,Stable,Critical forecast hotspot,34.4,Low,38.34,33.56,16.42,Photochemical smog,"Immediate intervention: Control NOx and VOC sources, reduce peak-hour emissions, and issue ozone/smog exposure advisories.",20.939198,77.765701
369,Karnataka,Bengaluru,"Hebbal, Bengaluru - KSPCB",285.65,Poor,253.7699428896108,Poor,-31.880057110389174,Decreasing,High forecast hotspot,34.38,Low,35.12,49.34,14.1,Vehicular traffic,"High-priority intervention: Implement traffic flow control, reduce idling zones, strengthen public transport diversion, and prioritize roadside monitoring.",13.029152,77.585901
369,Maharashtra,Mumbai,"Kandivali West, Mumbai - BMC",228.26,Poor,271.63888952380955,Poor,43.37888952380956,Increasing,High forecast hotspot,34.38,Low,33.33,52.24,12.08,Vehicular traffic,"High-priority intervention: Implement traffic flow control, reduce idling zones, strengthen public transport diversion, and prioritize roadside monitoring.",19.215859,72.831718
370,Rajasthan,Bhiwadi,"Vasundhara Nagar_UIT, Bhiwadi - RSPCB",300.0,Poor,291.7498271739674,Poor,-8.25017282603261,Stable,High forecast hotspot,34.36,Low,40.47,21.94,27.13,Photochemical smog,"High-priority intervention: Control NOx and VOC sources, reduce peak-hour emissions, and issue ozone/smog exposure advisories.",28.207266,76.829265
371,Rajasthan,Hanumangarh,"Housing Board, Hanumangarh - RSPCB",300.0,Poor,302.8302089026638,Very Poor,2.8302089026637987,Stable,Critical forecast hotspot,34.17,Low,37.35,32.1,19.32,Photochemical smog,"Immediate intervention: Control NOx and VOC sources, reduce peak-hour emissions, and issue ozone/smog exposure advisories.",29.61075,74.283608
372,Rajasthan,Bundi,"New Colony, Bundi - RSPCB",256.96,Poor,269.5198265800869,Poor,12.559826580086906,Stable,High forecast hotspot,34.13,Low,34.34,37.63,23.61,Photochemical smog,"High-priority intervention: Control NOx and VOC sources, reduce peak-hour emissions, and issue ozone/smog exposure advisories.",25.435774,75.644272
373,Karnataka,Vijayapura,"Ibrahimpur, Vijayapura - KSPCB",329.7,Very Poor,336.24721395607526,Very Poor,6.547213956075268,Stable,Critical forecast hotspot,33.73,Low,39.51,26.81,13.91,Photochemical smog,"Immediate intervention: Control NOx and VOC sources, reduce peak-hour emissions, and issue ozone/smog exposure advisories.",16.802639,75.722694
374,Maharashtra,Ambernath,"Chinchpada, Ambernath - MPCB",242.61,Poor,268.8752053371663,Poor,26.265205337166265,Increasing,High forecast hotspot,33.61,Low,33.24,45.17,16.21,Biomass / fine-particle combustion,"High-priority intervention: Track open burning, control biomass combustion sources, increase public alerts, and strengthen fine-particle monitoring.",19.215784,73.199781
375,Karnataka,Bagalkot,"Vidayagiri, Bagalkot - KSPCB",341.42,Very Poor,324.2126415410329,Very Poor,-17.20735845896712,Stable,Critical forecast hotspot,33.46,Low,40.12,24.56,15.39,Photochemical smog,"Immediate intervention: Control NOx and VOC sources, reduce peak-hour emissions, and issue ozone/smog exposure advisories.",16.172806,75.659694
376,Uttar Pradesh,Bareilly,"Rajendra Nagar, Bareilly - UPPCB",174.94,Moderate,185.48219254606747,Moderate,10.542192546067469,Stable,Watchlist,33.38,Low,25.7,76.53,10.85,Biomass / fine-particle combustion,"Routine monitoring: Track open burning, control biomass combustion sources, increase public alerts, and strengthen fine-particle monitoring.",28.38910936,79.42963708
377,Maharashtra,Beed,"Bir, Beed - MPCB",256.96,Poor,290.8056960303483,Poor,33.845696030348336,Increasing,High forecast hotspot,33.36,Low,33.64,38.64,16.71,Photochemical smog,"High-priority intervention: Control NOx and VOC sources, reduce peak-hour emissions, and issue ozone/smog exposure advisories.",18.988474,75.753873
377,Uttar Pradesh,Khurja,"Kalindi Kunj, Khurja - UPPCB",271.3,Poor,279.8182113494917,Poor,8.518211349491708,Stable,High forecast hotspot,33.36,Low,35.09,39.38,16.47,Photochemical smog,"High-priority intervention: Control NOx and VOC sources, reduce peak-hour emissions, and issue ozone/smog exposure advisories.",28.2348927,77.8683002
378,Rajasthan,Dholpur,"Raja Ganj, Dholpur - RSPCB",323.85,Very Poor,333.56107268553103,Very Poor,9.711072685531008,Stable,Critical forecast hotspot,33.32,Low,40.65,22.5,15.43,Photochemical smog,"Immediate intervention: Control NOx and VOC sources, reduce peak-hour emissions, and issue ozone/smog exposure advisories.",26.699557,77.898881
379,Rajasthan,Nagaur,"Karni Colony, Nagaur - RSPCB",306.27,Very Poor,292.53737979954843,Poor,-13.73262020045155,Stable,Critical current hotspot,33.28,Low,37.75,28.2,20.08,Photochemical smog,"Immediate intervention: Control NOx and VOC sources, reduce peak-hour emissions, and issue ozone/smog exposure advisories.",27.213494,73.734444
380,Rajasthan,Bikaner,"MM Ground, Bikaner - RSPCB",256.96,Poor,290.9112428328691,Poor,33.95124283286913,Increasing,High forecast hotspot,33.23,Low,33.9,29.09,24.46,Photochemical smog,"High-priority intervention: Control NOx and VOC sources, reduce peak-hour emissions, and issue ozone/smog exposure advisories.",28.018792,73.292658
381,Rajasthan,Pratapgarh,"Pragati Nagar, Pratapgarh - RSPCB",300.0,Poor,302.5617433842314,Very Poor,2.56174338423142,Stable,Critical forecast hotspot,33.21,Low,37.0,28.18,19.69,Photochemical smog,"Immediate intervention: Control NOx and VOC sources, reduce peak-hour emissions, and issue ozone/smog exposure advisories.",24.041198,74.780702
382,Maharashtra,Thane,"Upvan Fort, Thane - MPCB",228.26,Poor,256.05026324074106,Poor,27.79026324074107,Increasing,High forecast hotspot,32.95,Low,30.61,55.54,9.73,Biomass / fine-particle combustion,"High-priority intervention: Track open burning, control biomass combustion sources, increase public alerts, and strengthen fine-particle monitoring.",19.222279,72.957979
383,Madhya Pradesh,Indore,"Maguda Nagar, Indore - IMC",300.0,Poor,291.8027314907124,Poor,-8.197268509287596,Stable,High forecast hotspot,32.72,Low,37.1,37.79,10.57,Vehicular traffic,"High-priority intervention: Implement traffic flow control, reduce idling zones, strengthen public transport diversion, and prioritize roadside monitoring.",22.7524,75.8872
384,Odisha,Suakati,"OMC Colony, Suakati - OSPCB",174.94,Moderate,178.48759826797448,Moderate,3.547598267974479,Stable,Watchlist,32.65,Low,27.09,54.92,27.25,Construction / road dust,"Routine monitoring: Apply dust suppression, cover construction material, clean road dust, and enforce construction-site controls.",21.606865,85.510538
385,Maharashtra,Mumbai,"Bandra Kurla Complex, Mumbai - IITM",200.0,Moderate,220.6758862831232,Poor,20.67588628312319,Stable,High forecast hotspot,32.62,Low,28.97,57.23,15.24,Vehicular traffic,"High-priority intervention: Implement traffic flow control, reduce idling zones, strengthen public transport diversion, and prioritize roadside monitoring.",19.053536,72.84643
386,Uttar Pradesh,Prayagraj,"Motilal Nehru NIT, Prayagraj - UPPCB",149.87,Moderate,152.73981746031785,Moderate,2.8698174603178472,Stable,Watchlist,32.61,Low,23.93,77.21,15.33,Biomass / fine-particle combustion,"Routine monitoring: Track open burning, control biomass combustion sources, increase public alerts, and strengthen fine-particle monitoring.",25.494,81.863
387,Telangana,Hyderabad,"Kompally Municipal Office, Hyderabad - TSPCB",242.61,Poor,236.0032904557485,Poor,-6.606709544251515,Stable,High forecast hotspot,32.54,Low,33.5,42.07,20.33,Vehicular traffic,"High-priority intervention: Implement traffic flow control, reduce idling zones, strengthen public transport diversion, and prioritize roadside monitoring.",17.544899,78.486949
388,Rajasthan,Banswara,"Rati Talai, Banswara - RSPCB",187.47,Moderate,198.33889672584465,Moderate,10.86889672584465,Stable,Watchlist,32.52,Low,29.95,45.95,27.95,Photochemical smog,"Routine monitoring: Control NOx and VOC sources, reduce peak-hour emissions, and issue ozone/smog exposure advisories.",23.55519,74.44001
389,Karnataka,Bengaluru,"Jayanagar 5th Block, Bengaluru - KSPCB",187.47,Moderate,183.64816878709465,Moderate,-3.8218312129053515,Stable,Watchlist,32.12,Low,28.77,54.02,23.01,Vehicular traffic,"Routine monitoring: Implement traffic flow control, reduce idling zones, strengthen public transport diversion, and prioritize roadside monitoring.",12.920984,77.584908
390,Karnataka,Mangalore,"Kadri, Mangalore - KSPCB",83.1,Satisfactory,83.67969777777766,Satisfactory,0.5796977777776675,Stable,Watchlist,32.06,Low,19.5,85.4,23.44,Photochemical smog,"Routine monitoring: Control NOx and VOC sources, reduce peak-hour emissions, and issue ozone/smog exposure advisories.",12.88925,74.853
391,Uttar Pradesh,Agra,"Shastripuram, Agra - UPPCB",256.96,Poor,259.040390569986,Poor,2.0803905699860366,Stable,High forecast hotspot,31.96,Low,35.21,38.79,15.39,Photochemical smog,"High-priority intervention: Control NOx and VOC sources, reduce peak-hour emissions, and issue ozone/smog exposure advisories.",27.19862,77.92066
392,Puducherry,Puducherry,"Jawahar Nagar, Puducherry - PPCC",285.65,Poor,291.0697894257713,Poor,5.4197894257713415,Stable,High forecast hotspot,31.87,Low,34.89,32.76,15.03,Photochemical smog,"High-priority intervention: Control NOx and VOC sources, reduce peak-hour emissions, and issue ozone/smog exposure advisories.",11.9309,79.8027
393,Rajasthan,Jalore,"Mudtra Sili, Jalore - RSPCB",256.96,Poor,284.34954630680056,Poor,27.389546306800582,Increasing,High forecast hotspot,31.74,Low,33.52,29.9,19.84,Photochemical smog,"High-priority intervention: Control NOx and VOC sources, reduce peak-hour emissions, and issue ozone/smog exposure advisories.",25.344694,72.626208
394,Maharashtra,Mumbai,"Siddharth Nagar-Worli, Mumbai - IITM",213.91,Poor,201.29391927538137,Poor,-12.616080724618627,Stable,High forecast hotspot,31.68,Low,29.84,51.03,19.14,Vehicular traffic,"High-priority intervention: Implement traffic flow control, reduce idling zones, strengthen public transport diversion, and prioritize roadside monitoring.",19.000083,72.813993
395,Rajasthan,Sikar,"Radhakishan Pura, Sikar - RSPCB",242.61,Poor,260.8900854689758,Poor,18.280085468975813,Stable,High forecast hotspot,31.28,Low,33.2,27.58,24.82,Photochemical smog,"High-priority intervention: Control NOx and VOC sources, reduce peak-hour emissions, and issue ozone/smog exposure advisories.",27.608912,75.153302
396,Chhattisgarh,Korba,"Rampur, Korba - CECB",137.34,Moderate,156.96631880952418,Moderate,19.62631880952418,Stable,Watchlist,31.06,Low,21.68,72.89,15.15,Biomass / fine-particle combustion,"Routine monitoring: Track open burning, control biomass combustion sources, increase public alerts, and strengthen fine-particle monitoring.",22.368195,82.746431
396,Andhra Pradesh,Tirumala,"Toll Gate, Tirumala - APPCB",162.41,Moderate,192.23700955618023,Moderate,29.82700955618023,Increasing,Emerging hotspot,31.06,Low,25.83,43.76,30.18,Photochemical smog,"Preventive intervention: Control NOx and VOC sources, reduce peak-hour emissions, and issue ozone/smog exposure advisories.",13.67,79.35
397,Maharashtra,Akola,"Ramdaspeth, Akola - MPCB",285.65,Poor,303.76434743148207,Very Poor,18.114347431482088,Stable,Critical forecast hotspot,30.99,Low,36.08,19.8,19.71,Photochemical smog,"Immediate intervention: Control NOx and VOC sources, reduce peak-hour emissions, and issue ozone/smog exposure advisories.",20.719516,77.000253
398,Bihar,Samastipur,"DM Office_Kasipur, Samastipur - BSPCB",124.81,Moderate,134.72188738095235,Moderate,9.91188738095235,Stable,Watchlist,30.82,Low,22.12,71.87,18.72,Biomass / fine-particle combustion,"Routine monitoring: Track open burning, control biomass combustion sources, increase public alerts, and strengthen fine-particle monitoring.",25.859655,85.77944
399,Maharashtra,Mumbai,"Chakala-Andheri East, Mumbai - IITM",200.0,Moderate,194.3608338974116,Moderate,-5.639166102588405,Stable,Watchlist,30.77,Low,27.68,57.23,14.29,Vehicular traffic,"Routine monitoring: Implement traffic flow control, reduce idling zones, strengthen public transport diversion, and prioritize roadside monitoring.",19.11074,72.86084
400,Rajasthan,Jodhpur,"Mandor, Jodhpur - RSPCB",256.96,Poor,268.3489474443279,Poor,11.388947444327925,Stable,High forecast hotspot,30.73,Low,32.79,29.65,20.05,Photochemical smog,"High-priority intervention: Control NOx and VOC sources, reduce peak-hour emissions, and issue ozone/smog exposure advisories.",26.358805,73.047444
401,Madhya Pradesh,Bhopal,"Paryavaran Parisar, Bhopal - MPPCB",271.3,Poor,190.23084499628385,Moderate,-81.06915500371616,Decreasing,High current hotspot,30.7,Low,32.34,40.09,20.38,Vehicular traffic,"High-priority intervention: Implement traffic flow control, reduce idling zones, strengthen public transport diversion, and prioritize roadside monitoring.",23.210494,77.425409
402,Maharashtra,Ahmednagar,"Tarakpur, Ahmednagar - MPCB",242.61,Poor,266.2162253282832,Poor,23.606225328283188,Stable,High forecast hotspot,30.56,Low,31.09,37.48,14.67,Biomass / fine-particle combustion,"High-priority intervention: Track open burning, control biomass combustion sources, increase public alerts, and strengthen fine-particle monitoring.",19.10122,74.73339
403,Madhya Pradesh,Jabalpur,"Govindh Bhavan Colony, Jabalpur - JMC",228.26,Poor,184.4027626984129,Moderate,-43.857237301587105,Decreasing,High current hotspot,30.51,Low,28.18,52.9,16.15,Biomass / fine-particle combustion,"High-priority intervention: Track open burning, control biomass combustion sources, increase public alerts, and strengthen fine-particle monitoring.",23.163174,79.973061
404,Rajasthan,Chittorgarh,"Shastri Nagar, Chittorgarh - RSPCB",137.34,Moderate,161.4618628703709,Moderate,24.121862870370904,Stable,Watchlist,30.4,Low,24.71,46.94,31.71,Photochemical smog,"Routine monitoring: Control NOx and VOC sources, reduce peak-hour emissions, and issue ozone/smog exposure advisories.",24.892047,74.623527
405,Rajasthan,Kota,"Nayapura, Kota - RSPCB",213.91,Poor,230.24893407441007,Poor,16.338934074410076,Stable,High forecast hotspot,29.85,Low,28.88,34.93,23.33,Photochemical smog,"High-priority intervention: Control NOx and VOC sources, reduce peak-hour emissions, and issue ozone/smog exposure advisories.",25.196024,75.855668
406,Karnataka,Bengaluru,"Hombegowda Nagar, Bengaluru - KSPCB",174.94,Moderate,180.18697877680387,Moderate,5.246978776803871,Stable,Watchlist,29.82,Low,26.41,51.67,20.09,Vehicular traffic,"Routine monitoring: Implement traffic flow control, reduce idling zones, strengthen public transport diversion, and prioritize roadside monitoring.",12.938539,77.5901
407,Jharkhand,Dhanbad,"Sardar Patel Nagar, Dhanbad - JSPCB",124.81,Moderate,142.91368694444446,Moderate,18.103686944444462,Stable,Watchlist,29.71,Low,19.09,59.29,27.8,Photochemical smog,"Routine monitoring: Control NOx and VOC sources, reduce peak-hour emissions, and issue ozone/smog exposure advisories.",23.80569,86.44268
408,Maharashtra,Parbhani,"Masoom Colony, Parbhani - MPCB",228.26,Poor,227.8591012205977,Poor,-0.4008987794022971,Stable,High forecast hotspot,29.7,Low,29.71,36.29,21.09,Photochemical smog,"High-priority intervention: Control NOx and VOC sources, reduce peak-hour emissions, and issue ozone/smog exposure advisories.",19.265594,76.761463
409,Tamil Nadu,Coimbatore,"SIDCO Kurichi, Coimbatore - TNPCB",187.47,Moderate,192.77174309816283,Moderate,5.301743098162831,Stable,Watchlist,29.56,Low,26.49,47.82,20.18,Biomass / fine-particle combustion,"Routine monitoring: Track open burning, control biomass combustion sources, increase public alerts, and strengthen fine-particle monitoring.",10.942451,76.978996
410,Karnataka,Koppal,"Diwator Nagar, Koppal - KSPCB",323.85,Very Poor,325.555653095762,Very Poor,1.7056530957619884,Stable,Critical forecast hotspot,29.5,Low,35.34,19.73,11.19,Photochemical smog,"Immediate intervention: Control NOx and VOC sources, reduce peak-hour emissions, and issue ozone/smog exposure advisories.",15.34763,76.181767
411,Tamil Nadu,Chennai,"Velachery Res. Area, Chennai - CPCB",145.38,Moderate,146.665566984127,Moderate,1.2855669841270014,Stable,Watchlist,29.21,Low,26.96,44.4,29.76,Construction / road dust,"Routine monitoring: Apply dust suppression, cover construction material, clean road dust, and enforce construction-site controls.",13.0052189,80.2398125
412,Sikkim,Gangtok,"Zero Point GICI, Gangtok - SSPCB",124.81,Moderate,139.44028620370366,Moderate,14.630286203703662,Stable,Watchlist,29.18,Low,18.93,80.19,7.91,Biomass / fine-particle combustion,"Routine monitoring: Track open burning, control biomass combustion sources, increase public alerts, and strengthen fine-particle monitoring.",27.33853,88.614099
413,Maharashtra,Latur,"Sawe Wadi, Latur - MPCB",228.26,Poor,251.01272380230904,Poor,22.75272380230905,Stable,High forecast hotspot,28.91,Low,29.06,36.3,14.62,Photochemical smog,"High-priority intervention: Control NOx and VOC sources, reduce peak-hour emissions, and issue ozone/smog exposure advisories.",18.39963,76.57452
414,Uttar Pradesh,Varanasi,"IESD Banaras Hindu University, Varanasi - UPPCB",112.28,Moderate,124.50555793650813,Moderate,12.225557936508125,Stable,Watchlist,28.81,Low,18.18,73.84,15.76,Biomass / fine-particle combustion,"Routine monitoring: Track open burning, control biomass combustion sources, increase public alerts, and strengthen fine-particle monitoring.",25.262326,82.995408
415,Maharashtra,Dombivli,"Kalu Nagar, Dombivli - MPCB",242.61,Poor,252.4045040740745,Poor,9.794504074074496,Stable,High forecast hotspot,28.76,Low,28.21,42.72,9.07,Photochemical smog,"High-priority intervention: Control NOx and VOC sources, reduce peak-hour emissions, and issue ozone/smog exposure advisories.",19.2268427,73.0788456
416,Karnataka,Bengaluru,"Silk Board, Bengaluru - KSPCB",99.0,Satisfactory,154.9385989294079,Moderate,55.9385989294079,Increasing,Emerging hotspot,28.72,Low,21.51,51.13,26.4,Construction / road dust,"Preventive intervention: Apply dust suppression, cover construction material, clean road dust, and enforce construction-site controls.",12.917348,77.622813
417,Karnataka,Mysuru,"Hebbal 1st Stage, Mysuru - KSPCB",64.0,Satisfactory,279.8406411742943,Poor,215.84064117429432,Increasing,High forecast hotspot,28.67,Low,19.26,37.1,18.73,Construction / road dust,"High-priority intervention: Apply dust suppression, cover construction material, clean road dust, and enforce construction-site controls.",12.21041,76.37376
418,Maharashtra,Sangli,"Vijay Nagar, Sangli - MPCB",242.61,Poor,237.1925134523813,Poor,-5.417486547618722,Stable,High forecast hotspot,28.34,Low,29.38,35.6,15.01,Biomass / fine-particle combustion,"High-priority intervention: Track open burning, control biomass combustion sources, increase public alerts, and strengthen fine-particle monitoring.",16.5038,74.3623
419,Uttar Pradesh,Jhansi,"Shivaji Nagar, Jhansi - UPPCB",174.94,Moderate,192.45255157391784,Moderate,17.512551573917847,Stable,Watchlist,28.3,Low,23.67,50.69,16.13,Photochemical smog,"Routine monitoring: Control NOx and VOC sources, reduce peak-hour emissions, and issue ozone/smog exposure advisories.",25.4547,78.6039
420,Maharashtra,Navi Mumbai,"Sector-2E Kalamboli, Navi Mumbai - MPCB",228.26,Poor,225.62591794125663,Poor,-2.6340820587433598,Stable,High forecast hotspot,28.25,Low,27.82,42.78,12.27,Photochemical smog,"High-priority intervention: Control NOx and VOC sources, reduce peak-hour emissions, and issue ozone/smog exposure advisories.",19.02579,73.10297
421,Rajasthan,Barmer,"Railway Colony, Barmer - RSPCB",200.0,Moderate,240.81660911824585,Poor,40.81660911824585,Increasing,High forecast hotspot,28.21,Low,27.02,34.11,18.06,Construction / road dust,"High-priority intervention: Apply dust suppression, cover construction material, clean road dust, and enforce construction-site controls.",25.747299,71.393989
422,Uttar Pradesh,Vrindavan,"Omex Eternity, Vrindavan - UPPCB",200.0,Moderate,202.13950514822287,Poor,2.1395051482228666,Stable,High forecast hotspot,27.81,Low,28.07,34.44,22.21,Photochemical smog,"High-priority intervention: Control NOx and VOC sources, reduce peak-hour emissions, and issue ozone/smog exposure advisories.",27.571409,77.655757
423,Karnataka,Hubballi,"Lingaraj Nagar, Hubballi - KSPCB",256.96,Poor,268.8591363560424,Poor,11.899136356042447,Stable,High forecast hotspot,27.69,Low,31.85,17.87,20.15,Photochemical smog,"High-priority intervention: Control NOx and VOC sources, reduce peak-hour emissions, and issue ozone/smog exposure advisories.",15.3714823,75.1160168
424,Gujarat,Vapi,"Phase-1 GIDC, Vapi - GPCB",121.48,Moderate,118.86102673280422,Moderate,-2.618973267195784,Stable,Watchlist,27.61,Low,22.3,54.82,24.61,Photochemical smog,"Routine monitoring: Control NOx and VOC sources, reduce peak-hour emissions, and issue ozone/smog exposure advisories.",20.362421,72.918013
425,Rajasthan,Jaisalmer,"Sadar Bazar, Jaisalmer - RSPCB",228.26,Poor,219.6439659241458,Poor,-8.616034075854202,Stable,High forecast hotspot,27.54,Low,28.6,25.67,24.79,Photochemical smog,"High-priority intervention: Control NOx and VOC sources, reduce peak-hour emissions, and issue ozone/smog exposure advisories.",26.912329,70.909168
426,Rajasthan,Jodhpur,"Digari Kalan, Jodhpur - RSPCB",228.26,Poor,227.30352393921711,Poor,-0.956476060782876,Stable,High forecast hotspot,27.42,Low,27.9,30.8,19.62,Photochemical smog,"High-priority intervention: Control NOx and VOC sources, reduce peak-hour emissions, and issue ozone/smog exposure advisories.",26.29581,73.082283
427,Madhya Pradesh,Indore,"Residency Area, Indore - IMC",187.47,Moderate,197.71781781839235,Moderate,10.247817818392349,Stable,Watchlist,27.07,Low,26.8,42.86,14.1,Construction / road dust,"Routine monitoring: Apply dust suppression, cover construction material, clean road dust, and enforce construction-site controls.",22.7084,75.8815
428,Rajasthan,Jhunjhunu,"Indra Nagar, Jhunjhunu - RSPCB",200.0,Moderate,211.66915226518088,Poor,11.669152265180884,Stable,High forecast hotspot,27.04,Low,27.66,24.41,27.05,Photochemical smog,"High-priority intervention: Control NOx and VOC sources, reduce peak-hour emissions, and issue ozone/smog exposure advisories.",28.108988,75.386577
429,Rajasthan,Bharatpur,"Krishna Nagar, Bharatpur - RSPCB",228.26,Poor,230.0567777163428,Poor,1.7967777163428025,Stable,High forecast hotspot,26.95,Low,27.28,33.16,16.03,Photochemical smog,"High-priority intervention: Control NOx and VOC sources, reduce peak-hour emissions, and issue ozone/smog exposure advisories.",27.215415,77.50873
430,Bihar,Aurangabad,"Gurdeo Nagar, Aurangabad - BSPCB",,Unknown,,Unknown,,Stable,Watchlist,26.85,Low,11.13,83.88,19.26,Photochemical smog,"Routine monitoring: Control NOx and VOC sources, reduce peak-hour emissions, and issue ozone/smog exposure advisories.",24.75746,84.366208
431,Maharashtra,Amravati,"Shivneri Colony, Amravati - MPCB",213.91,Poor,233.05684778633704,Poor,19.146847786337048,Stable,High forecast hotspot,26.71,Low,26.93,33.56,14.54,Photochemical smog,"High-priority intervention: Control NOx and VOC sources, reduce peak-hour emissions, and issue ozone/smog exposure advisories.",20.9402359,77.7895248
432,Delhi,Delhi,"Dwarka-Sector 8, Delhi - DPCC",146.85,Moderate,143.05941382275134,Moderate,-3.790586177248656,Stable,Watchlist,26.7,Low,23.56,35.64,32.56,Construction / road dust,"Routine monitoring: Apply dust suppression, cover construction material, clean road dust, and enforce construction-site controls.",28.5710274,77.0719006
433,Maharashtra,Nashik,"Pandav Nagari, Nashik - MPCB",200.0,Moderate,202.58992763366825,Poor,2.5899276336682533,Stable,High forecast hotspot,26.45,Low,25.85,40.93,13.76,Vehicular traffic,"High-priority intervention: Implement traffic flow control, reduce idling zones, strengthen public transport diversion, and prioritize roadside monitoring.",19.9591346,73.7788008
434,Delhi,Delhi,"Mandir Marg, Delhi - DPCC",131.56,Moderate,137.98275273809526,Moderate,6.422752738095255,Stable,Watchlist,25.9,Low,21.39,38.92,30.2,Construction / road dust,"Routine monitoring: Apply dust suppression, cover construction material, clean road dust, and enforce construction-site controls.",28.636429,77.201067
435,Gujarat,Ahmedabad,"SAC ISRO Bopal, Ahmedabad - IITM",112.28,Moderate,121.29649301587304,Moderate,9.016493015873039,Stable,Watchlist,25.63,Low,19.51,59.05,16.28,Vehicular traffic,"Routine monitoring: Implement traffic flow control, reduce idling zones, strengthen public transport diversion, and prioritize roadside monitoring.",23.041137,72.456691
436,Odisha,Baripada,"Meher Colony, Baripada - OSPCB",124.81,Moderate,131.646146547619,Moderate,6.836146547618995,Stable,Watchlist,25.57,Low,17.92,57.66,17.26,Biomass / fine-particle combustion,"Routine monitoring: Track open burning, control biomass combustion sources, increase public alerts, and strengthen fine-particle monitoring.",21.941841,86.728318
436,Maharashtra,Hingoli,"Ashta Vinayak Nagar, Hingoli - MPCB",187.47,Moderate,212.1290414380182,Poor,24.659041438018193,Stable,High forecast hotspot,25.57,Low,22.96,38.59,14.07,Photochemical smog,"High-priority intervention: Control NOx and VOC sources, reduce peak-hour emissions, and issue ozone/smog exposure advisories.",19.710842,77.151824
437,Maharashtra,Jalna,"Old MIDC, Jalna - MPCB",213.91,Poor,195.6773905340437,Moderate,-18.2326094659563,Stable,High current hotspot,25.37,Low,24.93,38.06,13.51,Industrial combustion,"High-priority intervention: Increase industrial emission inspection, check stack compliance, enforce fuel-quality standards, and monitor nearby industrial clusters.",19.854616,75.905894
438,Maharashtra,Pimpri-Chinchwad,"Gavalinagar, Pimpri Chinchwad - MPCB",187.47,Moderate,195.81190081671485,Moderate,8.341900816714855,Stable,Watchlist,24.97,Low,22.2,44.79,10.12,Biomass / fine-particle combustion,"Routine monitoring: Track open burning, control biomass combustion sources, increase public alerts, and strengthen fine-particle monitoring.",18.63673,73.82487
439,Telangana,Hyderabad,"IDA Pashamylaram, Hyderabad - TSPCB",162.41,Moderate,161.42801436507983,Moderate,-0.9819856349201643,Stable,Watchlist,24.77,Low,22.24,38.06,21.54,Vehicular traffic,"Routine monitoring: Implement traffic flow control, reduce idling zones, strengthen public transport diversion, and prioritize roadside monitoring.",17.5316895,78.218939
440,Maharashtra,Pimpri-Chinchwad,"Park Street Wakad, Pimpri Chinchwad - MPCB",174.94,Moderate,196.81846314212083,Moderate,21.878463142120836,Stable,Watchlist,24.75,Low,21.08,44.55,10.57,Biomass / fine-particle combustion,"Routine monitoring: Track open burning, control biomass combustion sources, increase public alerts, and strengthen fine-particle monitoring.",18.59051,73.77946
441,Jammu and Kashmir,Pampore,"Khrew, Pampore - JKPCC",,Unknown,94.68949996031756,Satisfactory,,Stable,Watchlist,23.92,Low,14.92,64.55,17.24,Construction / road dust,"Routine monitoring: Apply dust suppression, cover construction material, clean road dust, and enforce construction-site controls.",34.031606,75.009712
442,Maharashtra,Kolhapur,"Sinchan Bhavan, Kolhapur - MPCB",174.94,Moderate,172.92195963130632,Moderate,-2.0180403686936756,Stable,Watchlist,23.81,Low,21.1,38.84,16.44,Photochemical smog,"Routine monitoring: Control NOx and VOC sources, reduce peak-hour emissions, and issue ozone/smog exposure advisories.",16.7143745,74.2426398
443,Bihar,Siwan,"Chitragupta Nagar, Siwan - BSPCB",,Unknown,,Unknown,,Stable,Watchlist,23.63,Low,9.55,74.25,17.66,Photochemical smog,"Routine monitoring: Control NOx and VOC sources, reduce peak-hour emissions, and issue ozone/smog exposure advisories.",26.2271665,84.3570427
444,Bihar,Manguraha,"Forest Rest House, Manguraha - BSPCB",,Unknown,,Unknown,,Stable,Watchlist,23.57,Low,9.42,78.09,14.15,Insufficient pollutant signal,Routine monitoring: Improve pollutant data completeness and continue monitoring before assigning a source-specific intervention.,27.308328,84.531742
445,Odisha,Byasanagar,"Ferro Chrome Colony, Byasanagar - OSPCB",,Unknown,,Unknown,,Stable,Watchlist,23.54,Low,9.4,78.08,14.08,Insufficient pollutant signal,Routine monitoring: Improve pollutant data completeness and continue monitoring before assigning a source-specific intervention.,20.94185,86.1151
446,Tamil Nadu,Chennai,"Arumbakkam, Chennai - TNPCB",99.0,Satisfactory,99.65054227513232,Satisfactory,0.6505422751323238,Stable,Watchlist,23.5,Low,17.4,48.03,24.56,Construction / road dust,"Routine monitoring: Apply dust suppression, cover construction material, clean road dust, and enforce construction-site controls.",13.0664,80.2112
447,Andhra Pradesh,Kurnool,"Sita Rama Nagar, Kurnool - APPCB",174.94,Moderate,202.273559168346,Poor,27.333559168346,Increasing,High forecast hotspot,23.36,Low,23.88,20.84,22.47,Photochemical smog,"High-priority intervention: Control NOx and VOC sources, reduce peak-hour emissions, and issue ozone/smog exposure advisories.",15.83411,78.028546
448,Bihar,Sasaram,"Dada Peer, Sasaram - BSPCB",,Unknown,,Unknown,,Stable,Watchlist,22.44,Low,8.86,74.82,13.51,Insufficient pollutant signal,Routine monitoring: Improve pollutant data completeness and continue monitoring before assigning a source-specific intervention.,24.952822,84.002396
449,Telangana,Hyderabad,"Central University, Hyderabad - TSPCB",100.0,Satisfactory,178.65357757310005,Moderate,78.65357757310005,Increasing,Emerging hotspot,22.32,Low,16.34,40.51,13.57,Vehicular traffic,"Preventive intervention: Implement traffic flow control, reduce idling zones, strengthen public transport diversion, and prioritize roadside monitoring.",17.460103,78.334361
450,Rajasthan,Jodhpur,"Jhalamand, Jodhpur - RSPCB",187.47,Moderate,192.0306840884492,Moderate,4.560684088449193,Stable,Watchlist,22.22,Low,21.82,28.99,15.19,Photochemical smog,"Routine monitoring: Control NOx and VOC sources, reduce peak-hour emissions, and issue ozone/smog exposure advisories.",26.215415,73.070156
451,Maharashtra,Mumbai,"Borivali East, Mumbai - IITM",58.0,Satisfactory,90.0735376984127,Satisfactory,32.07353769841269,Increasing,Watchlist,21.78,Low,12.6,55.88,18.17,Vehicular traffic,"Preventive intervention: Implement traffic flow control, reduce idling zones, strengthen public transport diversion, and prioritize roadside monitoring.",19.23241,72.86895
452,West Bengal,Howrah,"Dasnagar, Howrah - WBPCB",,Unknown,,Unknown,,Stable,Watchlist,21.6,Low,8.53,69.3,15.7,Photochemical smog,"Routine monitoring: Control NOx and VOC sources, reduce peak-hour emissions, and issue ozone/smog exposure advisories.",22.6025571,88.3105664
453,Maharashtra,Kolhapur,"Shivaji University, Kolhapur - MPCB",149.87,Moderate,137.8024294444444,Moderate,-12.06757055555559,Stable,Watchlist,21.37,Low,18.16,38.84,16.39,Biomass / fine-particle combustion,"Routine monitoring: Track open burning, control biomass combustion sources, increase public alerts, and strengthen fine-particle monitoring.",16.6870449,74.2505872
454,Maharashtra,Solapur,"Dnyaneshwar Nagar, Solapur - MPCB",162.41,Moderate,175.43558383158566,Moderate,13.025583831585664,Stable,Watchlist,21.26,Low,19.19,33.13,13.81,Biomass / fine-particle combustion,"Routine monitoring: Track open burning, control biomass combustion sources, increase public alerts, and strengthen fine-particle monitoring.",17.6336264,75.9132495
455,Mizoram,Aizawl,"Sikulpuikawn, Aizawl - Mizoram PCB",112.28,Moderate,112.26290555555512,Moderate,-0.017094444444879286,Stable,Watchlist,20.69,Low,12.73,61.39,4.57,Photochemical smog,"Routine monitoring: Control NOx and VOC sources, reduce peak-hour emissions, and issue ozone/smog exposure advisories.",23.7176342,92.7192841
456,Maharashtra,Navi Mumbai,"Sanpada, Navi Mumbai - MPCB",124.81,Moderate,140.889089074074,Moderate,16.079089074074005,Stable,Watchlist,20.68,Low,15.18,46.73,10.23,Biomass / fine-particle combustion,"Routine monitoring: Track open burning, control biomass combustion sources, increase public alerts, and strengthen fine-particle monitoring.",19.0575752,73.0151367
457,Bihar,Bettiah,"Kamalnath Nagar, Bettiah - BSPCB",,Unknown,,Unknown,,Stable,Watchlist,20.64,Low,8.01,68.58,13.36,Insufficient pollutant signal,Routine monitoring: Improve pollutant data completeness and continue monitoring before assigning a source-specific intervention.,26.80365,84.51954
458,Karnataka,Gadag,"Panchal Nagar, Gadag - KSPCB",242.61,Poor,235.55385974867764,Poor,-7.056140251322375,Stable,High forecast hotspot,20.43,Low,24.14,16.49,8.31,Photochemical smog,"High-priority intervention: Control NOx and VOC sources, reduce peak-hour emissions, and issue ozone/smog exposure advisories.",15.411456,75.638133
459,Uttar Pradesh,Raebareli,"Indira Nagar, Raebareli - NTPC Unchahar",,Unknown,,Unknown,,Stable,Watchlist,20.28,Low,7.75,70.82,10.32,Insufficient pollutant signal,Routine monitoring: Improve pollutant data completeness and continue monitoring before assigning a source-specific intervention.,26.207781,81.245571
460,Chhattisgarh,Raipur,"AIIMS, Raipur - CECB",,Unknown,,Unknown,,Stable,Watchlist,20.25,Low,7.73,70.67,10.36,Insufficient pollutant signal,Routine monitoring: Improve pollutant data completeness and continue monitoring before assigning a source-specific intervention.,21.258815,81.578979
461,Karnataka,Bengaluru,"BTM Layout, Bengaluru - CPCB",59.0,Satisfactory,59.60613150793653,Satisfactory,0.6061315079365315,Stable,Watchlist,19.92,Minimal,10.74,54.02,20.53,Construction / road dust,"Routine monitoring: Apply dust suppression, cover construction material, clean road dust, and enforce construction-site controls.",12.9135218,77.5950804
462,West Bengal,Asansol,"Trivenidevi Bhalotia College, Asansol - WBPCB",,Unknown,,Unknown,,Stable,Watchlist,19.6,Minimal,7.5,65.34,12.96,Photochemical smog,"Routine monitoring: Control NOx and VOC sources, reduce peak-hour emissions, and issue ozone/smog exposure advisories.",23.616515,87.119133
463,Karnataka,Bengaluru,"Bapuji Nagar, Bengaluru - KSPCB",52.69,Satisfactory,58.586362433862405,Satisfactory,5.896362433862407,Stable,Watchlist,19.26,Minimal,10.36,51.67,20.38,Construction / road dust,"Routine monitoring: Apply dust suppression, cover construction material, clean road dust, and enforce construction-site controls.",12.951913,77.539784
464,Karnataka,Yadgir,"Collector Office, Yadgir - KSPCB",213.91,Poor,60.78433469696969,Satisfactory,-153.1256653030303,Decreasing,High current hotspot,18.82,Minimal,15.7,39.17,14.85,Photochemical smog,"High-priority intervention: Control NOx and VOC sources, reduce peak-hour emissions, and issue ozone/smog exposure advisories.",16.7602,77.1428
465,Bihar,Bhagalpur,"Mayaganj, Bhagalpur - BSPCB",,Unknown,,Unknown,,Stable,Watchlist,17.82,Minimal,6.67,58.81,13.14,Photochemical smog,"Routine monitoring: Control NOx and VOC sources, reduce peak-hour emissions, and issue ozone/smog exposure advisories.",25.265194,87.012947
466,Meghalaya,Shillong,"Lumpyngngad, Shillong - Meghalaya PCB",,Unknown,,Unknown,,Stable,Watchlist,16.85,Minimal,6.08,60.21,8.94,Photochemical smog,"Routine monitoring: Control NOx and VOC sources, reduce peak-hour emissions, and issue ozone/smog exposure advisories.",25.5586,91.8985
467,Tamil Nadu,Cuddalore,"Kudikadu, Cuddalore - TNPCB",,Unknown,,Unknown,,Stable,Watchlist,15.78,Minimal,5.73,61.54,3.07,Insufficient pollutant signal,Routine monitoring: Improve pollutant data completeness and continue monitoring before assigning a source-specific intervention.,11.6829898,79.7532099
468,Tamil Nadu,Madurai,"Uchapatti, Madurai - TNPCB",,Unknown,,Unknown,,Stable,Watchlist,15.65,Minimal,5.54,55.28,9.53,Insufficient pollutant signal,Routine monitoring: Improve pollutant data completeness and continue monitoring before assigning a source-specific intervention.,9.865935,78.022669
469,Maharashtra,Mumbai,"Powai, Mumbai - MPCB",20.0,Good,19.986125,Good,-0.01387499999999875,Stable,Watchlist,15.44,Minimal,6.44,57.07,6.08,Insufficient pollutant signal,Routine monitoring: Improve pollutant data completeness and continue monitoring before assigning a source-specific intervention.,19.1375,72.915056
470,Haryana,Kaithal,"Rishi Nagar, Kaithal - HSPCB",,Unknown,,Unknown,,Stable,Watchlist,15.36,Minimal,5.4,54.34,9.45,Insufficient pollutant signal,Routine monitoring: Improve pollutant data completeness and continue monitoring before assigning a source-specific intervention.,29.8006,76.4155
471,Kerala,Thiruvananthapuram,"Kariavattom, Thiruvananthapuram - Kerala PCB",,Unknown,,Unknown,,Stable,Watchlist,14.44,Minimal,5.04,47.94,12.15,Insufficient pollutant signal,Routine monitoring: Improve pollutant data completeness and continue monitoring before assigning a source-specific intervention.,8.5637,76.8865
472,Tamil Nadu,Cuddalore,"Semmandalam, Cuddalore - TNPCB",59.0,Satisfactory,58.85538809523811,Satisfactory,-0.1446119047618879,Stable,Watchlist,13.94,Minimal,4.77,50.62,8.09,Insufficient pollutant signal,Routine monitoring: Improve pollutant data completeness and continue monitoring before assigning a source-specific intervention.,11.7637683,79.7499835
473,Maharashtra,Mumbai,"Sewri, Mumbai - BMC",,Unknown,,Unknown,,Stable,Watchlist,13.93,Minimal,4.67,51.03,7.92,Insufficient pollutant signal,Routine monitoring: Improve pollutant data completeness and continue monitoring before assigning a source-specific intervention.,19.000084,72.85673
474,Uttar Pradesh,Modinagar,"SRM University, Modinagar - UPPCB",,Unknown,,Unknown,,Stable,Watchlist,12.58,Minimal,4.09,44.28,9.61,Industrial combustion,"Routine monitoring: Increase industrial emission inspection, check stack compliance, enforce fuel-quality standards, and monitor nearby industrial clusters.",28.798171,77.540243
475,Maharashtra,Pimpri-Chinchwad,"Bhosari, Pune - IITM",,Unknown,,Unknown,,Stable,Watchlist,11.98,Minimal,3.73,44.79,7.31,Insufficient pollutant signal,Routine monitoring: Improve pollutant data completeness and continue monitoring before assigning a source-specific intervention.,18.640051,73.848956
476,Maharashtra,Kalyan,"Khadakpada, Kalyan - MPCB",,Unknown,,Unknown,,Stable,Watchlist,11.47,Minimal,3.56,45.17,4.76,Insufficient pollutant signal,Routine monitoring: Improve pollutant data completeness and continue monitoring before assigning a source-specific intervention.,19.25292,73.142019
477,Maharashtra,Navi Mumbai,"Nerul, Navi Mumbai - MPCB",16.67,Good,16.45580633838388,Good,-0.21419366161612174,Stable,Watchlist,11.0,Minimal,3.24,42.78,5.97,Insufficient pollutant signal,Routine monitoring: Improve pollutant data completeness and continue monitoring before assigning a source-specific intervention.,19.008751,73.01662
478,Rajasthan,Jodhpur,"Samrat Ashok Udhyan, Jodhpur - RSPCB",,Unknown,,Unknown,,Stable,Watchlist,7.09,Minimal,1.53,29.88,4.31,Photochemical smog,"Routine monitoring: Control NOx and VOC sources, reduce peak-hour emissions, and issue ozone/smog exposure advisories.",26.253384,72.976571
