station_name,city,state,timestamp,lat,lon,pollutant,pollutant_value
"Secretariat, Amaravati - APPCB",Amaravati,Andhra Pradesh,2026-07-16 05:00:00,16.5150833,80.5181667,CO,61.0
"Secretariat, Amaravati - APPCB",Amaravati,Andhra Pradesh,2026-07-16 05:00:00,16.5150833,80.5181667,NH3,3.0
"Secretariat, Amaravati - APPCB",Amaravati,Andhra Pradesh,2026-07-16 05:00:00,16.5150833,80.5181667,NO2,32.0
"Secretariat, Amaravati - APPCB",Amaravati,Andhra Pradesh,2026-07-16 05:00:00,16.5150833,80.5181667,O3,13.0
"Secretariat, Amaravati - APPCB",Amaravati,Andhra Pradesh,2026-07-16 05:00:00,16.5150833,80.5181667,PM10,172.0
"Secretariat, Amaravati - APPCB",Amaravati,Andhra Pradesh,2026-07-16 05:00:00,16.5150833,80.5181667,PM2.5,54.0
"Secretariat, Amaravati - APPCB",Amaravati,Andhra Pradesh,2026-07-16 05:00:00,16.5150833,80.5181667,SO2,16.0
"Gulzarpet, Anantapur - APPCB",Anantapur,Andhra Pradesh,2026-07-16 05:00:00,14.675886,77.593027,CO,22.0
"Gulzarpet, Anantapur - APPCB",Anantapur,Andhra Pradesh,2026-07-16 05:00:00,14.675886,77.593027,NH3,3.0
"Gulzarpet, Anantapur - APPCB",Anantapur,Andhra Pradesh,2026-07-16 05:00:00,14.675886,77.593027,NO2,16.0
"Gulzarpet, Anantapur - APPCB",Anantapur,Andhra Pradesh,2026-07-16 05:00:00,14.675886,77.593027,O3,31.0
"Gulzarpet, Anantapur - APPCB",Anantapur,Andhra Pradesh,2026-07-16 05:00:00,14.675886,77.593027,PM10,76.0
"Gulzarpet, Anantapur - APPCB",Anantapur,Andhra Pradesh,2026-07-16 05:00:00,14.675886,77.593027,PM2.5,85.0
"Gulzarpet, Anantapur - APPCB",Anantapur,Andhra Pradesh,2026-07-16 05:00:00,14.675886,77.593027,SO2,11.0
"Gangineni Cheruvu, Chittoor - APPCB",Chittoor,Andhra Pradesh,2026-07-16 05:00:00,13.20488,79.097889,CO,21.0
"Gangineni Cheruvu, Chittoor - APPCB",Chittoor,Andhra Pradesh,2026-07-16 05:00:00,13.20488,79.097889,NH3,6.0
"Gangineni Cheruvu, Chittoor - APPCB",Chittoor,Andhra Pradesh,2026-07-16 05:00:00,13.20488,79.097889,NO2,31.0
"Gangineni Cheruvu, Chittoor - APPCB",Chittoor,Andhra Pradesh,2026-07-16 05:00:00,13.20488,79.097889,O3,39.0
"Gangineni Cheruvu, Chittoor - APPCB",Chittoor,Andhra Pradesh,2026-07-16 05:00:00,13.20488,79.097889,PM10,64.0
"Gangineni Cheruvu, Chittoor - APPCB",Chittoor,Andhra Pradesh,2026-07-16 05:00:00,13.20488,79.097889,PM2.5,70.0
"Gangineni Cheruvu, Chittoor - APPCB",Chittoor,Andhra Pradesh,2026-07-16 05:00:00,13.20488,79.097889,SO2,21.0
"District Court, Eluru - APPCB",Eluru,Andhra Pradesh,2026-07-16 05:00:00,16.711754,81.092095,CO,18.0
"District Court, Eluru - APPCB",Eluru,Andhra Pradesh,2026-07-16 05:00:00,16.711754,81.092095,NH3,4.0
"District Court, Eluru - APPCB",Eluru,Andhra Pradesh,2026-07-16 05:00:00,16.711754,81.092095,NO2,22.0
"District Court, Eluru - APPCB",Eluru,Andhra Pradesh,2026-07-16 05:00:00,16.711754,81.092095,O3,6.0
"District Court, Eluru - APPCB",Eluru,Andhra Pradesh,2026-07-16 05:00:00,16.711754,81.092095,PM10,49.0
"District Court, Eluru - APPCB",Eluru,Andhra Pradesh,2026-07-16 05:00:00,16.711754,81.092095,PM2.5,49.0
"District Court, Eluru - APPCB",Eluru,Andhra Pradesh,2026-07-16 05:00:00,16.711754,81.092095,SO2,13.0
"Rajendra Nagar North, Guntur - APPCB",Guntur,Andhra Pradesh,2026-07-16 05:00:00,16.316553,80.413302,CO,15.0
"Rajendra Nagar North, Guntur - APPCB",Guntur,Andhra Pradesh,2026-07-16 05:00:00,16.316553,80.413302,NH3,9.0
"Rajendra Nagar North, Guntur - APPCB",Guntur,Andhra Pradesh,2026-07-16 05:00:00,16.316553,80.413302,NO2,42.0
"Rajendra Nagar North, Guntur - APPCB",Guntur,Andhra Pradesh,2026-07-16 05:00:00,16.316553,80.413302,O3,25.0
"Rajendra Nagar North, Guntur - APPCB",Guntur,Andhra Pradesh,2026-07-16 05:00:00,16.316553,80.413302,PM10,52.0
"Rajendra Nagar North, Guntur - APPCB",Guntur,Andhra Pradesh,2026-07-16 05:00:00,16.316553,80.413302,PM2.5,52.0
"Rajendra Nagar North, Guntur - APPCB",Guntur,Andhra Pradesh,2026-07-16 05:00:00,16.316553,80.413302,SO2,14.0
"Yerramukkapalli, Kadapa - APPCB",Kadapa,Andhra Pradesh,2026-07-16 05:00:00,14.465052,78.824187,CO,28.0
"Yerramukkapalli, Kadapa - APPCB",Kadapa,Andhra Pradesh,2026-07-16 05:00:00,14.465052,78.824187,NH3,14.0
"Yerramukkapalli, Kadapa - APPCB",Kadapa,Andhra Pradesh,2026-07-16 05:00:00,14.465052,78.824187,NO2,23.0
"Yerramukkapalli, Kadapa - APPCB",Kadapa,Andhra Pradesh,2026-07-16 05:00:00,14.465052,78.824187,O3,39.0
"Yerramukkapalli, Kadapa - APPCB",Kadapa,Andhra Pradesh,2026-07-16 05:00:00,14.465052,78.824187,PM10,52.0
"Yerramukkapalli, Kadapa - APPCB",Kadapa,Andhra Pradesh,2026-07-16 05:00:00,14.465052,78.824187,PM2.5,50.0
"Yerramukkapalli, Kadapa - APPCB",Kadapa,Andhra Pradesh,2026-07-16 05:00:00,14.465052,78.824187,SO2,11.0
"Sita Rama Nagar, Kurnool - APPCB",Kurnool,Andhra Pradesh,2026-07-16 05:00:00,15.83411,78.028546,CO,8.0
"Sita Rama Nagar, Kurnool - APPCB",Kurnool,Andhra Pradesh,2026-07-16 05:00:00,15.83411,78.028546,NH3,5.0
"Sita Rama Nagar, Kurnool - APPCB",Kurnool,Andhra Pradesh,2026-07-16 05:00:00,15.83411,78.028546,NO2,29.0
"Sita Rama Nagar, Kurnool - APPCB",Kurnool,Andhra Pradesh,2026-07-16 05:00:00,15.83411,78.028546,O3,19.0
"Sita Rama Nagar, Kurnool - APPCB",Kurnool,Andhra Pradesh,2026-07-16 05:00:00,15.83411,78.028546,PM10,59.0
"Sita Rama Nagar, Kurnool - APPCB",Kurnool,Andhra Pradesh,2026-07-16 05:00:00,15.83411,78.028546,PM2.5,58.0
"Sita Rama Nagar, Kurnool - APPCB",Kurnool,Andhra Pradesh,2026-07-16 05:00:00,15.83411,78.028546,SO2,10.0
"Srinivas Nagar Colony, Machilipatnam - APPCB",Machilipatnam,Andhra Pradesh,2026-07-16 05:00:00,16.186555,81.13219,CO,20.0
"Srinivas Nagar Colony, Machilipatnam - APPCB",Machilipatnam,Andhra Pradesh,2026-07-16 05:00:00,16.186555,81.13219,NH3,4.0
"Srinivas Nagar Colony, Machilipatnam - APPCB",Machilipatnam,Andhra Pradesh,2026-07-16 05:00:00,16.186555,81.13219,NO2,20.0
"Srinivas Nagar Colony, Machilipatnam - APPCB",Machilipatnam,Andhra Pradesh,2026-07-16 05:00:00,16.186555,81.13219,O3,19.0
"Srinivas Nagar Colony, Machilipatnam - APPCB",Machilipatnam,Andhra Pradesh,2026-07-16 05:00:00,16.186555,81.13219,PM10,52.0
"Srinivas Nagar Colony, Machilipatnam - APPCB",Machilipatnam,Andhra Pradesh,2026-07-16 05:00:00,16.186555,81.13219,PM2.5,54.0
"Srinivas Nagar Colony, Machilipatnam - APPCB",Machilipatnam,Andhra Pradesh,2026-07-16 05:00:00,16.186555,81.13219,SO2,18.0
"Ambedkar Nagar, Nellore - APPCB",Nellore,Andhra Pradesh,2026-07-16 05:00:00,14.438164,79.966814,CO,36.0
"Ambedkar Nagar, Nellore - APPCB",Nellore,Andhra Pradesh,2026-07-16 05:00:00,14.438164,79.966814,NH3,7.0
"Ambedkar Nagar, Nellore - APPCB",Nellore,Andhra Pradesh,2026-07-16 05:00:00,14.438164,79.966814,NO2,29.0
"Ambedkar Nagar, Nellore - APPCB",Nellore,Andhra Pradesh,2026-07-16 05:00:00,14.438164,79.966814,O3,38.0
"Ambedkar Nagar, Nellore - APPCB",Nellore,Andhra Pradesh,2026-07-16 05:00:00,14.438164,79.966814,PM10,65.0
"Ambedkar Nagar, Nellore - APPCB",Nellore,Andhra Pradesh,2026-07-16 05:00:00,14.438164,79.966814,PM2.5,53.0
"Ambedkar Nagar, Nellore - APPCB",Nellore,Andhra Pradesh,2026-07-16 05:00:00,14.438164,79.966814,SO2,15.0
"Anand Kala Kshetram, Rajamahendravaram - APPCB",Rajamahendravaram,Andhra Pradesh,2026-07-16 05:00:00,16.9872867,81.7363176,CO,26.0
"Anand Kala Kshetram, Rajamahendravaram - APPCB",Rajamahendravaram,Andhra Pradesh,2026-07-16 05:00:00,16.9872867,81.7363176,NH3,1.0
"Anand Kala Kshetram, Rajamahendravaram - APPCB",Rajamahendravaram,Andhra Pradesh,2026-07-16 05:00:00,16.9872867,81.7363176,NO2,7.0
"Anand Kala Kshetram, Rajamahendravaram - APPCB",Rajamahendravaram,Andhra Pradesh,2026-07-16 05:00:00,16.9872867,81.7363176,O3,13.0
"Anand Kala Kshetram, Rajamahendravaram - APPCB",Rajamahendravaram,Andhra Pradesh,2026-07-16 05:00:00,16.9872867,81.7363176,PM10,92.0
"Anand Kala Kshetram, Rajamahendravaram - APPCB",Rajamahendravaram,Andhra Pradesh,2026-07-16 05:00:00,16.9872867,81.7363176,PM2.5,53.0
"Anand Kala Kshetram, Rajamahendravaram - APPCB",Rajamahendravaram,Andhra Pradesh,2026-07-16 05:00:00,16.9872867,81.7363176,SO2,5.0
"Toll Gate, Tirumala - APPCB",Tirumala,Andhra Pradesh,2026-07-16 05:00:00,13.67,79.35,CO,7.0
"Toll Gate, Tirumala - APPCB",Tirumala,Andhra Pradesh,2026-07-16 05:00:00,13.67,79.35,NH3,3.0
"Toll Gate, Tirumala - APPCB",Tirumala,Andhra Pradesh,2026-07-16 05:00:00,13.67,79.35,NO2,66.0
"Toll Gate, Tirumala - APPCB",Tirumala,Andhra Pradesh,2026-07-16 05:00:00,13.67,79.35,O3,21.0
"Toll Gate, Tirumala - APPCB",Tirumala,Andhra Pradesh,2026-07-16 05:00:00,13.67,79.35,PM10,68.0
"Toll Gate, Tirumala - APPCB",Tirumala,Andhra Pradesh,2026-07-16 05:00:00,13.67,79.35,PM2.5,44.0
"Toll Gate, Tirumala - APPCB",Tirumala,Andhra Pradesh,2026-07-16 05:00:00,13.67,79.35,SO2,7.0
"Vaikuntapuram, Tirupati - APPCB",Tirupati,Andhra Pradesh,2026-07-16 05:00:00,13.615387,79.40923,CO,21.0
"Vaikuntapuram, Tirupati - APPCB",Tirupati,Andhra Pradesh,2026-07-16 05:00:00,13.615387,79.40923,NH3,5.0
"Vaikuntapuram, Tirupati - APPCB",Tirupati,Andhra Pradesh,2026-07-16 05:00:00,13.615387,79.40923,NO2,38.0
"Vaikuntapuram, Tirupati - APPCB",Tirupati,Andhra Pradesh,2026-07-16 05:00:00,13.615387,79.40923,O3,35.0
"Vaikuntapuram, Tirupati - APPCB",Tirupati,Andhra Pradesh,2026-07-16 05:00:00,13.615387,79.40923,PM10,72.0
"Vaikuntapuram, Tirupati - APPCB",Tirupati,Andhra Pradesh,2026-07-16 05:00:00,13.615387,79.40923,PM2.5,60.0
"Vaikuntapuram, Tirupati - APPCB",Tirupati,Andhra Pradesh,2026-07-16 05:00:00,13.615387,79.40923,SO2,18.0
"HB Colony, Vijayawada - APPCB",Vijayawada,Andhra Pradesh,2026-07-16 05:00:00,16.536107,80.594233,CO,34.0
"HB Colony, Vijayawada - APPCB",Vijayawada,Andhra Pradesh,2026-07-16 05:00:00,16.536107,80.594233,NH3,3.0
"HB Colony, Vijayawada - APPCB",Vijayawada,Andhra Pradesh,2026-07-16 05:00:00,16.536107,80.594233,NO2,15.0
"HB Colony, Vijayawada - APPCB",Vijayawada,Andhra Pradesh,2026-07-16 05:00:00,16.536107,80.594233,O3,16.0
"HB Colony, Vijayawada - APPCB",Vijayawada,Andhra Pradesh,2026-07-16 05:00:00,16.536107,80.594233,PM10,67.0
"HB Colony, Vijayawada - APPCB",Vijayawada,Andhra Pradesh,2026-07-16 05:00:00,16.536107,80.594233,PM2.5,66.0
"HB Colony, Vijayawada - APPCB",Vijayawada,Andhra Pradesh,2026-07-16 05:00:00,16.536107,80.594233,SO2,12.0
"Kanuru, Vijayawada - APPCB",Vijayawada,Andhra Pradesh,2026-07-16 05:00:00,16.486692,80.699436,CO,20.0
"Kanuru, Vijayawada - APPCB",Vijayawada,Andhra Pradesh,2026-07-16 05:00:00,16.486692,80.699436,NH3,4.0
"Kanuru, Vijayawada - APPCB",Vijayawada,Andhra Pradesh,2026-07-16 05:00:00,16.486692,80.699436,NO2,26.0
"Kanuru, Vijayawada - APPCB",Vijayawada,Andhra Pradesh,2026-07-16 05:00:00,16.486692,80.699436,O3,20.0
"Kanuru, Vijayawada - APPCB",Vijayawada,Andhra Pradesh,2026-07-16 05:00:00,16.486692,80.699436,PM10,60.0
"Kanuru, Vijayawada - APPCB",Vijayawada,Andhra Pradesh,2026-07-16 05:00:00,16.486692,80.699436,PM2.5,61.0
"Kanuru, Vijayawada - APPCB",Vijayawada,Andhra Pradesh,2026-07-16 05:00:00,16.486692,80.699436,SO2,14.0
"Rajiv Gandhi Park, Vijayawada - APPCB",Vijayawada,Andhra Pradesh,2026-07-16 05:00:00,16.509717,80.612222,CO,47.0
"Rajiv Gandhi Park, Vijayawada - APPCB",Vijayawada,Andhra Pradesh,2026-07-16 05:00:00,16.509717,80.612222,NH3,5.0
"Rajiv Gandhi Park, Vijayawada - APPCB",Vijayawada,Andhra Pradesh,2026-07-16 05:00:00,16.509717,80.612222,NO2,25.0
"Rajiv Gandhi Park, Vijayawada - APPCB",Vijayawada,Andhra Pradesh,2026-07-16 05:00:00,16.509717,80.612222,O3,22.0
"Rajiv Gandhi Park, Vijayawada - APPCB",Vijayawada,Andhra Pradesh,2026-07-16 05:00:00,16.509717,80.612222,PM10,69.0
"Rajiv Gandhi Park, Vijayawada - APPCB",Vijayawada,Andhra Pradesh,2026-07-16 05:00:00,16.509717,80.612222,PM2.5,61.0
"Rajiv Gandhi Park, Vijayawada - APPCB",Vijayawada,Andhra Pradesh,2026-07-16 05:00:00,16.509717,80.612222,SO2,11.0
"Rajiv Nagar, Vijayawada - APPCB",Vijayawada,Andhra Pradesh,2026-07-16 05:00:00,16.554731,80.64911,CO,28.0
"Rajiv Nagar, Vijayawada - APPCB",Vijayawada,Andhra Pradesh,2026-07-16 05:00:00,16.554731,80.64911,NH3,4.0
"Rajiv Nagar, Vijayawada - APPCB",Vijayawada,Andhra Pradesh,2026-07-16 05:00:00,16.554731,80.64911,NO2,17.0
"Rajiv Nagar, Vijayawada - APPCB",Vijayawada,Andhra Pradesh,2026-07-16 05:00:00,16.554731,80.64911,O3,17.0
"Rajiv Nagar, Vijayawada - APPCB",Vijayawada,Andhra Pradesh,2026-07-16 05:00:00,16.554731,80.64911,PM10,67.0
"Rajiv Nagar, Vijayawada - APPCB",Vijayawada,Andhra Pradesh,2026-07-16 05:00:00,16.554731,80.64911,PM2.5,65.0
"Rajiv Nagar, Vijayawada - APPCB",Vijayawada,Andhra Pradesh,2026-07-16 05:00:00,16.554731,80.64911,SO2,15.0
"GVM Corporation, Visakhapatnam - APPCB",Visakhapatnam,Andhra Pradesh,2026-07-16 05:00:00,17.72,83.3,CO,12.0
"GVM Corporation, Visakhapatnam - APPCB",Visakhapatnam,Andhra Pradesh,2026-07-16 05:00:00,17.72,83.3,NH3,4.0
"GVM Corporation, Visakhapatnam - APPCB",Visakhapatnam,Andhra Pradesh,2026-07-16 05:00:00,17.72,83.3,NO2,93.0
"GVM Corporation, Visakhapatnam - APPCB",Visakhapatnam,Andhra Pradesh,2026-07-16 05:00:00,17.72,83.3,O3,6.0
"GVM Corporation, Visakhapatnam - APPCB",Visakhapatnam,Andhra Pradesh,2026-07-16 05:00:00,17.72,83.3,PM10,140.0
"GVM Corporation, Visakhapatnam - APPCB",Visakhapatnam,Andhra Pradesh,2026-07-16 05:00:00,17.72,83.3,PM2.5,67.0
"GVM Corporation, Visakhapatnam - APPCB",Visakhapatnam,Andhra Pradesh,2026-07-16 05:00:00,17.72,83.3,SO2,34.0
"Central Academy for SFS, Byrnihat - PCBA",Byrnihat,Assam,2026-07-16 05:00:00,26.071318,91.87488,CO,50.0
"Central Academy for SFS, Byrnihat - PCBA",Byrnihat,Assam,2026-07-16 05:00:00,26.071318,91.87488,NH3,4.0
"Central Academy for SFS, Byrnihat - PCBA",Byrnihat,Assam,2026-07-16 05:00:00,26.071318,91.87488,NO2,7.0
"Central Academy for SFS, Byrnihat - PCBA",Byrnihat,Assam,2026-07-16 05:00:00,26.071318,91.87488,O3,21.0
"Central Academy for SFS, Byrnihat - PCBA",Byrnihat,Assam,2026-07-16 05:00:00,26.071318,91.87488,PM10,75.0
"Central Academy for SFS, Byrnihat - PCBA",Byrnihat,Assam,2026-07-16 05:00:00,26.071318,91.87488,PM2.5,79.0
"Central Academy for SFS, Byrnihat - PCBA",Byrnihat,Assam,2026-07-16 05:00:00,26.071318,91.87488,SO2,31.0
"IITG, Guwahati - PCBA",Guwahati,Assam,2026-07-16 05:00:00,26.2028636,91.70046436,CO,7.0
"IITG, Guwahati - PCBA",Guwahati,Assam,2026-07-16 05:00:00,26.2028636,91.70046436,NH3,5.0
"IITG, Guwahati - PCBA",Guwahati,Assam,2026-07-16 05:00:00,26.2028636,91.70046436,NO2,2.0
"IITG, Guwahati - PCBA",Guwahati,Assam,2026-07-16 05:00:00,26.2028636,91.70046436,O3,1.0
"IITG, Guwahati - PCBA",Guwahati,Assam,2026-07-16 05:00:00,26.2028636,91.70046436,PM10,16.0
"IITG, Guwahati - PCBA",Guwahati,Assam,2026-07-16 05:00:00,26.2028636,91.70046436,PM2.5,16.0
"IITG, Guwahati - PCBA",Guwahati,Assam,2026-07-16 05:00:00,26.2028636,91.70046436,SO2,41.0
"LGBI Airport, Guwahati - PCBA",Guwahati,Assam,2026-07-16 05:00:00,26.10887,91.589544,CO,35.0
"LGBI Airport, Guwahati - PCBA",Guwahati,Assam,2026-07-16 05:00:00,26.10887,91.589544,NH3,4.0
"LGBI Airport, Guwahati - PCBA",Guwahati,Assam,2026-07-16 05:00:00,26.10887,91.589544,NO2,15.0
"LGBI Airport, Guwahati - PCBA",Guwahati,Assam,2026-07-16 05:00:00,26.10887,91.589544,O3,35.0
"LGBI Airport, Guwahati - PCBA",Guwahati,Assam,2026-07-16 05:00:00,26.10887,91.589544,PM10,36.0
"LGBI Airport, Guwahati - PCBA",Guwahati,Assam,2026-07-16 05:00:00,26.10887,91.589544,PM2.5,46.0
"LGBI Airport, Guwahati - PCBA",Guwahati,Assam,2026-07-16 05:00:00,26.10887,91.589544,SO2,11.0
"Pan Bazaar, Guwahati - PCBA",Guwahati,Assam,2026-07-16 05:00:00,26.1875,91.744194,CO,23.0
"Pan Bazaar, Guwahati - PCBA",Guwahati,Assam,2026-07-16 05:00:00,26.1875,91.744194,NH3,1.0
"Pan Bazaar, Guwahati - PCBA",Guwahati,Assam,2026-07-16 05:00:00,26.1875,91.744194,NO2,0.0
"Pan Bazaar, Guwahati - PCBA",Guwahati,Assam,2026-07-16 05:00:00,26.1875,91.744194,O3,11.0
"Pan Bazaar, Guwahati - PCBA",Guwahati,Assam,2026-07-16 05:00:00,26.1875,91.744194,PM10,173.0
"Pan Bazaar, Guwahati - PCBA",Guwahati,Assam,2026-07-16 05:00:00,26.1875,91.744194,PM2.5,186.0
"Pan Bazaar, Guwahati - PCBA",Guwahati,Assam,2026-07-16 05:00:00,26.1875,91.744194,SO2,35.0
"Railway Colony, Guwahati - PCBA",Guwahati,Assam,2026-07-16 05:00:00,26.181742,91.78063,CO,15.0
"Railway Colony, Guwahati - PCBA",Guwahati,Assam,2026-07-16 05:00:00,26.181742,91.78063,NH3,1.0
"Railway Colony, Guwahati - PCBA",Guwahati,Assam,2026-07-16 05:00:00,26.181742,91.78063,NO2,3.0
"Railway Colony, Guwahati - PCBA",Guwahati,Assam,2026-07-16 05:00:00,26.181742,91.78063,O3,23.0
"Railway Colony, Guwahati - PCBA",Guwahati,Assam,2026-07-16 05:00:00,26.181742,91.78063,PM10,24.0
"Railway Colony, Guwahati - PCBA",Guwahati,Assam,2026-07-16 05:00:00,26.181742,91.78063,PM2.5,22.0
"Railway Colony, Guwahati - PCBA",Guwahati,Assam,2026-07-16 05:00:00,26.181742,91.78063,SO2,49.0
"Christianpatty, Nagaon - PCBA",Nagaon,Assam,2026-07-16 05:00:00,26.349082,92.68449,CO,22.0
"Christianpatty, Nagaon - PCBA",Nagaon,Assam,2026-07-16 05:00:00,26.349082,92.68449,NH3,4.0
"Christianpatty, Nagaon - PCBA",Nagaon,Assam,2026-07-16 05:00:00,26.349082,92.68449,NO2,1.0
"Christianpatty, Nagaon - PCBA",Nagaon,Assam,2026-07-16 05:00:00,26.349082,92.68449,O3,11.0
"Christianpatty, Nagaon - PCBA",Nagaon,Assam,2026-07-16 05:00:00,26.349082,92.68449,PM10,55.0
"Christianpatty, Nagaon - PCBA",Nagaon,Assam,2026-07-16 05:00:00,26.349082,92.68449,PM2.5,62.0
"Christianpatty, Nagaon - PCBA",Nagaon,Assam,2026-07-16 05:00:00,26.349082,92.68449,SO2,12.0
"Bata Chowk, Nalbari - PCBA",Nalbari,Assam,2026-07-16 05:00:00,26.446912,91.439057,CO,21.0
"Bata Chowk, Nalbari - PCBA",Nalbari,Assam,2026-07-16 05:00:00,26.446912,91.439057,NH3,6.0
"Bata Chowk, Nalbari - PCBA",Nalbari,Assam,2026-07-16 05:00:00,26.446912,91.439057,NO2,14.0
"Bata Chowk, Nalbari - PCBA",Nalbari,Assam,2026-07-16 05:00:00,26.446912,91.439057,O3,19.0
"Bata Chowk, Nalbari - PCBA",Nalbari,Assam,2026-07-16 05:00:00,26.446912,91.439057,PM10,46.0
"Bata Chowk, Nalbari - PCBA",Nalbari,Assam,2026-07-16 05:00:00,26.446912,91.439057,PM2.5,63.0
"Bata Chowk, Nalbari - PCBA",Nalbari,Assam,2026-07-16 05:00:00,26.446912,91.439057,SO2,8.0
"Tarapur, Silchar - PCBA",Silchar,Assam,2026-07-16 05:00:00,24.82827,92.79525,CO,32.0
"Tarapur, Silchar - PCBA",Silchar,Assam,2026-07-16 05:00:00,24.82827,92.79525,NH3,1.0
"Tarapur, Silchar - PCBA",Silchar,Assam,2026-07-16 05:00:00,24.82827,92.79525,NO2,19.0
"Tarapur, Silchar - PCBA",Silchar,Assam,2026-07-16 05:00:00,24.82827,92.79525,O3,4.0
"Tarapur, Silchar - PCBA",Silchar,Assam,2026-07-16 05:00:00,24.82827,92.79525,PM10,55.0
"Tarapur, Silchar - PCBA",Silchar,Assam,2026-07-16 05:00:00,24.82827,92.79525,PM2.5,25.0
"Tarapur, Silchar - PCBA",Silchar,Assam,2026-07-16 05:00:00,24.82827,92.79525,SO2,5.0
"Girls College, Sivasagar - PCBA",Sivasagar,Assam,2026-07-16 05:00:00,26.987634,94.636574,CO,19.0
"Girls College, Sivasagar - PCBA",Sivasagar,Assam,2026-07-16 05:00:00,26.987634,94.636574,NH3,6.0
"Girls College, Sivasagar - PCBA",Sivasagar,Assam,2026-07-16 05:00:00,26.987634,94.636574,NO2,12.0
"Girls College, Sivasagar - PCBA",Sivasagar,Assam,2026-07-16 05:00:00,26.987634,94.636574,O3,29.0
"Girls College, Sivasagar - PCBA",Sivasagar,Assam,2026-07-16 05:00:00,26.987634,94.636574,PM10,21.0
"Girls College, Sivasagar - PCBA",Sivasagar,Assam,2026-07-16 05:00:00,26.987634,94.636574,PM2.5,15.0
"Girls College, Sivasagar - PCBA",Sivasagar,Assam,2026-07-16 05:00:00,26.987634,94.636574,SO2,7.0
"Kharahiya Basti, Araria - BSPCB",Araria,Bihar,2026-07-16 05:00:00,26.146529,87.454184,CO,20.0
"Kharahiya Basti, Araria - BSPCB",Araria,Bihar,2026-07-16 05:00:00,26.146529,87.454184,NH3,4.0
"Kharahiya Basti, Araria - BSPCB",Araria,Bihar,2026-07-16 05:00:00,26.146529,87.454184,NO2,15.0
"Kharahiya Basti, Araria - BSPCB",Araria,Bihar,2026-07-16 05:00:00,26.146529,87.454184,O3,38.0
"Kharahiya Basti, Araria - BSPCB",Araria,Bihar,2026-07-16 05:00:00,26.146529,87.454184,PM10,23.0
"Kharahiya Basti, Araria - BSPCB",Araria,Bihar,2026-07-16 05:00:00,26.146529,87.454184,PM2.5,23.0
"Kharahiya Basti, Araria - BSPCB",Araria,Bihar,2026-07-16 05:00:00,26.146529,87.454184,SO2,21.0
"New DM Office, Arrah - BSPCB",Arrah,Bihar,2026-07-16 05:00:00,25.5626095,84.663264,CO,48.0
"New DM Office, Arrah - BSPCB",Arrah,Bihar,2026-07-16 05:00:00,25.5626095,84.663264,NH3,2.0
"New DM Office, Arrah - BSPCB",Arrah,Bihar,2026-07-16 05:00:00,25.5626095,84.663264,NO2,7.0
"New DM Office, Arrah - BSPCB",Arrah,Bihar,2026-07-16 05:00:00,25.5626095,84.663264,O3,8.0
"New DM Office, Arrah - BSPCB",Arrah,Bihar,2026-07-16 05:00:00,25.5626095,84.663264,PM10,33.0
"New DM Office, Arrah - BSPCB",Arrah,Bihar,2026-07-16 05:00:00,25.5626095,84.663264,PM2.5,37.0
"New DM Office, Arrah - BSPCB",Arrah,Bihar,2026-07-16 05:00:00,25.5626095,84.663264,SO2,5.0
"Gurdeo Nagar, Aurangabad - BSPCB",Aurangabad,Bihar,2026-07-16 05:00:00,24.75746,84.366208,CO,103.0
"Gurdeo Nagar, Aurangabad - BSPCB",Aurangabad,Bihar,2026-07-16 05:00:00,24.75746,84.366208,NH3,2.0
"Gurdeo Nagar, Aurangabad - BSPCB",Aurangabad,Bihar,2026-07-16 05:00:00,24.75746,84.366208,NO2,8.0
"Gurdeo Nagar, Aurangabad - BSPCB",Aurangabad,Bihar,2026-07-16 05:00:00,24.75746,84.366208,O3,7.0
"Gurdeo Nagar, Aurangabad - BSPCB",Aurangabad,Bihar,2026-07-16 05:00:00,24.75746,84.366208,SO2,8.0
"Lohiyanagar, Begusarai - BSPCB",Begusarai,Bihar,2026-07-16 05:00:00,25.42742023,86.13886079,CO,17.0
"Lohiyanagar, Begusarai - BSPCB",Begusarai,Bihar,2026-07-16 05:00:00,25.42742023,86.13886079,NH3,16.0
"Lohiyanagar, Begusarai - BSPCB",Begusarai,Bihar,2026-07-16 05:00:00,25.42742023,86.13886079,NO2,9.0
"Lohiyanagar, Begusarai - BSPCB",Begusarai,Bihar,2026-07-16 05:00:00,25.42742023,86.13886079,O3,40.0
"Lohiyanagar, Begusarai - BSPCB",Begusarai,Bihar,2026-07-16 05:00:00,25.42742023,86.13886079,PM10,37.0
"Lohiyanagar, Begusarai - BSPCB",Begusarai,Bihar,2026-07-16 05:00:00,25.42742023,86.13886079,PM2.5,33.0
"Lohiyanagar, Begusarai - BSPCB",Begusarai,Bihar,2026-07-16 05:00:00,25.42742023,86.13886079,SO2,18.0
"Kamalnath Nagar, Bettiah - BSPCB",Bettiah,Bihar,2026-07-16 05:00:00,26.80365,84.51954,CO,29.0
"Kamalnath Nagar, Bettiah - BSPCB",Bettiah,Bihar,2026-07-16 05:00:00,26.80365,84.51954,O3,22.0
"Kamalnath Nagar, Bettiah - BSPCB",Bettiah,Bihar,2026-07-16 05:00:00,26.80365,84.51954,SO2,14.0
"DM Office_Kachari Chowk, Bhagalpur - BSPCB",Bhagalpur,Bihar,2026-07-16 05:00:00,25.251013,86.989001,CO,21.0
"DM Office_Kachari Chowk, Bhagalpur - BSPCB",Bhagalpur,Bihar,2026-07-16 05:00:00,25.251013,86.989001,NH3,4.0
"DM Office_Kachari Chowk, Bhagalpur - BSPCB",Bhagalpur,Bihar,2026-07-16 05:00:00,25.251013,86.989001,NO2,11.0
"DM Office_Kachari Chowk, Bhagalpur - BSPCB",Bhagalpur,Bihar,2026-07-16 05:00:00,25.251013,86.989001,O3,19.0
"DM Office_Kachari Chowk, Bhagalpur - BSPCB",Bhagalpur,Bihar,2026-07-16 05:00:00,25.251013,86.989001,PM10,79.0
"DM Office_Kachari Chowk, Bhagalpur - BSPCB",Bhagalpur,Bihar,2026-07-16 05:00:00,25.251013,86.989001,PM2.5,34.0
"DM Office_Kachari Chowk, Bhagalpur - BSPCB",Bhagalpur,Bihar,2026-07-16 05:00:00,25.251013,86.989001,SO2,16.0
"Mayaganj, Bhagalpur - BSPCB",Bhagalpur,Bihar,2026-07-16 05:00:00,25.265194,87.012947,CO,41.0
"Mayaganj, Bhagalpur - BSPCB",Bhagalpur,Bihar,2026-07-16 05:00:00,25.265194,87.012947,NH3,3.0
"Mayaganj, Bhagalpur - BSPCB",Bhagalpur,Bihar,2026-07-16 05:00:00,25.265194,87.012947,NO2,8.0
"Mayaganj, Bhagalpur - BSPCB",Bhagalpur,Bihar,2026-07-16 05:00:00,25.265194,87.012947,O3,22.0
"Mayaganj, Bhagalpur - BSPCB",Bhagalpur,Bihar,2026-07-16 05:00:00,25.265194,87.012947,SO2,28.0
"D M Colony, Bihar Sharif - BSPCB",Bihar Sharif,Bihar,2026-07-16 05:00:00,25.204762,85.51496,CO,104.0
"D M Colony, Bihar Sharif - BSPCB",Bihar Sharif,Bihar,2026-07-16 05:00:00,25.204762,85.51496,NH3,3.0
"D M Colony, Bihar Sharif - BSPCB",Bihar Sharif,Bihar,2026-07-16 05:00:00,25.204762,85.51496,NO2,9.0
"D M Colony, Bihar Sharif - BSPCB",Bihar Sharif,Bihar,2026-07-16 05:00:00,25.204762,85.51496,O3,2.0
"D M Colony, Bihar Sharif - BSPCB",Bihar Sharif,Bihar,2026-07-16 05:00:00,25.204762,85.51496,PM10,22.0
"D M Colony, Bihar Sharif - BSPCB",Bihar Sharif,Bihar,2026-07-16 05:00:00,25.204762,85.51496,PM2.5,29.0
"D M Colony, Bihar Sharif - BSPCB",Bihar Sharif,Bihar,2026-07-16 05:00:00,25.204762,85.51496,SO2,7.0
"Charitra Van, Buxar - BSPCB",Buxar,Bihar,2026-07-16 05:00:00,25.56752,83.966379,CO,25.0
"Charitra Van, Buxar - BSPCB",Buxar,Bihar,2026-07-16 05:00:00,25.56752,83.966379,NH3,3.0
"Charitra Van, Buxar - BSPCB",Buxar,Bihar,2026-07-16 05:00:00,25.56752,83.966379,NO2,9.0
"Charitra Van, Buxar - BSPCB",Buxar,Bihar,2026-07-16 05:00:00,25.56752,83.966379,O3,41.0
"Charitra Van, Buxar - BSPCB",Buxar,Bihar,2026-07-16 05:00:00,25.56752,83.966379,PM10,44.0
"Charitra Van, Buxar - BSPCB",Buxar,Bihar,2026-07-16 05:00:00,25.56752,83.966379,PM2.5,51.0
"Charitra Van, Buxar - BSPCB",Buxar,Bihar,2026-07-16 05:00:00,25.56752,83.966379,SO2,30.0
"Darshan Nagar, Chhapra - BSPCB",Chhapra,Bihar,2026-07-16 05:00:00,25.7808257,84.7446768,CO,85.0
"Darshan Nagar, Chhapra - BSPCB",Chhapra,Bihar,2026-07-16 05:00:00,25.7808257,84.7446768,NH3,11.0
"Darshan Nagar, Chhapra - BSPCB",Chhapra,Bihar,2026-07-16 05:00:00,25.7808257,84.7446768,NO2,2.0
"Darshan Nagar, Chhapra - BSPCB",Chhapra,Bihar,2026-07-16 05:00:00,25.7808257,84.7446768,O3,3.0
"Darshan Nagar, Chhapra - BSPCB",Chhapra,Bihar,2026-07-16 05:00:00,25.7808257,84.7446768,PM10,111.0
"Darshan Nagar, Chhapra - BSPCB",Chhapra,Bihar,2026-07-16 05:00:00,25.7808257,84.7446768,PM2.5,72.0
"Darshan Nagar, Chhapra - BSPCB",Chhapra,Bihar,2026-07-16 05:00:00,25.7808257,84.7446768,SO2,21.0
"Kareemganj, Gaya - BSPCB",Gaya,Bihar,2026-07-16 05:00:00,24.792403,84.992416,CO,38.0
"Kareemganj, Gaya - BSPCB",Gaya,Bihar,2026-07-16 05:00:00,24.792403,84.992416,NH3,1.0
"Kareemganj, Gaya - BSPCB",Gaya,Bihar,2026-07-16 05:00:00,24.792403,84.992416,NO2,12.0
"Kareemganj, Gaya - BSPCB",Gaya,Bihar,2026-07-16 05:00:00,24.792403,84.992416,O3,29.0
"Kareemganj, Gaya - BSPCB",Gaya,Bihar,2026-07-16 05:00:00,24.792403,84.992416,PM10,97.0
"Kareemganj, Gaya - BSPCB",Gaya,Bihar,2026-07-16 05:00:00,24.792403,84.992416,PM2.5,60.0
"Kareemganj, Gaya - BSPCB",Gaya,Bihar,2026-07-16 05:00:00,24.792403,84.992416,SO2,41.0
"SFTI Kusdihra, Gaya - BSPCB",Gaya,Bihar,2026-07-16 05:00:00,24.762518,84.982348,CO,23.0
"SFTI Kusdihra, Gaya - BSPCB",Gaya,Bihar,2026-07-16 05:00:00,24.762518,84.982348,NH3,6.0
"SFTI Kusdihra, Gaya - BSPCB",Gaya,Bihar,2026-07-16 05:00:00,24.762518,84.982348,NO2,24.0
"SFTI Kusdihra, Gaya - BSPCB",Gaya,Bihar,2026-07-16 05:00:00,24.762518,84.982348,O3,27.0
"SFTI Kusdihra, Gaya - BSPCB",Gaya,Bihar,2026-07-16 05:00:00,24.762518,84.982348,PM10,51.0
"SFTI Kusdihra, Gaya - BSPCB",Gaya,Bihar,2026-07-16 05:00:00,24.762518,84.982348,PM2.5,41.0
"SFTI Kusdihra, Gaya - BSPCB",Gaya,Bihar,2026-07-16 05:00:00,24.762518,84.982348,SO2,8.0
"Industrial Area, Hajipur - BSPCB",Hajipur,Bihar,2026-07-16 05:00:00,25.697189,85.2459,CO,35.0
"Industrial Area, Hajipur - BSPCB",Hajipur,Bihar,2026-07-16 05:00:00,25.697189,85.2459,NH3,15.0
"Industrial Area, Hajipur - BSPCB",Hajipur,Bihar,2026-07-16 05:00:00,25.697189,85.2459,NO2,13.0
"Industrial Area, Hajipur - BSPCB",Hajipur,Bihar,2026-07-16 05:00:00,25.697189,85.2459,O3,208.0
"Industrial Area, Hajipur - BSPCB",Hajipur,Bihar,2026-07-16 05:00:00,25.697189,85.2459,PM10,71.0
"Industrial Area, Hajipur - BSPCB",Hajipur,Bihar,2026-07-16 05:00:00,25.697189,85.2459,PM2.5,74.0
"Industrial Area, Hajipur - BSPCB",Hajipur,Bihar,2026-07-16 05:00:00,25.697189,85.2459,SO2,4.0
"Mirchaibari, Katihar - BSPCB",Katihar,Bihar,2026-07-16 05:00:00,25.560083,87.553265,CO,90.0
"Mirchaibari, Katihar - BSPCB",Katihar,Bihar,2026-07-16 05:00:00,25.560083,87.553265,NH3,1.0
"Mirchaibari, Katihar - BSPCB",Katihar,Bihar,2026-07-16 05:00:00,25.560083,87.553265,NO2,2.0
"Mirchaibari, Katihar - BSPCB",Katihar,Bihar,2026-07-16 05:00:00,25.560083,87.553265,O3,27.0
"Mirchaibari, Katihar - BSPCB",Katihar,Bihar,2026-07-16 05:00:00,25.560083,87.553265,PM10,10.0
"Mirchaibari, Katihar - BSPCB",Katihar,Bihar,2026-07-16 05:00:00,25.560083,87.553265,PM2.5,9.0
"Mirchaibari, Katihar - BSPCB",Katihar,Bihar,2026-07-16 05:00:00,25.560083,87.553265,SO2,22.0
"SDM Office_Khagra, Kishanganj - BSPCB",Kishanganj,Bihar,2026-07-16 05:00:00,26.0881305,87.93840336,CO,14.0
"SDM Office_Khagra, Kishanganj - BSPCB",Kishanganj,Bihar,2026-07-16 05:00:00,26.0881305,87.93840336,NH3,3.0
"SDM Office_Khagra, Kishanganj - BSPCB",Kishanganj,Bihar,2026-07-16 05:00:00,26.0881305,87.93840336,NO2,8.0
"SDM Office_Khagra, Kishanganj - BSPCB",Kishanganj,Bihar,2026-07-16 05:00:00,26.0881305,87.93840336,O3,33.0
"SDM Office_Khagra, Kishanganj - BSPCB",Kishanganj,Bihar,2026-07-16 05:00:00,26.0881305,87.93840336,PM10,44.0
"SDM Office_Khagra, Kishanganj - BSPCB",Kishanganj,Bihar,2026-07-16 05:00:00,26.0881305,87.93840336,PM2.5,47.0
"SDM Office_Khagra, Kishanganj - BSPCB",Kishanganj,Bihar,2026-07-16 05:00:00,26.0881305,87.93840336,SO2,8.0
"Forest Rest House, Manguraha - BSPCB",Manguraha,Bihar,2026-07-16 05:00:00,27.308328,84.531742,CO,31.0
"Forest Rest House, Manguraha - BSPCB",Manguraha,Bihar,2026-07-16 05:00:00,27.308328,84.531742,NH3,1.0
"Forest Rest House, Manguraha - BSPCB",Manguraha,Bihar,2026-07-16 05:00:00,27.308328,84.531742,O3,29.0
"Gandak Colony, Motihari - BSPCB",Motihari,Bihar,2026-07-16 05:00:00,26.63086,84.90051,CO,12.0
"Gandak Colony, Motihari - BSPCB",Motihari,Bihar,2026-07-16 05:00:00,26.63086,84.90051,NH3,3.0
"Gandak Colony, Motihari - BSPCB",Motihari,Bihar,2026-07-16 05:00:00,26.63086,84.90051,NO2,3.0
"Gandak Colony, Motihari - BSPCB",Motihari,Bihar,2026-07-16 05:00:00,26.63086,84.90051,O3,59.0
"Gandak Colony, Motihari - BSPCB",Motihari,Bihar,2026-07-16 05:00:00,26.63086,84.90051,PM10,64.0
"Gandak Colony, Motihari - BSPCB",Motihari,Bihar,2026-07-16 05:00:00,26.63086,84.90051,PM2.5,77.0
"Gandak Colony, Motihari - BSPCB",Motihari,Bihar,2026-07-16 05:00:00,26.63086,84.90051,SO2,3.0
"Town Hall, Munger - BSPCB",Munger,Bihar,2026-07-16 05:00:00,25.376776,86.471523,CO,36.0
"Town Hall, Munger - BSPCB",Munger,Bihar,2026-07-16 05:00:00,25.376776,86.471523,NH3,3.0
"Town Hall, Munger - BSPCB",Munger,Bihar,2026-07-16 05:00:00,25.376776,86.471523,NO2,2.0
"Town Hall, Munger - BSPCB",Munger,Bihar,2026-07-16 05:00:00,25.376776,86.471523,O3,4.0
"Town Hall, Munger - BSPCB",Munger,Bihar,2026-07-16 05:00:00,25.376776,86.471523,PM10,68.0
"Town Hall, Munger - BSPCB",Munger,Bihar,2026-07-16 05:00:00,25.376776,86.471523,PM2.5,44.0
"Town Hall, Munger - BSPCB",Munger,Bihar,2026-07-16 05:00:00,25.376776,86.471523,SO2,11.0
"Buddha Colony, Muzaffarpur - BSPCB",Muzaffarpur,Bihar,2026-07-16 05:00:00,26.11442,85.39813,CO,21.0
"Buddha Colony, Muzaffarpur - BSPCB",Muzaffarpur,Bihar,2026-07-16 05:00:00,26.11442,85.39813,NH3,9.0
"Buddha Colony, Muzaffarpur - BSPCB",Muzaffarpur,Bihar,2026-07-16 05:00:00,26.11442,85.39813,NO2,27.0
"Buddha Colony, Muzaffarpur - BSPCB",Muzaffarpur,Bihar,2026-07-16 05:00:00,26.11442,85.39813,O3,21.0
"Buddha Colony, Muzaffarpur - BSPCB",Muzaffarpur,Bihar,2026-07-16 05:00:00,26.11442,85.39813,PM10,69.0
"Buddha Colony, Muzaffarpur - BSPCB",Muzaffarpur,Bihar,2026-07-16 05:00:00,26.11442,85.39813,PM2.5,59.0
"Buddha Colony, Muzaffarpur - BSPCB",Muzaffarpur,Bihar,2026-07-16 05:00:00,26.11442,85.39813,SO2,8.0
"MIT-Daudpur Kothi, Muzaffarpur - BSPCB",Muzaffarpur,Bihar,2026-07-16 05:00:00,26.1403345,85.3650192,CO,37.0
"MIT-Daudpur Kothi, Muzaffarpur - BSPCB",Muzaffarpur,Bihar,2026-07-16 05:00:00,26.1403345,85.3650192,NH3,2.0
"MIT-Daudpur Kothi, Muzaffarpur - BSPCB",Muzaffarpur,Bihar,2026-07-16 05:00:00,26.1403345,85.3650192,NO2,5.0
"MIT-Daudpur Kothi, Muzaffarpur - BSPCB",Muzaffarpur,Bihar,2026-07-16 05:00:00,26.1403345,85.3650192,O3,53.0
"MIT-Daudpur Kothi, Muzaffarpur - BSPCB",Muzaffarpur,Bihar,2026-07-16 05:00:00,26.1403345,85.3650192,PM10,34.0
"MIT-Daudpur Kothi, Muzaffarpur - BSPCB",Muzaffarpur,Bihar,2026-07-16 05:00:00,26.1403345,85.3650192,PM2.5,35.0
"MIT-Daudpur Kothi, Muzaffarpur - BSPCB",Muzaffarpur,Bihar,2026-07-16 05:00:00,26.1403345,85.3650192,SO2,18.0
"Muzaffarpur Collectorate, Muzaffarpur - BSPCB",Muzaffarpur,Bihar,2026-07-16 05:00:00,26.1209,85.3647,CO,13.0
"Muzaffarpur Collectorate, Muzaffarpur - BSPCB",Muzaffarpur,Bihar,2026-07-16 05:00:00,26.1209,85.3647,NO2,20.0
"Muzaffarpur Collectorate, Muzaffarpur - BSPCB",Muzaffarpur,Bihar,2026-07-16 05:00:00,26.1209,85.3647,O3,7.0
"Muzaffarpur Collectorate, Muzaffarpur - BSPCB",Muzaffarpur,Bihar,2026-07-16 05:00:00,26.1209,85.3647,PM2.5,44.0
"Muzaffarpur Collectorate, Muzaffarpur - BSPCB",Muzaffarpur,Bihar,2026-07-16 05:00:00,26.1209,85.3647,SO2,4.0
"DRM Office Danapur, Patna - BSPCB",Patna,Bihar,2026-07-16 05:00:00,25.586562,85.043586,CO,36.0
"DRM Office Danapur, Patna - BSPCB",Patna,Bihar,2026-07-16 05:00:00,25.586562,85.043586,NH3,9.0
"DRM Office Danapur, Patna - BSPCB",Patna,Bihar,2026-07-16 05:00:00,25.586562,85.043586,NO2,32.0
"DRM Office Danapur, Patna - BSPCB",Patna,Bihar,2026-07-16 05:00:00,25.586562,85.043586,O3,12.0
"DRM Office Danapur, Patna - BSPCB",Patna,Bihar,2026-07-16 05:00:00,25.586562,85.043586,PM10,80.0
"DRM Office Danapur, Patna - BSPCB",Patna,Bihar,2026-07-16 05:00:00,25.586562,85.043586,PM2.5,44.0
"DRM Office Danapur, Patna - BSPCB",Patna,Bihar,2026-07-16 05:00:00,25.586562,85.043586,SO2,6.0
"Govt. High School Shikarpur, Patna - BSPCB",Patna,Bihar,2026-07-16 05:00:00,25.592539,85.227158,CO,40.0
"Govt. High School Shikarpur, Patna - BSPCB",Patna,Bihar,2026-07-16 05:00:00,25.592539,85.227158,NH3,6.0
"Govt. High School Shikarpur, Patna - BSPCB",Patna,Bihar,2026-07-16 05:00:00,25.592539,85.227158,NO2,12.0
"Govt. High School Shikarpur, Patna - BSPCB",Patna,Bihar,2026-07-16 05:00:00,25.592539,85.227158,O3,29.0
"Govt. High School Shikarpur, Patna - BSPCB",Patna,Bihar,2026-07-16 05:00:00,25.592539,85.227158,PM10,57.0
"Govt. High School Shikarpur, Patna - BSPCB",Patna,Bihar,2026-07-16 05:00:00,25.592539,85.227158,PM2.5,36.0
"Govt. High School Shikarpur, Patna - BSPCB",Patna,Bihar,2026-07-16 05:00:00,25.592539,85.227158,SO2,13.0
"IGSC Planetarium Complex, Patna - BSPCB",Patna,Bihar,2026-07-16 05:00:00,25.610369,85.132568,CO,6.0
"IGSC Planetarium Complex, Patna - BSPCB",Patna,Bihar,2026-07-16 05:00:00,25.610369,85.132568,NO2,1.0
"IGSC Planetarium Complex, Patna - BSPCB",Patna,Bihar,2026-07-16 05:00:00,25.610369,85.132568,O3,60.0
"IGSC Planetarium Complex, Patna - BSPCB",Patna,Bihar,2026-07-16 05:00:00,25.610369,85.132568,PM2.5,61.0
"IGSC Planetarium Complex, Patna - BSPCB",Patna,Bihar,2026-07-16 05:00:00,25.610369,85.132568,SO2,1.0
"Muradpur, Patna - BSPCB",Patna,Bihar,2026-07-16 05:00:00,25.619651,85.147382,CO,54.0
"Muradpur, Patna - BSPCB",Patna,Bihar,2026-07-16 05:00:00,25.619651,85.147382,NH3,5.0
"Muradpur, Patna - BSPCB",Patna,Bihar,2026-07-16 05:00:00,25.619651,85.147382,NO2,3.0
"Muradpur, Patna - BSPCB",Patna,Bihar,2026-07-16 05:00:00,25.619651,85.147382,O3,10.0
"Muradpur, Patna - BSPCB",Patna,Bihar,2026-07-16 05:00:00,25.619651,85.147382,PM10,84.0
"Muradpur, Patna - BSPCB",Patna,Bihar,2026-07-16 05:00:00,25.619651,85.147382,PM2.5,44.0
"Muradpur, Patna - BSPCB",Patna,Bihar,2026-07-16 05:00:00,25.619651,85.147382,SO2,12.0
"Rajbansi Nagar, Patna - BSPCB",Patna,Bihar,2026-07-16 05:00:00,25.599486,85.113666,CO,30.0
"Rajbansi Nagar, Patna - BSPCB",Patna,Bihar,2026-07-16 05:00:00,25.599486,85.113666,NH3,3.0
"Rajbansi Nagar, Patna - BSPCB",Patna,Bihar,2026-07-16 05:00:00,25.599486,85.113666,NO2,31.0
"Rajbansi Nagar, Patna - BSPCB",Patna,Bihar,2026-07-16 05:00:00,25.599486,85.113666,O3,30.0
"Rajbansi Nagar, Patna - BSPCB",Patna,Bihar,2026-07-16 05:00:00,25.599486,85.113666,PM10,48.0
"Rajbansi Nagar, Patna - BSPCB",Patna,Bihar,2026-07-16 05:00:00,25.599486,85.113666,PM2.5,35.0
"Rajbansi Nagar, Patna - BSPCB",Patna,Bihar,2026-07-16 05:00:00,25.599486,85.113666,SO2,9.0
"Samanpura, Patna - BSPCB",Patna,Bihar,2026-07-16 05:00:00,25.596727,85.085624,CO,24.0
"Samanpura, Patna - BSPCB",Patna,Bihar,2026-07-16 05:00:00,25.596727,85.085624,NH3,5.0
"Samanpura, Patna - BSPCB",Patna,Bihar,2026-07-16 05:00:00,25.596727,85.085624,NO2,24.0
"Samanpura, Patna - BSPCB",Patna,Bihar,2026-07-16 05:00:00,25.596727,85.085624,O3,45.0
"Samanpura, Patna - BSPCB",Patna,Bihar,2026-07-16 05:00:00,25.596727,85.085624,PM10,100.0
"Samanpura, Patna - BSPCB",Patna,Bihar,2026-07-16 05:00:00,25.596727,85.085624,PM2.5,41.0
"Samanpura, Patna - BSPCB",Patna,Bihar,2026-07-16 05:00:00,25.596727,85.085624,SO2,5.0
"Mariam Nagar, Purnia - BSPCB",Purnia,Bihar,2026-07-16 05:00:00,25.366336,87.117468,CO,56.0
"Mariam Nagar, Purnia - BSPCB",Purnia,Bihar,2026-07-16 05:00:00,25.366336,87.117468,NH3,2.0
"Mariam Nagar, Purnia - BSPCB",Purnia,Bihar,2026-07-16 05:00:00,25.366336,87.117468,NO2,6.0
"Mariam Nagar, Purnia - BSPCB",Purnia,Bihar,2026-07-16 05:00:00,25.366336,87.117468,O3,21.0
"Mariam Nagar, Purnia - BSPCB",Purnia,Bihar,2026-07-16 05:00:00,25.366336,87.117468,PM10,45.0
"Mariam Nagar, Purnia - BSPCB",Purnia,Bihar,2026-07-16 05:00:00,25.366336,87.117468,PM2.5,57.0
"Mariam Nagar, Purnia - BSPCB",Purnia,Bihar,2026-07-16 05:00:00,25.366336,87.117468,SO2,16.0
"Dangi Tola, Rajgir - BSPCB",Rajgir,Bihar,2026-07-16 05:00:00,25.0328,85.41948,CO,43.0
"Dangi Tola, Rajgir - BSPCB",Rajgir,Bihar,2026-07-16 05:00:00,25.0328,85.41948,NH3,3.0
"Dangi Tola, Rajgir - BSPCB",Rajgir,Bihar,2026-07-16 05:00:00,25.0328,85.41948,NO2,14.0
"Dangi Tola, Rajgir - BSPCB",Rajgir,Bihar,2026-07-16 05:00:00,25.0328,85.41948,O3,27.0
"Dangi Tola, Rajgir - BSPCB",Rajgir,Bihar,2026-07-16 05:00:00,25.0328,85.41948,PM10,47.0
"Dangi Tola, Rajgir - BSPCB",Rajgir,Bihar,2026-07-16 05:00:00,25.0328,85.41948,PM2.5,51.0
"Dangi Tola, Rajgir - BSPCB",Rajgir,Bihar,2026-07-16 05:00:00,25.0328,85.41948,SO2,3.0
"Police Line, Saharsa - BSPCB",Saharsa,Bihar,2026-07-16 05:00:00,25.892357,86.590325,CO,39.0
"Police Line, Saharsa - BSPCB",Saharsa,Bihar,2026-07-16 05:00:00,25.892357,86.590325,NH3,4.0
"Police Line, Saharsa - BSPCB",Saharsa,Bihar,2026-07-16 05:00:00,25.892357,86.590325,NO2,7.0
"Police Line, Saharsa - BSPCB",Saharsa,Bihar,2026-07-16 05:00:00,25.892357,86.590325,O3,17.0
"Police Line, Saharsa - BSPCB",Saharsa,Bihar,2026-07-16 05:00:00,25.892357,86.590325,PM10,88.0
"Police Line, Saharsa - BSPCB",Saharsa,Bihar,2026-07-16 05:00:00,25.892357,86.590325,SO2,17.0
"DM Office_Kasipur, Samastipur - BSPCB",Samastipur,Bihar,2026-07-16 05:00:00,25.859655,85.77944,CO,4.0
"DM Office_Kasipur, Samastipur - BSPCB",Samastipur,Bihar,2026-07-16 05:00:00,25.859655,85.77944,NH3,1.0
"DM Office_Kasipur, Samastipur - BSPCB",Samastipur,Bihar,2026-07-16 05:00:00,25.859655,85.77944,NO2,8.0
"DM Office_Kasipur, Samastipur - BSPCB",Samastipur,Bihar,2026-07-16 05:00:00,25.859655,85.77944,O3,8.0
"DM Office_Kasipur, Samastipur - BSPCB",Samastipur,Bihar,2026-07-16 05:00:00,25.859655,85.77944,PM10,41.0
"DM Office_Kasipur, Samastipur - BSPCB",Samastipur,Bihar,2026-07-16 05:00:00,25.859655,85.77944,PM2.5,45.0
"Dada Peer, Sasaram - BSPCB",Sasaram,Bihar,2026-07-16 05:00:00,24.952822,84.002396,CO,53.0
"Dada Peer, Sasaram - BSPCB",Sasaram,Bihar,2026-07-16 05:00:00,24.952822,84.002396,O3,17.0
"Dada Peer, Sasaram - BSPCB",Sasaram,Bihar,2026-07-16 05:00:00,24.952822,84.002396,SO2,4.0
"Chitragupta Nagar, Siwan - BSPCB",Siwan,Bihar,2026-07-16 05:00:00,26.2271665,84.3570427,CO,77.0
"Chitragupta Nagar, Siwan - BSPCB",Siwan,Bihar,2026-07-16 05:00:00,26.2271665,84.3570427,NH3,1.0
"Chitragupta Nagar, Siwan - BSPCB",Siwan,Bihar,2026-07-16 05:00:00,26.2271665,84.3570427,NO2,2.0
"Chitragupta Nagar, Siwan - BSPCB",Siwan,Bihar,2026-07-16 05:00:00,26.2271665,84.3570427,O3,8.0
"Chitragupta Nagar, Siwan - BSPCB",Siwan,Bihar,2026-07-16 05:00:00,26.2271665,84.3570427,SO2,8.0
"Sector 22, Chandigarh - CPCC",Chandigarh,Chandigarh,2026-07-16 05:00:00,30.735567,76.775714,CO,37.0
"Sector 22, Chandigarh - CPCC",Chandigarh,Chandigarh,2026-07-16 05:00:00,30.735567,76.775714,NH3,16.0
"Sector 22, Chandigarh - CPCC",Chandigarh,Chandigarh,2026-07-16 05:00:00,30.735567,76.775714,NO2,8.0
"Sector 22, Chandigarh - CPCC",Chandigarh,Chandigarh,2026-07-16 05:00:00,30.735567,76.775714,O3,15.0
"Sector 22, Chandigarh - CPCC",Chandigarh,Chandigarh,2026-07-16 05:00:00,30.735567,76.775714,PM10,54.0
"Sector 22, Chandigarh - CPCC",Chandigarh,Chandigarh,2026-07-16 05:00:00,30.735567,76.775714,PM2.5,39.0
"Sector 22, Chandigarh - CPCC",Chandigarh,Chandigarh,2026-07-16 05:00:00,30.735567,76.775714,SO2,6.0
"Sector-25, Chandigarh - CPCC",Chandigarh,Chandigarh,2026-07-16 05:00:00,30.751462,76.762879,CO,19.0
"Sector-25, Chandigarh - CPCC",Chandigarh,Chandigarh,2026-07-16 05:00:00,30.751462,76.762879,NH3,13.0
"Sector-25, Chandigarh - CPCC",Chandigarh,Chandigarh,2026-07-16 05:00:00,30.751462,76.762879,NO2,7.0
"Sector-25, Chandigarh - CPCC",Chandigarh,Chandigarh,2026-07-16 05:00:00,30.751462,76.762879,O3,20.0
"Sector-25, Chandigarh - CPCC",Chandigarh,Chandigarh,2026-07-16 05:00:00,30.751462,76.762879,PM10,90.0
"Sector-25, Chandigarh - CPCC",Chandigarh,Chandigarh,2026-07-16 05:00:00,30.751462,76.762879,PM2.5,65.0
"Sector-25, Chandigarh - CPCC",Chandigarh,Chandigarh,2026-07-16 05:00:00,30.751462,76.762879,SO2,8.0
"Sector-53, Chandigarh - CPCC",Chandigarh,Chandigarh,2026-07-16 05:00:00,30.719859,76.738637,CO,48.0
"Sector-53, Chandigarh - CPCC",Chandigarh,Chandigarh,2026-07-16 05:00:00,30.719859,76.738637,NH3,21.0
"Sector-53, Chandigarh - CPCC",Chandigarh,Chandigarh,2026-07-16 05:00:00,30.719859,76.738637,NO2,30.0
"Sector-53, Chandigarh - CPCC",Chandigarh,Chandigarh,2026-07-16 05:00:00,30.719859,76.738637,O3,11.0
"Sector-53, Chandigarh - CPCC",Chandigarh,Chandigarh,2026-07-16 05:00:00,30.719859,76.738637,PM10,39.0
"Sector-53, Chandigarh - CPCC",Chandigarh,Chandigarh,2026-07-16 05:00:00,30.719859,76.738637,PM2.5,37.0
"Sector-53, Chandigarh - CPCC",Chandigarh,Chandigarh,2026-07-16 05:00:00,30.719859,76.738637,SO2,3.0
"32Bungalows, Bhilai - CECB",Bhilai,Chhattisgarh,2026-07-16 05:00:00,21.194815,81.31477,CO,17.0
"32Bungalows, Bhilai - CECB",Bhilai,Chhattisgarh,2026-07-16 05:00:00,21.194815,81.31477,NH3,3.0
"32Bungalows, Bhilai - CECB",Bhilai,Chhattisgarh,2026-07-16 05:00:00,21.194815,81.31477,NO2,12.0
"32Bungalows, Bhilai - CECB",Bhilai,Chhattisgarh,2026-07-16 05:00:00,21.194815,81.31477,O3,6.0
"32Bungalows, Bhilai - CECB",Bhilai,Chhattisgarh,2026-07-16 05:00:00,21.194815,81.31477,PM10,51.0
"32Bungalows, Bhilai - CECB",Bhilai,Chhattisgarh,2026-07-16 05:00:00,21.194815,81.31477,PM2.5,27.0
"32Bungalows, Bhilai - CECB",Bhilai,Chhattisgarh,2026-07-16 05:00:00,21.194815,81.31477,SO2,12.0
"Civic Center, Bhilai - Bhilai Steel Plant",Bhilai,Chhattisgarh,2026-07-16 05:00:00,21.185571,81.343175,CO,23.0
"Civic Center, Bhilai - Bhilai Steel Plant",Bhilai,Chhattisgarh,2026-07-16 05:00:00,21.185571,81.343175,NH3,1.0
"Civic Center, Bhilai - Bhilai Steel Plant",Bhilai,Chhattisgarh,2026-07-16 05:00:00,21.185571,81.343175,NO2,16.0
"Civic Center, Bhilai - Bhilai Steel Plant",Bhilai,Chhattisgarh,2026-07-16 05:00:00,21.185571,81.343175,O3,11.0
"Civic Center, Bhilai - Bhilai Steel Plant",Bhilai,Chhattisgarh,2026-07-16 05:00:00,21.185571,81.343175,PM10,28.0
"Civic Center, Bhilai - Bhilai Steel Plant",Bhilai,Chhattisgarh,2026-07-16 05:00:00,21.185571,81.343175,PM2.5,17.0
"Civic Center, Bhilai - Bhilai Steel Plant",Bhilai,Chhattisgarh,2026-07-16 05:00:00,21.185571,81.343175,SO2,10.0
"Hathkhoj, Bhilai - CECB",Bhilai,Chhattisgarh,2026-07-16 05:00:00,21.224231,81.40835,CO,31.0
"Hathkhoj, Bhilai - CECB",Bhilai,Chhattisgarh,2026-07-16 05:00:00,21.224231,81.40835,NH3,5.0
"Hathkhoj, Bhilai - CECB",Bhilai,Chhattisgarh,2026-07-16 05:00:00,21.224231,81.40835,NO2,23.0
"Hathkhoj, Bhilai - CECB",Bhilai,Chhattisgarh,2026-07-16 05:00:00,21.224231,81.40835,O3,7.0
"Hathkhoj, Bhilai - CECB",Bhilai,Chhattisgarh,2026-07-16 05:00:00,21.224231,81.40835,PM10,56.0
"Hathkhoj, Bhilai - CECB",Bhilai,Chhattisgarh,2026-07-16 05:00:00,21.224231,81.40835,PM2.5,36.0
"Hathkhoj, Bhilai - CECB",Bhilai,Chhattisgarh,2026-07-16 05:00:00,21.224231,81.40835,SO2,14.0
"Mangala, Bilaspur - NTPC",Bilaspur,Chhattisgarh,2026-07-16 05:00:00,22.08815,82.13737,CO,31.0
"Mangala, Bilaspur - NTPC",Bilaspur,Chhattisgarh,2026-07-16 05:00:00,22.08815,82.13737,NO2,17.0
"Mangala, Bilaspur - NTPC",Bilaspur,Chhattisgarh,2026-07-16 05:00:00,22.08815,82.13737,PM10,49.0
"Mangala, Bilaspur - NTPC",Bilaspur,Chhattisgarh,2026-07-16 05:00:00,22.08815,82.13737,PM2.5,40.0
"Mangala, Bilaspur - NTPC",Bilaspur,Chhattisgarh,2026-07-16 05:00:00,22.08815,82.13737,SO2,13.0
"Nawapara SECL Colony, Chhal - CECB",Chhal,Chhattisgarh,2026-07-16 05:00:00,22.118125,83.140608,CO,11.0
"Nawapara SECL Colony, Chhal - CECB",Chhal,Chhattisgarh,2026-07-16 05:00:00,22.118125,83.140608,NO2,7.0
"Nawapara SECL Colony, Chhal - CECB",Chhal,Chhattisgarh,2026-07-16 05:00:00,22.118125,83.140608,O3,46.0
"Nawapara SECL Colony, Chhal - CECB",Chhal,Chhattisgarh,2026-07-16 05:00:00,22.118125,83.140608,PM10,37.0
"Nawapara SECL Colony, Chhal - CECB",Chhal,Chhattisgarh,2026-07-16 05:00:00,22.118125,83.140608,PM2.5,46.0
"Nawapara SECL Colony, Chhal - CECB",Chhal,Chhattisgarh,2026-07-16 05:00:00,22.118125,83.140608,SO2,9.0
"Rampur, Korba - CECB",Korba,Chhattisgarh,2026-07-16 05:00:00,22.368195,82.746431,CO,5.0
"Rampur, Korba - CECB",Korba,Chhattisgarh,2026-07-16 05:00:00,22.368195,82.746431,NH3,1.0
"Rampur, Korba - CECB",Korba,Chhattisgarh,2026-07-16 05:00:00,22.368195,82.746431,NO2,14.0
"Rampur, Korba - CECB",Korba,Chhattisgarh,2026-07-16 05:00:00,22.368195,82.746431,O3,9.0
"Rampur, Korba - CECB",Korba,Chhattisgarh,2026-07-16 05:00:00,22.368195,82.746431,PM10,39.0
"Rampur, Korba - CECB",Korba,Chhattisgarh,2026-07-16 05:00:00,22.368195,82.746431,PM2.5,23.0
"Rampur, Korba - CECB",Korba,Chhattisgarh,2026-07-16 05:00:00,22.368195,82.746431,SO2,4.0
"Urja Nagar, Korba - CECB",Korba,Chhattisgarh,2026-07-16 05:00:00,22.348441,82.549611,CO,22.0
"Urja Nagar, Korba - CECB",Korba,Chhattisgarh,2026-07-16 05:00:00,22.348441,82.549611,NH3,1.0
"Urja Nagar, Korba - CECB",Korba,Chhattisgarh,2026-07-16 05:00:00,22.348441,82.549611,NO2,7.0
"Urja Nagar, Korba - CECB",Korba,Chhattisgarh,2026-07-16 05:00:00,22.348441,82.549611,O3,2.0
"Urja Nagar, Korba - CECB",Korba,Chhattisgarh,2026-07-16 05:00:00,22.348441,82.549611,PM10,48.0
"Urja Nagar, Korba - CECB",Korba,Chhattisgarh,2026-07-16 05:00:00,22.348441,82.549611,PM2.5,31.0
"Urja Nagar, Korba - CECB",Korba,Chhattisgarh,2026-07-16 05:00:00,22.348441,82.549611,SO2,8.0
"OP Jindal School, Kunjemura - CECB",Kunjemura,Chhattisgarh,2026-07-16 05:00:00,22.12665,83.483212,CO,22.0
"OP Jindal School, Kunjemura - CECB",Kunjemura,Chhattisgarh,2026-07-16 05:00:00,22.12665,83.483212,NH3,2.0
"OP Jindal School, Kunjemura - CECB",Kunjemura,Chhattisgarh,2026-07-16 05:00:00,22.12665,83.483212,NO2,19.0
"OP Jindal School, Kunjemura - CECB",Kunjemura,Chhattisgarh,2026-07-16 05:00:00,22.12665,83.483212,O3,7.0
"OP Jindal School, Kunjemura - CECB",Kunjemura,Chhattisgarh,2026-07-16 05:00:00,22.12665,83.483212,PM10,50.0
"OP Jindal School, Kunjemura - CECB",Kunjemura,Chhattisgarh,2026-07-16 05:00:00,22.12665,83.483212,PM2.5,13.0
"OP Jindal School, Kunjemura - CECB",Kunjemura,Chhattisgarh,2026-07-16 05:00:00,22.12665,83.483212,SO2,13.0
"Govt. Higher Secondary School, Milupara - CECB",Milupara,Chhattisgarh,2026-07-16 05:00:00,22.1910172,83.5197009,CO,7.0
"Govt. Higher Secondary School, Milupara - CECB",Milupara,Chhattisgarh,2026-07-16 05:00:00,22.1910172,83.5197009,NH3,1.0
"Govt. Higher Secondary School, Milupara - CECB",Milupara,Chhattisgarh,2026-07-16 05:00:00,22.1910172,83.5197009,NO2,25.0
"Govt. Higher Secondary School, Milupara - CECB",Milupara,Chhattisgarh,2026-07-16 05:00:00,22.1910172,83.5197009,O3,4.0
"Govt. Higher Secondary School, Milupara - CECB",Milupara,Chhattisgarh,2026-07-16 05:00:00,22.1910172,83.5197009,PM10,37.0
"Govt. Higher Secondary School, Milupara - CECB",Milupara,Chhattisgarh,2026-07-16 05:00:00,22.1910172,83.5197009,PM2.5,29.0
"Govt. Higher Secondary School, Milupara - CECB",Milupara,Chhattisgarh,2026-07-16 05:00:00,22.1910172,83.5197009,SO2,14.0
"AIIMS, Raipur - CECB",Raipur,Chhattisgarh,2026-07-16 05:00:00,21.258815,81.578979,CO,18.0
"AIIMS, Raipur - CECB",Raipur,Chhattisgarh,2026-07-16 05:00:00,21.258815,81.578979,O3,9.0
"Bhatagaon New ISBT, Raipur - CECB",Raipur,Chhattisgarh,2026-07-16 05:00:00,21.219665,81.630094,CO,19.0
"Bhatagaon New ISBT, Raipur - CECB",Raipur,Chhattisgarh,2026-07-16 05:00:00,21.219665,81.630094,NH3,2.0
"Bhatagaon New ISBT, Raipur - CECB",Raipur,Chhattisgarh,2026-07-16 05:00:00,21.219665,81.630094,NO2,2.0
"Bhatagaon New ISBT, Raipur - CECB",Raipur,Chhattisgarh,2026-07-16 05:00:00,21.219665,81.630094,O3,5.0
"Bhatagaon New ISBT, Raipur - CECB",Raipur,Chhattisgarh,2026-07-16 05:00:00,21.219665,81.630094,PM10,41.0
"Bhatagaon New ISBT, Raipur - CECB",Raipur,Chhattisgarh,2026-07-16 05:00:00,21.219665,81.630094,PM2.5,15.0
"Bhatagaon New ISBT, Raipur - CECB",Raipur,Chhattisgarh,2026-07-16 05:00:00,21.219665,81.630094,SO2,3.0
"Krishak Nagar, Raipur - CECB",Raipur,Chhattisgarh,2026-07-16 05:00:00,21.237755,81.705301,CO,20.0
"Krishak Nagar, Raipur - CECB",Raipur,Chhattisgarh,2026-07-16 05:00:00,21.237755,81.705301,NH3,2.0
"Krishak Nagar, Raipur - CECB",Raipur,Chhattisgarh,2026-07-16 05:00:00,21.237755,81.705301,NO2,7.0
"Krishak Nagar, Raipur - CECB",Raipur,Chhattisgarh,2026-07-16 05:00:00,21.237755,81.705301,O3,0.0
"Krishak Nagar, Raipur - CECB",Raipur,Chhattisgarh,2026-07-16 05:00:00,21.237755,81.705301,PM10,31.0
"Krishak Nagar, Raipur - CECB",Raipur,Chhattisgarh,2026-07-16 05:00:00,21.237755,81.705301,PM2.5,22.0
"Krishak Nagar, Raipur - CECB",Raipur,Chhattisgarh,2026-07-16 05:00:00,21.237755,81.705301,SO2,4.0
"Siltara Phase-II, Raipur - CECB",Raipur,Chhattisgarh,2026-07-16 05:00:00,21.371751,81.664929,CO,17.0
"Siltara Phase-II, Raipur - CECB",Raipur,Chhattisgarh,2026-07-16 05:00:00,21.371751,81.664929,NH3,2.0
"Siltara Phase-II, Raipur - CECB",Raipur,Chhattisgarh,2026-07-16 05:00:00,21.371751,81.664929,NO2,6.0
"Siltara Phase-II, Raipur - CECB",Raipur,Chhattisgarh,2026-07-16 05:00:00,21.371751,81.664929,O3,9.0
"Siltara Phase-II, Raipur - CECB",Raipur,Chhattisgarh,2026-07-16 05:00:00,21.371751,81.664929,PM10,59.0
"Siltara Phase-II, Raipur - CECB",Raipur,Chhattisgarh,2026-07-16 05:00:00,21.371751,81.664929,PM2.5,30.0
"Siltara Phase-II, Raipur - CECB",Raipur,Chhattisgarh,2026-07-16 05:00:00,21.371751,81.664929,SO2,13.0
"OP Jindal Industrial Park, Tumidih - CECB",Tumidih,Chhattisgarh,2026-07-16 05:00:00,22.06631475,83.33820077,CO,15.0
"OP Jindal Industrial Park, Tumidih - CECB",Tumidih,Chhattisgarh,2026-07-16 05:00:00,22.06631475,83.33820077,NH3,1.0
"OP Jindal Industrial Park, Tumidih - CECB",Tumidih,Chhattisgarh,2026-07-16 05:00:00,22.06631475,83.33820077,NO2,21.0
"OP Jindal Industrial Park, Tumidih - CECB",Tumidih,Chhattisgarh,2026-07-16 05:00:00,22.06631475,83.33820077,O3,27.0
"OP Jindal Industrial Park, Tumidih - CECB",Tumidih,Chhattisgarh,2026-07-16 05:00:00,22.06631475,83.33820077,PM10,35.0
"OP Jindal Industrial Park, Tumidih - CECB",Tumidih,Chhattisgarh,2026-07-16 05:00:00,22.06631475,83.33820077,PM2.5,28.0
"OP Jindal Industrial Park, Tumidih - CECB",Tumidih,Chhattisgarh,2026-07-16 05:00:00,22.06631475,83.33820077,SO2,5.0
"Alipur, Delhi - DPCC",Delhi,Delhi,2026-07-16 05:00:00,28.815329,77.15301,CO,36.0
"Alipur, Delhi - DPCC",Delhi,Delhi,2026-07-16 05:00:00,28.815329,77.15301,NH3,16.0
"Alipur, Delhi - DPCC",Delhi,Delhi,2026-07-16 05:00:00,28.815329,77.15301,NO2,62.0
"Alipur, Delhi - DPCC",Delhi,Delhi,2026-07-16 05:00:00,28.815329,77.15301,O3,4.0
"Alipur, Delhi - DPCC",Delhi,Delhi,2026-07-16 05:00:00,28.815329,77.15301,PM10,180.0
"Alipur, Delhi - DPCC",Delhi,Delhi,2026-07-16 05:00:00,28.815329,77.15301,PM2.5,73.0
"Alipur, Delhi - DPCC",Delhi,Delhi,2026-07-16 05:00:00,28.815329,77.15301,SO2,10.0
"Anand Vihar, Delhi - DPCC",Delhi,Delhi,2026-07-16 05:00:00,28.647622,77.315809,CO,31.0
"Anand Vihar, Delhi - DPCC",Delhi,Delhi,2026-07-16 05:00:00,28.647622,77.315809,NH3,7.0
"Anand Vihar, Delhi - DPCC",Delhi,Delhi,2026-07-16 05:00:00,28.647622,77.315809,NO2,49.0
"Anand Vihar, Delhi - DPCC",Delhi,Delhi,2026-07-16 05:00:00,28.647622,77.315809,O3,4.0
"Anand Vihar, Delhi - DPCC",Delhi,Delhi,2026-07-16 05:00:00,28.647622,77.315809,PM10,334.0
"Anand Vihar, Delhi - DPCC",Delhi,Delhi,2026-07-16 05:00:00,28.647622,77.315809,PM2.5,138.0
"Anand Vihar, Delhi - DPCC",Delhi,Delhi,2026-07-16 05:00:00,28.647622,77.315809,SO2,9.0
"Ashok Vihar, Delhi - DPCC",Delhi,Delhi,2026-07-16 05:00:00,28.695381,77.181665,CO,51.0
"Ashok Vihar, Delhi - DPCC",Delhi,Delhi,2026-07-16 05:00:00,28.695381,77.181665,NH3,5.0
"Ashok Vihar, Delhi - DPCC",Delhi,Delhi,2026-07-16 05:00:00,28.695381,77.181665,NO2,25.0
"Ashok Vihar, Delhi - DPCC",Delhi,Delhi,2026-07-16 05:00:00,28.695381,77.181665,O3,5.0
"Ashok Vihar, Delhi - DPCC",Delhi,Delhi,2026-07-16 05:00:00,28.695381,77.181665,PM10,174.0
"Ashok Vihar, Delhi - DPCC",Delhi,Delhi,2026-07-16 05:00:00,28.695381,77.181665,PM2.5,85.0
"Ashok Vihar, Delhi - DPCC",Delhi,Delhi,2026-07-16 05:00:00,28.695381,77.181665,SO2,12.0
"Aya Nagar, Delhi - IITM",Delhi,Delhi,2026-07-16 05:00:00,28.4706914,77.1099364,CO,30.0
"Aya Nagar, Delhi - IITM",Delhi,Delhi,2026-07-16 05:00:00,28.4706914,77.1099364,NO2,15.0
"Aya Nagar, Delhi - IITM",Delhi,Delhi,2026-07-16 05:00:00,28.4706914,77.1099364,O3,18.0
"Aya Nagar, Delhi - IITM",Delhi,Delhi,2026-07-16 05:00:00,28.4706914,77.1099364,PM10,138.0
"Aya Nagar, Delhi - IITM",Delhi,Delhi,2026-07-16 05:00:00,28.4706914,77.1099364,PM2.5,63.0
"Bawana, Delhi - DPCC",Delhi,Delhi,2026-07-16 05:00:00,28.7762,77.051074,CO,29.0
"Bawana, Delhi - DPCC",Delhi,Delhi,2026-07-16 05:00:00,28.7762,77.051074,NH3,4.0
"Bawana, Delhi - DPCC",Delhi,Delhi,2026-07-16 05:00:00,28.7762,77.051074,NO2,6.0
"Bawana, Delhi - DPCC",Delhi,Delhi,2026-07-16 05:00:00,28.7762,77.051074,O3,7.0
"Bawana, Delhi - DPCC",Delhi,Delhi,2026-07-16 05:00:00,28.7762,77.051074,PM10,170.0
"Bawana, Delhi - DPCC",Delhi,Delhi,2026-07-16 05:00:00,28.7762,77.051074,SO2,9.0
"Burari Crossing, Delhi - IITM",Delhi,Delhi,2026-07-16 05:00:00,28.7256504,77.2011573,CO,53.0
"Burari Crossing, Delhi - IITM",Delhi,Delhi,2026-07-16 05:00:00,28.7256504,77.2011573,NO2,18.0
"Burari Crossing, Delhi - IITM",Delhi,Delhi,2026-07-16 05:00:00,28.7256504,77.2011573,O3,29.0
"Burari Crossing, Delhi - IITM",Delhi,Delhi,2026-07-16 05:00:00,28.7256504,77.2011573,PM10,136.0
"Burari Crossing, Delhi - IITM",Delhi,Delhi,2026-07-16 05:00:00,28.7256504,77.2011573,PM2.5,71.0
"CRRI Mathura Road, Delhi - IITM",Delhi,Delhi,2026-07-16 05:00:00,28.5512005,77.2735737,CO,63.0
"CRRI Mathura Road, Delhi - IITM",Delhi,Delhi,2026-07-16 05:00:00,28.5512005,77.2735737,NO2,55.0
"CRRI Mathura Road, Delhi - IITM",Delhi,Delhi,2026-07-16 05:00:00,28.5512005,77.2735737,O3,11.0
"CRRI Mathura Road, Delhi - IITM",Delhi,Delhi,2026-07-16 05:00:00,28.5512005,77.2735737,PM10,190.0
"CRRI Mathura Road, Delhi - IITM",Delhi,Delhi,2026-07-16 05:00:00,28.5512005,77.2735737,PM2.5,80.0
"Cantonment Area, Delhi - DPCC",Delhi,Delhi,2026-07-16 05:00:00,28.594169,77.1251,CO,28.0
"Cantonment Area, Delhi - DPCC",Delhi,Delhi,2026-07-16 05:00:00,28.594169,77.1251,NH3,6.0
"Cantonment Area, Delhi - DPCC",Delhi,Delhi,2026-07-16 05:00:00,28.594169,77.1251,NO2,14.0
"Cantonment Area, Delhi - DPCC",Delhi,Delhi,2026-07-16 05:00:00,28.594169,77.1251,O3,10.0
"Cantonment Area, Delhi - DPCC",Delhi,Delhi,2026-07-16 05:00:00,28.594169,77.1251,PM10,115.0
"Cantonment Area, Delhi - DPCC",Delhi,Delhi,2026-07-16 05:00:00,28.594169,77.1251,PM2.5,35.0
"Cantonment Area, Delhi - DPCC",Delhi,Delhi,2026-07-16 05:00:00,28.594169,77.1251,SO2,3.0
"Chandni Chowk, Delhi - IITM",Delhi,Delhi,2026-07-16 05:00:00,28.656756,77.227234,CO,58.0
"Chandni Chowk, Delhi - IITM",Delhi,Delhi,2026-07-16 05:00:00,28.656756,77.227234,NH3,5.0
"Chandni Chowk, Delhi - IITM",Delhi,Delhi,2026-07-16 05:00:00,28.656756,77.227234,NO2,23.0
"Chandni Chowk, Delhi - IITM",Delhi,Delhi,2026-07-16 05:00:00,28.656756,77.227234,O3,16.0
"Chandni Chowk, Delhi - IITM",Delhi,Delhi,2026-07-16 05:00:00,28.656756,77.227234,PM10,80.0
"Chandni Chowk, Delhi - IITM",Delhi,Delhi,2026-07-16 05:00:00,28.656756,77.227234,PM2.5,75.0
"Commonwealth Sports Complex, Delhi - DPCC",Delhi,Delhi,2026-07-16 05:00:00,28.615828,77.271992,CO,46.0
"Commonwealth Sports Complex, Delhi - DPCC",Delhi,Delhi,2026-07-16 05:00:00,28.615828,77.271992,NO2,35.0
"Commonwealth Sports Complex, Delhi - DPCC",Delhi,Delhi,2026-07-16 05:00:00,28.615828,77.271992,O3,8.0
"Commonwealth Sports Complex, Delhi - DPCC",Delhi,Delhi,2026-07-16 05:00:00,28.615828,77.271992,PM10,132.0
"Commonwealth Sports Complex, Delhi - DPCC",Delhi,Delhi,2026-07-16 05:00:00,28.615828,77.271992,PM2.5,72.0
"Commonwealth Sports Complex, Delhi - DPCC",Delhi,Delhi,2026-07-16 05:00:00,28.615828,77.271992,SO2,7.0
"DTU, Delhi - CPCB",Delhi,Delhi,2026-07-16 05:00:00,28.7500499,77.1112615,CO,25.0
"DTU, Delhi - CPCB",Delhi,Delhi,2026-07-16 05:00:00,28.7500499,77.1112615,NH3,10.0
"DTU, Delhi - CPCB",Delhi,Delhi,2026-07-16 05:00:00,28.7500499,77.1112615,NO2,21.0
"DTU, Delhi - CPCB",Delhi,Delhi,2026-07-16 05:00:00,28.7500499,77.1112615,O3,23.0
"DTU, Delhi - CPCB",Delhi,Delhi,2026-07-16 05:00:00,28.7500499,77.1112615,PM10,142.0
"DTU, Delhi - CPCB",Delhi,Delhi,2026-07-16 05:00:00,28.7500499,77.1112615,PM2.5,70.0
"Dr. Karni Singh Shooting Range, Delhi - DPCC",Delhi,Delhi,2026-07-16 05:00:00,28.498571,77.26484,CO,25.0
"Dr. Karni Singh Shooting Range, Delhi - DPCC",Delhi,Delhi,2026-07-16 05:00:00,28.498571,77.26484,NH3,6.0
"Dr. Karni Singh Shooting Range, Delhi - DPCC",Delhi,Delhi,2026-07-16 05:00:00,28.498571,77.26484,NO2,24.0
"Dr. Karni Singh Shooting Range, Delhi - DPCC",Delhi,Delhi,2026-07-16 05:00:00,28.498571,77.26484,O3,15.0
"Dr. Karni Singh Shooting Range, Delhi - DPCC",Delhi,Delhi,2026-07-16 05:00:00,28.498571,77.26484,PM2.5,56.0
"Dr. Karni Singh Shooting Range, Delhi - DPCC",Delhi,Delhi,2026-07-16 05:00:00,28.498571,77.26484,SO2,11.0
"Dwarka-Sector 8, Delhi - DPCC",Delhi,Delhi,2026-07-16 05:00:00,28.5710274,77.0719006,NH3,6.0
"Dwarka-Sector 8, Delhi - DPCC",Delhi,Delhi,2026-07-16 05:00:00,28.5710274,77.0719006,NO2,36.0
"Dwarka-Sector 8, Delhi - DPCC",Delhi,Delhi,2026-07-16 05:00:00,28.5710274,77.0719006,PM10,170.0
"Dwarka-Sector 8, Delhi - DPCC",Delhi,Delhi,2026-07-16 05:00:00,28.5710274,77.0719006,PM2.5,47.0
"IGI Airport (T3), Delhi - IITM",Delhi,Delhi,2026-07-16 05:00:00,28.5627763,77.1180053,CO,59.0
"IGI Airport (T3), Delhi - IITM",Delhi,Delhi,2026-07-16 05:00:00,28.5627763,77.1180053,NO2,105.0
"IGI Airport (T3), Delhi - IITM",Delhi,Delhi,2026-07-16 05:00:00,28.5627763,77.1180053,O3,36.0
"IGI Airport (T3), Delhi - IITM",Delhi,Delhi,2026-07-16 05:00:00,28.5627763,77.1180053,PM10,148.0
"IGI Airport (T3), Delhi - IITM",Delhi,Delhi,2026-07-16 05:00:00,28.5627763,77.1180053,PM2.5,71.0
"IGNOU_Maidan Garhi, Delhi - DPCC",Delhi,Delhi,2026-07-16 05:00:00,28.493624,77.201159,CO,34.0
"IGNOU_Maidan Garhi, Delhi - DPCC",Delhi,Delhi,2026-07-16 05:00:00,28.493624,77.201159,NH3,5.0
"IGNOU_Maidan Garhi, Delhi - DPCC",Delhi,Delhi,2026-07-16 05:00:00,28.493624,77.201159,NO2,17.0
"IGNOU_Maidan Garhi, Delhi - DPCC",Delhi,Delhi,2026-07-16 05:00:00,28.493624,77.201159,O3,7.0
"IGNOU_Maidan Garhi, Delhi - DPCC",Delhi,Delhi,2026-07-16 05:00:00,28.493624,77.201159,PM10,138.0
"IGNOU_Maidan Garhi, Delhi - DPCC",Delhi,Delhi,2026-07-16 05:00:00,28.493624,77.201159,PM2.5,40.0
"IGNOU_Maidan Garhi, Delhi - DPCC",Delhi,Delhi,2026-07-16 05:00:00,28.493624,77.201159,SO2,4.0
"IHBAS, Dilshad Garden, Delhi - CPCB",Delhi,Delhi,2026-07-16 05:00:00,28.6811736,77.3025234,CO,74.0
"IHBAS, Dilshad Garden, Delhi - CPCB",Delhi,Delhi,2026-07-16 05:00:00,28.6811736,77.3025234,NH3,6.0
"IHBAS, Dilshad Garden, Delhi - CPCB",Delhi,Delhi,2026-07-16 05:00:00,28.6811736,77.3025234,NO2,19.0
"IHBAS, Dilshad Garden, Delhi - CPCB",Delhi,Delhi,2026-07-16 05:00:00,28.6811736,77.3025234,O3,21.0
"IHBAS, Dilshad Garden, Delhi - CPCB",Delhi,Delhi,2026-07-16 05:00:00,28.6811736,77.3025234,PM10,128.0
"IHBAS, Dilshad Garden, Delhi - CPCB",Delhi,Delhi,2026-07-16 05:00:00,28.6811736,77.3025234,PM2.5,104.0
"IHBAS, Dilshad Garden, Delhi - CPCB",Delhi,Delhi,2026-07-16 05:00:00,28.6811736,77.3025234,SO2,16.0
"IIT Delhi, Delhi - IITM",Delhi,Delhi,2026-07-16 05:00:00,28.54246,77.191651,CO,30.0
"IIT Delhi, Delhi - IITM",Delhi,Delhi,2026-07-16 05:00:00,28.54246,77.191651,NO2,37.0
"IIT Delhi, Delhi - IITM",Delhi,Delhi,2026-07-16 05:00:00,28.54246,77.191651,O3,24.0
"IIT Delhi, Delhi - IITM",Delhi,Delhi,2026-07-16 05:00:00,28.54246,77.191651,PM10,224.0
"IIT Delhi, Delhi - IITM",Delhi,Delhi,2026-07-16 05:00:00,28.54246,77.191651,PM2.5,73.0
"IMD Lodhi Road, Delhi - IITM",Delhi,Delhi,2026-07-16 05:00:00,28.5918245,77.2273074,CO,34.0
"IMD Lodhi Road, Delhi - IITM",Delhi,Delhi,2026-07-16 05:00:00,28.5918245,77.2273074,NO2,15.0
"IMD Lodhi Road, Delhi - IITM",Delhi,Delhi,2026-07-16 05:00:00,28.5918245,77.2273074,O3,7.0
"IMD Lodhi Road, Delhi - IITM",Delhi,Delhi,2026-07-16 05:00:00,28.5918245,77.2273074,PM10,144.0
"IMD Lodhi Road, Delhi - IITM",Delhi,Delhi,2026-07-16 05:00:00,28.5918245,77.2273074,PM2.5,69.0
"ITO, Delhi - CPCB",Delhi,Delhi,2026-07-16 05:00:00,28.628624,77.24106,CO,46.0
"ITO, Delhi - CPCB",Delhi,Delhi,2026-07-16 05:00:00,28.628624,77.24106,NH3,5.0
"ITO, Delhi - CPCB",Delhi,Delhi,2026-07-16 05:00:00,28.628624,77.24106,NO2,58.0
"ITO, Delhi - CPCB",Delhi,Delhi,2026-07-16 05:00:00,28.628624,77.24106,O3,26.0
"ITO, Delhi - CPCB",Delhi,Delhi,2026-07-16 05:00:00,28.628624,77.24106,PM10,117.0
"ITO, Delhi - CPCB",Delhi,Delhi,2026-07-16 05:00:00,28.628624,77.24106,PM2.5,54.0
"ITO, Delhi - CPCB",Delhi,Delhi,2026-07-16 05:00:00,28.628624,77.24106,SO2,25.0
"JNU, Delhi - DPCC",Delhi,Delhi,2026-07-16 05:00:00,28.540721,77.168544,CO,22.0
"JNU, Delhi - DPCC",Delhi,Delhi,2026-07-16 05:00:00,28.540721,77.168544,NH3,3.0
"JNU, Delhi - DPCC",Delhi,Delhi,2026-07-16 05:00:00,28.540721,77.168544,NO2,24.0
"JNU, Delhi - DPCC",Delhi,Delhi,2026-07-16 05:00:00,28.540721,77.168544,O3,21.0
"JNU, Delhi - DPCC",Delhi,Delhi,2026-07-16 05:00:00,28.540721,77.168544,PM10,135.0
"JNU, Delhi - DPCC",Delhi,Delhi,2026-07-16 05:00:00,28.540721,77.168544,PM2.5,68.0
"JNU, Delhi - DPCC",Delhi,Delhi,2026-07-16 05:00:00,28.540721,77.168544,SO2,1.0
"Jahangirpuri, Delhi - DPCC",Delhi,Delhi,2026-07-16 05:00:00,28.73282,77.170633,CO,41.0
"Jahangirpuri, Delhi - DPCC",Delhi,Delhi,2026-07-16 05:00:00,28.73282,77.170633,NH3,4.0
"Jahangirpuri, Delhi - DPCC",Delhi,Delhi,2026-07-16 05:00:00,28.73282,77.170633,NO2,29.0
"Jahangirpuri, Delhi - DPCC",Delhi,Delhi,2026-07-16 05:00:00,28.73282,77.170633,O3,6.0
"Jahangirpuri, Delhi - DPCC",Delhi,Delhi,2026-07-16 05:00:00,28.73282,77.170633,PM10,209.0
"Jahangirpuri, Delhi - DPCC",Delhi,Delhi,2026-07-16 05:00:00,28.73282,77.170633,PM2.5,116.0
"Jahangirpuri, Delhi - DPCC",Delhi,Delhi,2026-07-16 05:00:00,28.73282,77.170633,SO2,13.0
"Jawaharlal Nehru Stadium, Delhi - DPCC",Delhi,Delhi,2026-07-16 05:00:00,28.58028,77.233829,CO,54.0
"Jawaharlal Nehru Stadium, Delhi - DPCC",Delhi,Delhi,2026-07-16 05:00:00,28.58028,77.233829,NH3,15.0
"Jawaharlal Nehru Stadium, Delhi - DPCC",Delhi,Delhi,2026-07-16 05:00:00,28.58028,77.233829,NO2,28.0
"Jawaharlal Nehru Stadium, Delhi - DPCC",Delhi,Delhi,2026-07-16 05:00:00,28.58028,77.233829,O3,14.0
"Jawaharlal Nehru Stadium, Delhi - DPCC",Delhi,Delhi,2026-07-16 05:00:00,28.58028,77.233829,PM10,153.0
"Jawaharlal Nehru Stadium, Delhi - DPCC",Delhi,Delhi,2026-07-16 05:00:00,28.58028,77.233829,PM2.5,64.0
"Jawaharlal Nehru Stadium, Delhi - DPCC",Delhi,Delhi,2026-07-16 05:00:00,28.58028,77.233829,SO2,11.0
"Major Dhyan Chand National Stadium, Delhi - DPCC",Delhi,Delhi,2026-07-16 05:00:00,28.611281,77.237738,CO,25.0
"Major Dhyan Chand National Stadium, Delhi - DPCC",Delhi,Delhi,2026-07-16 05:00:00,28.611281,77.237738,NH3,10.0
"Major Dhyan Chand National Stadium, Delhi - DPCC",Delhi,Delhi,2026-07-16 05:00:00,28.611281,77.237738,NO2,34.0
"Major Dhyan Chand National Stadium, Delhi - DPCC",Delhi,Delhi,2026-07-16 05:00:00,28.611281,77.237738,O3,8.0
"Major Dhyan Chand National Stadium, Delhi - DPCC",Delhi,Delhi,2026-07-16 05:00:00,28.611281,77.237738,PM10,129.0
"Major Dhyan Chand National Stadium, Delhi - DPCC",Delhi,Delhi,2026-07-16 05:00:00,28.611281,77.237738,PM2.5,38.0
"Major Dhyan Chand National Stadium, Delhi - DPCC",Delhi,Delhi,2026-07-16 05:00:00,28.611281,77.237738,SO2,19.0
"Mandir Marg, Delhi - DPCC",Delhi,Delhi,2026-07-16 05:00:00,28.636429,77.201067,NH3,6.0
"Mandir Marg, Delhi - DPCC",Delhi,Delhi,2026-07-16 05:00:00,28.636429,77.201067,NO2,44.0
"Mandir Marg, Delhi - DPCC",Delhi,Delhi,2026-07-16 05:00:00,28.636429,77.201067,PM10,147.0
"Mandir Marg, Delhi - DPCC",Delhi,Delhi,2026-07-16 05:00:00,28.636429,77.201067,PM2.5,43.0
"Mundka, Delhi - DPCC",Delhi,Delhi,2026-07-16 05:00:00,28.684678,77.076574,CO,41.0
"Mundka, Delhi - DPCC",Delhi,Delhi,2026-07-16 05:00:00,28.684678,77.076574,NH3,7.0
"Mundka, Delhi - DPCC",Delhi,Delhi,2026-07-16 05:00:00,28.684678,77.076574,NO2,85.0
"Mundka, Delhi - DPCC",Delhi,Delhi,2026-07-16 05:00:00,28.684678,77.076574,O3,2.0
"Mundka, Delhi - DPCC",Delhi,Delhi,2026-07-16 05:00:00,28.684678,77.076574,PM10,189.0
"Mundka, Delhi - DPCC",Delhi,Delhi,2026-07-16 05:00:00,28.684678,77.076574,PM2.5,67.0
"Mundka, Delhi - DPCC",Delhi,Delhi,2026-07-16 05:00:00,28.684678,77.076574,SO2,8.0
"NSIT Dwarka, Delhi - CPCB",Delhi,Delhi,2026-07-16 05:00:00,28.60909,77.0325413,CO,46.0
"NSIT Dwarka, Delhi - CPCB",Delhi,Delhi,2026-07-16 05:00:00,28.60909,77.0325413,NH3,7.0
"NSIT Dwarka, Delhi - CPCB",Delhi,Delhi,2026-07-16 05:00:00,28.60909,77.0325413,NO2,39.0
"NSIT Dwarka, Delhi - CPCB",Delhi,Delhi,2026-07-16 05:00:00,28.60909,77.0325413,O3,33.0
"NSIT Dwarka, Delhi - CPCB",Delhi,Delhi,2026-07-16 05:00:00,28.60909,77.0325413,PM10,74.0
"NSIT Dwarka, Delhi - CPCB",Delhi,Delhi,2026-07-16 05:00:00,28.60909,77.0325413,PM2.5,101.0
"NSUT Jaffarpur, Delhi - DPCC",Delhi,Delhi,2026-07-16 05:00:00,28.594004,76.909423,CO,45.0
"NSUT Jaffarpur, Delhi - DPCC",Delhi,Delhi,2026-07-16 05:00:00,28.594004,76.909423,NH3,3.0
"NSUT Jaffarpur, Delhi - DPCC",Delhi,Delhi,2026-07-16 05:00:00,28.594004,76.909423,NO2,17.0
"NSUT Jaffarpur, Delhi - DPCC",Delhi,Delhi,2026-07-16 05:00:00,28.594004,76.909423,O3,14.0
"NSUT Jaffarpur, Delhi - DPCC",Delhi,Delhi,2026-07-16 05:00:00,28.594004,76.909423,PM10,123.0
"NSUT Jaffarpur, Delhi - DPCC",Delhi,Delhi,2026-07-16 05:00:00,28.594004,76.909423,PM2.5,66.0
"NSUT Jaffarpur, Delhi - DPCC",Delhi,Delhi,2026-07-16 05:00:00,28.594004,76.909423,SO2,6.0
"Najafgarh, Delhi - DPCC",Delhi,Delhi,2026-07-16 05:00:00,28.570173,76.933762,CO,33.0
"Najafgarh, Delhi - DPCC",Delhi,Delhi,2026-07-16 05:00:00,28.570173,76.933762,NH3,6.0
"Najafgarh, Delhi - DPCC",Delhi,Delhi,2026-07-16 05:00:00,28.570173,76.933762,NO2,21.0
"Najafgarh, Delhi - DPCC",Delhi,Delhi,2026-07-16 05:00:00,28.570173,76.933762,O3,13.0
"Najafgarh, Delhi - DPCC",Delhi,Delhi,2026-07-16 05:00:00,28.570173,76.933762,PM10,132.0
"Najafgarh, Delhi - DPCC",Delhi,Delhi,2026-07-16 05:00:00,28.570173,76.933762,PM2.5,49.0
"Najafgarh, Delhi - DPCC",Delhi,Delhi,2026-07-16 05:00:00,28.570173,76.933762,SO2,6.0
"Narela, Delhi - DPCC",Delhi,Delhi,2026-07-16 05:00:00,28.822836,77.101981,CO,41.0
"Narela, Delhi - DPCC",Delhi,Delhi,2026-07-16 05:00:00,28.822836,77.101981,NH3,8.0
"Narela, Delhi - DPCC",Delhi,Delhi,2026-07-16 05:00:00,28.822836,77.101981,NO2,27.0
"Narela, Delhi - DPCC",Delhi,Delhi,2026-07-16 05:00:00,28.822836,77.101981,O3,6.0
"Narela, Delhi - DPCC",Delhi,Delhi,2026-07-16 05:00:00,28.822836,77.101981,PM10,172.0
"Narela, Delhi - DPCC",Delhi,Delhi,2026-07-16 05:00:00,28.822836,77.101981,PM2.5,73.0
"Narela, Delhi - DPCC",Delhi,Delhi,2026-07-16 05:00:00,28.822836,77.101981,SO2,16.0
"Nehru Nagar, Delhi - DPCC",Delhi,Delhi,2026-07-16 05:00:00,28.56789,77.250515,CO,39.0
"Nehru Nagar, Delhi - DPCC",Delhi,Delhi,2026-07-16 05:00:00,28.56789,77.250515,NH3,7.0
"Nehru Nagar, Delhi - DPCC",Delhi,Delhi,2026-07-16 05:00:00,28.56789,77.250515,NO2,30.0
"Nehru Nagar, Delhi - DPCC",Delhi,Delhi,2026-07-16 05:00:00,28.56789,77.250515,O3,18.0
"Nehru Nagar, Delhi - DPCC",Delhi,Delhi,2026-07-16 05:00:00,28.56789,77.250515,PM10,160.0
"Nehru Nagar, Delhi - DPCC",Delhi,Delhi,2026-07-16 05:00:00,28.56789,77.250515,PM2.5,69.0
"Nehru Nagar, Delhi - DPCC",Delhi,Delhi,2026-07-16 05:00:00,28.56789,77.250515,SO2,22.0
"North Campus, DU, Delhi - IITM",Delhi,Delhi,2026-07-16 05:00:00,28.6573814,77.1585447,CO,82.0
"North Campus, DU, Delhi - IITM",Delhi,Delhi,2026-07-16 05:00:00,28.6573814,77.1585447,NO2,86.0
"North Campus, DU, Delhi - IITM",Delhi,Delhi,2026-07-16 05:00:00,28.6573814,77.1585447,O3,24.0
"North Campus, DU, Delhi - IITM",Delhi,Delhi,2026-07-16 05:00:00,28.6573814,77.1585447,PM10,160.0
"North Campus, DU, Delhi - IITM",Delhi,Delhi,2026-07-16 05:00:00,28.6573814,77.1585447,PM2.5,73.0
"Okhla Phase-2, Delhi - DPCC",Delhi,Delhi,2026-07-16 05:00:00,28.530785,77.271255,CO,30.0
"Okhla Phase-2, Delhi - DPCC",Delhi,Delhi,2026-07-16 05:00:00,28.530785,77.271255,NH3,7.0
"Okhla Phase-2, Delhi - DPCC",Delhi,Delhi,2026-07-16 05:00:00,28.530785,77.271255,NO2,32.0
"Okhla Phase-2, Delhi - DPCC",Delhi,Delhi,2026-07-16 05:00:00,28.530785,77.271255,O3,8.0
"Okhla Phase-2, Delhi - DPCC",Delhi,Delhi,2026-07-16 05:00:00,28.530785,77.271255,PM10,157.0
"Okhla Phase-2, Delhi - DPCC",Delhi,Delhi,2026-07-16 05:00:00,28.530785,77.271255,PM2.5,62.0
"Okhla Phase-2, Delhi - DPCC",Delhi,Delhi,2026-07-16 05:00:00,28.530785,77.271255,SO2,18.0
"Punjabi Bagh, Delhi - DPCC",Delhi,Delhi,2026-07-16 05:00:00,28.674045,77.131023,CO,30.0
"Punjabi Bagh, Delhi - DPCC",Delhi,Delhi,2026-07-16 05:00:00,28.674045,77.131023,NH3,3.0
"Punjabi Bagh, Delhi - DPCC",Delhi,Delhi,2026-07-16 05:00:00,28.674045,77.131023,NO2,20.0
"Punjabi Bagh, Delhi - DPCC",Delhi,Delhi,2026-07-16 05:00:00,28.674045,77.131023,O3,9.0
"Punjabi Bagh, Delhi - DPCC",Delhi,Delhi,2026-07-16 05:00:00,28.674045,77.131023,PM10,154.0
"Punjabi Bagh, Delhi - DPCC",Delhi,Delhi,2026-07-16 05:00:00,28.674045,77.131023,PM2.5,83.0
"Punjabi Bagh, Delhi - DPCC",Delhi,Delhi,2026-07-16 05:00:00,28.674045,77.131023,SO2,37.0
"Pusa, Delhi - DPCC",Delhi,Delhi,2026-07-16 05:00:00,28.639652,77.146275,CO,46.0
"Pusa, Delhi - DPCC",Delhi,Delhi,2026-07-16 05:00:00,28.639652,77.146275,NH3,13.0
"Pusa, Delhi - DPCC",Delhi,Delhi,2026-07-16 05:00:00,28.639652,77.146275,NO2,52.0
"Pusa, Delhi - DPCC",Delhi,Delhi,2026-07-16 05:00:00,28.639652,77.146275,O3,4.0
"Pusa, Delhi - DPCC",Delhi,Delhi,2026-07-16 05:00:00,28.639652,77.146275,PM10,190.0
"Pusa, Delhi - DPCC",Delhi,Delhi,2026-07-16 05:00:00,28.639652,77.146275,PM2.5,69.0
"Pusa, Delhi - DPCC",Delhi,Delhi,2026-07-16 05:00:00,28.639652,77.146275,SO2,10.0
"Pusa, Delhi - IITM",Delhi,Delhi,2026-07-16 05:00:00,28.63611,77.173332,CO,30.0
"Pusa, Delhi - IITM",Delhi,Delhi,2026-07-16 05:00:00,28.63611,77.173332,NO2,56.0
"Pusa, Delhi - IITM",Delhi,Delhi,2026-07-16 05:00:00,28.63611,77.173332,O3,45.0
"Pusa, Delhi - IITM",Delhi,Delhi,2026-07-16 05:00:00,28.63611,77.173332,PM10,128.0
"Pusa, Delhi - IITM",Delhi,Delhi,2026-07-16 05:00:00,28.63611,77.173332,PM2.5,68.0
"R K Puram, Delhi - DPCC",Delhi,Delhi,2026-07-16 05:00:00,28.563262,77.186937,CO,24.0
"R K Puram, Delhi - DPCC",Delhi,Delhi,2026-07-16 05:00:00,28.563262,77.186937,NH3,5.0
"R K Puram, Delhi - DPCC",Delhi,Delhi,2026-07-16 05:00:00,28.563262,77.186937,NO2,43.0
"R K Puram, Delhi - DPCC",Delhi,Delhi,2026-07-16 05:00:00,28.563262,77.186937,O3,8.0
"R K Puram, Delhi - DPCC",Delhi,Delhi,2026-07-16 05:00:00,28.563262,77.186937,PM10,177.0
"R K Puram, Delhi - DPCC",Delhi,Delhi,2026-07-16 05:00:00,28.563262,77.186937,PM2.5,69.0
"R K Puram, Delhi - DPCC",Delhi,Delhi,2026-07-16 05:00:00,28.563262,77.186937,SO2,23.0
"Rohini, Delhi - DPCC",Delhi,Delhi,2026-07-16 05:00:00,28.732528,77.11992,CO,66.0
"Rohini, Delhi - DPCC",Delhi,Delhi,2026-07-16 05:00:00,28.732528,77.11992,NH3,7.0
"Rohini, Delhi - DPCC",Delhi,Delhi,2026-07-16 05:00:00,28.732528,77.11992,NO2,29.0
"Rohini, Delhi - DPCC",Delhi,Delhi,2026-07-16 05:00:00,28.732528,77.11992,O3,4.0
"Rohini, Delhi - DPCC",Delhi,Delhi,2026-07-16 05:00:00,28.732528,77.11992,PM10,181.0
"Rohini, Delhi - DPCC",Delhi,Delhi,2026-07-16 05:00:00,28.732528,77.11992,PM2.5,61.0
"Rohini, Delhi - DPCC",Delhi,Delhi,2026-07-16 05:00:00,28.732528,77.11992,SO2,8.0
"Shadipur, Delhi - CPCB",Delhi,Delhi,2026-07-16 05:00:00,28.6514781,77.1473105,CO,45.0
"Shadipur, Delhi - CPCB",Delhi,Delhi,2026-07-16 05:00:00,28.6514781,77.1473105,NH3,10.0
"Shadipur, Delhi - CPCB",Delhi,Delhi,2026-07-16 05:00:00,28.6514781,77.1473105,NO2,45.0
"Shadipur, Delhi - CPCB",Delhi,Delhi,2026-07-16 05:00:00,28.6514781,77.1473105,O3,52.0
"Shadipur, Delhi - CPCB",Delhi,Delhi,2026-07-16 05:00:00,28.6514781,77.1473105,PM10,146.0
"Shadipur, Delhi - CPCB",Delhi,Delhi,2026-07-16 05:00:00,28.6514781,77.1473105,PM2.5,152.0
"Shadipur, Delhi - CPCB",Delhi,Delhi,2026-07-16 05:00:00,28.6514781,77.1473105,SO2,13.0
"Sirifort, Delhi - CPCB",Delhi,Delhi,2026-07-16 05:00:00,28.5504249,77.2159377,CO,18.0
"Sirifort, Delhi - CPCB",Delhi,Delhi,2026-07-16 05:00:00,28.5504249,77.2159377,NH3,4.0
"Sirifort, Delhi - CPCB",Delhi,Delhi,2026-07-16 05:00:00,28.5504249,77.2159377,NO2,10.0
"Sirifort, Delhi - CPCB",Delhi,Delhi,2026-07-16 05:00:00,28.5504249,77.2159377,O3,9.0
"Sirifort, Delhi - CPCB",Delhi,Delhi,2026-07-16 05:00:00,28.5504249,77.2159377,PM10,152.0
"Sirifort, Delhi - CPCB",Delhi,Delhi,2026-07-16 05:00:00,28.5504249,77.2159377,PM2.5,91.0
"Sirifort, Delhi - CPCB",Delhi,Delhi,2026-07-16 05:00:00,28.5504249,77.2159377,SO2,21.0
"Sonia Vihar, Delhi - DPCC",Delhi,Delhi,2026-07-16 05:00:00,28.710508,77.249485,CO,57.0
"Sonia Vihar, Delhi - DPCC",Delhi,Delhi,2026-07-16 05:00:00,28.710508,77.249485,NH3,14.0
"Sonia Vihar, Delhi - DPCC",Delhi,Delhi,2026-07-16 05:00:00,28.710508,77.249485,NO2,9.0
"Sonia Vihar, Delhi - DPCC",Delhi,Delhi,2026-07-16 05:00:00,28.710508,77.249485,O3,8.0
"Sonia Vihar, Delhi - DPCC",Delhi,Delhi,2026-07-16 05:00:00,28.710508,77.249485,PM10,159.0
"Sonia Vihar, Delhi - DPCC",Delhi,Delhi,2026-07-16 05:00:00,28.710508,77.249485,PM2.5,75.0
"Sonia Vihar, Delhi - DPCC",Delhi,Delhi,2026-07-16 05:00:00,28.710508,77.249485,SO2,4.0
"Sri Aurobindo Marg, Delhi - DPCC",Delhi,Delhi,2026-07-16 05:00:00,28.531346,77.190156,CO,36.0
"Sri Aurobindo Marg, Delhi - DPCC",Delhi,Delhi,2026-07-16 05:00:00,28.531346,77.190156,NH3,3.0
"Sri Aurobindo Marg, Delhi - DPCC",Delhi,Delhi,2026-07-16 05:00:00,28.531346,77.190156,NO2,24.0
"Sri Aurobindo Marg, Delhi - DPCC",Delhi,Delhi,2026-07-16 05:00:00,28.531346,77.190156,O3,14.0
"Sri Aurobindo Marg, Delhi - DPCC",Delhi,Delhi,2026-07-16 05:00:00,28.531346,77.190156,PM10,144.0
"Sri Aurobindo Marg, Delhi - DPCC",Delhi,Delhi,2026-07-16 05:00:00,28.531346,77.190156,PM2.5,54.0
"Sri Aurobindo Marg, Delhi - DPCC",Delhi,Delhi,2026-07-16 05:00:00,28.531346,77.190156,SO2,15.0
"Talkatora Garden, Delhi - DPCC",Delhi,Delhi,2026-07-16 05:00:00,28.62181,77.1944633,CO,39.0
"Talkatora Garden, Delhi - DPCC",Delhi,Delhi,2026-07-16 05:00:00,28.62181,77.1944633,NH3,4.0
"Talkatora Garden, Delhi - DPCC",Delhi,Delhi,2026-07-16 05:00:00,28.62181,77.1944633,NO2,23.0
"Talkatora Garden, Delhi - DPCC",Delhi,Delhi,2026-07-16 05:00:00,28.62181,77.1944633,O3,10.0
"Talkatora Garden, Delhi - DPCC",Delhi,Delhi,2026-07-16 05:00:00,28.62181,77.1944633,PM10,123.0
"Talkatora Garden, Delhi - DPCC",Delhi,Delhi,2026-07-16 05:00:00,28.62181,77.1944633,PM2.5,67.0
"Vivek Vihar, Delhi - DPCC",Delhi,Delhi,2026-07-16 05:00:00,28.672342,77.31526,CO,34.0
"Vivek Vihar, Delhi - DPCC",Delhi,Delhi,2026-07-16 05:00:00,28.672342,77.31526,NH3,6.0
"Vivek Vihar, Delhi - DPCC",Delhi,Delhi,2026-07-16 05:00:00,28.672342,77.31526,NO2,38.0
"Vivek Vihar, Delhi - DPCC",Delhi,Delhi,2026-07-16 05:00:00,28.672342,77.31526,O3,20.0
"Vivek Vihar, Delhi - DPCC",Delhi,Delhi,2026-07-16 05:00:00,28.672342,77.31526,PM10,163.0
"Vivek Vihar, Delhi - DPCC",Delhi,Delhi,2026-07-16 05:00:00,28.672342,77.31526,PM2.5,62.0
"Vivek Vihar, Delhi - DPCC",Delhi,Delhi,2026-07-16 05:00:00,28.672342,77.31526,SO2,10.0
"Wazirpur, Delhi - DPCC",Delhi,Delhi,2026-07-16 05:00:00,28.699793,77.165453,CO,42.0
"Wazirpur, Delhi - DPCC",Delhi,Delhi,2026-07-16 05:00:00,28.699793,77.165453,NH3,6.0
"Wazirpur, Delhi - DPCC",Delhi,Delhi,2026-07-16 05:00:00,28.699793,77.165453,NO2,39.0
"Wazirpur, Delhi - DPCC",Delhi,Delhi,2026-07-16 05:00:00,28.699793,77.165453,O3,16.0
"Wazirpur, Delhi - DPCC",Delhi,Delhi,2026-07-16 05:00:00,28.699793,77.165453,PM10,228.0
"Wazirpur, Delhi - DPCC",Delhi,Delhi,2026-07-16 05:00:00,28.699793,77.165453,PM2.5,100.0
"Wazirpur, Delhi - DPCC",Delhi,Delhi,2026-07-16 05:00:00,28.699793,77.165453,SO2,9.0
"Chandkheda, Ahmedabad - IITM",Ahmedabad,Gujarat,2026-07-16 05:00:00,23.107969,72.574648,CO,31.0
"Chandkheda, Ahmedabad - IITM",Ahmedabad,Gujarat,2026-07-16 05:00:00,23.107969,72.574648,NH3,5.0
"Chandkheda, Ahmedabad - IITM",Ahmedabad,Gujarat,2026-07-16 05:00:00,23.107969,72.574648,NO2,13.0
"Chandkheda, Ahmedabad - IITM",Ahmedabad,Gujarat,2026-07-16 05:00:00,23.107969,72.574648,O3,3.0
"Chandkheda, Ahmedabad - IITM",Ahmedabad,Gujarat,2026-07-16 05:00:00,23.107969,72.574648,PM10,63.0
"Chandkheda, Ahmedabad - IITM",Ahmedabad,Gujarat,2026-07-16 05:00:00,23.107969,72.574648,PM2.5,32.0
"Chandkheda, Ahmedabad - IITM",Ahmedabad,Gujarat,2026-07-16 05:00:00,23.107969,72.574648,SO2,7.0
"Gyaspur, Ahmedabad - IITM",Ahmedabad,Gujarat,2026-07-16 05:00:00,22.977134,72.553024,CO,27.0
"Gyaspur, Ahmedabad - IITM",Ahmedabad,Gujarat,2026-07-16 05:00:00,22.977134,72.553024,NH3,6.0
"Gyaspur, Ahmedabad - IITM",Ahmedabad,Gujarat,2026-07-16 05:00:00,22.977134,72.553024,NO2,19.0
"Gyaspur, Ahmedabad - IITM",Ahmedabad,Gujarat,2026-07-16 05:00:00,22.977134,72.553024,O3,11.0
"Gyaspur, Ahmedabad - IITM",Ahmedabad,Gujarat,2026-07-16 05:00:00,22.977134,72.553024,PM10,79.0
"Gyaspur, Ahmedabad - IITM",Ahmedabad,Gujarat,2026-07-16 05:00:00,22.977134,72.553024,PM2.5,21.0
"Gyaspur, Ahmedabad - IITM",Ahmedabad,Gujarat,2026-07-16 05:00:00,22.977134,72.553024,SO2,12.0
"Maninagar, Ahmedabad - GPCB",Ahmedabad,Gujarat,2026-07-16 05:00:00,23.002657,72.591912,CO,28.0
"Maninagar, Ahmedabad - GPCB",Ahmedabad,Gujarat,2026-07-16 05:00:00,23.002657,72.591912,NO2,34.0
"Maninagar, Ahmedabad - GPCB",Ahmedabad,Gujarat,2026-07-16 05:00:00,23.002657,72.591912,O3,19.0
"Maninagar, Ahmedabad - GPCB",Ahmedabad,Gujarat,2026-07-16 05:00:00,23.002657,72.591912,PM10,76.0
"Maninagar, Ahmedabad - GPCB",Ahmedabad,Gujarat,2026-07-16 05:00:00,23.002657,72.591912,PM2.5,56.0
"Maninagar, Ahmedabad - GPCB",Ahmedabad,Gujarat,2026-07-16 05:00:00,23.002657,72.591912,SO2,36.0
"Raikhad, Ahmedabad - IITM",Ahmedabad,Gujarat,2026-07-16 05:00:00,23.020509,72.579261,CO,42.0
"Raikhad, Ahmedabad - IITM",Ahmedabad,Gujarat,2026-07-16 05:00:00,23.020509,72.579261,NH3,4.0
"Raikhad, Ahmedabad - IITM",Ahmedabad,Gujarat,2026-07-16 05:00:00,23.020509,72.579261,NO2,18.0
"Raikhad, Ahmedabad - IITM",Ahmedabad,Gujarat,2026-07-16 05:00:00,23.020509,72.579261,O3,11.0
"Raikhad, Ahmedabad - IITM",Ahmedabad,Gujarat,2026-07-16 05:00:00,23.020509,72.579261,PM10,76.0
"Raikhad, Ahmedabad - IITM",Ahmedabad,Gujarat,2026-07-16 05:00:00,23.020509,72.579261,PM2.5,33.0
"Raikhad, Ahmedabad - IITM",Ahmedabad,Gujarat,2026-07-16 05:00:00,23.020509,72.579261,SO2,16.0
"Rakhial, Ahmedabad - IITM",Ahmedabad,Gujarat,2026-07-16 05:00:00,23.016834,72.625775,CO,31.0
"Rakhial, Ahmedabad - IITM",Ahmedabad,Gujarat,2026-07-16 05:00:00,23.016834,72.625775,NH3,4.0
"Rakhial, Ahmedabad - IITM",Ahmedabad,Gujarat,2026-07-16 05:00:00,23.016834,72.625775,NO2,11.0
"Rakhial, Ahmedabad - IITM",Ahmedabad,Gujarat,2026-07-16 05:00:00,23.016834,72.625775,O3,9.0
"Rakhial, Ahmedabad - IITM",Ahmedabad,Gujarat,2026-07-16 05:00:00,23.016834,72.625775,PM10,66.0
"Rakhial, Ahmedabad - IITM",Ahmedabad,Gujarat,2026-07-16 05:00:00,23.016834,72.625775,PM2.5,28.0
"Rakhial, Ahmedabad - IITM",Ahmedabad,Gujarat,2026-07-16 05:00:00,23.016834,72.625775,SO2,15.0
"SAC ISRO Bopal, Ahmedabad - IITM",Ahmedabad,Gujarat,2026-07-16 05:00:00,23.041137,72.456691,CO,3.0
"SAC ISRO Bopal, Ahmedabad - IITM",Ahmedabad,Gujarat,2026-07-16 05:00:00,23.041137,72.456691,NH3,2.0
"SAC ISRO Bopal, Ahmedabad - IITM",Ahmedabad,Gujarat,2026-07-16 05:00:00,23.041137,72.456691,NO2,4.0
"SAC ISRO Bopal, Ahmedabad - IITM",Ahmedabad,Gujarat,2026-07-16 05:00:00,23.041137,72.456691,O3,12.0
"SAC ISRO Bopal, Ahmedabad - IITM",Ahmedabad,Gujarat,2026-07-16 05:00:00,23.041137,72.456691,PM10,50.0
"SAC ISRO Bopal, Ahmedabad - IITM",Ahmedabad,Gujarat,2026-07-16 05:00:00,23.041137,72.456691,PM2.5,43.0
"SAC ISRO Bopal, Ahmedabad - IITM",Ahmedabad,Gujarat,2026-07-16 05:00:00,23.041137,72.456691,SO2,1.0
"SAC ISRO Satellite, Ahmedabad - IITM",Ahmedabad,Gujarat,2026-07-16 05:00:00,23.023389,72.515201,CO,96.0
"SAC ISRO Satellite, Ahmedabad - IITM",Ahmedabad,Gujarat,2026-07-16 05:00:00,23.023389,72.515201,NH3,3.0
"SAC ISRO Satellite, Ahmedabad - IITM",Ahmedabad,Gujarat,2026-07-16 05:00:00,23.023389,72.515201,NO2,26.0
"SAC ISRO Satellite, Ahmedabad - IITM",Ahmedabad,Gujarat,2026-07-16 05:00:00,23.023389,72.515201,O3,16.0
"SAC ISRO Satellite, Ahmedabad - IITM",Ahmedabad,Gujarat,2026-07-16 05:00:00,23.023389,72.515201,PM10,59.0
"SAC ISRO Satellite, Ahmedabad - IITM",Ahmedabad,Gujarat,2026-07-16 05:00:00,23.023389,72.515201,PM2.5,47.0
"SAC ISRO Satellite, Ahmedabad - IITM",Ahmedabad,Gujarat,2026-07-16 05:00:00,23.023389,72.515201,SO2,5.0
"SVPI Airport Hansol, Ahmedabad - IITM",Ahmedabad,Gujarat,2026-07-16 05:00:00,23.076793,72.627874,CO,46.0
"SVPI Airport Hansol, Ahmedabad - IITM",Ahmedabad,Gujarat,2026-07-16 05:00:00,23.076793,72.627874,NH3,1.0
"SVPI Airport Hansol, Ahmedabad - IITM",Ahmedabad,Gujarat,2026-07-16 05:00:00,23.076793,72.627874,NO2,11.0
"SVPI Airport Hansol, Ahmedabad - IITM",Ahmedabad,Gujarat,2026-07-16 05:00:00,23.076793,72.627874,O3,11.0
"SVPI Airport Hansol, Ahmedabad - IITM",Ahmedabad,Gujarat,2026-07-16 05:00:00,23.076793,72.627874,PM10,77.0
"SVPI Airport Hansol, Ahmedabad - IITM",Ahmedabad,Gujarat,2026-07-16 05:00:00,23.076793,72.627874,PM2.5,32.0
"SVPI Airport Hansol, Ahmedabad - IITM",Ahmedabad,Gujarat,2026-07-16 05:00:00,23.076793,72.627874,SO2,15.0
"GIDC, Ankleshwar - GPCB",Ankleshwar,Gujarat,2026-07-16 05:00:00,21.613267,73.010555,CO,49.0
"GIDC, Ankleshwar - GPCB",Ankleshwar,Gujarat,2026-07-16 05:00:00,21.613267,73.010555,NH3,5.0
"GIDC, Ankleshwar - GPCB",Ankleshwar,Gujarat,2026-07-16 05:00:00,21.613267,73.010555,NO2,27.0
"GIDC, Ankleshwar - GPCB",Ankleshwar,Gujarat,2026-07-16 05:00:00,21.613267,73.010555,O3,9.0
"GIDC, Ankleshwar - GPCB",Ankleshwar,Gujarat,2026-07-16 05:00:00,21.613267,73.010555,PM10,62.0
"GIDC, Ankleshwar - GPCB",Ankleshwar,Gujarat,2026-07-16 05:00:00,21.613267,73.010555,PM2.5,39.0
"GIDC, Ankleshwar - GPCB",Ankleshwar,Gujarat,2026-07-16 05:00:00,21.613267,73.010555,SO2,22.0
"Vidhyanagar, Bhavnagar - Nexteng Enviro",Bhavnagar,Gujarat,2026-07-16 05:00:00,21.755417,72.139056,CO,80.0
"Vidhyanagar, Bhavnagar - Nexteng Enviro",Bhavnagar,Gujarat,2026-07-16 05:00:00,21.755417,72.139056,NH3,4.0
"Vidhyanagar, Bhavnagar - Nexteng Enviro",Bhavnagar,Gujarat,2026-07-16 05:00:00,21.755417,72.139056,NO2,49.0
"Vidhyanagar, Bhavnagar - Nexteng Enviro",Bhavnagar,Gujarat,2026-07-16 05:00:00,21.755417,72.139056,O3,19.0
"Vidhyanagar, Bhavnagar - Nexteng Enviro",Bhavnagar,Gujarat,2026-07-16 05:00:00,21.755417,72.139056,PM10,50.0
"Vidhyanagar, Bhavnagar - Nexteng Enviro",Bhavnagar,Gujarat,2026-07-16 05:00:00,21.755417,72.139056,PM2.5,28.0
"Vidhyanagar, Bhavnagar - Nexteng Enviro",Bhavnagar,Gujarat,2026-07-16 05:00:00,21.755417,72.139056,SO2,7.0
"GIFT City, Gandhinagar - IITM",Gandhinagar,Gujarat,2026-07-16 05:00:00,23.163798,72.677768,CO,29.0
"GIFT City, Gandhinagar - IITM",Gandhinagar,Gujarat,2026-07-16 05:00:00,23.163798,72.677768,NH3,2.0
"GIFT City, Gandhinagar - IITM",Gandhinagar,Gujarat,2026-07-16 05:00:00,23.163798,72.677768,NO2,28.0
"GIFT City, Gandhinagar - IITM",Gandhinagar,Gujarat,2026-07-16 05:00:00,23.163798,72.677768,O3,7.0
"GIFT City, Gandhinagar - IITM",Gandhinagar,Gujarat,2026-07-16 05:00:00,23.163798,72.677768,PM10,71.0
"GIFT City, Gandhinagar - IITM",Gandhinagar,Gujarat,2026-07-16 05:00:00,23.163798,72.677768,PM2.5,28.0
"GIFT City, Gandhinagar - IITM",Gandhinagar,Gujarat,2026-07-16 05:00:00,23.163798,72.677768,SO2,2.0
"IIPHG Lekawada, Gandhinagar - IITM",Gandhinagar,Gujarat,2026-07-16 05:00:00,23.243639,72.68994,CO,36.0
"IIPHG Lekawada, Gandhinagar - IITM",Gandhinagar,Gujarat,2026-07-16 05:00:00,23.243639,72.68994,NH3,1.0
"IIPHG Lekawada, Gandhinagar - IITM",Gandhinagar,Gujarat,2026-07-16 05:00:00,23.243639,72.68994,NO2,7.0
"IIPHG Lekawada, Gandhinagar - IITM",Gandhinagar,Gujarat,2026-07-16 05:00:00,23.243639,72.68994,O3,4.0
"IIPHG Lekawada, Gandhinagar - IITM",Gandhinagar,Gujarat,2026-07-16 05:00:00,23.243639,72.68994,PM10,60.0
"IIPHG Lekawada, Gandhinagar - IITM",Gandhinagar,Gujarat,2026-07-16 05:00:00,23.243639,72.68994,PM2.5,22.0
"IIPHG Lekawada, Gandhinagar - IITM",Gandhinagar,Gujarat,2026-07-16 05:00:00,23.243639,72.68994,SO2,3.0
"Sector-10, Gandhinagar - GPCB",Gandhinagar,Gujarat,2026-07-16 05:00:00,23.221714,72.654328,CO,20.0
"Sector-10, Gandhinagar - GPCB",Gandhinagar,Gujarat,2026-07-16 05:00:00,23.221714,72.654328,NH3,1.0
"Sector-10, Gandhinagar - GPCB",Gandhinagar,Gujarat,2026-07-16 05:00:00,23.221714,72.654328,NO2,7.0
"Sector-10, Gandhinagar - GPCB",Gandhinagar,Gujarat,2026-07-16 05:00:00,23.221714,72.654328,O3,2.0
"Sector-10, Gandhinagar - GPCB",Gandhinagar,Gujarat,2026-07-16 05:00:00,23.221714,72.654328,PM10,40.0
"Sector-10, Gandhinagar - GPCB",Gandhinagar,Gujarat,2026-07-16 05:00:00,23.221714,72.654328,PM2.5,30.0
"Sector-10, Gandhinagar - GPCB",Gandhinagar,Gujarat,2026-07-16 05:00:00,23.221714,72.654328,SO2,5.0
"Sadanand Nagar, Mehsana - Nexteng Enviro",Mehsana,Gujarat,2026-07-16 05:00:00,23.59315,72.372792,CO,70.0
"Sadanand Nagar, Mehsana - Nexteng Enviro",Mehsana,Gujarat,2026-07-16 05:00:00,23.59315,72.372792,NH3,1.0
"Sadanand Nagar, Mehsana - Nexteng Enviro",Mehsana,Gujarat,2026-07-16 05:00:00,23.59315,72.372792,NO2,10.0
"Sadanand Nagar, Mehsana - Nexteng Enviro",Mehsana,Gujarat,2026-07-16 05:00:00,23.59315,72.372792,O3,11.0
"Sadanand Nagar, Mehsana - Nexteng Enviro",Mehsana,Gujarat,2026-07-16 05:00:00,23.59315,72.372792,PM10,57.0
"Sadanand Nagar, Mehsana - Nexteng Enviro",Mehsana,Gujarat,2026-07-16 05:00:00,23.59315,72.372792,PM2.5,48.0
"Sadanand Nagar, Mehsana - Nexteng Enviro",Mehsana,Gujarat,2026-07-16 05:00:00,23.59315,72.372792,SO2,13.0
"Mavdi, Rajkot - Nexteng Enviro",Rajkot,Gujarat,2026-07-16 05:00:00,22.248853,70.776774,CO,90.0
"Mavdi, Rajkot - Nexteng Enviro",Rajkot,Gujarat,2026-07-16 05:00:00,22.248853,70.776774,NH3,1.0
"Mavdi, Rajkot - Nexteng Enviro",Rajkot,Gujarat,2026-07-16 05:00:00,22.248853,70.776774,NO2,65.0
"Mavdi, Rajkot - Nexteng Enviro",Rajkot,Gujarat,2026-07-16 05:00:00,22.248853,70.776774,O3,10.0
"Mavdi, Rajkot - Nexteng Enviro",Rajkot,Gujarat,2026-07-16 05:00:00,22.248853,70.776774,PM10,43.0
"Mavdi, Rajkot - Nexteng Enviro",Rajkot,Gujarat,2026-07-16 05:00:00,22.248853,70.776774,PM2.5,37.0
"Mavdi, Rajkot - Nexteng Enviro",Rajkot,Gujarat,2026-07-16 05:00:00,22.248853,70.776774,SO2,10.0
"Katargam, Surat - Nexteng Enviro",Surat,Gujarat,2026-07-16 05:00:00,21.217779,72.834787,CO,40.0
"Katargam, Surat - Nexteng Enviro",Surat,Gujarat,2026-07-16 05:00:00,21.217779,72.834787,NH3,1.0
"Katargam, Surat - Nexteng Enviro",Surat,Gujarat,2026-07-16 05:00:00,21.217779,72.834787,NO2,14.0
"Katargam, Surat - Nexteng Enviro",Surat,Gujarat,2026-07-16 05:00:00,21.217779,72.834787,O3,5.0
"Katargam, Surat - Nexteng Enviro",Surat,Gujarat,2026-07-16 05:00:00,21.217779,72.834787,PM10,63.0
"Katargam, Surat - Nexteng Enviro",Surat,Gujarat,2026-07-16 05:00:00,21.217779,72.834787,PM2.5,22.0
"Katargam, Surat - Nexteng Enviro",Surat,Gujarat,2026-07-16 05:00:00,21.217779,72.834787,SO2,8.0
"Science Center, Surat - SMC",Surat,Gujarat,2026-07-16 05:00:00,21.170046,72.795405,CO,34.0
"Science Center, Surat - SMC",Surat,Gujarat,2026-07-16 05:00:00,21.170046,72.795405,NO2,3.0
"Science Center, Surat - SMC",Surat,Gujarat,2026-07-16 05:00:00,21.170046,72.795405,PM10,43.0
"Science Center, Surat - SMC",Surat,Gujarat,2026-07-16 05:00:00,21.170046,72.795405,PM2.5,19.0
"Science Center, Surat - SMC",Surat,Gujarat,2026-07-16 05:00:00,21.170046,72.795405,SO2,15.0
"Bapunagar, Vadodara - Nexteng Enviro",Vadodara,Gujarat,2026-07-16 05:00:00,22.320153,73.216285,CO,96.0
"Bapunagar, Vadodara - Nexteng Enviro",Vadodara,Gujarat,2026-07-16 05:00:00,22.320153,73.216285,NH3,2.0
"Bapunagar, Vadodara - Nexteng Enviro",Vadodara,Gujarat,2026-07-16 05:00:00,22.320153,73.216285,NO2,12.0
"Bapunagar, Vadodara - Nexteng Enviro",Vadodara,Gujarat,2026-07-16 05:00:00,22.320153,73.216285,O3,4.0
"Bapunagar, Vadodara - Nexteng Enviro",Vadodara,Gujarat,2026-07-16 05:00:00,22.320153,73.216285,PM10,54.0
"Bapunagar, Vadodara - Nexteng Enviro",Vadodara,Gujarat,2026-07-16 05:00:00,22.320153,73.216285,PM2.5,46.0
"Bapunagar, Vadodara - Nexteng Enviro",Vadodara,Gujarat,2026-07-16 05:00:00,22.320153,73.216285,SO2,6.0
"Phase-1 GIDC, Vapi - GPCB",Vapi,Gujarat,2026-07-16 05:00:00,20.362421,72.918013,NH3,3.0
"Phase-1 GIDC, Vapi - GPCB",Vapi,Gujarat,2026-07-16 05:00:00,20.362421,72.918013,NO2,19.0
"Phase-1 GIDC, Vapi - GPCB",Vapi,Gujarat,2026-07-16 05:00:00,20.362421,72.918013,O3,5.0
"Phase-1 GIDC, Vapi - GPCB",Vapi,Gujarat,2026-07-16 05:00:00,20.362421,72.918013,PM10,67.0
"Phase-1 GIDC, Vapi - GPCB",Vapi,Gujarat,2026-07-16 05:00:00,20.362421,72.918013,PM2.5,67.0
"Phase-1 GIDC, Vapi - GPCB",Vapi,Gujarat,2026-07-16 05:00:00,20.362421,72.918013,SO2,24.0
"Phase-4 GIDC, Vatva - GPCB",Vatva,Gujarat,2026-07-16 05:00:00,22.969611,72.6435,CO,31.0
"Phase-4 GIDC, Vatva - GPCB",Vatva,Gujarat,2026-07-16 05:00:00,22.969611,72.6435,NH3,2.0
"Phase-4 GIDC, Vatva - GPCB",Vatva,Gujarat,2026-07-16 05:00:00,22.969611,72.6435,NO2,36.0
"Phase-4 GIDC, Vatva - GPCB",Vatva,Gujarat,2026-07-16 05:00:00,22.969611,72.6435,O3,11.0
"Phase-4 GIDC, Vatva - GPCB",Vatva,Gujarat,2026-07-16 05:00:00,22.969611,72.6435,PM10,110.0
"Phase-4 GIDC, Vatva - GPCB",Vatva,Gujarat,2026-07-16 05:00:00,22.969611,72.6435,PM2.5,108.0
"Phase-4 GIDC, Vatva - GPCB",Vatva,Gujarat,2026-07-16 05:00:00,22.969611,72.6435,SO2,7.0
"Patti Mehar, Ambala - HSPCB",Ambala,Haryana,2026-07-16 05:00:00,30.379589,76.778328,CO,54.0
"Patti Mehar, Ambala - HSPCB",Ambala,Haryana,2026-07-16 05:00:00,30.379589,76.778328,NH3,8.0
"Patti Mehar, Ambala - HSPCB",Ambala,Haryana,2026-07-16 05:00:00,30.379589,76.778328,NO2,6.0
"Patti Mehar, Ambala - HSPCB",Ambala,Haryana,2026-07-16 05:00:00,30.379589,76.778328,O3,37.0
"Patti Mehar, Ambala - HSPCB",Ambala,Haryana,2026-07-16 05:00:00,30.379589,76.778328,PM10,135.0
"Patti Mehar, Ambala - HSPCB",Ambala,Haryana,2026-07-16 05:00:00,30.379589,76.778328,PM2.5,99.0
"Patti Mehar, Ambala - HSPCB",Ambala,Haryana,2026-07-16 05:00:00,30.379589,76.778328,SO2,39.0
"Arya Nagar, Bahadurgarh - HSPCB",Bahadurgarh,Haryana,2026-07-16 05:00:00,28.6701,76.9254,CO,49.0
"Arya Nagar, Bahadurgarh - HSPCB",Bahadurgarh,Haryana,2026-07-16 05:00:00,28.6701,76.9254,NH3,11.0
"Arya Nagar, Bahadurgarh - HSPCB",Bahadurgarh,Haryana,2026-07-16 05:00:00,28.6701,76.9254,NO2,18.0
"Arya Nagar, Bahadurgarh - HSPCB",Bahadurgarh,Haryana,2026-07-16 05:00:00,28.6701,76.9254,O3,26.0
"Arya Nagar, Bahadurgarh - HSPCB",Bahadurgarh,Haryana,2026-07-16 05:00:00,28.6701,76.9254,PM10,101.0
"Arya Nagar, Bahadurgarh - HSPCB",Bahadurgarh,Haryana,2026-07-16 05:00:00,28.6701,76.9254,PM2.5,177.0
"Arya Nagar, Bahadurgarh - HSPCB",Bahadurgarh,Haryana,2026-07-16 05:00:00,28.6701,76.9254,SO2,6.0
"Nathu Colony, Ballabgarh - HSPCB",Ballabgarh,Haryana,2026-07-16 05:00:00,28.3419248,77.319699,CO,51.0
"Nathu Colony, Ballabgarh - HSPCB",Ballabgarh,Haryana,2026-07-16 05:00:00,28.3419248,77.319699,NH3,5.0
"Nathu Colony, Ballabgarh - HSPCB",Ballabgarh,Haryana,2026-07-16 05:00:00,28.3419248,77.319699,NO2,20.0
"Nathu Colony, Ballabgarh - HSPCB",Ballabgarh,Haryana,2026-07-16 05:00:00,28.3419248,77.319699,O3,4.0
"Nathu Colony, Ballabgarh - HSPCB",Ballabgarh,Haryana,2026-07-16 05:00:00,28.3419248,77.319699,PM10,161.0
"Nathu Colony, Ballabgarh - HSPCB",Ballabgarh,Haryana,2026-07-16 05:00:00,28.3419248,77.319699,PM2.5,173.0
"Nathu Colony, Ballabgarh - HSPCB",Ballabgarh,Haryana,2026-07-16 05:00:00,28.3419248,77.319699,SO2,3.0
"H.B. Colony, Bhiwani - HSPCB",Bhiwani,Haryana,2026-07-16 05:00:00,28.806223,76.141105,CO,19.0
"H.B. Colony, Bhiwani - HSPCB",Bhiwani,Haryana,2026-07-16 05:00:00,28.806223,76.141105,NH3,2.0
"H.B. Colony, Bhiwani - HSPCB",Bhiwani,Haryana,2026-07-16 05:00:00,28.806223,76.141105,NO2,9.0
"H.B. Colony, Bhiwani - HSPCB",Bhiwani,Haryana,2026-07-16 05:00:00,28.806223,76.141105,O3,15.0
"H.B. Colony, Bhiwani - HSPCB",Bhiwani,Haryana,2026-07-16 05:00:00,28.806223,76.141105,PM10,73.0
"H.B. Colony, Bhiwani - HSPCB",Bhiwani,Haryana,2026-07-16 05:00:00,28.806223,76.141105,PM2.5,103.0
"H.B. Colony, Bhiwani - HSPCB",Bhiwani,Haryana,2026-07-16 05:00:00,28.806223,76.141105,SO2,13.0
"Mini Secretariat, Charkhi Dadri - HSPCB",Charkhi Dadri,Haryana,2026-07-16 05:00:00,28.593883,76.270653,CO,18.0
"Mini Secretariat, Charkhi Dadri - HSPCB",Charkhi Dadri,Haryana,2026-07-16 05:00:00,28.593883,76.270653,NH3,6.0
"Mini Secretariat, Charkhi Dadri - HSPCB",Charkhi Dadri,Haryana,2026-07-16 05:00:00,28.593883,76.270653,NO2,15.0
"Mini Secretariat, Charkhi Dadri - HSPCB",Charkhi Dadri,Haryana,2026-07-16 05:00:00,28.593883,76.270653,O3,20.0
"Mini Secretariat, Charkhi Dadri - HSPCB",Charkhi Dadri,Haryana,2026-07-16 05:00:00,28.593883,76.270653,PM10,99.0
"Mini Secretariat, Charkhi Dadri - HSPCB",Charkhi Dadri,Haryana,2026-07-16 05:00:00,28.593883,76.270653,PM2.5,211.0
"Mini Secretariat, Charkhi Dadri - HSPCB",Charkhi Dadri,Haryana,2026-07-16 05:00:00,28.593883,76.270653,SO2,8.0
"Municipal Corporation Office, Dharuhera -  HSPCB",Dharuhera,Haryana,2026-07-16 05:00:00,28.2068,76.7997,CO,72.0
"Municipal Corporation Office, Dharuhera -  HSPCB",Dharuhera,Haryana,2026-07-16 05:00:00,28.2068,76.7997,NH3,8.0
"Municipal Corporation Office, Dharuhera -  HSPCB",Dharuhera,Haryana,2026-07-16 05:00:00,28.2068,76.7997,NO2,29.0
"Municipal Corporation Office, Dharuhera -  HSPCB",Dharuhera,Haryana,2026-07-16 05:00:00,28.2068,76.7997,O3,8.0
"Municipal Corporation Office, Dharuhera -  HSPCB",Dharuhera,Haryana,2026-07-16 05:00:00,28.2068,76.7997,PM10,103.0
"Municipal Corporation Office, Dharuhera -  HSPCB",Dharuhera,Haryana,2026-07-16 05:00:00,28.2068,76.7997,PM2.5,122.0
"Municipal Corporation Office, Dharuhera -  HSPCB",Dharuhera,Haryana,2026-07-16 05:00:00,28.2068,76.7997,SO2,8.0
"New Industrial Town, Faridabad - HSPCB",Faridabad,Haryana,2026-07-16 05:00:00,28.39072,77.30059,CO,23.0
"New Industrial Town, Faridabad - HSPCB",Faridabad,Haryana,2026-07-16 05:00:00,28.39072,77.30059,NH3,11.0
"New Industrial Town, Faridabad - HSPCB",Faridabad,Haryana,2026-07-16 05:00:00,28.39072,77.30059,NO2,25.0
"New Industrial Town, Faridabad - HSPCB",Faridabad,Haryana,2026-07-16 05:00:00,28.39072,77.30059,O3,14.0
"New Industrial Town, Faridabad - HSPCB",Faridabad,Haryana,2026-07-16 05:00:00,28.39072,77.30059,PM10,133.0
"New Industrial Town, Faridabad - HSPCB",Faridabad,Haryana,2026-07-16 05:00:00,28.39072,77.30059,PM2.5,135.0
"New Industrial Town, Faridabad - HSPCB",Faridabad,Haryana,2026-07-16 05:00:00,28.39072,77.30059,SO2,13.0
"Sector 11, Faridabad - HSPCB",Faridabad,Haryana,2026-07-16 05:00:00,28.376058,77.315741,CO,67.0
"Sector 11, Faridabad - HSPCB",Faridabad,Haryana,2026-07-16 05:00:00,28.376058,77.315741,NH3,9.0
"Sector 11, Faridabad - HSPCB",Faridabad,Haryana,2026-07-16 05:00:00,28.376058,77.315741,NO2,31.0
"Sector 11, Faridabad - HSPCB",Faridabad,Haryana,2026-07-16 05:00:00,28.376058,77.315741,O3,16.0
"Sector 11, Faridabad - HSPCB",Faridabad,Haryana,2026-07-16 05:00:00,28.376058,77.315741,PM10,180.0
"Sector 11, Faridabad - HSPCB",Faridabad,Haryana,2026-07-16 05:00:00,28.376058,77.315741,PM2.5,196.0
"Sector 11, Faridabad - HSPCB",Faridabad,Haryana,2026-07-16 05:00:00,28.376058,77.315741,SO2,9.0
"Sector 30, Faridabad - HSPCB",Faridabad,Haryana,2026-07-16 05:00:00,28.4417,77.3217,CO,50.0
"Sector 30, Faridabad - HSPCB",Faridabad,Haryana,2026-07-16 05:00:00,28.4417,77.3217,NH3,11.0
"Sector 30, Faridabad - HSPCB",Faridabad,Haryana,2026-07-16 05:00:00,28.4417,77.3217,NO2,38.0
"Sector 30, Faridabad - HSPCB",Faridabad,Haryana,2026-07-16 05:00:00,28.4417,77.3217,O3,12.0
"Sector 30, Faridabad - HSPCB",Faridabad,Haryana,2026-07-16 05:00:00,28.4417,77.3217,PM10,117.0
"Sector 30, Faridabad - HSPCB",Faridabad,Haryana,2026-07-16 05:00:00,28.4417,77.3217,PM2.5,85.0
"Sector 30, Faridabad - HSPCB",Faridabad,Haryana,2026-07-16 05:00:00,28.4417,77.3217,SO2,3.0
"Huda Sector, Fatehabad - HSPCB",Fatehabad,Haryana,2026-07-16 05:00:00,29.503664,75.467934,CO,48.0
"Huda Sector, Fatehabad - HSPCB",Fatehabad,Haryana,2026-07-16 05:00:00,29.503664,75.467934,NH3,14.0
"Huda Sector, Fatehabad - HSPCB",Fatehabad,Haryana,2026-07-16 05:00:00,29.503664,75.467934,NO2,19.0
"Huda Sector, Fatehabad - HSPCB",Fatehabad,Haryana,2026-07-16 05:00:00,29.503664,75.467934,O3,31.0
"Huda Sector, Fatehabad - HSPCB",Fatehabad,Haryana,2026-07-16 05:00:00,29.503664,75.467934,PM10,153.0
"Huda Sector, Fatehabad - HSPCB",Fatehabad,Haryana,2026-07-16 05:00:00,29.503664,75.467934,PM2.5,139.0
"Huda Sector, Fatehabad - HSPCB",Fatehabad,Haryana,2026-07-16 05:00:00,29.503664,75.467934,SO2,70.0
"NISE Gwal Pahari, Gurugram - IITM",Gurugram,Haryana,2026-07-16 05:00:00,28.422681,77.148944,CO,59.0
"NISE Gwal Pahari, Gurugram - IITM",Gurugram,Haryana,2026-07-16 05:00:00,28.422681,77.148944,NO2,15.0
"NISE Gwal Pahari, Gurugram - IITM",Gurugram,Haryana,2026-07-16 05:00:00,28.422681,77.148944,O3,11.0
"NISE Gwal Pahari, Gurugram - IITM",Gurugram,Haryana,2026-07-16 05:00:00,28.422681,77.148944,PM10,151.0
"NISE Gwal Pahari, Gurugram - IITM",Gurugram,Haryana,2026-07-16 05:00:00,28.422681,77.148944,PM2.5,67.0
"Sector-51, Gurugram - HSPCB",Gurugram,Haryana,2026-07-16 05:00:00,28.4227,77.0667,CO,27.0
"Sector-51, Gurugram - HSPCB",Gurugram,Haryana,2026-07-16 05:00:00,28.4227,77.0667,NH3,13.0
"Sector-51, Gurugram - HSPCB",Gurugram,Haryana,2026-07-16 05:00:00,28.4227,77.0667,NO2,40.0
"Sector-51, Gurugram - HSPCB",Gurugram,Haryana,2026-07-16 05:00:00,28.4227,77.0667,O3,14.0
"Sector-51, Gurugram - HSPCB",Gurugram,Haryana,2026-07-16 05:00:00,28.4227,77.0667,PM10,153.0
"Sector-51, Gurugram - HSPCB",Gurugram,Haryana,2026-07-16 05:00:00,28.4227,77.0667,PM2.5,199.0
"Teri Gram, Gurugram - HSPCB",Gurugram,Haryana,2026-07-16 05:00:00,28.4275,77.1465,CO,30.0
"Teri Gram, Gurugram - HSPCB",Gurugram,Haryana,2026-07-16 05:00:00,28.4275,77.1465,NH3,6.0
"Teri Gram, Gurugram - HSPCB",Gurugram,Haryana,2026-07-16 05:00:00,28.4275,77.1465,NO2,28.0
"Teri Gram, Gurugram - HSPCB",Gurugram,Haryana,2026-07-16 05:00:00,28.4275,77.1465,O3,11.0
"Teri Gram, Gurugram - HSPCB",Gurugram,Haryana,2026-07-16 05:00:00,28.4275,77.1465,PM10,86.0
"Teri Gram, Gurugram - HSPCB",Gurugram,Haryana,2026-07-16 05:00:00,28.4275,77.1465,PM2.5,106.0
"Teri Gram, Gurugram - HSPCB",Gurugram,Haryana,2026-07-16 05:00:00,28.4275,77.1465,SO2,13.0
"Vikas Sadan, Gurugram - HSPCB",Gurugram,Haryana,2026-07-16 05:00:00,28.4501238,77.0263051,CO,26.0
"Vikas Sadan, Gurugram - HSPCB",Gurugram,Haryana,2026-07-16 05:00:00,28.4501238,77.0263051,NO2,6.0
"Vikas Sadan, Gurugram - HSPCB",Gurugram,Haryana,2026-07-16 05:00:00,28.4501238,77.0263051,O3,8.0
"Vikas Sadan, Gurugram - HSPCB",Gurugram,Haryana,2026-07-16 05:00:00,28.4501238,77.0263051,PM10,212.0
"Vikas Sadan, Gurugram - HSPCB",Gurugram,Haryana,2026-07-16 05:00:00,28.4501238,77.0263051,PM2.5,331.0
"Vikas Sadan, Gurugram - HSPCB",Gurugram,Haryana,2026-07-16 05:00:00,28.4501238,77.0263051,SO2,1.0
"Urban Estate-II, Hisar - HSPCB",Hisar,Haryana,2026-07-16 05:00:00,29.14056,75.744941,CO,101.0
"Urban Estate-II, Hisar - HSPCB",Hisar,Haryana,2026-07-16 05:00:00,29.14056,75.744941,NH3,11.0
"Urban Estate-II, Hisar - HSPCB",Hisar,Haryana,2026-07-16 05:00:00,29.14056,75.744941,NO2,28.0
"Urban Estate-II, Hisar - HSPCB",Hisar,Haryana,2026-07-16 05:00:00,29.14056,75.744941,O3,36.0
"Urban Estate-II, Hisar - HSPCB",Hisar,Haryana,2026-07-16 05:00:00,29.14056,75.744941,PM10,144.0
"Urban Estate-II, Hisar - HSPCB",Hisar,Haryana,2026-07-16 05:00:00,29.14056,75.744941,PM2.5,125.0
"Urban Estate-II, Hisar - HSPCB",Hisar,Haryana,2026-07-16 05:00:00,29.14056,75.744941,SO2,11.0
"Police Lines, Jind - HSPCB",Jind,Haryana,2026-07-16 05:00:00,29.307814,76.337619,CO,6.0
"Police Lines, Jind - HSPCB",Jind,Haryana,2026-07-16 05:00:00,29.307814,76.337619,NH3,5.0
"Police Lines, Jind - HSPCB",Jind,Haryana,2026-07-16 05:00:00,29.307814,76.337619,NO2,13.0
"Police Lines, Jind - HSPCB",Jind,Haryana,2026-07-16 05:00:00,29.307814,76.337619,O3,10.0
"Police Lines, Jind - HSPCB",Jind,Haryana,2026-07-16 05:00:00,29.307814,76.337619,PM10,120.0
"Police Lines, Jind - HSPCB",Jind,Haryana,2026-07-16 05:00:00,29.307814,76.337619,PM2.5,206.0
"Police Lines, Jind - HSPCB",Jind,Haryana,2026-07-16 05:00:00,29.307814,76.337619,SO2,28.0
"Rishi Nagar, Kaithal - HSPCB",Kaithal,Haryana,2026-07-16 05:00:00,29.8006,76.4155,CO,21.0
"Rishi Nagar, Kaithal - HSPCB",Kaithal,Haryana,2026-07-16 05:00:00,29.8006,76.4155,O3,69.0
"Sector-12, Karnal - HSPCB",Karnal,Haryana,2026-07-16 05:00:00,29.6953,77.0027,CO,49.0
"Sector-12, Karnal - HSPCB",Karnal,Haryana,2026-07-16 05:00:00,29.6953,77.0027,NH3,8.0
"Sector-12, Karnal - HSPCB",Karnal,Haryana,2026-07-16 05:00:00,29.6953,77.0027,NO2,15.0
"Sector-12, Karnal - HSPCB",Karnal,Haryana,2026-07-16 05:00:00,29.6953,77.0027,O3,8.0
"Sector-12, Karnal - HSPCB",Karnal,Haryana,2026-07-16 05:00:00,29.6953,77.0027,PM10,131.0
"Sector-12, Karnal - HSPCB",Karnal,Haryana,2026-07-16 05:00:00,29.6953,77.0027,PM2.5,165.0
"Sector-12, Karnal - HSPCB",Karnal,Haryana,2026-07-16 05:00:00,29.6953,77.0027,SO2,13.0
"Sector-7, Kurukshetra - HSPCB",Kurukshetra,Haryana,2026-07-16 05:00:00,29.966942,76.875879,CO,20.0
"Sector-7, Kurukshetra - HSPCB",Kurukshetra,Haryana,2026-07-16 05:00:00,29.966942,76.875879,NH3,12.0
"Sector-7, Kurukshetra - HSPCB",Kurukshetra,Haryana,2026-07-16 05:00:00,29.966942,76.875879,NO2,63.0
"Sector-7, Kurukshetra - HSPCB",Kurukshetra,Haryana,2026-07-16 05:00:00,29.966942,76.875879,O3,61.0
"Sector-7, Kurukshetra - HSPCB",Kurukshetra,Haryana,2026-07-16 05:00:00,29.966942,76.875879,PM10,148.0
"Sector-7, Kurukshetra - HSPCB",Kurukshetra,Haryana,2026-07-16 05:00:00,29.966942,76.875879,PM2.5,119.0
"Sector-7, Kurukshetra - HSPCB",Kurukshetra,Haryana,2026-07-16 05:00:00,29.966942,76.875879,SO2,7.0
"General Hospital, Mandikhera(Nuh) - HSPCB",Mandikhera,Haryana,2026-07-16 05:00:00,27.9002,76.9938,CO,33.0
"General Hospital, Mandikhera(Nuh) - HSPCB",Mandikhera,Haryana,2026-07-16 05:00:00,27.9002,76.9938,NH3,7.0
"General Hospital, Mandikhera(Nuh) - HSPCB",Mandikhera,Haryana,2026-07-16 05:00:00,27.9002,76.9938,NO2,15.0
"General Hospital, Mandikhera(Nuh) - HSPCB",Mandikhera,Haryana,2026-07-16 05:00:00,27.9002,76.9938,O3,48.0
"General Hospital, Mandikhera(Nuh) - HSPCB",Mandikhera,Haryana,2026-07-16 05:00:00,27.9002,76.9938,PM10,78.0
"General Hospital, Mandikhera(Nuh) - HSPCB",Mandikhera,Haryana,2026-07-16 05:00:00,27.9002,76.9938,PM2.5,51.0
"General Hospital, Mandikhera(Nuh) - HSPCB",Mandikhera,Haryana,2026-07-16 05:00:00,27.9002,76.9938,SO2,21.0
"Sector-2 IMT, Manesar - HSPCB",Manesar,Haryana,2026-07-16 05:00:00,28.360699,76.93609,CO,32.0
"Sector-2 IMT, Manesar - HSPCB",Manesar,Haryana,2026-07-16 05:00:00,28.360699,76.93609,NH3,11.0
"Sector-2 IMT, Manesar - HSPCB",Manesar,Haryana,2026-07-16 05:00:00,28.360699,76.93609,NO2,39.0
"Sector-2 IMT, Manesar - HSPCB",Manesar,Haryana,2026-07-16 05:00:00,28.360699,76.93609,O3,8.0
"Sector-2 IMT, Manesar - HSPCB",Manesar,Haryana,2026-07-16 05:00:00,28.360699,76.93609,PM10,114.0
"Sector-2 IMT, Manesar - HSPCB",Manesar,Haryana,2026-07-16 05:00:00,28.360699,76.93609,PM2.5,164.0
"Sector-2 IMT, Manesar - HSPCB",Manesar,Haryana,2026-07-16 05:00:00,28.360699,76.93609,SO2,13.0
"Shastri Nagar, Narnaul - HSPCB",Narnaul,Haryana,2026-07-16 05:00:00,28.060249,76.113115,CO,15.0
"Shastri Nagar, Narnaul - HSPCB",Narnaul,Haryana,2026-07-16 05:00:00,28.060249,76.113115,NH3,6.0
"Shastri Nagar, Narnaul - HSPCB",Narnaul,Haryana,2026-07-16 05:00:00,28.060249,76.113115,NO2,28.0
"Shastri Nagar, Narnaul - HSPCB",Narnaul,Haryana,2026-07-16 05:00:00,28.060249,76.113115,O3,17.0
"Shastri Nagar, Narnaul - HSPCB",Narnaul,Haryana,2026-07-16 05:00:00,28.060249,76.113115,PM10,111.0
"Shastri Nagar, Narnaul - HSPCB",Narnaul,Haryana,2026-07-16 05:00:00,28.060249,76.113115,PM2.5,125.0
"Shastri Nagar, Narnaul - HSPCB",Narnaul,Haryana,2026-07-16 05:00:00,28.060249,76.113115,SO2,10.0
"Shyam Nagar, Palwal - HSPCB",Palwal,Haryana,2026-07-16 05:00:00,28.1485564,77.3320667,CO,47.0
"Shyam Nagar, Palwal - HSPCB",Palwal,Haryana,2026-07-16 05:00:00,28.1485564,77.3320667,NH3,8.0
"Shyam Nagar, Palwal - HSPCB",Palwal,Haryana,2026-07-16 05:00:00,28.1485564,77.3320667,NO2,24.0
"Shyam Nagar, Palwal - HSPCB",Palwal,Haryana,2026-07-16 05:00:00,28.1485564,77.3320667,O3,5.0
"Shyam Nagar, Palwal - HSPCB",Palwal,Haryana,2026-07-16 05:00:00,28.1485564,77.3320667,PM10,81.0
"Shyam Nagar, Palwal - HSPCB",Palwal,Haryana,2026-07-16 05:00:00,28.1485564,77.3320667,PM2.5,52.0
"Shyam Nagar, Palwal - HSPCB",Palwal,Haryana,2026-07-16 05:00:00,28.1485564,77.3320667,SO2,11.0
"Amity University, Panchgaon - IITM",Panchgaon,Haryana,2026-07-16 05:00:00,28.3153,76.9143,CO,14.0
"Amity University, Panchgaon - IITM",Panchgaon,Haryana,2026-07-16 05:00:00,28.3153,76.9143,NH3,4.0
"Amity University, Panchgaon - IITM",Panchgaon,Haryana,2026-07-16 05:00:00,28.3153,76.9143,NO2,20.0
"Amity University, Panchgaon - IITM",Panchgaon,Haryana,2026-07-16 05:00:00,28.3153,76.9143,O3,22.0
"Amity University, Panchgaon - IITM",Panchgaon,Haryana,2026-07-16 05:00:00,28.3153,76.9143,PM10,133.0
"Amity University, Panchgaon - IITM",Panchgaon,Haryana,2026-07-16 05:00:00,28.3153,76.9143,PM2.5,244.0
"Amity University, Panchgaon - IITM",Panchgaon,Haryana,2026-07-16 05:00:00,28.3153,76.9143,SO2,11.0
"Sector-6, Panchkula - HSPCB",Panchkula,Haryana,2026-07-16 05:00:00,30.7057778,76.8531805555555,CO,19.0
"Sector-6, Panchkula - HSPCB",Panchkula,Haryana,2026-07-16 05:00:00,30.7057778,76.8531805555555,NO2,9.0
"Sector-6, Panchkula - HSPCB",Panchkula,Haryana,2026-07-16 05:00:00,30.7057778,76.8531805555555,O3,30.0
"Sector-6, Panchkula - HSPCB",Panchkula,Haryana,2026-07-16 05:00:00,30.7057778,76.8531805555555,PM2.5,40.0
"Sector-6, Panchkula - HSPCB",Panchkula,Haryana,2026-07-16 05:00:00,30.7057778,76.8531805555555,SO2,11.0
"Sector-18, Panipat - HSPCB",Panipat,Haryana,2026-07-16 05:00:00,29.432304,76.972765,CO,26.0
"Sector-18, Panipat - HSPCB",Panipat,Haryana,2026-07-16 05:00:00,29.432304,76.972765,NH3,10.0
"Sector-18, Panipat - HSPCB",Panipat,Haryana,2026-07-16 05:00:00,29.432304,76.972765,NO2,7.0
"Sector-18, Panipat - HSPCB",Panipat,Haryana,2026-07-16 05:00:00,29.432304,76.972765,O3,30.0
"Sector-18, Panipat - HSPCB",Panipat,Haryana,2026-07-16 05:00:00,29.432304,76.972765,PM10,227.0
"Sector-18, Panipat - HSPCB",Panipat,Haryana,2026-07-16 05:00:00,29.432304,76.972765,SO2,51.0
"MD University, Rohtak - HSPCB",Rohtak,Haryana,2026-07-16 05:00:00,28.52123,76.37138,CO,38.0
"MD University, Rohtak - HSPCB",Rohtak,Haryana,2026-07-16 05:00:00,28.52123,76.37138,O3,15.0
"MD University, Rohtak - HSPCB",Rohtak,Haryana,2026-07-16 05:00:00,28.52123,76.37138,PM10,108.0
"MD University, Rohtak - HSPCB",Rohtak,Haryana,2026-07-16 05:00:00,28.52123,76.37138,PM2.5,107.0
"MD University, Rohtak - HSPCB",Rohtak,Haryana,2026-07-16 05:00:00,28.52123,76.37138,SO2,10.0
"F-Block, Sirsa - HSPCB",Sirsa,Haryana,2026-07-16 05:00:00,29.5364,75.0158,CO,84.0
"F-Block, Sirsa - HSPCB",Sirsa,Haryana,2026-07-16 05:00:00,29.5364,75.0158,NH3,13.0
"F-Block, Sirsa - HSPCB",Sirsa,Haryana,2026-07-16 05:00:00,29.5364,75.0158,NO2,20.0
"F-Block, Sirsa - HSPCB",Sirsa,Haryana,2026-07-16 05:00:00,29.5364,75.0158,O3,33.0
"F-Block, Sirsa - HSPCB",Sirsa,Haryana,2026-07-16 05:00:00,29.5364,75.0158,PM10,113.0
"F-Block, Sirsa - HSPCB",Sirsa,Haryana,2026-07-16 05:00:00,29.5364,75.0158,PM2.5,101.0
"F-Block, Sirsa - HSPCB",Sirsa,Haryana,2026-07-16 05:00:00,29.5364,75.0158,SO2,20.0
"Murthal, Sonipat - HSPCB",Sonipat,Haryana,2026-07-16 05:00:00,29.0272,77.0621,CO,32.0
"Murthal, Sonipat - HSPCB",Sonipat,Haryana,2026-07-16 05:00:00,29.0272,77.0621,NH3,9.0
"Murthal, Sonipat - HSPCB",Sonipat,Haryana,2026-07-16 05:00:00,29.0272,77.0621,NO2,7.0
"Murthal, Sonipat - HSPCB",Sonipat,Haryana,2026-07-16 05:00:00,29.0272,77.0621,O3,42.0
"Murthal, Sonipat - HSPCB",Sonipat,Haryana,2026-07-16 05:00:00,29.0272,77.0621,PM10,147.0
"Murthal, Sonipat - HSPCB",Sonipat,Haryana,2026-07-16 05:00:00,29.0272,77.0621,PM2.5,205.0
"Murthal, Sonipat - HSPCB",Sonipat,Haryana,2026-07-16 05:00:00,29.0272,77.0621,SO2,42.0
"Gobind Pura, Yamuna Nagar - HSPCB",Yamuna Nagar,Haryana,2026-07-16 05:00:00,30.1480566,77.2893471,CO,15.0
"Gobind Pura, Yamuna Nagar - HSPCB",Yamuna Nagar,Haryana,2026-07-16 05:00:00,30.1480566,77.2893471,NH3,8.0
"Gobind Pura, Yamuna Nagar - HSPCB",Yamuna Nagar,Haryana,2026-07-16 05:00:00,30.1480566,77.2893471,NO2,32.0
"Gobind Pura, Yamuna Nagar - HSPCB",Yamuna Nagar,Haryana,2026-07-16 05:00:00,30.1480566,77.2893471,O3,15.0
"Gobind Pura, Yamuna Nagar - HSPCB",Yamuna Nagar,Haryana,2026-07-16 05:00:00,30.1480566,77.2893471,PM10,130.0
"Gobind Pura, Yamuna Nagar - HSPCB",Yamuna Nagar,Haryana,2026-07-16 05:00:00,30.1480566,77.2893471,PM2.5,152.0
"Gobind Pura, Yamuna Nagar - HSPCB",Yamuna Nagar,Haryana,2026-07-16 05:00:00,30.1480566,77.2893471,SO2,19.0
"HIMUDA Complex Phase-1, Baddi - HPPCB",Baddi,Himachal Pradesh,2026-07-16 05:00:00,30.943887,76.801991,CO,53.0
"HIMUDA Complex Phase-1, Baddi - HPPCB",Baddi,Himachal Pradesh,2026-07-16 05:00:00,30.943887,76.801991,NH3,7.0
"HIMUDA Complex Phase-1, Baddi - HPPCB",Baddi,Himachal Pradesh,2026-07-16 05:00:00,30.943887,76.801991,NO2,9.0
"HIMUDA Complex Phase-1, Baddi - HPPCB",Baddi,Himachal Pradesh,2026-07-16 05:00:00,30.943887,76.801991,PM10,155.0
"HIMUDA Complex Phase-1, Baddi - HPPCB",Baddi,Himachal Pradesh,2026-07-16 05:00:00,30.943887,76.801991,PM2.5,69.0
"Khrew, Pampore - JKPCC",Pampore,Jammu and Kashmir,2026-07-16 05:00:00,34.031606,75.009712,PM10,78.0
"Khrew, Pampore - JKPCC",Pampore,Jammu and Kashmir,2026-07-16 05:00:00,34.031606,75.009712,PM2.5,61.0
"Khunmoh, Srinagar - JKPCC",Srinagar,Jammu and Kashmir,2026-07-16 05:00:00,34.06313,74.96017,NO2,13.0
"Khunmoh, Srinagar - JKPCC",Srinagar,Jammu and Kashmir,2026-07-16 05:00:00,34.06313,74.96017,PM10,72.0
"Khunmoh, Srinagar - JKPCC",Srinagar,Jammu and Kashmir,2026-07-16 05:00:00,34.06313,74.96017,PM2.5,91.0
"Khunmoh, Srinagar - JKPCC",Srinagar,Jammu and Kashmir,2026-07-16 05:00:00,34.06313,74.96017,SO2,5.0
"Rajbagh, Srinagar - JKPCC",Srinagar,Jammu and Kashmir,2026-07-16 05:00:00,34.066206,74.81982,CO,15.0
"Rajbagh, Srinagar - JKPCC",Srinagar,Jammu and Kashmir,2026-07-16 05:00:00,34.066206,74.81982,NH3,9.0
"Rajbagh, Srinagar - JKPCC",Srinagar,Jammu and Kashmir,2026-07-16 05:00:00,34.066206,74.81982,NO2,19.0
"Rajbagh, Srinagar - JKPCC",Srinagar,Jammu and Kashmir,2026-07-16 05:00:00,34.066206,74.81982,O3,1.0
"Rajbagh, Srinagar - JKPCC",Srinagar,Jammu and Kashmir,2026-07-16 05:00:00,34.066206,74.81982,PM10,45.0
"Rajbagh, Srinagar - JKPCC",Srinagar,Jammu and Kashmir,2026-07-16 05:00:00,34.066206,74.81982,PM2.5,28.0
"Rajbagh, Srinagar - JKPCC",Srinagar,Jammu and Kashmir,2026-07-16 05:00:00,34.066206,74.81982,SO2,3.0
"Sardar Patel Nagar, Dhanbad - JSPCB",Dhanbad,Jharkhand,2026-07-16 05:00:00,23.80569,86.44268,CO,4.0
"Sardar Patel Nagar, Dhanbad - JSPCB",Dhanbad,Jharkhand,2026-07-16 05:00:00,23.80569,86.44268,NO2,99.0
"Sardar Patel Nagar, Dhanbad - JSPCB",Dhanbad,Jharkhand,2026-07-16 05:00:00,23.80569,86.44268,O3,26.0
"Sardar Patel Nagar, Dhanbad - JSPCB",Dhanbad,Jharkhand,2026-07-16 05:00:00,23.80569,86.44268,PM10,54.0
"Tata Stadium, Jorapokhar - JSPCB",Jorapokhar,Jharkhand,2026-07-16 05:00:00,23.707909,86.41467,CO,39.0
"Tata Stadium, Jorapokhar - JSPCB",Jorapokhar,Jharkhand,2026-07-16 05:00:00,23.707909,86.41467,NH3,3.0
"Tata Stadium, Jorapokhar - JSPCB",Jorapokhar,Jharkhand,2026-07-16 05:00:00,23.707909,86.41467,NO2,8.0
"Tata Stadium, Jorapokhar - JSPCB",Jorapokhar,Jharkhand,2026-07-16 05:00:00,23.707909,86.41467,O3,3.0
"Tata Stadium, Jorapokhar - JSPCB",Jorapokhar,Jharkhand,2026-07-16 05:00:00,23.707909,86.41467,PM10,100.0
"Tata Stadium, Jorapokhar - JSPCB",Jorapokhar,Jharkhand,2026-07-16 05:00:00,23.707909,86.41467,PM2.5,47.0
"Tata Stadium, Jorapokhar - JSPCB",Jorapokhar,Jharkhand,2026-07-16 05:00:00,23.707909,86.41467,SO2,4.0
"Vidayagiri, Bagalkot - KSPCB",Bagalkot,Karnataka,2026-07-16 05:00:00,16.172806,75.659694,CO,24.0
"Vidayagiri, Bagalkot - KSPCB",Bagalkot,Karnataka,2026-07-16 05:00:00,16.172806,75.659694,NH3,1.0
"Vidayagiri, Bagalkot - KSPCB",Bagalkot,Karnataka,2026-07-16 05:00:00,16.172806,75.659694,NO2,10.0
"Vidayagiri, Bagalkot - KSPCB",Bagalkot,Karnataka,2026-07-16 05:00:00,16.172806,75.659694,O3,18.0
"Vidayagiri, Bagalkot - KSPCB",Bagalkot,Karnataka,2026-07-16 05:00:00,16.172806,75.659694,PM10,51.0
"Vidayagiri, Bagalkot - KSPCB",Bagalkot,Karnataka,2026-07-16 05:00:00,16.172806,75.659694,PM2.5,32.0
"Vidayagiri, Bagalkot - KSPCB",Bagalkot,Karnataka,2026-07-16 05:00:00,16.172806,75.659694,SO2,10.0
"BTM Layout, Bengaluru - CPCB",Bengaluru,Karnataka,2026-07-16 05:00:00,12.9135218,77.5950804,NH3,4.0
"BTM Layout, Bengaluru - CPCB",Bengaluru,Karnataka,2026-07-16 05:00:00,12.9135218,77.5950804,NO2,24.0
"BTM Layout, Bengaluru - CPCB",Bengaluru,Karnataka,2026-07-16 05:00:00,12.9135218,77.5950804,O3,25.0
"BTM Layout, Bengaluru - CPCB",Bengaluru,Karnataka,2026-07-16 05:00:00,12.9135218,77.5950804,PM10,59.0
"BTM Layout, Bengaluru - CPCB",Bengaluru,Karnataka,2026-07-16 05:00:00,12.9135218,77.5950804,PM2.5,30.0
"BTM Layout, Bengaluru - CPCB",Bengaluru,Karnataka,2026-07-16 05:00:00,12.9135218,77.5950804,SO2,19.0
"BWSSB Kadabesanahalli, Bengaluru - CPCB",Bengaluru,Karnataka,2026-07-16 05:00:00,12.9352049,77.6814488,CO,37.0
"BWSSB Kadabesanahalli, Bengaluru - CPCB",Bengaluru,Karnataka,2026-07-16 05:00:00,12.9352049,77.6814488,NH3,1.0
"BWSSB Kadabesanahalli, Bengaluru - CPCB",Bengaluru,Karnataka,2026-07-16 05:00:00,12.9352049,77.6814488,NO2,3.0
"BWSSB Kadabesanahalli, Bengaluru - CPCB",Bengaluru,Karnataka,2026-07-16 05:00:00,12.9352049,77.6814488,O3,22.0
"BWSSB Kadabesanahalli, Bengaluru - CPCB",Bengaluru,Karnataka,2026-07-16 05:00:00,12.9352049,77.6814488,PM10,54.0
"BWSSB Kadabesanahalli, Bengaluru - CPCB",Bengaluru,Karnataka,2026-07-16 05:00:00,12.9352049,77.6814488,PM2.5,60.0
"BWSSB Kadabesanahalli, Bengaluru - CPCB",Bengaluru,Karnataka,2026-07-16 05:00:00,12.9352049,77.6814488,SO2,4.0
"Bapuji Nagar, Bengaluru - KSPCB",Bengaluru,Karnataka,2026-07-16 05:00:00,12.951913,77.539784,NH3,3.0
"Bapuji Nagar, Bengaluru - KSPCB",Bengaluru,Karnataka,2026-07-16 05:00:00,12.951913,77.539784,NO2,26.0
"Bapuji Nagar, Bengaluru - KSPCB",Bengaluru,Karnataka,2026-07-16 05:00:00,12.951913,77.539784,O3,34.0
"Bapuji Nagar, Bengaluru - KSPCB",Bengaluru,Karnataka,2026-07-16 05:00:00,12.951913,77.539784,PM10,52.0
"Bapuji Nagar, Bengaluru - KSPCB",Bengaluru,Karnataka,2026-07-16 05:00:00,12.951913,77.539784,PM2.5,32.0
"Bapuji Nagar, Bengaluru - KSPCB",Bengaluru,Karnataka,2026-07-16 05:00:00,12.951913,77.539784,SO2,29.0
"City Railway Station, Bengaluru - KSPCB",Bengaluru,Karnataka,2026-07-16 05:00:00,12.9756843,77.5660749,CO,53.0
"City Railway Station, Bengaluru - KSPCB",Bengaluru,Karnataka,2026-07-16 05:00:00,12.9756843,77.5660749,NO2,34.0
"City Railway Station, Bengaluru - KSPCB",Bengaluru,Karnataka,2026-07-16 05:00:00,12.9756843,77.5660749,PM10,115.0
"City Railway Station, Bengaluru - KSPCB",Bengaluru,Karnataka,2026-07-16 05:00:00,12.9756843,77.5660749,SO2,10.0
"Hebbal, Bengaluru - KSPCB",Bengaluru,Karnataka,2026-07-16 05:00:00,13.029152,77.585901,CO,16.0
"Hebbal, Bengaluru - KSPCB",Bengaluru,Karnataka,2026-07-16 05:00:00,13.029152,77.585901,NH3,2.0
"Hebbal, Bengaluru - KSPCB",Bengaluru,Karnataka,2026-07-16 05:00:00,13.029152,77.585901,NO2,18.0
"Hebbal, Bengaluru - KSPCB",Bengaluru,Karnataka,2026-07-16 05:00:00,13.029152,77.585901,O3,3.0
"Hebbal, Bengaluru - KSPCB",Bengaluru,Karnataka,2026-07-16 05:00:00,13.029152,77.585901,PM10,49.0
"Hebbal, Bengaluru - KSPCB",Bengaluru,Karnataka,2026-07-16 05:00:00,13.029152,77.585901,SO2,11.0
"Hombegowda Nagar, Bengaluru - KSPCB",Bengaluru,Karnataka,2026-07-16 05:00:00,12.938539,77.5901,CO,8.0
"Hombegowda Nagar, Bengaluru - KSPCB",Bengaluru,Karnataka,2026-07-16 05:00:00,12.938539,77.5901,NH3,1.0
"Hombegowda Nagar, Bengaluru - KSPCB",Bengaluru,Karnataka,2026-07-16 05:00:00,12.938539,77.5901,NO2,18.0
"Hombegowda Nagar, Bengaluru - KSPCB",Bengaluru,Karnataka,2026-07-16 05:00:00,12.938539,77.5901,O3,20.0
"Hombegowda Nagar, Bengaluru - KSPCB",Bengaluru,Karnataka,2026-07-16 05:00:00,12.938539,77.5901,PM10,60.0
"Hombegowda Nagar, Bengaluru - KSPCB",Bengaluru,Karnataka,2026-07-16 05:00:00,12.938539,77.5901,PM2.5,36.0
"Hombegowda Nagar, Bengaluru - KSPCB",Bengaluru,Karnataka,2026-07-16 05:00:00,12.938539,77.5901,SO2,5.0
"Jayanagar 5th Block, Bengaluru - KSPCB",Bengaluru,Karnataka,2026-07-16 05:00:00,12.920984,77.584908,CO,9.0
"Jayanagar 5th Block, Bengaluru - KSPCB",Bengaluru,Karnataka,2026-07-16 05:00:00,12.920984,77.584908,NH3,1.0
"Jayanagar 5th Block, Bengaluru - KSPCB",Bengaluru,Karnataka,2026-07-16 05:00:00,12.920984,77.584908,NO2,8.0
"Jayanagar 5th Block, Bengaluru - KSPCB",Bengaluru,Karnataka,2026-07-16 05:00:00,12.920984,77.584908,O3,49.0
"Jayanagar 5th Block, Bengaluru - KSPCB",Bengaluru,Karnataka,2026-07-16 05:00:00,12.920984,77.584908,PM10,70.0
"Jayanagar 5th Block, Bengaluru - KSPCB",Bengaluru,Karnataka,2026-07-16 05:00:00,12.920984,77.584908,PM2.5,39.0
"Jayanagar 5th Block, Bengaluru - KSPCB",Bengaluru,Karnataka,2026-07-16 05:00:00,12.920984,77.584908,SO2,15.0
"Jigani, Bengaluru - KSPCB",Bengaluru,Karnataka,2026-07-16 05:00:00,12.7816279,77.6299145,CO,39.0
"Jigani, Bengaluru - KSPCB",Bengaluru,Karnataka,2026-07-16 05:00:00,12.7816279,77.6299145,NH3,4.0
"Jigani, Bengaluru - KSPCB",Bengaluru,Karnataka,2026-07-16 05:00:00,12.7816279,77.6299145,NO2,24.0
"Jigani, Bengaluru - KSPCB",Bengaluru,Karnataka,2026-07-16 05:00:00,12.7816279,77.6299145,O3,29.0
"Jigani, Bengaluru - KSPCB",Bengaluru,Karnataka,2026-07-16 05:00:00,12.7816279,77.6299145,PM10,57.0
"Jigani, Bengaluru - KSPCB",Bengaluru,Karnataka,2026-07-16 05:00:00,12.7816279,77.6299145,PM2.5,41.0
"Jigani, Bengaluru - KSPCB",Bengaluru,Karnataka,2026-07-16 05:00:00,12.7816279,77.6299145,SO2,18.0
"Sanegurava Halli, Bengaluru - KSPCB",Bengaluru,Karnataka,2026-07-16 05:00:00,12.990328,77.5431385,CO,21.0
"Sanegurava Halli, Bengaluru - KSPCB",Bengaluru,Karnataka,2026-07-16 05:00:00,12.990328,77.5431385,NO2,18.0
"Sanegurava Halli, Bengaluru - KSPCB",Bengaluru,Karnataka,2026-07-16 05:00:00,12.990328,77.5431385,PM10,54.0
"Sanegurava Halli, Bengaluru - KSPCB",Bengaluru,Karnataka,2026-07-16 05:00:00,12.990328,77.5431385,SO2,6.0
"Silk Board, Bengaluru - KSPCB",Bengaluru,Karnataka,2026-07-16 05:00:00,12.917348,77.622813,NH3,4.0
"Silk Board, Bengaluru - KSPCB",Bengaluru,Karnataka,2026-07-16 05:00:00,12.917348,77.622813,NO2,12.0
"Silk Board, Bengaluru - KSPCB",Bengaluru,Karnataka,2026-07-16 05:00:00,12.917348,77.622813,O3,22.0
"Silk Board, Bengaluru - KSPCB",Bengaluru,Karnataka,2026-07-16 05:00:00,12.917348,77.622813,PM10,99.0
"Silk Board, Bengaluru - KSPCB",Bengaluru,Karnataka,2026-07-16 05:00:00,12.917348,77.622813,PM2.5,48.0
"Silk Board, Bengaluru - KSPCB",Bengaluru,Karnataka,2026-07-16 05:00:00,12.917348,77.622813,SO2,4.0
"Urban, Chamarajanagar - KSPCB",Chamarajanagar,Karnataka,2026-07-16 05:00:00,11.55358,76.55521,CO,22.0
"Urban, Chamarajanagar - KSPCB",Chamarajanagar,Karnataka,2026-07-16 05:00:00,11.55358,76.55521,NH3,2.0
"Urban, Chamarajanagar - KSPCB",Chamarajanagar,Karnataka,2026-07-16 05:00:00,11.55358,76.55521,NO2,25.0
"Urban, Chamarajanagar - KSPCB",Chamarajanagar,Karnataka,2026-07-16 05:00:00,11.55358,76.55521,O3,25.0
"Urban, Chamarajanagar - KSPCB",Chamarajanagar,Karnataka,2026-07-16 05:00:00,11.55358,76.55521,PM10,42.0
"Urban, Chamarajanagar - KSPCB",Chamarajanagar,Karnataka,2026-07-16 05:00:00,11.55358,76.55521,PM2.5,29.0
"Urban, Chamarajanagar - KSPCB",Chamarajanagar,Karnataka,2026-07-16 05:00:00,11.55358,76.55521,SO2,4.0
"Chikkaballapur Rural, Chikkaballapur - KSPCB",Chikkaballapur,Karnataka,2026-07-16 05:00:00,13.428828,77.731418,CO,25.0
"Chikkaballapur Rural, Chikkaballapur - KSPCB",Chikkaballapur,Karnataka,2026-07-16 05:00:00,13.428828,77.731418,NH3,1.0
"Chikkaballapur Rural, Chikkaballapur - KSPCB",Chikkaballapur,Karnataka,2026-07-16 05:00:00,13.428828,77.731418,NO2,3.0
"Chikkaballapur Rural, Chikkaballapur - KSPCB",Chikkaballapur,Karnataka,2026-07-16 05:00:00,13.428828,77.731418,O3,50.0
"Chikkaballapur Rural, Chikkaballapur - KSPCB",Chikkaballapur,Karnataka,2026-07-16 05:00:00,13.428828,77.731418,PM10,68.0
"Chikkaballapur Rural, Chikkaballapur - KSPCB",Chikkaballapur,Karnataka,2026-07-16 05:00:00,13.428828,77.731418,PM2.5,19.0
"Chikkaballapur Rural, Chikkaballapur - KSPCB",Chikkaballapur,Karnataka,2026-07-16 05:00:00,13.428828,77.731418,SO2,11.0
"Kalyana Nagara, Chikkamagaluru - KSPCB",Chikkamagaluru,Karnataka,2026-07-16 05:00:00,13.328028,75.797056,CO,15.0
"Kalyana Nagara, Chikkamagaluru - KSPCB",Chikkamagaluru,Karnataka,2026-07-16 05:00:00,13.328028,75.797056,NH3,3.0
"Kalyana Nagara, Chikkamagaluru - KSPCB",Chikkamagaluru,Karnataka,2026-07-16 05:00:00,13.328028,75.797056,NO2,25.0
"Kalyana Nagara, Chikkamagaluru - KSPCB",Chikkamagaluru,Karnataka,2026-07-16 05:00:00,13.328028,75.797056,O3,41.0
"Kalyana Nagara, Chikkamagaluru - KSPCB",Chikkamagaluru,Karnataka,2026-07-16 05:00:00,13.328028,75.797056,PM10,41.0
"Kalyana Nagara, Chikkamagaluru - KSPCB",Chikkamagaluru,Karnataka,2026-07-16 05:00:00,13.328028,75.797056,PM2.5,32.0
"Kalyana Nagara, Chikkamagaluru - KSPCB",Chikkamagaluru,Karnataka,2026-07-16 05:00:00,13.328028,75.797056,SO2,1.0
"Kalabhavan, Dharwad - KSPCB",Dharwad,Karnataka,2026-07-16 05:00:00,15.459706,75.008381,CO,39.0
"Kalabhavan, Dharwad - KSPCB",Dharwad,Karnataka,2026-07-16 05:00:00,15.459706,75.008381,NH3,6.0
"Kalabhavan, Dharwad - KSPCB",Dharwad,Karnataka,2026-07-16 05:00:00,15.459706,75.008381,NO2,23.0
"Kalabhavan, Dharwad - KSPCB",Dharwad,Karnataka,2026-07-16 05:00:00,15.459706,75.008381,O3,40.0
"Kalabhavan, Dharwad - KSPCB",Dharwad,Karnataka,2026-07-16 05:00:00,15.459706,75.008381,PM10,83.0
"Kalabhavan, Dharwad - KSPCB",Dharwad,Karnataka,2026-07-16 05:00:00,15.459706,75.008381,PM2.5,62.0
"Kalabhavan, Dharwad - KSPCB",Dharwad,Karnataka,2026-07-16 05:00:00,15.459706,75.008381,SO2,7.0
"Panchal Nagar, Gadag - KSPCB",Gadag,Karnataka,2026-07-16 05:00:00,15.411456,75.638133,CO,13.0
"Panchal Nagar, Gadag - KSPCB",Gadag,Karnataka,2026-07-16 05:00:00,15.411456,75.638133,NH3,4.0
"Panchal Nagar, Gadag - KSPCB",Gadag,Karnataka,2026-07-16 05:00:00,15.411456,75.638133,NO2,0.0
"Panchal Nagar, Gadag - KSPCB",Gadag,Karnataka,2026-07-16 05:00:00,15.411456,75.638133,O3,17.0
"Panchal Nagar, Gadag - KSPCB",Gadag,Karnataka,2026-07-16 05:00:00,15.411456,75.638133,PM10,30.0
"Panchal Nagar, Gadag - KSPCB",Gadag,Karnataka,2026-07-16 05:00:00,15.411456,75.638133,PM2.5,20.0
"Panchal Nagar, Gadag - KSPCB",Gadag,Karnataka,2026-07-16 05:00:00,15.411456,75.638133,SO2,24.0
"Lingaraj Nagar, Hubballi - KSPCB",Hubballi,Karnataka,2026-07-16 05:00:00,15.3714823,75.1160168,CO,14.0
"Lingaraj Nagar, Hubballi - KSPCB",Hubballi,Karnataka,2026-07-16 05:00:00,15.3714823,75.1160168,NH3,2.0
"Lingaraj Nagar, Hubballi - KSPCB",Hubballi,Karnataka,2026-07-16 05:00:00,15.3714823,75.1160168,NO2,11.0
"Lingaraj Nagar, Hubballi - KSPCB",Hubballi,Karnataka,2026-07-16 05:00:00,15.3714823,75.1160168,O3,26.0
"Lingaraj Nagar, Hubballi - KSPCB",Hubballi,Karnataka,2026-07-16 05:00:00,15.3714823,75.1160168,PM10,66.0
"Lingaraj Nagar, Hubballi - KSPCB",Hubballi,Karnataka,2026-07-16 05:00:00,15.3714823,75.1160168,PM2.5,46.0
"Lingaraj Nagar, Hubballi - KSPCB",Hubballi,Karnataka,2026-07-16 05:00:00,15.3714823,75.1160168,SO2,2.0
"Mahatma Basaveswar Colony, Kalaburgi - KSPCB",Kalaburagi,Karnataka,2026-07-16 05:00:00,17.336318,76.847397,CO,31.0
"Mahatma Basaveswar Colony, Kalaburgi - KSPCB",Kalaburagi,Karnataka,2026-07-16 05:00:00,17.336318,76.847397,NH3,3.0
"Mahatma Basaveswar Colony, Kalaburgi - KSPCB",Kalaburagi,Karnataka,2026-07-16 05:00:00,17.336318,76.847397,NO2,15.0
"Mahatma Basaveswar Colony, Kalaburgi - KSPCB",Kalaburagi,Karnataka,2026-07-16 05:00:00,17.336318,76.847397,O3,14.0
"Mahatma Basaveswar Colony, Kalaburgi - KSPCB",Kalaburagi,Karnataka,2026-07-16 05:00:00,17.336318,76.847397,PM10,31.0
"Mahatma Basaveswar Colony, Kalaburgi - KSPCB",Kalaburagi,Karnataka,2026-07-16 05:00:00,17.336318,76.847397,PM2.5,23.0
"Mahatma Basaveswar Colony, Kalaburgi - KSPCB",Kalaburagi,Karnataka,2026-07-16 05:00:00,17.336318,76.847397,SO2,4.0
"KHB Colony, Karwar - KSPCB",Karwar,Karnataka,2026-07-16 05:00:00,14.816666,74.141003,CO,28.0
"KHB Colony, Karwar - KSPCB",Karwar,Karnataka,2026-07-16 05:00:00,14.816666,74.141003,NH3,4.0
"KHB Colony, Karwar - KSPCB",Karwar,Karnataka,2026-07-16 05:00:00,14.816666,74.141003,NO2,24.0
"KHB Colony, Karwar - KSPCB",Karwar,Karnataka,2026-07-16 05:00:00,14.816666,74.141003,O3,17.0
"KHB Colony, Karwar - KSPCB",Karwar,Karnataka,2026-07-16 05:00:00,14.816666,74.141003,PM10,39.0
"KHB Colony, Karwar - KSPCB",Karwar,Karnataka,2026-07-16 05:00:00,14.816666,74.141003,PM2.5,34.0
"KHB Colony, Karwar - KSPCB",Karwar,Karnataka,2026-07-16 05:00:00,14.816666,74.141003,SO2,17.0
"Diwator Nagar, Koppal - KSPCB",Koppal,Karnataka,2026-07-16 05:00:00,15.34763,76.181767,CO,21.0
"Diwator Nagar, Koppal - KSPCB",Koppal,Karnataka,2026-07-16 05:00:00,15.34763,76.181767,NH3,8.0
"Diwator Nagar, Koppal - KSPCB",Koppal,Karnataka,2026-07-16 05:00:00,15.34763,76.181767,NO2,30.0
"Diwator Nagar, Koppal - KSPCB",Koppal,Karnataka,2026-07-16 05:00:00,15.34763,76.181767,O3,6.0
"Diwator Nagar, Koppal - KSPCB",Koppal,Karnataka,2026-07-16 05:00:00,15.34763,76.181767,PM10,31.0
"Diwator Nagar, Koppal - KSPCB",Koppal,Karnataka,2026-07-16 05:00:00,15.34763,76.181767,SO2,15.0
"Stuart Hill, Madikeri - KSPCB",Madikeri,Karnataka,2026-07-16 05:00:00,12.415911,75.73505,CO,13.0
"Stuart Hill, Madikeri - KSPCB",Madikeri,Karnataka,2026-07-16 05:00:00,12.415911,75.73505,NH3,1.0
"Stuart Hill, Madikeri - KSPCB",Madikeri,Karnataka,2026-07-16 05:00:00,12.415911,75.73505,NO2,2.0
"Stuart Hill, Madikeri - KSPCB",Madikeri,Karnataka,2026-07-16 05:00:00,12.415911,75.73505,O3,3.0
"Stuart Hill, Madikeri - KSPCB",Madikeri,Karnataka,2026-07-16 05:00:00,12.415911,75.73505,PM10,30.0
"Stuart Hill, Madikeri - KSPCB",Madikeri,Karnataka,2026-07-16 05:00:00,12.415911,75.73505,PM2.5,22.0
"Stuart Hill, Madikeri - KSPCB",Madikeri,Karnataka,2026-07-16 05:00:00,12.415911,75.73505,SO2,7.0
"Kadri, Mangalore - KSPCB",Mangalore,Karnataka,2026-07-16 05:00:00,12.88925,74.853,NH3,1.0
"Kadri, Mangalore - KSPCB",Mangalore,Karnataka,2026-07-16 05:00:00,12.88925,74.853,NO2,3.0
"Kadri, Mangalore - KSPCB",Mangalore,Karnataka,2026-07-16 05:00:00,12.88925,74.853,O3,37.0
"Kadri, Mangalore - KSPCB",Mangalore,Karnataka,2026-07-16 05:00:00,12.88925,74.853,PM10,62.0
"Kadri, Mangalore - KSPCB",Mangalore,Karnataka,2026-07-16 05:00:00,12.88925,74.853,PM2.5,50.0
"Hebbal 1st Stage, Mysuru - KSPCB",Mysuru,Karnataka,2026-07-16 05:00:00,12.21041,76.37376,NH3,4.0
"Hebbal 1st Stage, Mysuru - KSPCB",Mysuru,Karnataka,2026-07-16 05:00:00,12.21041,76.37376,NO2,18.0
"Hebbal 1st Stage, Mysuru - KSPCB",Mysuru,Karnataka,2026-07-16 05:00:00,12.21041,76.37376,O3,10.0
"Hebbal 1st Stage, Mysuru - KSPCB",Mysuru,Karnataka,2026-07-16 05:00:00,12.21041,76.37376,PM10,64.0
"Hebbal 1st Stage, Mysuru - KSPCB",Mysuru,Karnataka,2026-07-16 05:00:00,12.21041,76.37376,PM2.5,27.0
"Vijay Nagar, Ramanagara - KSPCB",Ramanagara,Karnataka,2026-07-16 05:00:00,12.733409,77.298051,CO,23.0
"Vijay Nagar, Ramanagara - KSPCB",Ramanagara,Karnataka,2026-07-16 05:00:00,12.733409,77.298051,O3,21.0
"Vijay Nagar, Ramanagara - KSPCB",Ramanagara,Karnataka,2026-07-16 05:00:00,12.733409,77.298051,PM10,51.0
"Vijay Nagar, Ramanagara - KSPCB",Ramanagara,Karnataka,2026-07-16 05:00:00,12.733409,77.298051,PM2.5,38.0
"Vijay Nagar, Ramanagara - KSPCB",Ramanagara,Karnataka,2026-07-16 05:00:00,12.733409,77.298051,SO2,17.0
"Vinoba Nagara, Shivamogga - KSPCB",Shivamogga,Karnataka,2026-07-16 05:00:00,13.94,75.555917,CO,28.0
"Vinoba Nagara, Shivamogga - KSPCB",Shivamogga,Karnataka,2026-07-16 05:00:00,13.94,75.555917,NH3,3.0
"Vinoba Nagara, Shivamogga - KSPCB",Shivamogga,Karnataka,2026-07-16 05:00:00,13.94,75.555917,NO2,24.0
"Vinoba Nagara, Shivamogga - KSPCB",Shivamogga,Karnataka,2026-07-16 05:00:00,13.94,75.555917,O3,47.0
"Vinoba Nagara, Shivamogga - KSPCB",Shivamogga,Karnataka,2026-07-16 05:00:00,13.94,75.555917,PM10,50.0
"Vinoba Nagara, Shivamogga - KSPCB",Shivamogga,Karnataka,2026-07-16 05:00:00,13.94,75.555917,PM2.5,38.0
"Vinoba Nagara, Shivamogga - KSPCB",Shivamogga,Karnataka,2026-07-16 05:00:00,13.94,75.555917,SO2,5.0
"Ibrahimpur, Vijayapura - KSPCB",Vijayapura,Karnataka,2026-07-16 05:00:00,16.802639,75.722694,CO,22.0
"Ibrahimpur, Vijayapura - KSPCB",Vijayapura,Karnataka,2026-07-16 05:00:00,16.802639,75.722694,NH3,4.0
"Ibrahimpur, Vijayapura - KSPCB",Vijayapura,Karnataka,2026-07-16 05:00:00,16.802639,75.722694,NO2,12.0
"Ibrahimpur, Vijayapura - KSPCB",Vijayapura,Karnataka,2026-07-16 05:00:00,16.802639,75.722694,O3,16.0
"Ibrahimpur, Vijayapura - KSPCB",Vijayapura,Karnataka,2026-07-16 05:00:00,16.802639,75.722694,PM10,43.0
"Ibrahimpur, Vijayapura - KSPCB",Vijayapura,Karnataka,2026-07-16 05:00:00,16.802639,75.722694,PM2.5,27.0
"Ibrahimpur, Vijayapura - KSPCB",Vijayapura,Karnataka,2026-07-16 05:00:00,16.802639,75.722694,SO2,3.0
"Collector Office, Yadgir - KSPCB",Yadgir,Karnataka,2026-07-16 05:00:00,16.7602,77.1428,CO,11.0
"Collector Office, Yadgir - KSPCB",Yadgir,Karnataka,2026-07-16 05:00:00,16.7602,77.1428,NH3,0.0
"Collector Office, Yadgir - KSPCB",Yadgir,Karnataka,2026-07-16 05:00:00,16.7602,77.1428,NO2,18.0
"Collector Office, Yadgir - KSPCB",Yadgir,Karnataka,2026-07-16 05:00:00,16.7602,77.1428,O3,24.0
"Collector Office, Yadgir - KSPCB",Yadgir,Karnataka,2026-07-16 05:00:00,16.7602,77.1428,PM10,48.0
"Collector Office, Yadgir - KSPCB",Yadgir,Karnataka,2026-07-16 05:00:00,16.7602,77.1428,PM2.5,12.0
"Collector Office, Yadgir - KSPCB",Yadgir,Karnataka,2026-07-16 05:00:00,16.7602,77.1428,SO2,15.0
"Kariavattom, Thiruvananthapuram - Kerala PCB",Thiruvananthapuram,Kerala,2026-07-16 05:00:00,8.5637,76.8865,CO,22.0
"Kariavattom, Thiruvananthapuram - Kerala PCB",Thiruvananthapuram,Kerala,2026-07-16 05:00:00,8.5637,76.8865,O3,30.0
"Corporation Ground, Thrissur - Kerala PCB",Thrissur,Kerala,2026-07-16 05:00:00,10.5324,76.2159,CO,22.0
"Corporation Ground, Thrissur - Kerala PCB",Thrissur,Kerala,2026-07-16 05:00:00,10.5324,76.2159,NH3,0.0
"Corporation Ground, Thrissur - Kerala PCB",Thrissur,Kerala,2026-07-16 05:00:00,10.5324,76.2159,NO2,8.0
"Corporation Ground, Thrissur - Kerala PCB",Thrissur,Kerala,2026-07-16 05:00:00,10.5324,76.2159,O3,29.0
"Corporation Ground, Thrissur - Kerala PCB",Thrissur,Kerala,2026-07-16 05:00:00,10.5324,76.2159,PM10,59.0
"Corporation Ground, Thrissur - Kerala PCB",Thrissur,Kerala,2026-07-16 05:00:00,10.5324,76.2159,PM2.5,47.0
"Corporation Ground, Thrissur - Kerala PCB",Thrissur,Kerala,2026-07-16 05:00:00,10.5324,76.2159,SO2,0.0
"Idgah Hills, Bhopal - MPPCB",Bhopal,Madhya Pradesh,2026-07-16 05:00:00,23.264759,77.381568,CO,19.0
"Idgah Hills, Bhopal - MPPCB",Bhopal,Madhya Pradesh,2026-07-16 05:00:00,23.264759,77.381568,NH3,2.0
"Idgah Hills, Bhopal - MPPCB",Bhopal,Madhya Pradesh,2026-07-16 05:00:00,23.264759,77.381568,NO2,27.0
"Idgah Hills, Bhopal - MPPCB",Bhopal,Madhya Pradesh,2026-07-16 05:00:00,23.264759,77.381568,O3,15.0
"Idgah Hills, Bhopal - MPPCB",Bhopal,Madhya Pradesh,2026-07-16 05:00:00,23.264759,77.381568,PM10,114.0
"Idgah Hills, Bhopal - MPPCB",Bhopal,Madhya Pradesh,2026-07-16 05:00:00,23.264759,77.381568,PM2.5,48.0
"Idgah Hills, Bhopal - MPPCB",Bhopal,Madhya Pradesh,2026-07-16 05:00:00,23.264759,77.381568,SO2,6.0
"Paryavaran Parisar, Bhopal - MPPCB",Bhopal,Madhya Pradesh,2026-07-16 05:00:00,23.210494,77.425409,CO,15.0
"Paryavaran Parisar, Bhopal - MPPCB",Bhopal,Madhya Pradesh,2026-07-16 05:00:00,23.210494,77.425409,NH3,5.0
"Paryavaran Parisar, Bhopal - MPPCB",Bhopal,Madhya Pradesh,2026-07-16 05:00:00,23.210494,77.425409,NO2,16.0
"Paryavaran Parisar, Bhopal - MPPCB",Bhopal,Madhya Pradesh,2026-07-16 05:00:00,23.210494,77.425409,O3,22.0
"Paryavaran Parisar, Bhopal - MPPCB",Bhopal,Madhya Pradesh,2026-07-16 05:00:00,23.210494,77.425409,PM10,78.0
"Paryavaran Parisar, Bhopal - MPPCB",Bhopal,Madhya Pradesh,2026-07-16 05:00:00,23.210494,77.425409,PM2.5,33.0
"Paryavaran Parisar, Bhopal - MPPCB",Bhopal,Madhya Pradesh,2026-07-16 05:00:00,23.210494,77.425409,SO2,6.0
"T T Nagar, Bhopal - MPPCB",Bhopal,Madhya Pradesh,2026-07-16 05:00:00,23.233584,77.400574,NH3,6.0
"T T Nagar, Bhopal - MPPCB",Bhopal,Madhya Pradesh,2026-07-16 05:00:00,23.233584,77.400574,NO2,22.0
"T T Nagar, Bhopal - MPPCB",Bhopal,Madhya Pradesh,2026-07-16 05:00:00,23.233584,77.400574,O3,30.0
"T T Nagar, Bhopal - MPPCB",Bhopal,Madhya Pradesh,2026-07-16 05:00:00,23.233584,77.400574,PM10,91.0
"T T Nagar, Bhopal - MPPCB",Bhopal,Madhya Pradesh,2026-07-16 05:00:00,23.233584,77.400574,PM2.5,43.0
"Shrivastav Colony, Damoh - MPPCB",Damoh,Madhya Pradesh,2026-07-16 05:00:00,23.81748678,79.446246,CO,21.0
"Shrivastav Colony, Damoh - MPPCB",Damoh,Madhya Pradesh,2026-07-16 05:00:00,23.81748678,79.446246,PM10,50.0
"Shrivastav Colony, Damoh - MPPCB",Damoh,Madhya Pradesh,2026-07-16 05:00:00,23.81748678,79.446246,PM2.5,36.0
"Shrivastav Colony, Damoh - MPPCB",Damoh,Madhya Pradesh,2026-07-16 05:00:00,23.81748678,79.446246,SO2,51.0
"Bhopal Chauraha, Dewas - MPPCB",Dewas,Madhya Pradesh,2026-07-16 05:00:00,22.9682591,76.064118,NO2,89.0
"Bhopal Chauraha, Dewas - MPPCB",Dewas,Madhya Pradesh,2026-07-16 05:00:00,22.9682591,76.064118,O3,14.0
"Bhopal Chauraha, Dewas - MPPCB",Dewas,Madhya Pradesh,2026-07-16 05:00:00,22.9682591,76.064118,PM10,79.0
"Bhopal Chauraha, Dewas - MPPCB",Dewas,Madhya Pradesh,2026-07-16 05:00:00,22.9682591,76.064118,PM2.5,32.0
"Bhopal Chauraha, Dewas - MPPCB",Dewas,Madhya Pradesh,2026-07-16 05:00:00,22.9682591,76.064118,SO2,22.0
"City Center, Gwalior - MPPCB",Gwalior,Madhya Pradesh,2026-07-16 05:00:00,26.203442,78.193251,CO,24.0
"City Center, Gwalior - MPPCB",Gwalior,Madhya Pradesh,2026-07-16 05:00:00,26.203442,78.193251,NH3,1.0
"City Center, Gwalior - MPPCB",Gwalior,Madhya Pradesh,2026-07-16 05:00:00,26.203442,78.193251,NO2,29.0
"City Center, Gwalior - MPPCB",Gwalior,Madhya Pradesh,2026-07-16 05:00:00,26.203442,78.193251,O3,50.0
"City Center, Gwalior - MPPCB",Gwalior,Madhya Pradesh,2026-07-16 05:00:00,26.203442,78.193251,PM10,66.0
"City Center, Gwalior - MPPCB",Gwalior,Madhya Pradesh,2026-07-16 05:00:00,26.203442,78.193251,PM2.5,58.0
"City Center, Gwalior - MPPCB",Gwalior,Madhya Pradesh,2026-07-16 05:00:00,26.203442,78.193251,SO2,24.0
"Deen Dayal Nagar, Gwalior - MPPCB",Gwalior,Madhya Pradesh,2026-07-16 05:00:00,26.259242,78.216432,CO,38.0
"Deen Dayal Nagar, Gwalior - MPPCB",Gwalior,Madhya Pradesh,2026-07-16 05:00:00,26.259242,78.216432,NH3,6.0
"Deen Dayal Nagar, Gwalior - MPPCB",Gwalior,Madhya Pradesh,2026-07-16 05:00:00,26.259242,78.216432,NO2,28.0
"Deen Dayal Nagar, Gwalior - MPPCB",Gwalior,Madhya Pradesh,2026-07-16 05:00:00,26.259242,78.216432,O3,12.0
"Deen Dayal Nagar, Gwalior - MPPCB",Gwalior,Madhya Pradesh,2026-07-16 05:00:00,26.259242,78.216432,PM10,85.0
"Deen Dayal Nagar, Gwalior - MPPCB",Gwalior,Madhya Pradesh,2026-07-16 05:00:00,26.259242,78.216432,PM2.5,50.0
"Maharaj Bada, Gwalior - MPPCB",Gwalior,Madhya Pradesh,2026-07-16 05:00:00,26.200388,78.147714,CO,36.0
"Maharaj Bada, Gwalior - MPPCB",Gwalior,Madhya Pradesh,2026-07-16 05:00:00,26.200388,78.147714,NH3,1.0
"Maharaj Bada, Gwalior - MPPCB",Gwalior,Madhya Pradesh,2026-07-16 05:00:00,26.200388,78.147714,NO2,25.0
"Maharaj Bada, Gwalior - MPPCB",Gwalior,Madhya Pradesh,2026-07-16 05:00:00,26.200388,78.147714,O3,32.0
"Maharaj Bada, Gwalior - MPPCB",Gwalior,Madhya Pradesh,2026-07-16 05:00:00,26.200388,78.147714,PM10,68.0
"Maharaj Bada, Gwalior - MPPCB",Gwalior,Madhya Pradesh,2026-07-16 05:00:00,26.200388,78.147714,PM2.5,71.0
"Maharaj Bada, Gwalior - MPPCB",Gwalior,Madhya Pradesh,2026-07-16 05:00:00,26.200388,78.147714,SO2,8.0
"Airport Area, Indore - IMC",Indore,Madhya Pradesh,2026-07-16 05:00:00,22.7289,75.8076,CO,40.0
"Airport Area, Indore - IMC",Indore,Madhya Pradesh,2026-07-16 05:00:00,22.7289,75.8076,NH3,0.0
"Airport Area, Indore - IMC",Indore,Madhya Pradesh,2026-07-16 05:00:00,22.7289,75.8076,NO2,45.0
"Airport Area, Indore - IMC",Indore,Madhya Pradesh,2026-07-16 05:00:00,22.7289,75.8076,O3,5.0
"Airport Area, Indore - IMC",Indore,Madhya Pradesh,2026-07-16 05:00:00,22.7289,75.8076,PM10,58.0
"Airport Area, Indore - IMC",Indore,Madhya Pradesh,2026-07-16 05:00:00,22.7289,75.8076,PM2.5,61.0
"Airport Area, Indore - IMC",Indore,Madhya Pradesh,2026-07-16 05:00:00,22.7289,75.8076,SO2,7.0
"Chhoti Gwaltoli, Indore - MPPCB",Indore,Madhya Pradesh,2026-07-16 05:00:00,22.431,75.5213,CO,21.0
"Chhoti Gwaltoli, Indore - MPPCB",Indore,Madhya Pradesh,2026-07-16 05:00:00,22.431,75.5213,NH3,4.0
"Chhoti Gwaltoli, Indore - MPPCB",Indore,Madhya Pradesh,2026-07-16 05:00:00,22.431,75.5213,NO2,54.0
"Chhoti Gwaltoli, Indore - MPPCB",Indore,Madhya Pradesh,2026-07-16 05:00:00,22.431,75.5213,O3,20.0
"Chhoti Gwaltoli, Indore - MPPCB",Indore,Madhya Pradesh,2026-07-16 05:00:00,22.431,75.5213,PM10,81.0
"Chhoti Gwaltoli, Indore - MPPCB",Indore,Madhya Pradesh,2026-07-16 05:00:00,22.431,75.5213,PM2.5,44.0
"Chhoti Gwaltoli, Indore - MPPCB",Indore,Madhya Pradesh,2026-07-16 05:00:00,22.431,75.5213,SO2,13.0
"Maguda Nagar, Indore - IMC",Indore,Madhya Pradesh,2026-07-16 05:00:00,22.7524,75.8872,CO,17.0
"Maguda Nagar, Indore - IMC",Indore,Madhya Pradesh,2026-07-16 05:00:00,22.7524,75.8872,NO2,3.0
"Maguda Nagar, Indore - IMC",Indore,Madhya Pradesh,2026-07-16 05:00:00,22.7524,75.8872,O3,12.0
"Maguda Nagar, Indore - IMC",Indore,Madhya Pradesh,2026-07-16 05:00:00,22.7524,75.8872,PM10,35.0
"Maguda Nagar, Indore - IMC",Indore,Madhya Pradesh,2026-07-16 05:00:00,22.7524,75.8872,PM2.5,23.0
"Maguda Nagar, Indore - IMC",Indore,Madhya Pradesh,2026-07-16 05:00:00,22.7524,75.8872,SO2,18.0
"Regional Park, Indore - IMC",Indore,Madhya Pradesh,2026-07-16 05:00:00,22.678,75.8559,CO,88.0
"Regional Park, Indore - IMC",Indore,Madhya Pradesh,2026-07-16 05:00:00,22.678,75.8559,O3,5.0
"Regional Park, Indore - IMC",Indore,Madhya Pradesh,2026-07-16 05:00:00,22.678,75.8559,PM2.5,38.0
"Regional Park, Indore - IMC",Indore,Madhya Pradesh,2026-07-16 05:00:00,22.678,75.8559,SO2,35.0
"Residency Area, Indore - IMC",Indore,Madhya Pradesh,2026-07-16 05:00:00,22.7084,75.8815,CO,9.0
"Residency Area, Indore - IMC",Indore,Madhya Pradesh,2026-07-16 05:00:00,22.7084,75.8815,NH3,0.0
"Residency Area, Indore - IMC",Indore,Madhya Pradesh,2026-07-16 05:00:00,22.7084,75.8815,NO2,7.0
"Residency Area, Indore - IMC",Indore,Madhya Pradesh,2026-07-16 05:00:00,22.7084,75.8815,O3,6.0
"Residency Area, Indore - IMC",Indore,Madhya Pradesh,2026-07-16 05:00:00,22.7084,75.8815,PM10,48.0
"Residency Area, Indore - IMC",Indore,Madhya Pradesh,2026-07-16 05:00:00,22.7084,75.8815,PM2.5,40.0
"Residency Area, Indore - IMC",Indore,Madhya Pradesh,2026-07-16 05:00:00,22.7084,75.8815,SO2,3.0
"Govindh Bhavan Colony, Jabalpur - JMC",Jabalpur,Madhya Pradesh,2026-07-16 05:00:00,23.163174,79.973061,CO,12.0
"Govindh Bhavan Colony, Jabalpur - JMC",Jabalpur,Madhya Pradesh,2026-07-16 05:00:00,23.163174,79.973061,NH3,3.0
"Govindh Bhavan Colony, Jabalpur - JMC",Jabalpur,Madhya Pradesh,2026-07-16 05:00:00,23.163174,79.973061,NO2,10.0
"Govindh Bhavan Colony, Jabalpur - JMC",Jabalpur,Madhya Pradesh,2026-07-16 05:00:00,23.163174,79.973061,O3,15.0
"Govindh Bhavan Colony, Jabalpur - JMC",Jabalpur,Madhya Pradesh,2026-07-16 05:00:00,23.163174,79.973061,PM10,37.0
"Govindh Bhavan Colony, Jabalpur - JMC",Jabalpur,Madhya Pradesh,2026-07-16 05:00:00,23.163174,79.973061,PM2.5,33.0
"Govindh Bhavan Colony, Jabalpur - JMC",Jabalpur,Madhya Pradesh,2026-07-16 05:00:00,23.163174,79.973061,SO2,3.0
"Gupteshwar, Jabalpur - JMC",Jabalpur,Madhya Pradesh,2026-07-16 05:00:00,23.142888,79.916147,CO,30.0
"Gupteshwar, Jabalpur - JMC",Jabalpur,Madhya Pradesh,2026-07-16 05:00:00,23.142888,79.916147,NH3,2.0
"Gupteshwar, Jabalpur - JMC",Jabalpur,Madhya Pradesh,2026-07-16 05:00:00,23.142888,79.916147,NO2,16.0
"Gupteshwar, Jabalpur - JMC",Jabalpur,Madhya Pradesh,2026-07-16 05:00:00,23.142888,79.916147,O3,11.0
"Gupteshwar, Jabalpur - JMC",Jabalpur,Madhya Pradesh,2026-07-16 05:00:00,23.142888,79.916147,PM10,78.0
"Gupteshwar, Jabalpur - JMC",Jabalpur,Madhya Pradesh,2026-07-16 05:00:00,23.142888,79.916147,PM2.5,56.0
"Gupteshwar, Jabalpur - JMC",Jabalpur,Madhya Pradesh,2026-07-16 05:00:00,23.142888,79.916147,SO2,6.0
"Marhatal, Jabalpur - MPPCB",Jabalpur,Madhya Pradesh,2026-07-16 05:00:00,23.168606,79.932247,CO,36.0
"Marhatal, Jabalpur - MPPCB",Jabalpur,Madhya Pradesh,2026-07-16 05:00:00,23.168606,79.932247,NH3,1.0
"Marhatal, Jabalpur - MPPCB",Jabalpur,Madhya Pradesh,2026-07-16 05:00:00,23.168606,79.932247,NO2,25.0
"Marhatal, Jabalpur - MPPCB",Jabalpur,Madhya Pradesh,2026-07-16 05:00:00,23.168606,79.932247,O3,32.0
"Marhatal, Jabalpur - MPPCB",Jabalpur,Madhya Pradesh,2026-07-16 05:00:00,23.168606,79.932247,PM10,76.0
"Marhatal, Jabalpur - MPPCB",Jabalpur,Madhya Pradesh,2026-07-16 05:00:00,23.168606,79.932247,PM2.5,37.0
"Marhatal, Jabalpur - MPPCB",Jabalpur,Madhya Pradesh,2026-07-16 05:00:00,23.168606,79.932247,SO2,10.0
"Suhagi, Jabalpur - JMC",Jabalpur,Madhya Pradesh,2026-07-16 05:00:00,23.218135,79.95777,CO,49.0
"Suhagi, Jabalpur - JMC",Jabalpur,Madhya Pradesh,2026-07-16 05:00:00,23.218135,79.95777,NH3,3.0
"Suhagi, Jabalpur - JMC",Jabalpur,Madhya Pradesh,2026-07-16 05:00:00,23.218135,79.95777,NO2,13.0
"Suhagi, Jabalpur - JMC",Jabalpur,Madhya Pradesh,2026-07-16 05:00:00,23.218135,79.95777,O3,31.0
"Suhagi, Jabalpur - JMC",Jabalpur,Madhya Pradesh,2026-07-16 05:00:00,23.218135,79.95777,PM10,19.0
"Suhagi, Jabalpur - JMC",Jabalpur,Madhya Pradesh,2026-07-16 05:00:00,23.218135,79.95777,PM2.5,26.0
"Suhagi, Jabalpur - JMC",Jabalpur,Madhya Pradesh,2026-07-16 05:00:00,23.218135,79.95777,SO2,6.0
"Gole Bazar, Katni - MPPCB",Katni,Madhya Pradesh,2026-07-16 05:00:00,23.50016,80.23284,CO,29.0
"Gole Bazar, Katni - MPPCB",Katni,Madhya Pradesh,2026-07-16 05:00:00,23.50016,80.23284,NH3,2.0
"Gole Bazar, Katni - MPPCB",Katni,Madhya Pradesh,2026-07-16 05:00:00,23.50016,80.23284,NO2,12.0
"Gole Bazar, Katni - MPPCB",Katni,Madhya Pradesh,2026-07-16 05:00:00,23.50016,80.23284,O3,29.0
"Gole Bazar, Katni - MPPCB",Katni,Madhya Pradesh,2026-07-16 05:00:00,23.50016,80.23284,PM10,118.0
"Gole Bazar, Katni - MPPCB",Katni,Madhya Pradesh,2026-07-16 05:00:00,23.50016,80.23284,PM2.5,56.0
"Gole Bazar, Katni - MPPCB",Katni,Madhya Pradesh,2026-07-16 05:00:00,23.50016,80.23284,SO2,46.0
"Sahilara, Maihar - KJS Cements",Maihar,Madhya Pradesh,2026-07-16 05:00:00,24.2613009,80.7231783,CO,22.0
"Sahilara, Maihar - KJS Cements",Maihar,Madhya Pradesh,2026-07-16 05:00:00,24.2613009,80.7231783,PM10,52.0
"Sahilara, Maihar - KJS Cements",Maihar,Madhya Pradesh,2026-07-16 05:00:00,24.2613009,80.7231783,SO2,15.0
"Sector-D Industrial Area, Mandideep - MPPCB",Mandideep,Madhya Pradesh,2026-07-16 05:00:00,23.10844,77.511428,CO,26.0
"Sector-D Industrial Area, Mandideep - MPPCB",Mandideep,Madhya Pradesh,2026-07-16 05:00:00,23.10844,77.511428,NO2,30.0
"Sector-D Industrial Area, Mandideep - MPPCB",Mandideep,Madhya Pradesh,2026-07-16 05:00:00,23.10844,77.511428,O3,29.0
"Sector-D Industrial Area, Mandideep - MPPCB",Mandideep,Madhya Pradesh,2026-07-16 05:00:00,23.10844,77.511428,PM10,108.0
"Sector-D Industrial Area, Mandideep - MPPCB",Mandideep,Madhya Pradesh,2026-07-16 05:00:00,23.10844,77.511428,PM2.5,54.0
"Sector-D Industrial Area, Mandideep - MPPCB",Mandideep,Madhya Pradesh,2026-07-16 05:00:00,23.10844,77.511428,SO2,6.0
"Sector-2 Industrial Area, Pithampur - MPPCB",Pithampur,Madhya Pradesh,2026-07-16 05:00:00,22.624758,75.675238,NO2,8.0
"Sector-2 Industrial Area, Pithampur - MPPCB",Pithampur,Madhya Pradesh,2026-07-16 05:00:00,22.624758,75.675238,O3,30.0
"Sector-2 Industrial Area, Pithampur - MPPCB",Pithampur,Madhya Pradesh,2026-07-16 05:00:00,22.624758,75.675238,PM10,67.0
"Sector-2 Industrial Area, Pithampur - MPPCB",Pithampur,Madhya Pradesh,2026-07-16 05:00:00,22.624758,75.675238,PM2.5,76.0
"Civil Lines, Sagar - MPPCB",Sagar,Madhya Pradesh,2026-07-16 05:00:00,23.838586,78.759431,CO,35.0
"Civil Lines, Sagar - MPPCB",Sagar,Madhya Pradesh,2026-07-16 05:00:00,23.838586,78.759431,NH3,2.0
"Civil Lines, Sagar - MPPCB",Sagar,Madhya Pradesh,2026-07-16 05:00:00,23.838586,78.759431,NO2,9.0
"Civil Lines, Sagar - MPPCB",Sagar,Madhya Pradesh,2026-07-16 05:00:00,23.838586,78.759431,O3,26.0
"Civil Lines, Sagar - MPPCB",Sagar,Madhya Pradesh,2026-07-16 05:00:00,23.838586,78.759431,PM10,57.0
"Civil Lines, Sagar - MPPCB",Sagar,Madhya Pradesh,2026-07-16 05:00:00,23.838586,78.759431,PM2.5,42.0
"Civil Lines, Sagar - MPPCB",Sagar,Madhya Pradesh,2026-07-16 05:00:00,23.838586,78.759431,SO2,7.0
"Bandhavgar Colony, Satna - Birla Cement",Satna,Madhya Pradesh,2026-07-16 05:00:00,24.58434363,80.8549414,CO,18.0
"Bandhavgar Colony, Satna - Birla Cement",Satna,Madhya Pradesh,2026-07-16 05:00:00,24.58434363,80.8549414,PM10,70.0
"Bandhavgar Colony, Satna - Birla Cement",Satna,Madhya Pradesh,2026-07-16 05:00:00,24.58434363,80.8549414,PM2.5,50.0
"Bandhavgar Colony, Satna - Birla Cement",Satna,Madhya Pradesh,2026-07-16 05:00:00,24.58434363,80.8549414,SO2,18.0
"Suryakiran Bhawan NCL, Singrauli - MPPCB",Singrauli,Madhya Pradesh,2026-07-16 05:00:00,24.10897,82.64558,NO2,59.0
"Suryakiran Bhawan NCL, Singrauli - MPPCB",Singrauli,Madhya Pradesh,2026-07-16 05:00:00,24.10897,82.64558,O3,10.0
"Suryakiran Bhawan NCL, Singrauli - MPPCB",Singrauli,Madhya Pradesh,2026-07-16 05:00:00,24.10897,82.64558,PM10,98.0
"Suryakiran Bhawan NCL, Singrauli - MPPCB",Singrauli,Madhya Pradesh,2026-07-16 05:00:00,24.10897,82.64558,SO2,35.0
"Mahashweta Nagar, Ujjain - MPPCB",Ujjain,Madhya Pradesh,2026-07-16 05:00:00,23.1633321,75.800225,CO,25.0
"Mahashweta Nagar, Ujjain - MPPCB",Ujjain,Madhya Pradesh,2026-07-16 05:00:00,23.1633321,75.800225,NH3,6.0
"Mahashweta Nagar, Ujjain - MPPCB",Ujjain,Madhya Pradesh,2026-07-16 05:00:00,23.1633321,75.800225,NO2,12.0
"Mahashweta Nagar, Ujjain - MPPCB",Ujjain,Madhya Pradesh,2026-07-16 05:00:00,23.1633321,75.800225,PM10,67.0
"Mahashweta Nagar, Ujjain - MPPCB",Ujjain,Madhya Pradesh,2026-07-16 05:00:00,23.1633321,75.800225,PM2.5,42.0
"Mahashweta Nagar, Ujjain - MPPCB",Ujjain,Madhya Pradesh,2026-07-16 05:00:00,23.1633321,75.800225,SO2,8.0
"Tarakpur, Ahmednagar - MPCB",Ahmednagar,Maharashtra,2026-07-16 05:00:00,19.10122,74.73339,CO,13.0
"Tarakpur, Ahmednagar - MPCB",Ahmednagar,Maharashtra,2026-07-16 05:00:00,19.10122,74.73339,NH3,6.0
"Tarakpur, Ahmednagar - MPCB",Ahmednagar,Maharashtra,2026-07-16 05:00:00,19.10122,74.73339,NO2,16.0
"Tarakpur, Ahmednagar - MPCB",Ahmednagar,Maharashtra,2026-07-16 05:00:00,19.10122,74.73339,O3,7.0
"Tarakpur, Ahmednagar - MPCB",Ahmednagar,Maharashtra,2026-07-16 05:00:00,19.10122,74.73339,PM10,42.0
"Tarakpur, Ahmednagar - MPCB",Ahmednagar,Maharashtra,2026-07-16 05:00:00,19.10122,74.73339,PM2.5,31.0
"Tarakpur, Ahmednagar - MPCB",Ahmednagar,Maharashtra,2026-07-16 05:00:00,19.10122,74.73339,SO2,19.0
"Ramdaspeth, Akola - MPCB",Akola,Maharashtra,2026-07-16 05:00:00,20.719516,77.000253,CO,16.0
"Ramdaspeth, Akola - MPCB",Akola,Maharashtra,2026-07-16 05:00:00,20.719516,77.000253,NH3,8.0
"Ramdaspeth, Akola - MPCB",Akola,Maharashtra,2026-07-16 05:00:00,20.719516,77.000253,NO2,11.0
"Ramdaspeth, Akola - MPCB",Akola,Maharashtra,2026-07-16 05:00:00,20.719516,77.000253,O3,10.0
"Ramdaspeth, Akola - MPCB",Akola,Maharashtra,2026-07-16 05:00:00,20.719516,77.000253,PM10,77.0
"Ramdaspeth, Akola - MPCB",Akola,Maharashtra,2026-07-16 05:00:00,20.719516,77.000253,PM2.5,45.0
"Ramdaspeth, Akola - MPCB",Akola,Maharashtra,2026-07-16 05:00:00,20.719516,77.000253,SO2,5.0
"Chinchpada, Ambernath - MPCB",Ambernath,Maharashtra,2026-07-16 05:00:00,19.215784,73.199781,CO,13.0
"Chinchpada, Ambernath - MPCB",Ambernath,Maharashtra,2026-07-16 05:00:00,19.215784,73.199781,NH3,4.0
"Chinchpada, Ambernath - MPCB",Ambernath,Maharashtra,2026-07-16 05:00:00,19.215784,73.199781,NO2,4.0
"Chinchpada, Ambernath - MPCB",Ambernath,Maharashtra,2026-07-16 05:00:00,19.215784,73.199781,O3,3.0
"Chinchpada, Ambernath - MPCB",Ambernath,Maharashtra,2026-07-16 05:00:00,19.215784,73.199781,PM10,67.0
"Chinchpada, Ambernath - MPCB",Ambernath,Maharashtra,2026-07-16 05:00:00,19.215784,73.199781,PM2.5,36.0
"Chinchpada, Ambernath - MPCB",Ambernath,Maharashtra,2026-07-16 05:00:00,19.215784,73.199781,SO2,2.0
"Shivneri Colony, Amravati - MPCB",Amravati,Maharashtra,2026-07-16 05:00:00,20.9402359,77.7895248,CO,11.0
"Shivneri Colony, Amravati - MPCB",Amravati,Maharashtra,2026-07-16 05:00:00,20.9402359,77.7895248,NH3,2.0
"Shivneri Colony, Amravati - MPCB",Amravati,Maharashtra,2026-07-16 05:00:00,20.9402359,77.7895248,NO2,6.0
"Shivneri Colony, Amravati - MPCB",Amravati,Maharashtra,2026-07-16 05:00:00,20.9402359,77.7895248,O3,14.0
"Shivneri Colony, Amravati - MPCB",Amravati,Maharashtra,2026-07-16 05:00:00,20.9402359,77.7895248,PM10,52.0
"Shivneri Colony, Amravati - MPCB",Amravati,Maharashtra,2026-07-16 05:00:00,20.9402359,77.7895248,PM2.5,36.0
"Shivneri Colony, Amravati - MPCB",Amravati,Maharashtra,2026-07-16 05:00:00,20.9402359,77.7895248,SO2,8.0
"Shri Shivaji Science College, Amravati - MPCB",Amravati,Maharashtra,2026-07-16 05:00:00,20.939198,77.765701,CO,18.0
"Shri Shivaji Science College, Amravati - MPCB",Amravati,Maharashtra,2026-07-16 05:00:00,20.939198,77.765701,NH3,2.0
"Shri Shivaji Science College, Amravati - MPCB",Amravati,Maharashtra,2026-07-16 05:00:00,20.939198,77.765701,NO2,4.0
"Shri Shivaji Science College, Amravati - MPCB",Amravati,Maharashtra,2026-07-16 05:00:00,20.939198,77.765701,O3,15.0
"Shri Shivaji Science College, Amravati - MPCB",Amravati,Maharashtra,2026-07-16 05:00:00,20.939198,77.765701,PM10,67.0
"Shri Shivaji Science College, Amravati - MPCB",Amravati,Maharashtra,2026-07-16 05:00:00,20.939198,77.765701,PM2.5,33.0
"Shri Shivaji Science College, Amravati - MPCB",Amravati,Maharashtra,2026-07-16 05:00:00,20.939198,77.765701,SO2,5.0
"MIDC Chilkalthana, Aurangabad - MPCB",Aurangabad,Maharashtra,2026-07-16 05:00:00,19.87562,75.38731,CO,26.0
"MIDC Chilkalthana, Aurangabad - MPCB",Aurangabad,Maharashtra,2026-07-16 05:00:00,19.87562,75.38731,NH3,2.0
"MIDC Chilkalthana, Aurangabad - MPCB",Aurangabad,Maharashtra,2026-07-16 05:00:00,19.87562,75.38731,NO2,7.0
"MIDC Chilkalthana, Aurangabad - MPCB",Aurangabad,Maharashtra,2026-07-16 05:00:00,19.87562,75.38731,O3,18.0
"MIDC Chilkalthana, Aurangabad - MPCB",Aurangabad,Maharashtra,2026-07-16 05:00:00,19.87562,75.38731,PM10,88.0
"MIDC Chilkalthana, Aurangabad - MPCB",Aurangabad,Maharashtra,2026-07-16 05:00:00,19.87562,75.38731,PM2.5,60.0
"MIDC Chilkalthana, Aurangabad - MPCB",Aurangabad,Maharashtra,2026-07-16 05:00:00,19.87562,75.38731,SO2,7.0
"More Chowk Waluj, Aurangabad - MPCB",Aurangabad,Maharashtra,2026-07-16 05:00:00,19.8389439,75.244448,CO,86.0
"More Chowk Waluj, Aurangabad - MPCB",Aurangabad,Maharashtra,2026-07-16 05:00:00,19.8389439,75.244448,NH3,7.0
"More Chowk Waluj, Aurangabad - MPCB",Aurangabad,Maharashtra,2026-07-16 05:00:00,19.8389439,75.244448,NO2,10.0
"More Chowk Waluj, Aurangabad - MPCB",Aurangabad,Maharashtra,2026-07-16 05:00:00,19.8389439,75.244448,O3,13.0
"More Chowk Waluj, Aurangabad - MPCB",Aurangabad,Maharashtra,2026-07-16 05:00:00,19.8389439,75.244448,PM10,50.0
"More Chowk Waluj, Aurangabad - MPCB",Aurangabad,Maharashtra,2026-07-16 05:00:00,19.8389439,75.244448,PM2.5,50.0
"More Chowk Waluj, Aurangabad - MPCB",Aurangabad,Maharashtra,2026-07-16 05:00:00,19.8389439,75.244448,SO2,28.0
"Rachnakar Colony, Aurangabad - MPCB",Aurangabad,Maharashtra,2026-07-16 05:00:00,19.863756,75.321188,CO,27.0
"Rachnakar Colony, Aurangabad - MPCB",Aurangabad,Maharashtra,2026-07-16 05:00:00,19.863756,75.321188,NH3,1.0
"Rachnakar Colony, Aurangabad - MPCB",Aurangabad,Maharashtra,2026-07-16 05:00:00,19.863756,75.321188,NO2,19.0
"Rachnakar Colony, Aurangabad - MPCB",Aurangabad,Maharashtra,2026-07-16 05:00:00,19.863756,75.321188,O3,8.0
"Rachnakar Colony, Aurangabad - MPCB",Aurangabad,Maharashtra,2026-07-16 05:00:00,19.863756,75.321188,PM10,64.0
"Rachnakar Colony, Aurangabad - MPCB",Aurangabad,Maharashtra,2026-07-16 05:00:00,19.863756,75.321188,PM2.5,52.0
"Rachnakar Colony, Aurangabad - MPCB",Aurangabad,Maharashtra,2026-07-16 05:00:00,19.863756,75.321188,SO2,5.0
"Katrap, Badlapur - MPCB",Badlapur,Maharashtra,2026-07-16 05:00:00,19.16485,73.23409,CO,19.0
"Katrap, Badlapur - MPCB",Badlapur,Maharashtra,2026-07-16 05:00:00,19.16485,73.23409,NH3,7.0
"Katrap, Badlapur - MPCB",Badlapur,Maharashtra,2026-07-16 05:00:00,19.16485,73.23409,NO2,17.0
"Katrap, Badlapur - MPCB",Badlapur,Maharashtra,2026-07-16 05:00:00,19.16485,73.23409,O3,26.0
"Katrap, Badlapur - MPCB",Badlapur,Maharashtra,2026-07-16 05:00:00,19.16485,73.23409,PM10,48.0
"Katrap, Badlapur - MPCB",Badlapur,Maharashtra,2026-07-16 05:00:00,19.16485,73.23409,PM2.5,43.0
"Katrap, Badlapur - MPCB",Badlapur,Maharashtra,2026-07-16 05:00:00,19.16485,73.23409,SO2,3.0
"Bir, Beed - MPCB",Beed,Maharashtra,2026-07-16 05:00:00,18.988474,75.753873,CO,14.0
"Bir, Beed - MPCB",Beed,Maharashtra,2026-07-16 05:00:00,18.988474,75.753873,NH3,3.0
"Bir, Beed - MPCB",Beed,Maharashtra,2026-07-16 05:00:00,18.988474,75.753873,NO2,13.0
"Bir, Beed - MPCB",Beed,Maharashtra,2026-07-16 05:00:00,18.988474,75.753873,O3,10.0
"Bir, Beed - MPCB",Beed,Maharashtra,2026-07-16 05:00:00,18.988474,75.753873,PM10,62.0
"Bir, Beed - MPCB",Beed,Maharashtra,2026-07-16 05:00:00,18.988474,75.753873,PM2.5,26.0
"Bir, Beed - MPCB",Beed,Maharashtra,2026-07-16 05:00:00,18.988474,75.753873,SO2,3.0
"CBD Belapur, Belapur - MPCB",Belapur,Maharashtra,2026-07-16 05:00:00,19.0243902,73.0406721,CO,16.0
"CBD Belapur, Belapur - MPCB",Belapur,Maharashtra,2026-07-16 05:00:00,19.0243902,73.0406721,NH3,3.0
"CBD Belapur, Belapur - MPCB",Belapur,Maharashtra,2026-07-16 05:00:00,19.0243902,73.0406721,NO2,22.0
"CBD Belapur, Belapur - MPCB",Belapur,Maharashtra,2026-07-16 05:00:00,19.0243902,73.0406721,O3,19.0
"CBD Belapur, Belapur - MPCB",Belapur,Maharashtra,2026-07-16 05:00:00,19.0243902,73.0406721,PM10,67.0
"CBD Belapur, Belapur - MPCB",Belapur,Maharashtra,2026-07-16 05:00:00,19.0243902,73.0406721,PM2.5,45.0
"CBD Belapur, Belapur - MPCB",Belapur,Maharashtra,2026-07-16 05:00:00,19.0243902,73.0406721,SO2,9.0
"Gokul Nagar, Bhiwandi - MPCB",Bhiwandi,Maharashtra,2026-07-16 05:00:00,19.309073,73.057223,CO,12.0
"Gokul Nagar, Bhiwandi - MPCB",Bhiwandi,Maharashtra,2026-07-16 05:00:00,19.309073,73.057223,NH3,7.0
"Gokul Nagar, Bhiwandi - MPCB",Bhiwandi,Maharashtra,2026-07-16 05:00:00,19.309073,73.057223,NO2,26.0
"Gokul Nagar, Bhiwandi - MPCB",Bhiwandi,Maharashtra,2026-07-16 05:00:00,19.309073,73.057223,O3,13.0
"Gokul Nagar, Bhiwandi - MPCB",Bhiwandi,Maharashtra,2026-07-16 05:00:00,19.309073,73.057223,PM10,57.0
"Gokul Nagar, Bhiwandi - MPCB",Bhiwandi,Maharashtra,2026-07-16 05:00:00,19.309073,73.057223,PM2.5,35.0
"Gokul Nagar, Bhiwandi - MPCB",Bhiwandi,Maharashtra,2026-07-16 05:00:00,19.309073,73.057223,SO2,3.0
"Khaira, Boisar - MPCB",Boisar,Maharashtra,2026-07-16 05:00:00,19.786089,72.757971,CO,16.0
"Khaira, Boisar - MPCB",Boisar,Maharashtra,2026-07-16 05:00:00,19.786089,72.757971,NH3,4.0
"Khaira, Boisar - MPCB",Boisar,Maharashtra,2026-07-16 05:00:00,19.786089,72.757971,NO2,18.0
"Khaira, Boisar - MPCB",Boisar,Maharashtra,2026-07-16 05:00:00,19.786089,72.757971,O3,20.0
"Khaira, Boisar - MPCB",Boisar,Maharashtra,2026-07-16 05:00:00,19.786089,72.757971,PM10,53.0
"Khaira, Boisar - MPCB",Boisar,Maharashtra,2026-07-16 05:00:00,19.786089,72.757971,PM2.5,40.0
"Khaira, Boisar - MPCB",Boisar,Maharashtra,2026-07-16 05:00:00,19.786089,72.757971,SO2,15.0
"Chauhan Colony, Chandrapur - MPCB",Chandrapur,Maharashtra,2026-07-16 05:00:00,19.9629,79.298714,CO,51.0
"Chauhan Colony, Chandrapur - MPCB",Chandrapur,Maharashtra,2026-07-16 05:00:00,19.9629,79.298714,NH3,2.0
"Chauhan Colony, Chandrapur - MPCB",Chandrapur,Maharashtra,2026-07-16 05:00:00,19.9629,79.298714,NO2,12.0
"Chauhan Colony, Chandrapur - MPCB",Chandrapur,Maharashtra,2026-07-16 05:00:00,19.9629,79.298714,O3,17.0
"Chauhan Colony, Chandrapur - MPCB",Chandrapur,Maharashtra,2026-07-16 05:00:00,19.9629,79.298714,PM10,91.0
"Chauhan Colony, Chandrapur - MPCB",Chandrapur,Maharashtra,2026-07-16 05:00:00,19.9629,79.298714,PM2.5,58.0
"Chauhan Colony, Chandrapur - MPCB",Chandrapur,Maharashtra,2026-07-16 05:00:00,19.9629,79.298714,SO2,17.0
"MIDC Khutala, Chandrapur - MPCB",Chandrapur,Maharashtra,2026-07-16 05:00:00,19.9775302,79.2337086,CO,39.0
"MIDC Khutala, Chandrapur - MPCB",Chandrapur,Maharashtra,2026-07-16 05:00:00,19.9775302,79.2337086,O3,14.0
"MIDC Khutala, Chandrapur - MPCB",Chandrapur,Maharashtra,2026-07-16 05:00:00,19.9775302,79.2337086,PM10,57.0
"MIDC Khutala, Chandrapur - MPCB",Chandrapur,Maharashtra,2026-07-16 05:00:00,19.9775302,79.2337086,PM2.5,21.0
"MIDC Khutala, Chandrapur - MPCB",Chandrapur,Maharashtra,2026-07-16 05:00:00,19.9775302,79.2337086,SO2,4.0
"Kalu Nagar, Dombivli - MPCB",Dombivli,Maharashtra,2026-07-16 05:00:00,19.2268427,73.0788456,CO,13.0
"Kalu Nagar, Dombivli - MPCB",Dombivli,Maharashtra,2026-07-16 05:00:00,19.2268427,73.0788456,NH3,1.0
"Kalu Nagar, Dombivli - MPCB",Dombivli,Maharashtra,2026-07-16 05:00:00,19.2268427,73.0788456,NO2,11.0
"Kalu Nagar, Dombivli - MPCB",Dombivli,Maharashtra,2026-07-16 05:00:00,19.2268427,73.0788456,O3,5.0
"Kalu Nagar, Dombivli - MPCB",Dombivli,Maharashtra,2026-07-16 05:00:00,19.2268427,73.0788456,PM10,26.0
"Kalu Nagar, Dombivli - MPCB",Dombivli,Maharashtra,2026-07-16 05:00:00,19.2268427,73.0788456,PM2.5,8.0
"Kalu Nagar, Dombivli - MPCB",Dombivli,Maharashtra,2026-07-16 05:00:00,19.2268427,73.0788456,SO2,6.0
"Ashta Vinayak Nagar, Hingoli - MPCB",Hingoli,Maharashtra,2026-07-16 05:00:00,19.710842,77.151824,CO,9.0
"Ashta Vinayak Nagar, Hingoli - MPCB",Hingoli,Maharashtra,2026-07-16 05:00:00,19.710842,77.151824,NH3,2.0
"Ashta Vinayak Nagar, Hingoli - MPCB",Hingoli,Maharashtra,2026-07-16 05:00:00,19.710842,77.151824,NO2,9.0
"Ashta Vinayak Nagar, Hingoli - MPCB",Hingoli,Maharashtra,2026-07-16 05:00:00,19.710842,77.151824,O3,33.0
"Ashta Vinayak Nagar, Hingoli - MPCB",Hingoli,Maharashtra,2026-07-16 05:00:00,19.710842,77.151824,PM10,37.0
"Ashta Vinayak Nagar, Hingoli - MPCB",Hingoli,Maharashtra,2026-07-16 05:00:00,19.710842,77.151824,PM2.5,21.0
"Ashta Vinayak Nagar, Hingoli - MPCB",Hingoli,Maharashtra,2026-07-16 05:00:00,19.710842,77.151824,SO2,4.0
"Old MIDC, Jalna - MPCB",Jalna,Maharashtra,2026-07-16 05:00:00,19.854616,75.905894,CO,11.0
"Old MIDC, Jalna - MPCB",Jalna,Maharashtra,2026-07-16 05:00:00,19.854616,75.905894,NH3,4.0
"Old MIDC, Jalna - MPCB",Jalna,Maharashtra,2026-07-16 05:00:00,19.854616,75.905894,NO2,19.0
"Old MIDC, Jalna - MPCB",Jalna,Maharashtra,2026-07-16 05:00:00,19.854616,75.905894,O3,1.0
"Old MIDC, Jalna - MPCB",Jalna,Maharashtra,2026-07-16 05:00:00,19.854616,75.905894,PM10,36.0
"Old MIDC, Jalna - MPCB",Jalna,Maharashtra,2026-07-16 05:00:00,19.854616,75.905894,PM2.5,25.0
"Old MIDC, Jalna - MPCB",Jalna,Maharashtra,2026-07-16 05:00:00,19.854616,75.905894,SO2,8.0
"Khadakpada, Kalyan - MPCB",Kalyan,Maharashtra,2026-07-16 05:00:00,19.25292,73.142019,O3,8.0
"Pimpleshwar Mandir, Kalyan - MPCB",Kalyan,Maharashtra,2026-07-16 05:00:00,19.192056,72.9585188,CO,40.0
"Pimpleshwar Mandir, Kalyan - MPCB",Kalyan,Maharashtra,2026-07-16 05:00:00,19.192056,72.9585188,NH3,6.0
"Pimpleshwar Mandir, Kalyan - MPCB",Kalyan,Maharashtra,2026-07-16 05:00:00,19.192056,72.9585188,NO2,23.0
"Pimpleshwar Mandir, Kalyan - MPCB",Kalyan,Maharashtra,2026-07-16 05:00:00,19.192056,72.9585188,O3,11.0
"Pimpleshwar Mandir, Kalyan - MPCB",Kalyan,Maharashtra,2026-07-16 05:00:00,19.192056,72.9585188,PM2.5,56.0
"Pimpleshwar Mandir, Kalyan - MPCB",Kalyan,Maharashtra,2026-07-16 05:00:00,19.192056,72.9585188,SO2,11.0
"Shivaji University, Kolhapur - MPCB",Kolhapur,Maharashtra,2026-07-16 05:00:00,16.6870449,74.2505872,CO,6.0
"Shivaji University, Kolhapur - MPCB",Kolhapur,Maharashtra,2026-07-16 05:00:00,16.6870449,74.2505872,NH3,3.0
"Shivaji University, Kolhapur - MPCB",Kolhapur,Maharashtra,2026-07-16 05:00:00,16.6870449,74.2505872,NO2,11.0
"Shivaji University, Kolhapur - MPCB",Kolhapur,Maharashtra,2026-07-16 05:00:00,16.6870449,74.2505872,O3,12.0
"Shivaji University, Kolhapur - MPCB",Kolhapur,Maharashtra,2026-07-16 05:00:00,16.6870449,74.2505872,PM10,51.0
"Shivaji University, Kolhapur - MPCB",Kolhapur,Maharashtra,2026-07-16 05:00:00,16.6870449,74.2505872,PM2.5,39.0
"Shivaji University, Kolhapur - MPCB",Kolhapur,Maharashtra,2026-07-16 05:00:00,16.6870449,74.2505872,SO2,1.0
"Sinchan Bhavan, Kolhapur - MPCB",Kolhapur,Maharashtra,2026-07-16 05:00:00,16.7143745,74.2426398,CO,8.0
"Sinchan Bhavan, Kolhapur - MPCB",Kolhapur,Maharashtra,2026-07-16 05:00:00,16.7143745,74.2426398,NH3,2.0
"Sinchan Bhavan, Kolhapur - MPCB",Kolhapur,Maharashtra,2026-07-16 05:00:00,16.7143745,74.2426398,NO2,16.0
"Sinchan Bhavan, Kolhapur - MPCB",Kolhapur,Maharashtra,2026-07-16 05:00:00,16.7143745,74.2426398,O3,19.0
"Sinchan Bhavan, Kolhapur - MPCB",Kolhapur,Maharashtra,2026-07-16 05:00:00,16.7143745,74.2426398,PM10,52.0
"Sinchan Bhavan, Kolhapur - MPCB",Kolhapur,Maharashtra,2026-07-16 05:00:00,16.7143745,74.2426398,PM2.5,29.0
"Sinchan Bhavan, Kolhapur - MPCB",Kolhapur,Maharashtra,2026-07-16 05:00:00,16.7143745,74.2426398,SO2,2.0
"Sawe Wadi, Latur - MPCB",Latur,Maharashtra,2026-07-16 05:00:00,18.39963,76.57452,CO,12.0
"Sawe Wadi, Latur - MPCB",Latur,Maharashtra,2026-07-16 05:00:00,18.39963,76.57452,NH3,3.0
"Sawe Wadi, Latur - MPCB",Latur,Maharashtra,2026-07-16 05:00:00,18.39963,76.57452,NO2,9.0
"Sawe Wadi, Latur - MPCB",Latur,Maharashtra,2026-07-16 05:00:00,18.39963,76.57452,O3,21.0
"Sawe Wadi, Latur - MPCB",Latur,Maharashtra,2026-07-16 05:00:00,18.39963,76.57452,PM10,42.0
"Sawe Wadi, Latur - MPCB",Latur,Maharashtra,2026-07-16 05:00:00,18.39963,76.57452,PM2.5,32.0
"Sawe Wadi, Latur - MPCB",Latur,Maharashtra,2026-07-16 05:00:00,18.39963,76.57452,SO2,5.0
"Kamble Tarf Birwadi, Mahad - MPCB",Mahad,Maharashtra,2026-07-16 05:00:00,18.1023399,73.4783687,CO,22.0
"Kamble Tarf Birwadi, Mahad - MPCB",Mahad,Maharashtra,2026-07-16 05:00:00,18.1023399,73.4783687,NH3,6.0
"Kamble Tarf Birwadi, Mahad - MPCB",Mahad,Maharashtra,2026-07-16 05:00:00,18.1023399,73.4783687,NO2,22.0
"Kamble Tarf Birwadi, Mahad - MPCB",Mahad,Maharashtra,2026-07-16 05:00:00,18.1023399,73.4783687,O3,16.0
"Kamble Tarf Birwadi, Mahad - MPCB",Mahad,Maharashtra,2026-07-16 05:00:00,18.1023399,73.4783687,PM10,50.0
"Kamble Tarf Birwadi, Mahad - MPCB",Mahad,Maharashtra,2026-07-16 05:00:00,18.1023399,73.4783687,PM2.5,58.0
"Kamble Tarf Birwadi, Mahad - MPCB",Mahad,Maharashtra,2026-07-16 05:00:00,18.1023399,73.4783687,SO2,18.0
"Mahesh Nagar, Malegaon - MPCB",Malegaon,Maharashtra,2026-07-16 05:00:00,20.555712,74.529236,CO,15.0
"Mahesh Nagar, Malegaon - MPCB",Malegaon,Maharashtra,2026-07-16 05:00:00,20.555712,74.529236,NH3,1.0
"Mahesh Nagar, Malegaon - MPCB",Malegaon,Maharashtra,2026-07-16 05:00:00,20.555712,74.529236,O3,13.0
"Mahesh Nagar, Malegaon - MPCB",Malegaon,Maharashtra,2026-07-16 05:00:00,20.555712,74.529236,PM10,78.0
"Mahesh Nagar, Malegaon - MPCB",Malegaon,Maharashtra,2026-07-16 05:00:00,20.555712,74.529236,PM2.5,71.0
"Bhayandar West, Mira-Bhayandar - MPCB",Mira-Bhayandar,Maharashtra,2026-07-16 05:00:00,19.296481,72.840923,CO,17.0
"Bhayandar West, Mira-Bhayandar - MPCB",Mira-Bhayandar,Maharashtra,2026-07-16 05:00:00,19.296481,72.840923,NH3,4.0
"Bhayandar West, Mira-Bhayandar - MPCB",Mira-Bhayandar,Maharashtra,2026-07-16 05:00:00,19.296481,72.840923,NO2,3.0
"Bhayandar West, Mira-Bhayandar - MPCB",Mira-Bhayandar,Maharashtra,2026-07-16 05:00:00,19.296481,72.840923,O3,8.0
"Bhayandar West, Mira-Bhayandar - MPCB",Mira-Bhayandar,Maharashtra,2026-07-16 05:00:00,19.296481,72.840923,PM10,30.0
"Bhayandar West, Mira-Bhayandar - MPCB",Mira-Bhayandar,Maharashtra,2026-07-16 05:00:00,19.296481,72.840923,PM2.5,26.0
"Bhayandar West, Mira-Bhayandar - MPCB",Mira-Bhayandar,Maharashtra,2026-07-16 05:00:00,19.296481,72.840923,SO2,4.0
"Bandra Kurla Complex, Mumbai - IITM",Mumbai,Maharashtra,2026-07-16 05:00:00,19.053536,72.84643,CO,10.0
"Bandra Kurla Complex, Mumbai - IITM",Mumbai,Maharashtra,2026-07-16 05:00:00,19.053536,72.84643,NH3,4.0
"Bandra Kurla Complex, Mumbai - IITM",Mumbai,Maharashtra,2026-07-16 05:00:00,19.053536,72.84643,NO2,10.0
"Bandra Kurla Complex, Mumbai - IITM",Mumbai,Maharashtra,2026-07-16 05:00:00,19.053536,72.84643,O3,15.0
"Bandra Kurla Complex, Mumbai - IITM",Mumbai,Maharashtra,2026-07-16 05:00:00,19.053536,72.84643,PM10,60.0
"Bandra Kurla Complex, Mumbai - IITM",Mumbai,Maharashtra,2026-07-16 05:00:00,19.053536,72.84643,PM2.5,18.0
"Bandra Kurla Complex, Mumbai - IITM",Mumbai,Maharashtra,2026-07-16 05:00:00,19.053536,72.84643,SO2,4.0
"Bandra Kurla Complex, Mumbai - MPCB",Mumbai,Maharashtra,2026-07-16 05:00:00,19.065931,72.862131,CO,28.0
"Bandra Kurla Complex, Mumbai - MPCB",Mumbai,Maharashtra,2026-07-16 05:00:00,19.065931,72.862131,NH3,3.0
"Bandra Kurla Complex, Mumbai - MPCB",Mumbai,Maharashtra,2026-07-16 05:00:00,19.065931,72.862131,NO2,12.0
"Bandra Kurla Complex, Mumbai - MPCB",Mumbai,Maharashtra,2026-07-16 05:00:00,19.065931,72.862131,O3,10.0
"Bandra Kurla Complex, Mumbai - MPCB",Mumbai,Maharashtra,2026-07-16 05:00:00,19.065931,72.862131,PM10,61.0
"Bandra Kurla Complex, Mumbai - MPCB",Mumbai,Maharashtra,2026-07-16 05:00:00,19.065931,72.862131,PM2.5,47.0
"Bandra Kurla Complex, Mumbai - MPCB",Mumbai,Maharashtra,2026-07-16 05:00:00,19.065931,72.862131,SO2,5.0
"Borivali East, Mumbai - IITM",Mumbai,Maharashtra,2026-07-16 05:00:00,19.23241,72.86895,CO,1.0
"Borivali East, Mumbai - IITM",Mumbai,Maharashtra,2026-07-16 05:00:00,19.23241,72.86895,NH3,3.0
"Borivali East, Mumbai - IITM",Mumbai,Maharashtra,2026-07-16 05:00:00,19.23241,72.86895,NO2,21.0
"Borivali East, Mumbai - IITM",Mumbai,Maharashtra,2026-07-16 05:00:00,19.23241,72.86895,O3,17.0
"Borivali East, Mumbai - IITM",Mumbai,Maharashtra,2026-07-16 05:00:00,19.23241,72.86895,PM10,58.0
"Borivali East, Mumbai - IITM",Mumbai,Maharashtra,2026-07-16 05:00:00,19.23241,72.86895,PM2.5,33.0
"Byculla, Mumbai - BMC",Mumbai,Maharashtra,2026-07-16 05:00:00,18.9767,72.838,CO,19.0
"Byculla, Mumbai - BMC",Mumbai,Maharashtra,2026-07-16 05:00:00,18.9767,72.838,NH3,2.0
"Byculla, Mumbai - BMC",Mumbai,Maharashtra,2026-07-16 05:00:00,18.9767,72.838,NO2,13.0
"Byculla, Mumbai - BMC",Mumbai,Maharashtra,2026-07-16 05:00:00,18.9767,72.838,O3,7.0
"Byculla, Mumbai - BMC",Mumbai,Maharashtra,2026-07-16 05:00:00,18.9767,72.838,PM10,37.0
"Byculla, Mumbai - BMC",Mumbai,Maharashtra,2026-07-16 05:00:00,18.9767,72.838,PM2.5,22.0
"Byculla, Mumbai - BMC",Mumbai,Maharashtra,2026-07-16 05:00:00,18.9767,72.838,SO2,7.0
"Chakala-Andheri East, Mumbai - IITM",Mumbai,Maharashtra,2026-07-16 05:00:00,19.11074,72.86084,CO,10.0
"Chakala-Andheri East, Mumbai - IITM",Mumbai,Maharashtra,2026-07-16 05:00:00,19.11074,72.86084,NH3,6.0
"Chakala-Andheri East, Mumbai - IITM",Mumbai,Maharashtra,2026-07-16 05:00:00,19.11074,72.86084,NO2,13.0
"Chakala-Andheri East, Mumbai - IITM",Mumbai,Maharashtra,2026-07-16 05:00:00,19.11074,72.86084,O3,10.0
"Chakala-Andheri East, Mumbai - IITM",Mumbai,Maharashtra,2026-07-16 05:00:00,19.11074,72.86084,PM10,46.0
"Chakala-Andheri East, Mumbai - IITM",Mumbai,Maharashtra,2026-07-16 05:00:00,19.11074,72.86084,PM2.5,22.0
"Chakala-Andheri East, Mumbai - IITM",Mumbai,Maharashtra,2026-07-16 05:00:00,19.11074,72.86084,SO2,4.0
"Chembur, Mumbai - MPCB",Mumbai,Maharashtra,2026-07-16 05:00:00,19.0364585,72.8954371,CO,19.0
"Chembur, Mumbai - MPCB",Mumbai,Maharashtra,2026-07-16 05:00:00,19.0364585,72.8954371,NH3,4.0
"Chembur, Mumbai - MPCB",Mumbai,Maharashtra,2026-07-16 05:00:00,19.0364585,72.8954371,NO2,9.0
"Chembur, Mumbai - MPCB",Mumbai,Maharashtra,2026-07-16 05:00:00,19.0364585,72.8954371,O3,5.0
"Chembur, Mumbai - MPCB",Mumbai,Maharashtra,2026-07-16 05:00:00,19.0364585,72.8954371,PM10,48.0
"Chembur, Mumbai - MPCB",Mumbai,Maharashtra,2026-07-16 05:00:00,19.0364585,72.8954371,PM2.5,19.0
"Chembur, Mumbai - MPCB",Mumbai,Maharashtra,2026-07-16 05:00:00,19.0364585,72.8954371,SO2,1.0
"Deonar, Mumbai - IITM",Mumbai,Maharashtra,2026-07-16 05:00:00,19.04946,72.923,CO,38.0
"Deonar, Mumbai - IITM",Mumbai,Maharashtra,2026-07-16 05:00:00,19.04946,72.923,NH3,6.0
"Deonar, Mumbai - IITM",Mumbai,Maharashtra,2026-07-16 05:00:00,19.04946,72.923,NO2,5.0
"Deonar, Mumbai - IITM",Mumbai,Maharashtra,2026-07-16 05:00:00,19.04946,72.923,O3,9.0
"Deonar, Mumbai - IITM",Mumbai,Maharashtra,2026-07-16 05:00:00,19.04946,72.923,PM10,90.0
"Deonar, Mumbai - IITM",Mumbai,Maharashtra,2026-07-16 05:00:00,19.04946,72.923,PM2.5,19.0
"Deonar, Mumbai - IITM",Mumbai,Maharashtra,2026-07-16 05:00:00,19.04946,72.923,SO2,2.0
"Ghatkopar, Mumbai - BMC",Mumbai,Maharashtra,2026-07-16 05:00:00,19.083694,72.920967,CO,23.0
"Ghatkopar, Mumbai - BMC",Mumbai,Maharashtra,2026-07-16 05:00:00,19.083694,72.920967,NH3,6.0
"Ghatkopar, Mumbai - BMC",Mumbai,Maharashtra,2026-07-16 05:00:00,19.083694,72.920967,NO2,11.0
"Ghatkopar, Mumbai - BMC",Mumbai,Maharashtra,2026-07-16 05:00:00,19.083694,72.920967,O3,30.0
"Ghatkopar, Mumbai - BMC",Mumbai,Maharashtra,2026-07-16 05:00:00,19.083694,72.920967,PM10,74.0
"Ghatkopar, Mumbai - BMC",Mumbai,Maharashtra,2026-07-16 05:00:00,19.083694,72.920967,PM2.5,27.0
"Ghatkopar, Mumbai - BMC",Mumbai,Maharashtra,2026-07-16 05:00:00,19.083694,72.920967,SO2,1.0
"Kandivali West, Mumbai - BMC",Mumbai,Maharashtra,2026-07-16 05:00:00,19.215859,72.831718,CO,12.0
"Kandivali West, Mumbai - BMC",Mumbai,Maharashtra,2026-07-16 05:00:00,19.215859,72.831718,NH3,2.0
"Kandivali West, Mumbai - BMC",Mumbai,Maharashtra,2026-07-16 05:00:00,19.215859,72.831718,NO2,17.0
"Kandivali West, Mumbai - BMC",Mumbai,Maharashtra,2026-07-16 05:00:00,19.215859,72.831718,O3,6.0
"Kandivali West, Mumbai - BMC",Mumbai,Maharashtra,2026-07-16 05:00:00,19.215859,72.831718,PM10,24.0
"Kandivali West, Mumbai - BMC",Mumbai,Maharashtra,2026-07-16 05:00:00,19.215859,72.831718,PM2.5,25.0
"Kandivali West, Mumbai - BMC",Mumbai,Maharashtra,2026-07-16 05:00:00,19.215859,72.831718,SO2,1.0
"Kherwadi_Bandra East, Mumbai - MPCB",Mumbai,Maharashtra,2026-07-16 05:00:00,19.0632143,72.8456324,CO,19.0
"Kherwadi_Bandra East, Mumbai - MPCB",Mumbai,Maharashtra,2026-07-16 05:00:00,19.0632143,72.8456324,NH3,4.0
"Kherwadi_Bandra East, Mumbai - MPCB",Mumbai,Maharashtra,2026-07-16 05:00:00,19.0632143,72.8456324,NO2,9.0
"Kherwadi_Bandra East, Mumbai - MPCB",Mumbai,Maharashtra,2026-07-16 05:00:00,19.0632143,72.8456324,O3,15.0
"Kherwadi_Bandra East, Mumbai - MPCB",Mumbai,Maharashtra,2026-07-16 05:00:00,19.0632143,72.8456324,PM10,45.0
"Kherwadi_Bandra East, Mumbai - MPCB",Mumbai,Maharashtra,2026-07-16 05:00:00,19.0632143,72.8456324,PM2.5,26.0
"Kherwadi_Bandra East, Mumbai - MPCB",Mumbai,Maharashtra,2026-07-16 05:00:00,19.0632143,72.8456324,SO2,5.0
"Khindipada-Bhandup West, Mumbai - IITM",Mumbai,Maharashtra,2026-07-16 05:00:00,19.1653323,72.922099,CO,31.0
"Khindipada-Bhandup West, Mumbai - IITM",Mumbai,Maharashtra,2026-07-16 05:00:00,19.1653323,72.922099,NH3,1.0
"Khindipada-Bhandup West, Mumbai - IITM",Mumbai,Maharashtra,2026-07-16 05:00:00,19.1653323,72.922099,NO2,19.0
"Khindipada-Bhandup West, Mumbai - IITM",Mumbai,Maharashtra,2026-07-16 05:00:00,19.1653323,72.922099,O3,8.0
"Khindipada-Bhandup West, Mumbai - IITM",Mumbai,Maharashtra,2026-07-16 05:00:00,19.1653323,72.922099,PM10,47.0
"Khindipada-Bhandup West, Mumbai - IITM",Mumbai,Maharashtra,2026-07-16 05:00:00,19.1653323,72.922099,PM2.5,23.0
"Khindipada-Bhandup West, Mumbai - IITM",Mumbai,Maharashtra,2026-07-16 05:00:00,19.1653323,72.922099,SO2,4.0
"Kurla, Mumbai - MPCB",Mumbai,Maharashtra,2026-07-16 05:00:00,19.0863,72.8888,CO,25.0
"Kurla, Mumbai - MPCB",Mumbai,Maharashtra,2026-07-16 05:00:00,19.0863,72.8888,NH3,2.0
"Kurla, Mumbai - MPCB",Mumbai,Maharashtra,2026-07-16 05:00:00,19.0863,72.8888,NO2,7.0
"Kurla, Mumbai - MPCB",Mumbai,Maharashtra,2026-07-16 05:00:00,19.0863,72.8888,O3,28.0
"Kurla, Mumbai - MPCB",Mumbai,Maharashtra,2026-07-16 05:00:00,19.0863,72.8888,PM10,75.0
"Kurla, Mumbai - MPCB",Mumbai,Maharashtra,2026-07-16 05:00:00,19.0863,72.8888,PM2.5,65.0
"Kurla, Mumbai - MPCB",Mumbai,Maharashtra,2026-07-16 05:00:00,19.0863,72.8888,SO2,29.0
"Malad West, Mumbai - IITM",Mumbai,Maharashtra,2026-07-16 05:00:00,19.19709,72.82204,CO,35.0
"Malad West, Mumbai - IITM",Mumbai,Maharashtra,2026-07-16 05:00:00,19.19709,72.82204,O3,10.0
"Malad West, Mumbai - IITM",Mumbai,Maharashtra,2026-07-16 05:00:00,19.19709,72.82204,PM10,58.0
"Malad West, Mumbai - IITM",Mumbai,Maharashtra,2026-07-16 05:00:00,19.19709,72.82204,PM2.5,18.0
"Malad West, Mumbai - IITM",Mumbai,Maharashtra,2026-07-16 05:00:00,19.19709,72.82204,SO2,5.0
"Mazgaon, Mumbai - IITM",Mumbai,Maharashtra,2026-07-16 05:00:00,18.96702,72.84214,CO,43.0
"Mazgaon, Mumbai - IITM",Mumbai,Maharashtra,2026-07-16 05:00:00,18.96702,72.84214,NH3,2.0
"Mazgaon, Mumbai - IITM",Mumbai,Maharashtra,2026-07-16 05:00:00,18.96702,72.84214,NO2,22.0
"Mazgaon, Mumbai - IITM",Mumbai,Maharashtra,2026-07-16 05:00:00,18.96702,72.84214,O3,20.0
"Mazgaon, Mumbai - IITM",Mumbai,Maharashtra,2026-07-16 05:00:00,18.96702,72.84214,PM10,59.0
"Mazgaon, Mumbai - IITM",Mumbai,Maharashtra,2026-07-16 05:00:00,18.96702,72.84214,PM2.5,33.0
"Mazgaon, Mumbai - IITM",Mumbai,Maharashtra,2026-07-16 05:00:00,18.96702,72.84214,SO2,12.0
"Navy Nagar-Colaba, Mumbai - IITM",Mumbai,Maharashtra,2026-07-16 05:00:00,18.897756,72.81332,CO,34.0
"Navy Nagar-Colaba, Mumbai - IITM",Mumbai,Maharashtra,2026-07-16 05:00:00,18.897756,72.81332,NH3,6.0
"Navy Nagar-Colaba, Mumbai - IITM",Mumbai,Maharashtra,2026-07-16 05:00:00,18.897756,72.81332,NO2,66.0
"Navy Nagar-Colaba, Mumbai - IITM",Mumbai,Maharashtra,2026-07-16 05:00:00,18.897756,72.81332,O3,26.0
"Navy Nagar-Colaba, Mumbai - IITM",Mumbai,Maharashtra,2026-07-16 05:00:00,18.897756,72.81332,PM10,63.0
"Navy Nagar-Colaba, Mumbai - IITM",Mumbai,Maharashtra,2026-07-16 05:00:00,18.897756,72.81332,PM2.5,34.0
"Navy Nagar-Colaba, Mumbai - IITM",Mumbai,Maharashtra,2026-07-16 05:00:00,18.897756,72.81332,SO2,10.0
"Powai, Mumbai - MPCB",Mumbai,Maharashtra,2026-07-16 05:00:00,19.1375,72.915056,NO2,7.0
"Powai, Mumbai - MPCB",Mumbai,Maharashtra,2026-07-16 05:00:00,19.1375,72.915056,PM10,18.0
"Powai, Mumbai - MPCB",Mumbai,Maharashtra,2026-07-16 05:00:00,19.1375,72.915056,SO2,16.0
"Sewri, Mumbai - BMC",Mumbai,Maharashtra,2026-07-16 05:00:00,19.000084,72.85673,CO,16.0
"Sewri, Mumbai - BMC",Mumbai,Maharashtra,2026-07-16 05:00:00,19.000084,72.85673,O3,14.0
"Shivaji Nagar, Mumbai - BMC",Mumbai,Maharashtra,2026-07-16 05:00:00,19.060498,72.923356,CO,28.0
"Shivaji Nagar, Mumbai - BMC",Mumbai,Maharashtra,2026-07-16 05:00:00,19.060498,72.923356,NH3,4.0
"Shivaji Nagar, Mumbai - BMC",Mumbai,Maharashtra,2026-07-16 05:00:00,19.060498,72.923356,NO2,12.0
"Shivaji Nagar, Mumbai - BMC",Mumbai,Maharashtra,2026-07-16 05:00:00,19.060498,72.923356,O3,8.0
"Shivaji Nagar, Mumbai - BMC",Mumbai,Maharashtra,2026-07-16 05:00:00,19.060498,72.923356,PM10,59.0
"Shivaji Nagar, Mumbai - BMC",Mumbai,Maharashtra,2026-07-16 05:00:00,19.060498,72.923356,PM2.5,30.0
"Shivaji Nagar, Mumbai - BMC",Mumbai,Maharashtra,2026-07-16 05:00:00,19.060498,72.923356,SO2,6.0
"Siddharth Nagar-Worli, Mumbai - IITM",Mumbai,Maharashtra,2026-07-16 05:00:00,19.000083,72.813993,CO,11.0
"Siddharth Nagar-Worli, Mumbai - IITM",Mumbai,Maharashtra,2026-07-16 05:00:00,19.000083,72.813993,NH3,1.0
"Siddharth Nagar-Worli, Mumbai - IITM",Mumbai,Maharashtra,2026-07-16 05:00:00,19.000083,72.813993,NO2,15.0
"Siddharth Nagar-Worli, Mumbai - IITM",Mumbai,Maharashtra,2026-07-16 05:00:00,19.000083,72.813993,O3,23.0
"Siddharth Nagar-Worli, Mumbai - IITM",Mumbai,Maharashtra,2026-07-16 05:00:00,19.000083,72.813993,PM10,62.0
"Siddharth Nagar-Worli, Mumbai - IITM",Mumbai,Maharashtra,2026-07-16 05:00:00,19.000083,72.813993,PM2.5,30.0
"Sion, Mumbai - MPCB",Mumbai,Maharashtra,2026-07-16 05:00:00,19.047,72.8746,CO,18.0
"Sion, Mumbai - MPCB",Mumbai,Maharashtra,2026-07-16 05:00:00,19.047,72.8746,NH3,6.0
"Sion, Mumbai - MPCB",Mumbai,Maharashtra,2026-07-16 05:00:00,19.047,72.8746,NO2,42.0
"Sion, Mumbai - MPCB",Mumbai,Maharashtra,2026-07-16 05:00:00,19.047,72.8746,PM10,20.0
"Sion, Mumbai - MPCB",Mumbai,Maharashtra,2026-07-16 05:00:00,19.047,72.8746,PM2.5,15.0
"Worli, Mumbai - MPCB",Mumbai,Maharashtra,2026-07-16 05:00:00,18.9936162,72.8128113,CO,37.0
"Worli, Mumbai - MPCB",Mumbai,Maharashtra,2026-07-16 05:00:00,18.9936162,72.8128113,NH3,6.0
"Worli, Mumbai - MPCB",Mumbai,Maharashtra,2026-07-16 05:00:00,18.9936162,72.8128113,NO2,6.0
"Worli, Mumbai - MPCB",Mumbai,Maharashtra,2026-07-16 05:00:00,18.9936162,72.8128113,O3,7.0
"Worli, Mumbai - MPCB",Mumbai,Maharashtra,2026-07-16 05:00:00,18.9936162,72.8128113,PM10,65.0
"Worli, Mumbai - MPCB",Mumbai,Maharashtra,2026-07-16 05:00:00,18.9936162,72.8128113,PM2.5,42.0
"Worli, Mumbai - MPCB",Mumbai,Maharashtra,2026-07-16 05:00:00,18.9936162,72.8128113,SO2,4.0
"Ambazari, Nagpur - MPCB",Nagpur,Maharashtra,2026-07-16 05:00:00,21.121801,79.04952,CO,15.0
"Ambazari, Nagpur - MPCB",Nagpur,Maharashtra,2026-07-16 05:00:00,21.121801,79.04952,NH3,4.0
"Ambazari, Nagpur - MPCB",Nagpur,Maharashtra,2026-07-16 05:00:00,21.121801,79.04952,NO2,10.0
"Ambazari, Nagpur - MPCB",Nagpur,Maharashtra,2026-07-16 05:00:00,21.121801,79.04952,O3,10.0
"Ambazari, Nagpur - MPCB",Nagpur,Maharashtra,2026-07-16 05:00:00,21.121801,79.04952,PM10,63.0
"Ambazari, Nagpur - MPCB",Nagpur,Maharashtra,2026-07-16 05:00:00,21.121801,79.04952,PM2.5,40.0
"Ambazari, Nagpur - MPCB",Nagpur,Maharashtra,2026-07-16 05:00:00,21.121801,79.04952,SO2,7.0
"Mahal, Nagpur - MPCB",Nagpur,Maharashtra,2026-07-16 05:00:00,21.14472,79.107595,CO,21.0
"Mahal, Nagpur - MPCB",Nagpur,Maharashtra,2026-07-16 05:00:00,21.14472,79.107595,NH3,4.0
"Mahal, Nagpur - MPCB",Nagpur,Maharashtra,2026-07-16 05:00:00,21.14472,79.107595,NO2,17.0
"Mahal, Nagpur - MPCB",Nagpur,Maharashtra,2026-07-16 05:00:00,21.14472,79.107595,O3,14.0
"Mahal, Nagpur - MPCB",Nagpur,Maharashtra,2026-07-16 05:00:00,21.14472,79.107595,PM10,72.0
"Mahal, Nagpur - MPCB",Nagpur,Maharashtra,2026-07-16 05:00:00,21.14472,79.107595,PM2.5,48.0
"Mahal, Nagpur - MPCB",Nagpur,Maharashtra,2026-07-16 05:00:00,21.14472,79.107595,SO2,19.0
"Opp GPO Civil Lines, Nagpur - MPCB",Nagpur,Maharashtra,2026-07-16 05:00:00,21.152875,79.0517531,CO,28.0
"Opp GPO Civil Lines, Nagpur - MPCB",Nagpur,Maharashtra,2026-07-16 05:00:00,21.152875,79.0517531,NH3,5.0
"Opp GPO Civil Lines, Nagpur - MPCB",Nagpur,Maharashtra,2026-07-16 05:00:00,21.152875,79.0517531,NO2,16.0
"Opp GPO Civil Lines, Nagpur - MPCB",Nagpur,Maharashtra,2026-07-16 05:00:00,21.152875,79.0517531,O3,9.0
"Opp GPO Civil Lines, Nagpur - MPCB",Nagpur,Maharashtra,2026-07-16 05:00:00,21.152875,79.0517531,PM10,79.0
"Opp GPO Civil Lines, Nagpur - MPCB",Nagpur,Maharashtra,2026-07-16 05:00:00,21.152875,79.0517531,PM2.5,41.0
"Opp GPO Civil Lines, Nagpur - MPCB",Nagpur,Maharashtra,2026-07-16 05:00:00,21.152875,79.0517531,SO2,5.0
"Ram Nagar, Nagpur - MPCB",Nagpur,Maharashtra,2026-07-16 05:00:00,21.143383,79.048912,CO,13.0
"Ram Nagar, Nagpur - MPCB",Nagpur,Maharashtra,2026-07-16 05:00:00,21.143383,79.048912,NH3,4.0
"Ram Nagar, Nagpur - MPCB",Nagpur,Maharashtra,2026-07-16 05:00:00,21.143383,79.048912,NO2,10.0
"Ram Nagar, Nagpur - MPCB",Nagpur,Maharashtra,2026-07-16 05:00:00,21.143383,79.048912,O3,9.0
"Ram Nagar, Nagpur - MPCB",Nagpur,Maharashtra,2026-07-16 05:00:00,21.143383,79.048912,PM10,59.0
"Ram Nagar, Nagpur - MPCB",Nagpur,Maharashtra,2026-07-16 05:00:00,21.143383,79.048912,PM2.5,44.0
"Ram Nagar, Nagpur - MPCB",Nagpur,Maharashtra,2026-07-16 05:00:00,21.143383,79.048912,SO2,9.0
"Sneh Nagar, Nanded - MPCB",Nanded,Maharashtra,2026-07-16 05:00:00,19.173852,77.296291,CO,21.0
"Sneh Nagar, Nanded - MPCB",Nanded,Maharashtra,2026-07-16 05:00:00,19.173852,77.296291,NH3,4.0
"Sneh Nagar, Nanded - MPCB",Nanded,Maharashtra,2026-07-16 05:00:00,19.173852,77.296291,NO2,23.0
"Sneh Nagar, Nanded - MPCB",Nanded,Maharashtra,2026-07-16 05:00:00,19.173852,77.296291,O3,44.0
"Sneh Nagar, Nanded - MPCB",Nanded,Maharashtra,2026-07-16 05:00:00,19.173852,77.296291,PM10,55.0
"Sneh Nagar, Nanded - MPCB",Nanded,Maharashtra,2026-07-16 05:00:00,19.173852,77.296291,PM2.5,26.0
"Sneh Nagar, Nanded - MPCB",Nanded,Maharashtra,2026-07-16 05:00:00,19.173852,77.296291,SO2,6.0
"Gangapur Road, Nashik - MPCB",Nashik,Maharashtra,2026-07-16 05:00:00,20.0073285,73.7762427,CO,22.0
"Gangapur Road, Nashik - MPCB",Nashik,Maharashtra,2026-07-16 05:00:00,20.0073285,73.7762427,NH3,3.0
"Gangapur Road, Nashik - MPCB",Nashik,Maharashtra,2026-07-16 05:00:00,20.0073285,73.7762427,NO2,5.0
"Gangapur Road, Nashik - MPCB",Nashik,Maharashtra,2026-07-16 05:00:00,20.0073285,73.7762427,O3,21.0
"Gangapur Road, Nashik - MPCB",Nashik,Maharashtra,2026-07-16 05:00:00,20.0073285,73.7762427,PM10,36.0
"Gangapur Road, Nashik - MPCB",Nashik,Maharashtra,2026-07-16 05:00:00,20.0073285,73.7762427,PM2.5,37.0
"Gangapur Road, Nashik - MPCB",Nashik,Maharashtra,2026-07-16 05:00:00,20.0073285,73.7762427,SO2,5.0
"Hirawadi, Nashik - MPCB",Nashik,Maharashtra,2026-07-16 05:00:00,20.021503,73.813844,CO,33.0
"Hirawadi, Nashik - MPCB",Nashik,Maharashtra,2026-07-16 05:00:00,20.021503,73.813844,NH3,4.0
"Hirawadi, Nashik - MPCB",Nashik,Maharashtra,2026-07-16 05:00:00,20.021503,73.813844,NO2,5.0
"Hirawadi, Nashik - MPCB",Nashik,Maharashtra,2026-07-16 05:00:00,20.021503,73.813844,O3,20.0
"Hirawadi, Nashik - MPCB",Nashik,Maharashtra,2026-07-16 05:00:00,20.021503,73.813844,PM10,45.0
"Hirawadi, Nashik - MPCB",Nashik,Maharashtra,2026-07-16 05:00:00,20.021503,73.813844,PM2.5,33.0
"Hirawadi, Nashik - MPCB",Nashik,Maharashtra,2026-07-16 05:00:00,20.021503,73.813844,SO2,10.0
"MIDC Ambad, Nashik - MPCB",Nashik,Maharashtra,2026-07-16 05:00:00,19.95022,73.73148,CO,15.0
"MIDC Ambad, Nashik - MPCB",Nashik,Maharashtra,2026-07-16 05:00:00,19.95022,73.73148,NH3,3.0
"MIDC Ambad, Nashik - MPCB",Nashik,Maharashtra,2026-07-16 05:00:00,19.95022,73.73148,NO2,5.0
"MIDC Ambad, Nashik - MPCB",Nashik,Maharashtra,2026-07-16 05:00:00,19.95022,73.73148,O3,19.0
"MIDC Ambad, Nashik - MPCB",Nashik,Maharashtra,2026-07-16 05:00:00,19.95022,73.73148,PM10,63.0
"MIDC Ambad, Nashik - MPCB",Nashik,Maharashtra,2026-07-16 05:00:00,19.95022,73.73148,PM2.5,41.0
"MIDC Ambad, Nashik - MPCB",Nashik,Maharashtra,2026-07-16 05:00:00,19.95022,73.73148,SO2,2.0
"Pandav Nagari, Nashik - MPCB",Nashik,Maharashtra,2026-07-16 05:00:00,19.9591346,73.7788008,CO,10.0
"Pandav Nagari, Nashik - MPCB",Nashik,Maharashtra,2026-07-16 05:00:00,19.9591346,73.7788008,NH3,1.0
"Pandav Nagari, Nashik - MPCB",Nashik,Maharashtra,2026-07-16 05:00:00,19.9591346,73.7788008,NO2,4.0
"Pandav Nagari, Nashik - MPCB",Nashik,Maharashtra,2026-07-16 05:00:00,19.9591346,73.7788008,O3,17.0
"Pandav Nagari, Nashik - MPCB",Nashik,Maharashtra,2026-07-16 05:00:00,19.9591346,73.7788008,PM10,53.0
"Pandav Nagari, Nashik - MPCB",Nashik,Maharashtra,2026-07-16 05:00:00,19.9591346,73.7788008,PM2.5,25.0
"Pandav Nagari, Nashik - MPCB",Nashik,Maharashtra,2026-07-16 05:00:00,19.9591346,73.7788008,SO2,2.0
"Kopripada-Vashi, Navi Mumbai - MPCB",Navi Mumbai,Maharashtra,2026-07-16 05:00:00,19.090337,73.014232,CO,20.0
"Kopripada-Vashi, Navi Mumbai - MPCB",Navi Mumbai,Maharashtra,2026-07-16 05:00:00,19.090337,73.014232,NH3,8.0
"Kopripada-Vashi, Navi Mumbai - MPCB",Navi Mumbai,Maharashtra,2026-07-16 05:00:00,19.090337,73.014232,NO2,11.0
"Kopripada-Vashi, Navi Mumbai - MPCB",Navi Mumbai,Maharashtra,2026-07-16 05:00:00,19.090337,73.014232,O3,22.0
"Kopripada-Vashi, Navi Mumbai - MPCB",Navi Mumbai,Maharashtra,2026-07-16 05:00:00,19.090337,73.014232,PM10,46.0
"Kopripada-Vashi, Navi Mumbai - MPCB",Navi Mumbai,Maharashtra,2026-07-16 05:00:00,19.090337,73.014232,PM2.5,41.0
"Kopripada-Vashi, Navi Mumbai - MPCB",Navi Mumbai,Maharashtra,2026-07-16 05:00:00,19.090337,73.014232,SO2,1.0
"Mahape, Navi Mumbai - MPCB",Navi Mumbai,Maharashtra,2026-07-16 05:00:00,19.1135051,73.008978,CO,47.0
"Mahape, Navi Mumbai - MPCB",Navi Mumbai,Maharashtra,2026-07-16 05:00:00,19.1135051,73.008978,NH3,1.0
"Mahape, Navi Mumbai - MPCB",Navi Mumbai,Maharashtra,2026-07-16 05:00:00,19.1135051,73.008978,NO2,43.0
"Mahape, Navi Mumbai - MPCB",Navi Mumbai,Maharashtra,2026-07-16 05:00:00,19.1135051,73.008978,O3,9.0
"Mahape, Navi Mumbai - MPCB",Navi Mumbai,Maharashtra,2026-07-16 05:00:00,19.1135051,73.008978,PM10,59.0
"Mahape, Navi Mumbai - MPCB",Navi Mumbai,Maharashtra,2026-07-16 05:00:00,19.1135051,73.008978,PM2.5,27.0
"Mahape, Navi Mumbai - MPCB",Navi Mumbai,Maharashtra,2026-07-16 05:00:00,19.1135051,73.008978,SO2,17.0
"Nerul, Navi Mumbai - MPCB",Navi Mumbai,Maharashtra,2026-07-16 05:00:00,19.008751,73.01662,NH3,1.0
"Nerul, Navi Mumbai - MPCB",Navi Mumbai,Maharashtra,2026-07-16 05:00:00,19.008751,73.01662,NO2,9.0
"Nerul, Navi Mumbai - MPCB",Navi Mumbai,Maharashtra,2026-07-16 05:00:00,19.008751,73.01662,PM2.5,10.0
"Sanpada, Navi Mumbai - MPCB",Navi Mumbai,Maharashtra,2026-07-16 05:00:00,19.0575752,73.0151367,CO,4.0
"Sanpada, Navi Mumbai - MPCB",Navi Mumbai,Maharashtra,2026-07-16 05:00:00,19.0575752,73.0151367,NH3,1.0
"Sanpada, Navi Mumbai - MPCB",Navi Mumbai,Maharashtra,2026-07-16 05:00:00,19.0575752,73.0151367,NO2,3.0
"Sanpada, Navi Mumbai - MPCB",Navi Mumbai,Maharashtra,2026-07-16 05:00:00,19.0575752,73.0151367,O3,10.0
"Sanpada, Navi Mumbai - MPCB",Navi Mumbai,Maharashtra,2026-07-16 05:00:00,19.0575752,73.0151367,PM10,37.0
"Sanpada, Navi Mumbai - MPCB",Navi Mumbai,Maharashtra,2026-07-16 05:00:00,19.0575752,73.0151367,PM2.5,25.0
"Sanpada, Navi Mumbai - MPCB",Navi Mumbai,Maharashtra,2026-07-16 05:00:00,19.0575752,73.0151367,SO2,5.0
"Sector-2E Kalamboli, Navi Mumbai - MPCB",Navi Mumbai,Maharashtra,2026-07-16 05:00:00,19.02579,73.10297,CO,12.0
"Sector-2E Kalamboli, Navi Mumbai - MPCB",Navi Mumbai,Maharashtra,2026-07-16 05:00:00,19.02579,73.10297,NH3,6.0
"Sector-2E Kalamboli, Navi Mumbai - MPCB",Navi Mumbai,Maharashtra,2026-07-16 05:00:00,19.02579,73.10297,NO2,8.0
"Sector-2E Kalamboli, Navi Mumbai - MPCB",Navi Mumbai,Maharashtra,2026-07-16 05:00:00,19.02579,73.10297,O3,13.0
"Sector-2E Kalamboli, Navi Mumbai - MPCB",Navi Mumbai,Maharashtra,2026-07-16 05:00:00,19.02579,73.10297,PM10,44.0
"Sector-2E Kalamboli, Navi Mumbai - MPCB",Navi Mumbai,Maharashtra,2026-07-16 05:00:00,19.02579,73.10297,PM2.5,20.0
"Sector-2E Kalamboli, Navi Mumbai - MPCB",Navi Mumbai,Maharashtra,2026-07-16 05:00:00,19.02579,73.10297,SO2,5.0
"Tondare-Taloja, Navi Mumbai - MPCB",Navi Mumbai,Maharashtra,2026-07-16 05:00:00,19.063,73.1209,CO,14.0
"Tondare-Taloja, Navi Mumbai - MPCB",Navi Mumbai,Maharashtra,2026-07-16 05:00:00,19.063,73.1209,NH3,5.0
"Tondare-Taloja, Navi Mumbai - MPCB",Navi Mumbai,Maharashtra,2026-07-16 05:00:00,19.063,73.1209,NO2,5.0
"Tondare-Taloja, Navi Mumbai - MPCB",Navi Mumbai,Maharashtra,2026-07-16 05:00:00,19.063,73.1209,O3,36.0
"Tondare-Taloja, Navi Mumbai - MPCB",Navi Mumbai,Maharashtra,2026-07-16 05:00:00,19.063,73.1209,PM10,64.0
"Tondare-Taloja, Navi Mumbai - MPCB",Navi Mumbai,Maharashtra,2026-07-16 05:00:00,19.063,73.1209,PM2.5,25.0
"Tondare-Taloja, Navi Mumbai - MPCB",Navi Mumbai,Maharashtra,2026-07-16 05:00:00,19.063,73.1209,SO2,21.0
"Masoom Colony, Parbhani - MPCB",Parbhani,Maharashtra,2026-07-16 05:00:00,19.265594,76.761463,CO,12.0
"Masoom Colony, Parbhani - MPCB",Parbhani,Maharashtra,2026-07-16 05:00:00,19.265594,76.761463,NH3,4.0
"Masoom Colony, Parbhani - MPCB",Parbhani,Maharashtra,2026-07-16 05:00:00,19.265594,76.761463,NO2,28.0
"Masoom Colony, Parbhani - MPCB",Parbhani,Maharashtra,2026-07-16 05:00:00,19.265594,76.761463,O3,7.0
"Masoom Colony, Parbhani - MPCB",Parbhani,Maharashtra,2026-07-16 05:00:00,19.265594,76.761463,PM10,58.0
"Masoom Colony, Parbhani - MPCB",Parbhani,Maharashtra,2026-07-16 05:00:00,19.265594,76.761463,PM2.5,40.0
"Masoom Colony, Parbhani - MPCB",Parbhani,Maharashtra,2026-07-16 05:00:00,19.265594,76.761463,SO2,2.0
"Bhosari, Pune - IITM",Pimpri-Chinchwad,Maharashtra,2026-07-16 05:00:00,18.640051,73.848956,CO,21.0
"Bhosari, Pune - IITM",Pimpri-Chinchwad,Maharashtra,2026-07-16 05:00:00,18.640051,73.848956,O3,8.0
"Gavalinagar, Pimpri Chinchwad - MPCB",Pimpri-Chinchwad,Maharashtra,2026-07-16 05:00:00,18.63673,73.82487,CO,9.0
"Gavalinagar, Pimpri Chinchwad - MPCB",Pimpri-Chinchwad,Maharashtra,2026-07-16 05:00:00,18.63673,73.82487,O3,7.0
"Gavalinagar, Pimpri Chinchwad - MPCB",Pimpri-Chinchwad,Maharashtra,2026-07-16 05:00:00,18.63673,73.82487,PM10,40.0
"Gavalinagar, Pimpri Chinchwad - MPCB",Pimpri-Chinchwad,Maharashtra,2026-07-16 05:00:00,18.63673,73.82487,PM2.5,20.0
"Gavalinagar, Pimpri Chinchwad - MPCB",Pimpri-Chinchwad,Maharashtra,2026-07-16 05:00:00,18.63673,73.82487,SO2,1.0
"Park Street Wakad, Pimpri Chinchwad - MPCB",Pimpri-Chinchwad,Maharashtra,2026-07-16 05:00:00,18.59051,73.77946,CO,8.0
"Park Street Wakad, Pimpri Chinchwad - MPCB",Pimpri-Chinchwad,Maharashtra,2026-07-16 05:00:00,18.59051,73.77946,NO2,13.0
"Park Street Wakad, Pimpri Chinchwad - MPCB",Pimpri-Chinchwad,Maharashtra,2026-07-16 05:00:00,18.59051,73.77946,O3,12.0
"Park Street Wakad, Pimpri Chinchwad - MPCB",Pimpri-Chinchwad,Maharashtra,2026-07-16 05:00:00,18.59051,73.77946,PM10,29.0
"Park Street Wakad, Pimpri Chinchwad - MPCB",Pimpri-Chinchwad,Maharashtra,2026-07-16 05:00:00,18.59051,73.77946,PM2.5,17.0
"Savta Mali Nagar, Pimpri-Chinchwad - IITM",Pimpri-Chinchwad,Maharashtra,2026-07-16 05:00:00,18.614767,73.799516,CO,28.0
"Savta Mali Nagar, Pimpri-Chinchwad - IITM",Pimpri-Chinchwad,Maharashtra,2026-07-16 05:00:00,18.614767,73.799516,NO2,18.0
"Savta Mali Nagar, Pimpri-Chinchwad - IITM",Pimpri-Chinchwad,Maharashtra,2026-07-16 05:00:00,18.614767,73.799516,O3,11.0
"Savta Mali Nagar, Pimpri-Chinchwad - IITM",Pimpri-Chinchwad,Maharashtra,2026-07-16 05:00:00,18.614767,73.799516,PM2.5,21.0
"Thergaon, Pimpri Chinchwad - MPCB",Pimpri-Chinchwad,Maharashtra,2026-07-16 05:00:00,18.616318,73.765797,CO,20.0
"Thergaon, Pimpri Chinchwad - MPCB",Pimpri-Chinchwad,Maharashtra,2026-07-16 05:00:00,18.616318,73.765797,NH3,5.0
"Thergaon, Pimpri Chinchwad - MPCB",Pimpri-Chinchwad,Maharashtra,2026-07-16 05:00:00,18.616318,73.765797,NO2,7.0
"Thergaon, Pimpri Chinchwad - MPCB",Pimpri-Chinchwad,Maharashtra,2026-07-16 05:00:00,18.616318,73.765797,O3,10.0
"Thergaon, Pimpri Chinchwad - MPCB",Pimpri-Chinchwad,Maharashtra,2026-07-16 05:00:00,18.616318,73.765797,PM10,74.0
"Thergaon, Pimpri Chinchwad - MPCB",Pimpri-Chinchwad,Maharashtra,2026-07-16 05:00:00,18.616318,73.765797,PM2.5,52.0
"Thergaon, Pimpri Chinchwad - MPCB",Pimpri-Chinchwad,Maharashtra,2026-07-16 05:00:00,18.616318,73.765797,SO2,1.0
"Transport Nagar-Nigdi, Pune - IITM",Pimpri-Chinchwad,Maharashtra,2026-07-16 05:00:00,18.664282,73.763966,CO,39.0
"Transport Nagar-Nigdi, Pune - IITM",Pimpri-Chinchwad,Maharashtra,2026-07-16 05:00:00,18.664282,73.763966,NO2,18.0
"Transport Nagar-Nigdi, Pune - IITM",Pimpri-Chinchwad,Maharashtra,2026-07-16 05:00:00,18.664282,73.763966,O3,9.0
"Transport Nagar-Nigdi, Pune - IITM",Pimpri-Chinchwad,Maharashtra,2026-07-16 05:00:00,18.664282,73.763966,PM10,48.0
"Transport Nagar-Nigdi, Pune - IITM",Pimpri-Chinchwad,Maharashtra,2026-07-16 05:00:00,18.664282,73.763966,PM2.5,22.0
"Dhankawadi, Pune - IITM",Pune,Maharashtra,2026-07-16 05:00:00,18.459883,73.852193,CO,79.0
"Dhankawadi, Pune - IITM",Pune,Maharashtra,2026-07-16 05:00:00,18.459883,73.852193,NO2,23.0
"Dhankawadi, Pune - IITM",Pune,Maharashtra,2026-07-16 05:00:00,18.459883,73.852193,O3,2.0
"Dhankawadi, Pune - IITM",Pune,Maharashtra,2026-07-16 05:00:00,18.459883,73.852193,PM10,58.0
"Dhankawadi, Pune - IITM",Pune,Maharashtra,2026-07-16 05:00:00,18.459883,73.852193,PM2.5,29.0
"Mhada Colony, Pune - IITM",Pune,Maharashtra,2026-07-16 05:00:00,18.57304,73.927715,CO,44.0
"Mhada Colony, Pune - IITM",Pune,Maharashtra,2026-07-16 05:00:00,18.57304,73.927715,NO2,36.0
"Mhada Colony, Pune - IITM",Pune,Maharashtra,2026-07-16 05:00:00,18.57304,73.927715,O3,10.0
"Mhada Colony, Pune - IITM",Pune,Maharashtra,2026-07-16 05:00:00,18.57304,73.927715,PM10,73.0
"Mhada Colony, Pune - IITM",Pune,Maharashtra,2026-07-16 05:00:00,18.57304,73.927715,PM2.5,42.0
"Panchawati_Pashan, Pune - IITM",Pune,Maharashtra,2026-07-16 05:00:00,18.536457,73.805454,CO,68.0
"Panchawati_Pashan, Pune - IITM",Pune,Maharashtra,2026-07-16 05:00:00,18.536457,73.805454,NO2,9.0
"Panchawati_Pashan, Pune - IITM",Pune,Maharashtra,2026-07-16 05:00:00,18.536457,73.805454,O3,2.0
"Panchawati_Pashan, Pune - IITM",Pune,Maharashtra,2026-07-16 05:00:00,18.536457,73.805454,PM10,54.0
"Panchawati_Pashan, Pune - IITM",Pune,Maharashtra,2026-07-16 05:00:00,18.536457,73.805454,PM2.5,28.0
"Revenue Colony-Shivajinagar, Pune - IITM",Pune,Maharashtra,2026-07-16 05:00:00,18.530085,73.849598,CO,17.0
"Revenue Colony-Shivajinagar, Pune - IITM",Pune,Maharashtra,2026-07-16 05:00:00,18.530085,73.849598,O3,13.0
"Revenue Colony-Shivajinagar, Pune - IITM",Pune,Maharashtra,2026-07-16 05:00:00,18.530085,73.849598,PM10,34.0
"Revenue Colony-Shivajinagar, Pune - IITM",Pune,Maharashtra,2026-07-16 05:00:00,18.530085,73.849598,PM2.5,28.0
"Revenue Colony-Shivajinagar, Pune - IITM",Pune,Maharashtra,2026-07-16 05:00:00,18.530085,73.849598,SO2,19.0
"Savitribai Phule Pune University, Pune - MPCB",Pune,Maharashtra,2026-07-16 05:00:00,18.547056,73.826908,CO,26.0
"Savitribai Phule Pune University, Pune - MPCB",Pune,Maharashtra,2026-07-16 05:00:00,18.547056,73.826908,NH3,1.0
"Savitribai Phule Pune University, Pune - MPCB",Pune,Maharashtra,2026-07-16 05:00:00,18.547056,73.826908,NO2,8.0
"Savitribai Phule Pune University, Pune - MPCB",Pune,Maharashtra,2026-07-16 05:00:00,18.547056,73.826908,O3,9.0
"Savitribai Phule Pune University, Pune - MPCB",Pune,Maharashtra,2026-07-16 05:00:00,18.547056,73.826908,PM10,33.0
"Savitribai Phule Pune University, Pune - MPCB",Pune,Maharashtra,2026-07-16 05:00:00,18.547056,73.826908,PM2.5,21.0
"Savitribai Phule Pune University, Pune - MPCB",Pune,Maharashtra,2026-07-16 05:00:00,18.547056,73.826908,SO2,4.0
"Vijay Nagar, Sangli - MPCB",Sangli,Maharashtra,2026-07-16 05:00:00,16.5038,74.3623,CO,13.0
"Vijay Nagar, Sangli - MPCB",Sangli,Maharashtra,2026-07-16 05:00:00,16.5038,74.3623,NH3,0.0
"Vijay Nagar, Sangli - MPCB",Sangli,Maharashtra,2026-07-16 05:00:00,16.5038,74.3623,NO2,2.0
"Vijay Nagar, Sangli - MPCB",Sangli,Maharashtra,2026-07-16 05:00:00,16.5038,74.3623,O3,17.0
"Vijay Nagar, Sangli - MPCB",Sangli,Maharashtra,2026-07-16 05:00:00,16.5038,74.3623,PM10,55.0
"Vijay Nagar, Sangli - MPCB",Sangli,Maharashtra,2026-07-16 05:00:00,16.5038,74.3623,PM2.5,32.0
"Vijay Nagar, Sangli - MPCB",Sangli,Maharashtra,2026-07-16 05:00:00,16.5038,74.3623,SO2,7.0
"Dnyaneshwar Nagar, Solapur - MPCB",Solapur,Maharashtra,2026-07-16 05:00:00,17.6336264,75.9132495,CO,7.0
"Dnyaneshwar Nagar, Solapur - MPCB",Solapur,Maharashtra,2026-07-16 05:00:00,17.6336264,75.9132495,NH3,9.0
"Dnyaneshwar Nagar, Solapur - MPCB",Solapur,Maharashtra,2026-07-16 05:00:00,17.6336264,75.9132495,NO2,10.0
"Dnyaneshwar Nagar, Solapur - MPCB",Solapur,Maharashtra,2026-07-16 05:00:00,17.6336264,75.9132495,O3,8.0
"Dnyaneshwar Nagar, Solapur - MPCB",Solapur,Maharashtra,2026-07-16 05:00:00,17.6336264,75.9132495,PM10,43.0
"Dnyaneshwar Nagar, Solapur - MPCB",Solapur,Maharashtra,2026-07-16 05:00:00,17.6336264,75.9132495,PM2.5,33.0
"Dnyaneshwar Nagar, Solapur - MPCB",Solapur,Maharashtra,2026-07-16 05:00:00,17.6336264,75.9132495,SO2,2.0
"Ratandeep Housing Society, Solapur - MPCB",Solapur,Maharashtra,2026-07-16 05:00:00,17.65439,75.90649,CO,18.0
"Ratandeep Housing Society, Solapur - MPCB",Solapur,Maharashtra,2026-07-16 05:00:00,17.65439,75.90649,NH3,4.0
"Ratandeep Housing Society, Solapur - MPCB",Solapur,Maharashtra,2026-07-16 05:00:00,17.65439,75.90649,O3,7.0
"Ratandeep Housing Society, Solapur - MPCB",Solapur,Maharashtra,2026-07-16 05:00:00,17.65439,75.90649,PM10,45.0
"Ratandeep Housing Society, Solapur - MPCB",Solapur,Maharashtra,2026-07-16 05:00:00,17.65439,75.90649,PM2.5,33.0
"Ratandeep Housing Society, Solapur - MPCB",Solapur,Maharashtra,2026-07-16 05:00:00,17.65439,75.90649,SO2,3.0
"Kasarvadavali, Thane - MPCB",Thane,Maharashtra,2026-07-16 05:00:00,19.26777,72.97182,CO,15.0
"Kasarvadavali, Thane - MPCB",Thane,Maharashtra,2026-07-16 05:00:00,19.26777,72.97182,NH3,0.0
"Kasarvadavali, Thane - MPCB",Thane,Maharashtra,2026-07-16 05:00:00,19.26777,72.97182,NO2,10.0
"Kasarvadavali, Thane - MPCB",Thane,Maharashtra,2026-07-16 05:00:00,19.26777,72.97182,O3,68.0
"Kasarvadavali, Thane - MPCB",Thane,Maharashtra,2026-07-16 05:00:00,19.26777,72.97182,PM10,57.0
"Kasarvadavali, Thane - MPCB",Thane,Maharashtra,2026-07-16 05:00:00,19.26777,72.97182,PM2.5,23.0
"Kasarvadavali, Thane - MPCB",Thane,Maharashtra,2026-07-16 05:00:00,19.26777,72.97182,SO2,3.0
"Upvan Fort, Thane - MPCB",Thane,Maharashtra,2026-07-16 05:00:00,19.222279,72.957979,CO,12.0
"Upvan Fort, Thane - MPCB",Thane,Maharashtra,2026-07-16 05:00:00,19.222279,72.957979,O3,0.0
"Upvan Fort, Thane - MPCB",Thane,Maharashtra,2026-07-16 05:00:00,19.222279,72.957979,PM10,33.0
"Upvan Fort, Thane - MPCB",Thane,Maharashtra,2026-07-16 05:00:00,19.222279,72.957979,PM2.5,23.0
"Upvan Fort, Thane - MPCB",Thane,Maharashtra,2026-07-16 05:00:00,19.222279,72.957979,SO2,3.0
"Sidhi Vinayak Nagar, Ulhasnagar - MPCB",Ulhasnagar,Maharashtra,2026-07-16 05:00:00,19.235581,73.159121,CO,23.0
"Sidhi Vinayak Nagar, Ulhasnagar - MPCB",Ulhasnagar,Maharashtra,2026-07-16 05:00:00,19.235581,73.159121,NH3,3.0
"Sidhi Vinayak Nagar, Ulhasnagar - MPCB",Ulhasnagar,Maharashtra,2026-07-16 05:00:00,19.235581,73.159121,O3,13.0
"Sidhi Vinayak Nagar, Ulhasnagar - MPCB",Ulhasnagar,Maharashtra,2026-07-16 05:00:00,19.235581,73.159121,PM10,57.0
"Sidhi Vinayak Nagar, Ulhasnagar - MPCB",Ulhasnagar,Maharashtra,2026-07-16 05:00:00,19.235581,73.159121,PM2.5,49.0
"Sidhi Vinayak Nagar, Ulhasnagar - MPCB",Ulhasnagar,Maharashtra,2026-07-16 05:00:00,19.235581,73.159121,SO2,7.0
"Vithalwadi, Ulhasnagar - MPCB",Ulhasnagar,Maharashtra,2026-07-16 05:00:00,19.2307571,73.155192,CO,22.0
"Vithalwadi, Ulhasnagar - MPCB",Ulhasnagar,Maharashtra,2026-07-16 05:00:00,19.2307571,73.155192,NH3,0.0
"Vithalwadi, Ulhasnagar - MPCB",Ulhasnagar,Maharashtra,2026-07-16 05:00:00,19.2307571,73.155192,NO2,10.0
"Vithalwadi, Ulhasnagar - MPCB",Ulhasnagar,Maharashtra,2026-07-16 05:00:00,19.2307571,73.155192,O3,10.0
"Vithalwadi, Ulhasnagar - MPCB",Ulhasnagar,Maharashtra,2026-07-16 05:00:00,19.2307571,73.155192,PM10,40.0
"Vithalwadi, Ulhasnagar - MPCB",Ulhasnagar,Maharashtra,2026-07-16 05:00:00,19.2307571,73.155192,PM2.5,20.0
"Vithalwadi, Ulhasnagar - MPCB",Ulhasnagar,Maharashtra,2026-07-16 05:00:00,19.2307571,73.155192,SO2,12.0
"Bolinj, Virar - MPCB",Virar,Maharashtra,2026-07-16 05:00:00,19.445821,72.7988231,CO,26.0
"Bolinj, Virar - MPCB",Virar,Maharashtra,2026-07-16 05:00:00,19.445821,72.7988231,NH3,9.0
"Bolinj, Virar - MPCB",Virar,Maharashtra,2026-07-16 05:00:00,19.445821,72.7988231,NO2,15.0
"Bolinj, Virar - MPCB",Virar,Maharashtra,2026-07-16 05:00:00,19.445821,72.7988231,O3,23.0
"Bolinj, Virar - MPCB",Virar,Maharashtra,2026-07-16 05:00:00,19.445821,72.7988231,PM10,78.0
"Bolinj, Virar - MPCB",Virar,Maharashtra,2026-07-16 05:00:00,19.445821,72.7988231,PM2.5,39.0
"Bolinj, Virar - MPCB",Virar,Maharashtra,2026-07-16 05:00:00,19.445821,72.7988231,SO2,3.0
"Tamulikuchi, Byrnihat - Meghalaya PCB",Byrnihat,Meghalaya,2026-07-16 05:00:00,26.079047,91.875185,CO,7.0
"Tamulikuchi, Byrnihat - Meghalaya PCB",Byrnihat,Meghalaya,2026-07-16 05:00:00,26.079047,91.875185,NH3,0.0
"Tamulikuchi, Byrnihat - Meghalaya PCB",Byrnihat,Meghalaya,2026-07-16 05:00:00,26.079047,91.875185,PM10,62.0
"Tamulikuchi, Byrnihat - Meghalaya PCB",Byrnihat,Meghalaya,2026-07-16 05:00:00,26.079047,91.875185,PM2.5,95.0
"Lumpyngngad, Shillong - Meghalaya PCB",Shillong,Meghalaya,2026-07-16 05:00:00,25.5586,91.8985,CO,14.0
"Lumpyngngad, Shillong - Meghalaya PCB",Shillong,Meghalaya,2026-07-16 05:00:00,25.5586,91.8985,NH3,0.0
"Lumpyngngad, Shillong - Meghalaya PCB",Shillong,Meghalaya,2026-07-16 05:00:00,25.5586,91.8985,NO2,0.0
"Lumpyngngad, Shillong - Meghalaya PCB",Shillong,Meghalaya,2026-07-16 05:00:00,25.5586,91.8985,O3,15.0
"Lumpyngngad, Shillong - Meghalaya PCB",Shillong,Meghalaya,2026-07-16 05:00:00,25.5586,91.8985,SO2,10.0
"Sikulpuikawn, Aizawl - Mizoram PCB",Aizawl,Mizoram,2026-07-16 05:00:00,23.7176342,92.7192841,CO,3.0
"Sikulpuikawn, Aizawl - Mizoram PCB",Aizawl,Mizoram,2026-07-16 05:00:00,23.7176342,92.7192841,NH3,0.0
"Sikulpuikawn, Aizawl - Mizoram PCB",Aizawl,Mizoram,2026-07-16 05:00:00,23.7176342,92.7192841,NO2,1.0
"Sikulpuikawn, Aizawl - Mizoram PCB",Aizawl,Mizoram,2026-07-16 05:00:00,23.7176342,92.7192841,O3,6.0
"Sikulpuikawn, Aizawl - Mizoram PCB",Aizawl,Mizoram,2026-07-16 05:00:00,23.7176342,92.7192841,PM10,13.0
"Sikulpuikawn, Aizawl - Mizoram PCB",Aizawl,Mizoram,2026-07-16 05:00:00,23.7176342,92.7192841,SO2,15.0
"PWD Junction, Kohima - NPCB",Kohima,Nagaland,2026-07-16 05:00:00,25.6635413,94.0989878,CO,4.0
"PWD Junction, Kohima - NPCB",Kohima,Nagaland,2026-07-16 05:00:00,25.6635413,94.0989878,NH3,1.0
"PWD Junction, Kohima - NPCB",Kohima,Nagaland,2026-07-16 05:00:00,25.6635413,94.0989878,NO2,4.0
"PWD Junction, Kohima - NPCB",Kohima,Nagaland,2026-07-16 05:00:00,25.6635413,94.0989878,PM2.5,1.0
"PWD Junction, Kohima - NPCB",Kohima,Nagaland,2026-07-16 05:00:00,25.6635413,94.0989878,SO2,53.0
"Hakimapada, Angul - OSPCB",Angul,Odisha,2026-07-16 05:00:00,20.832874,85.104082,CO,64.0
"Hakimapada, Angul - OSPCB",Angul,Odisha,2026-07-16 05:00:00,20.832874,85.104082,NH3,3.0
"Hakimapada, Angul - OSPCB",Angul,Odisha,2026-07-16 05:00:00,20.832874,85.104082,NO2,20.0
"Hakimapada, Angul - OSPCB",Angul,Odisha,2026-07-16 05:00:00,20.832874,85.104082,O3,14.0
"Hakimapada, Angul - OSPCB",Angul,Odisha,2026-07-16 05:00:00,20.832874,85.104082,PM10,70.0
"Hakimapada, Angul - OSPCB",Angul,Odisha,2026-07-16 05:00:00,20.832874,85.104082,PM2.5,32.0
"Hakimapada, Angul - OSPCB",Angul,Odisha,2026-07-16 05:00:00,20.832874,85.104082,SO2,24.0
"Kalidaspur, Balasore - OSPCB",Balasore,Odisha,2026-07-16 05:00:00,21.51161,86.89088,CO,33.0
"Kalidaspur, Balasore - OSPCB",Balasore,Odisha,2026-07-16 05:00:00,21.51161,86.89088,NH3,3.0
"Kalidaspur, Balasore - OSPCB",Balasore,Odisha,2026-07-16 05:00:00,21.51161,86.89088,NO2,12.0
"Kalidaspur, Balasore - OSPCB",Balasore,Odisha,2026-07-16 05:00:00,21.51161,86.89088,O3,38.0
"Kalidaspur, Balasore - OSPCB",Balasore,Odisha,2026-07-16 05:00:00,21.51161,86.89088,PM10,32.0
"Kalidaspur, Balasore - OSPCB",Balasore,Odisha,2026-07-16 05:00:00,21.51161,86.89088,PM2.5,24.0
"Kalidaspur, Balasore - OSPCB",Balasore,Odisha,2026-07-16 05:00:00,21.51161,86.89088,SO2,4.0
"Forest Office, Barbil - OSPCB",Barbil,Odisha,2026-07-16 05:00:00,22.1166054,85.3945546,CO,19.0
"Forest Office, Barbil - OSPCB",Barbil,Odisha,2026-07-16 05:00:00,22.1166054,85.3945546,NH3,2.0
"Forest Office, Barbil - OSPCB",Barbil,Odisha,2026-07-16 05:00:00,22.1166054,85.3945546,NO2,5.0
"Forest Office, Barbil - OSPCB",Barbil,Odisha,2026-07-16 05:00:00,22.1166054,85.3945546,O3,26.0
"Forest Office, Barbil - OSPCB",Barbil,Odisha,2026-07-16 05:00:00,22.1166054,85.3945546,PM10,76.0
"Forest Office, Barbil - OSPCB",Barbil,Odisha,2026-07-16 05:00:00,22.1166054,85.3945546,PM2.5,41.0
"Forest Office, Barbil - OSPCB",Barbil,Odisha,2026-07-16 05:00:00,22.1166054,85.3945546,SO2,12.0
"Meher Colony, Baripada - OSPCB",Baripada,Odisha,2026-07-16 05:00:00,21.941841,86.728318,CO,4.0
"Meher Colony, Baripada - OSPCB",Baripada,Odisha,2026-07-16 05:00:00,21.941841,86.728318,NH3,2.0
"Meher Colony, Baripada - OSPCB",Baripada,Odisha,2026-07-16 05:00:00,21.941841,86.728318,NO2,15.0
"Meher Colony, Baripada - OSPCB",Baripada,Odisha,2026-07-16 05:00:00,21.941841,86.728318,O3,25.0
"Meher Colony, Baripada - OSPCB",Baripada,Odisha,2026-07-16 05:00:00,21.941841,86.728318,PM10,36.0
"Meher Colony, Baripada - OSPCB",Baripada,Odisha,2026-07-16 05:00:00,21.941841,86.728318,PM2.5,29.0
"Meher Colony, Baripada - OSPCB",Baripada,Odisha,2026-07-16 05:00:00,21.941841,86.728318,SO2,10.0
"Lingraj Mandir, Bhubaneswar - OSPCB",Bhubaneswar,Odisha,2026-07-16 05:00:00,20.24079,85.836784,CO,41.0
"Lingraj Mandir, Bhubaneswar - OSPCB",Bhubaneswar,Odisha,2026-07-16 05:00:00,20.24079,85.836784,NH3,4.0
"Lingraj Mandir, Bhubaneswar - OSPCB",Bhubaneswar,Odisha,2026-07-16 05:00:00,20.24079,85.836784,NO2,22.0
"Lingraj Mandir, Bhubaneswar - OSPCB",Bhubaneswar,Odisha,2026-07-16 05:00:00,20.24079,85.836784,O3,26.0
"Lingraj Mandir, Bhubaneswar - OSPCB",Bhubaneswar,Odisha,2026-07-16 05:00:00,20.24079,85.836784,PM10,60.0
"Lingraj Mandir, Bhubaneswar - OSPCB",Bhubaneswar,Odisha,2026-07-16 05:00:00,20.24079,85.836784,PM2.5,64.0
"Lingraj Mandir, Bhubaneswar - OSPCB",Bhubaneswar,Odisha,2026-07-16 05:00:00,20.24079,85.836784,SO2,4.0
"Patia, Bhubaneswar - OSPCB",Bhubaneswar,Odisha,2026-07-16 05:00:00,20.34652,85.8163,CO,47.0
"Patia, Bhubaneswar - OSPCB",Bhubaneswar,Odisha,2026-07-16 05:00:00,20.34652,85.8163,NH3,2.0
"Patia, Bhubaneswar - OSPCB",Bhubaneswar,Odisha,2026-07-16 05:00:00,20.34652,85.8163,NO2,10.0
"Patia, Bhubaneswar - OSPCB",Bhubaneswar,Odisha,2026-07-16 05:00:00,20.34652,85.8163,O3,44.0
"Patia, Bhubaneswar - OSPCB",Bhubaneswar,Odisha,2026-07-16 05:00:00,20.34652,85.8163,PM10,65.0
"Patia, Bhubaneswar - OSPCB",Bhubaneswar,Odisha,2026-07-16 05:00:00,20.34652,85.8163,PM2.5,37.0
"Patia, Bhubaneswar - OSPCB",Bhubaneswar,Odisha,2026-07-16 05:00:00,20.34652,85.8163,SO2,12.0
"Tata Township, Bileipada - OSPCB",Bileipada,Odisha,2026-07-16 05:00:00,22.06156703,85.47409613,CO,24.0
"Tata Township, Bileipada - OSPCB",Bileipada,Odisha,2026-07-16 05:00:00,22.06156703,85.47409613,NH3,5.0
"Tata Township, Bileipada - OSPCB",Bileipada,Odisha,2026-07-16 05:00:00,22.06156703,85.47409613,NO2,16.0
"Tata Township, Bileipada - OSPCB",Bileipada,Odisha,2026-07-16 05:00:00,22.06156703,85.47409613,O3,15.0
"Tata Township, Bileipada - OSPCB",Bileipada,Odisha,2026-07-16 05:00:00,22.06156703,85.47409613,PM10,98.0
"Tata Township, Bileipada - OSPCB",Bileipada,Odisha,2026-07-16 05:00:00,22.06156703,85.47409613,PM2.5,76.0
"Tata Township, Bileipada - OSPCB",Bileipada,Odisha,2026-07-16 05:00:00,22.06156703,85.47409613,SO2,8.0
"GM Office, Brajrajnagar - OSPCB",Brajrajnagar,Odisha,2026-07-16 05:00:00,21.8004996,83.8396977,CO,28.0
"GM Office, Brajrajnagar - OSPCB",Brajrajnagar,Odisha,2026-07-16 05:00:00,21.8004996,83.8396977,NH3,4.0
"GM Office, Brajrajnagar - OSPCB",Brajrajnagar,Odisha,2026-07-16 05:00:00,21.8004996,83.8396977,NO2,23.0
"GM Office, Brajrajnagar - OSPCB",Brajrajnagar,Odisha,2026-07-16 05:00:00,21.8004996,83.8396977,O3,42.0
"GM Office, Brajrajnagar - OSPCB",Brajrajnagar,Odisha,2026-07-16 05:00:00,21.8004996,83.8396977,PM10,35.0
"GM Office, Brajrajnagar - OSPCB",Brajrajnagar,Odisha,2026-07-16 05:00:00,21.8004996,83.8396977,PM2.5,25.0
"GM Office, Brajrajnagar - OSPCB",Brajrajnagar,Odisha,2026-07-16 05:00:00,21.8004996,83.8396977,SO2,24.0
"Ferro Chrome Colony, Byasanagar - OSPCB",Byasanagar,Odisha,2026-07-16 05:00:00,20.94185,86.1151,CO,23.0
"Ferro Chrome Colony, Byasanagar - OSPCB",Byasanagar,Odisha,2026-07-16 05:00:00,20.94185,86.1151,O3,31.0
"CDA Area, Cuttack - OSPCB",Cuttack,Odisha,2026-07-16 05:00:00,20.48891,85.84768,CO,55.0
"CDA Area, Cuttack - OSPCB",Cuttack,Odisha,2026-07-16 05:00:00,20.48891,85.84768,NH3,8.0
"CDA Area, Cuttack - OSPCB",Cuttack,Odisha,2026-07-16 05:00:00,20.48891,85.84768,NO2,30.0
"CDA Area, Cuttack - OSPCB",Cuttack,Odisha,2026-07-16 05:00:00,20.48891,85.84768,O3,47.0
"CDA Area, Cuttack - OSPCB",Cuttack,Odisha,2026-07-16 05:00:00,20.48891,85.84768,PM10,78.0
"CDA Area, Cuttack - OSPCB",Cuttack,Odisha,2026-07-16 05:00:00,20.48891,85.84768,PM2.5,57.0
"CDA Area, Cuttack - OSPCB",Cuttack,Odisha,2026-07-16 05:00:00,20.48891,85.84768,SO2,13.0
"Jagamohanpur, Keonjhar - OSPCB",Keonjhar,Odisha,2026-07-16 05:00:00,21.6439,85.599355,CO,35.0
"Jagamohanpur, Keonjhar - OSPCB",Keonjhar,Odisha,2026-07-16 05:00:00,21.6439,85.599355,NH3,2.0
"Jagamohanpur, Keonjhar - OSPCB",Keonjhar,Odisha,2026-07-16 05:00:00,21.6439,85.599355,NO2,14.0
"Jagamohanpur, Keonjhar - OSPCB",Keonjhar,Odisha,2026-07-16 05:00:00,21.6439,85.599355,O3,17.0
"Jagamohanpur, Keonjhar - OSPCB",Keonjhar,Odisha,2026-07-16 05:00:00,21.6439,85.599355,PM10,63.0
"Jagamohanpur, Keonjhar - OSPCB",Keonjhar,Odisha,2026-07-16 05:00:00,21.6439,85.599355,PM2.5,31.0
"Jagamohanpur, Keonjhar - OSPCB",Keonjhar,Odisha,2026-07-16 05:00:00,21.6439,85.599355,SO2,13.0
"Divisional Forest Office, Rairangpur - OSPCB",Rairangpur,Odisha,2026-07-16 05:00:00,22.265816,86.174829,CO,15.0
"Divisional Forest Office, Rairangpur - OSPCB",Rairangpur,Odisha,2026-07-16 05:00:00,22.265816,86.174829,NH3,3.0
"Divisional Forest Office, Rairangpur - OSPCB",Rairangpur,Odisha,2026-07-16 05:00:00,22.265816,86.174829,NO2,6.0
"Divisional Forest Office, Rairangpur - OSPCB",Rairangpur,Odisha,2026-07-16 05:00:00,22.265816,86.174829,O3,7.0
"Divisional Forest Office, Rairangpur - OSPCB",Rairangpur,Odisha,2026-07-16 05:00:00,22.265816,86.174829,PM10,38.0
"Divisional Forest Office, Rairangpur - OSPCB",Rairangpur,Odisha,2026-07-16 05:00:00,22.265816,86.174829,PM2.5,22.0
"Divisional Forest Office, Rairangpur - OSPCB",Rairangpur,Odisha,2026-07-16 05:00:00,22.265816,86.174829,SO2,7.0
"Fertilizer Township, Rourkela - OSPCB",Rourkela,Odisha,2026-07-16 05:00:00,22.18972222,84.86277778,CO,18.0
"Fertilizer Township, Rourkela - OSPCB",Rourkela,Odisha,2026-07-16 05:00:00,22.18972222,84.86277778,NO2,11.0
"Fertilizer Township, Rourkela - OSPCB",Rourkela,Odisha,2026-07-16 05:00:00,22.18972222,84.86277778,PM10,58.0
"Fertilizer Township, Rourkela - OSPCB",Rourkela,Odisha,2026-07-16 05:00:00,22.18972222,84.86277778,PM2.5,64.0
"Fertilizer Township, Rourkela - OSPCB",Rourkela,Odisha,2026-07-16 05:00:00,22.18972222,84.86277778,SO2,11.0
"Raghunathpali, Rourkela - OSPCB",Rourkela,Odisha,2026-07-16 05:00:00,22.220833,84.809444,CO,43.0
"Raghunathpali, Rourkela - OSPCB",Rourkela,Odisha,2026-07-16 05:00:00,22.220833,84.809444,NH3,2.0
"Raghunathpali, Rourkela - OSPCB",Rourkela,Odisha,2026-07-16 05:00:00,22.220833,84.809444,NO2,15.0
"Raghunathpali, Rourkela - OSPCB",Rourkela,Odisha,2026-07-16 05:00:00,22.220833,84.809444,O3,8.0
"Raghunathpali, Rourkela - OSPCB",Rourkela,Odisha,2026-07-16 05:00:00,22.220833,84.809444,PM10,155.0
"Raghunathpali, Rourkela - OSPCB",Rourkela,Odisha,2026-07-16 05:00:00,22.220833,84.809444,PM2.5,33.0
"Raghunathpali, Rourkela - OSPCB",Rourkela,Odisha,2026-07-16 05:00:00,22.220833,84.809444,SO2,6.0
"Sector-2, Rourkela - OSPCB",Rourkela,Odisha,2026-07-16 05:00:00,22.245,84.88111111,CO,18.0
"Sector-2, Rourkela - OSPCB",Rourkela,Odisha,2026-07-16 05:00:00,22.245,84.88111111,NO2,11.0
"Sector-2, Rourkela - OSPCB",Rourkela,Odisha,2026-07-16 05:00:00,22.245,84.88111111,PM10,57.0
"Sector-2, Rourkela - OSPCB",Rourkela,Odisha,2026-07-16 05:00:00,22.245,84.88111111,PM2.5,53.0
"OMC Colony, Suakati - OSPCB",Suakati,Odisha,2026-07-16 05:00:00,21.606865,85.510538,CO,8.0
"OMC Colony, Suakati - OSPCB",Suakati,Odisha,2026-07-16 05:00:00,21.606865,85.510538,NH3,3.0
"OMC Colony, Suakati - OSPCB",Suakati,Odisha,2026-07-16 05:00:00,21.606865,85.510538,NO2,18.0
"OMC Colony, Suakati - OSPCB",Suakati,Odisha,2026-07-16 05:00:00,21.606865,85.510538,O3,16.0
"OMC Colony, Suakati - OSPCB",Suakati,Odisha,2026-07-16 05:00:00,21.606865,85.510538,PM10,88.0
"OMC Colony, Suakati - OSPCB",Suakati,Odisha,2026-07-16 05:00:00,21.606865,85.510538,PM2.5,42.0
"OMC Colony, Suakati - OSPCB",Suakati,Odisha,2026-07-16 05:00:00,21.606865,85.510538,SO2,3.0
"Talcher Coalfields,Talcher - OSPCB",Talcher,Odisha,2026-07-16 05:00:00,20.9360711,85.1707021,CO,26.0
"Talcher Coalfields,Talcher - OSPCB",Talcher,Odisha,2026-07-16 05:00:00,20.9360711,85.1707021,NH3,7.0
"Talcher Coalfields,Talcher - OSPCB",Talcher,Odisha,2026-07-16 05:00:00,20.9360711,85.1707021,NO2,40.0
"Talcher Coalfields,Talcher - OSPCB",Talcher,Odisha,2026-07-16 05:00:00,20.9360711,85.1707021,O3,18.0
"Talcher Coalfields,Talcher - OSPCB",Talcher,Odisha,2026-07-16 05:00:00,20.9360711,85.1707021,PM10,35.0
"Talcher Coalfields,Talcher - OSPCB",Talcher,Odisha,2026-07-16 05:00:00,20.9360711,85.1707021,SO2,58.0
"Barsua Iron Ore Mines, Tensa - OSPCB",Tensa,Odisha,2026-07-16 05:00:00,21.869985,85.167016,PM10,55.0
"Barsua Iron Ore Mines, Tensa - OSPCB",Tensa,Odisha,2026-07-16 05:00:00,21.869985,85.167016,PM2.5,27.0
"Barsua Iron Ore Mines, Tensa - OSPCB",Tensa,Odisha,2026-07-16 05:00:00,21.869985,85.167016,SO2,31.0
"Jawahar Nagar, Puducherry - PPCC",Puducherry,Puducherry,2026-07-16 05:00:00,11.9309,79.8027,CO,16.0
"Jawahar Nagar, Puducherry - PPCC",Puducherry,Puducherry,2026-07-16 05:00:00,11.9309,79.8027,NH3,3.0
"Jawahar Nagar, Puducherry - PPCC",Puducherry,Puducherry,2026-07-16 05:00:00,11.9309,79.8027,NO2,10.0
"Jawahar Nagar, Puducherry - PPCC",Puducherry,Puducherry,2026-07-16 05:00:00,11.9309,79.8027,O3,33.0
"Jawahar Nagar, Puducherry - PPCC",Puducherry,Puducherry,2026-07-16 05:00:00,11.9309,79.8027,PM10,54.0
"Jawahar Nagar, Puducherry - PPCC",Puducherry,Puducherry,2026-07-16 05:00:00,11.9309,79.8027,PM2.5,29.0
"Jawahar Nagar, Puducherry - PPCC",Puducherry,Puducherry,2026-07-16 05:00:00,11.9309,79.8027,SO2,8.0
"Golden Temple, Amritsar - PPCB",Amritsar,Punjab,2026-07-16 05:00:00,31.62,74.876512,CO,29.0
"Golden Temple, Amritsar - PPCB",Amritsar,Punjab,2026-07-16 05:00:00,31.62,74.876512,NH3,7.0
"Golden Temple, Amritsar - PPCB",Amritsar,Punjab,2026-07-16 05:00:00,31.62,74.876512,NO2,16.0
"Golden Temple, Amritsar - PPCB",Amritsar,Punjab,2026-07-16 05:00:00,31.62,74.876512,O3,39.0
"Golden Temple, Amritsar - PPCB",Amritsar,Punjab,2026-07-16 05:00:00,31.62,74.876512,PM10,106.0
"Golden Temple, Amritsar - PPCB",Amritsar,Punjab,2026-07-16 05:00:00,31.62,74.876512,PM2.5,99.0
"Golden Temple, Amritsar - PPCB",Amritsar,Punjab,2026-07-16 05:00:00,31.62,74.876512,SO2,13.0
"Hardev Nagar, Bathinda - PPCB",Bathinda,Punjab,2026-07-16 05:00:00,30.233011,74.907758,CO,66.0
"Hardev Nagar, Bathinda - PPCB",Bathinda,Punjab,2026-07-16 05:00:00,30.233011,74.907758,NO2,32.0
"Hardev Nagar, Bathinda - PPCB",Bathinda,Punjab,2026-07-16 05:00:00,30.233011,74.907758,PM10,37.0
"Hardev Nagar, Bathinda - PPCB",Bathinda,Punjab,2026-07-16 05:00:00,30.233011,74.907758,PM2.5,24.0
"Hardev Nagar, Bathinda - PPCB",Bathinda,Punjab,2026-07-16 05:00:00,30.233011,74.907758,SO2,16.0
"Civil Line, Jalandhar - PPCB",Jalandhar,Punjab,2026-07-16 05:00:00,31.321907,75.578914,CO,41.0
"Civil Line, Jalandhar - PPCB",Jalandhar,Punjab,2026-07-16 05:00:00,31.321907,75.578914,NH3,4.0
"Civil Line, Jalandhar - PPCB",Jalandhar,Punjab,2026-07-16 05:00:00,31.321907,75.578914,NO2,32.0
"Civil Line, Jalandhar - PPCB",Jalandhar,Punjab,2026-07-16 05:00:00,31.321907,75.578914,O3,45.0
"Civil Line, Jalandhar - PPCB",Jalandhar,Punjab,2026-07-16 05:00:00,31.321907,75.578914,PM10,77.0
"Civil Line, Jalandhar - PPCB",Jalandhar,Punjab,2026-07-16 05:00:00,31.321907,75.578914,PM2.5,46.0
"Civil Line, Jalandhar - PPCB",Jalandhar,Punjab,2026-07-16 05:00:00,31.321907,75.578914,SO2,14.0
"Kalal Majra, Khanna - PPCB",Khanna,Punjab,2026-07-16 05:00:00,30.736056,76.209694,CO,45.0
"Kalal Majra, Khanna - PPCB",Khanna,Punjab,2026-07-16 05:00:00,30.736056,76.209694,NH3,7.0
"Kalal Majra, Khanna - PPCB",Khanna,Punjab,2026-07-16 05:00:00,30.736056,76.209694,NO2,28.0
"Kalal Majra, Khanna - PPCB",Khanna,Punjab,2026-07-16 05:00:00,30.736056,76.209694,O3,24.0
"Kalal Majra, Khanna - PPCB",Khanna,Punjab,2026-07-16 05:00:00,30.736056,76.209694,PM10,70.0
"Kalal Majra, Khanna - PPCB",Khanna,Punjab,2026-07-16 05:00:00,30.736056,76.209694,PM2.5,44.0
"Kalal Majra, Khanna - PPCB",Khanna,Punjab,2026-07-16 05:00:00,30.736056,76.209694,SO2,15.0
"Punjab Agricultural University, Ludhiana - PPCB",Ludhiana,Punjab,2026-07-16 05:00:00,30.9028,75.8086,CO,25.0
"Punjab Agricultural University, Ludhiana - PPCB",Ludhiana,Punjab,2026-07-16 05:00:00,30.9028,75.8086,NH3,7.0
"Punjab Agricultural University, Ludhiana - PPCB",Ludhiana,Punjab,2026-07-16 05:00:00,30.9028,75.8086,NO2,32.0
"Punjab Agricultural University, Ludhiana - PPCB",Ludhiana,Punjab,2026-07-16 05:00:00,30.9028,75.8086,O3,71.0
"Punjab Agricultural University, Ludhiana - PPCB",Ludhiana,Punjab,2026-07-16 05:00:00,30.9028,75.8086,PM10,106.0
"Punjab Agricultural University, Ludhiana - PPCB",Ludhiana,Punjab,2026-07-16 05:00:00,30.9028,75.8086,PM2.5,92.0
"Punjab Agricultural University, Ludhiana - PPCB",Ludhiana,Punjab,2026-07-16 05:00:00,30.9028,75.8086,SO2,11.0
"RIMT University, Mandi Gobindgarh - PPCB",Mandi Gobindgarh,Punjab,2026-07-16 05:00:00,30.649961,76.331442,CO,50.0
"RIMT University, Mandi Gobindgarh - PPCB",Mandi Gobindgarh,Punjab,2026-07-16 05:00:00,30.649961,76.331442,NH3,5.0
"RIMT University, Mandi Gobindgarh - PPCB",Mandi Gobindgarh,Punjab,2026-07-16 05:00:00,30.649961,76.331442,NO2,24.0
"RIMT University, Mandi Gobindgarh - PPCB",Mandi Gobindgarh,Punjab,2026-07-16 05:00:00,30.649961,76.331442,O3,39.0
"RIMT University, Mandi Gobindgarh - PPCB",Mandi Gobindgarh,Punjab,2026-07-16 05:00:00,30.649961,76.331442,PM10,117.0
"RIMT University, Mandi Gobindgarh - PPCB",Mandi Gobindgarh,Punjab,2026-07-16 05:00:00,30.649961,76.331442,PM2.5,93.0
"RIMT University, Mandi Gobindgarh - PPCB",Mandi Gobindgarh,Punjab,2026-07-16 05:00:00,30.649961,76.331442,SO2,26.0
"Model Town, Patiala - PPCB",Patiala,Punjab,2026-07-16 05:00:00,30.349388,76.366642,CO,27.0
"Model Town, Patiala - PPCB",Patiala,Punjab,2026-07-16 05:00:00,30.349388,76.366642,NH3,6.0
"Model Town, Patiala - PPCB",Patiala,Punjab,2026-07-16 05:00:00,30.349388,76.366642,NO2,17.0
"Model Town, Patiala - PPCB",Patiala,Punjab,2026-07-16 05:00:00,30.349388,76.366642,O3,18.0
"Model Town, Patiala - PPCB",Patiala,Punjab,2026-07-16 05:00:00,30.349388,76.366642,PM10,123.0
"Model Town, Patiala - PPCB",Patiala,Punjab,2026-07-16 05:00:00,30.349388,76.366642,PM2.5,67.0
"Model Town, Patiala - PPCB",Patiala,Punjab,2026-07-16 05:00:00,30.349388,76.366642,SO2,11.0
"Ratanpura, Rupnagar - Ambuja Cements",Rupnagar,Punjab,2026-07-16 05:00:00,31.0325454,76.5623046,CO,50.0
"Ratanpura, Rupnagar - Ambuja Cements",Rupnagar,Punjab,2026-07-16 05:00:00,31.0325454,76.5623046,NO2,27.0
"Ratanpura, Rupnagar - Ambuja Cements",Rupnagar,Punjab,2026-07-16 05:00:00,31.0325454,76.5623046,PM10,68.0
"Ratanpura, Rupnagar - Ambuja Cements",Rupnagar,Punjab,2026-07-16 05:00:00,31.0325454,76.5623046,PM2.5,106.0
"Ratanpura, Rupnagar - Ambuja Cements",Rupnagar,Punjab,2026-07-16 05:00:00,31.0325454,76.5623046,SO2,12.0
"Civil Lines,  Ajmer - RSPCB",Ajmer,Rajasthan,2026-07-16 05:00:00,26.470859,74.646594,CO,17.0
"Civil Lines,  Ajmer - RSPCB",Ajmer,Rajasthan,2026-07-16 05:00:00,26.470859,74.646594,NH3,5.0
"Civil Lines,  Ajmer - RSPCB",Ajmer,Rajasthan,2026-07-16 05:00:00,26.470859,74.646594,NO2,39.0
"Civil Lines,  Ajmer - RSPCB",Ajmer,Rajasthan,2026-07-16 05:00:00,26.470859,74.646594,O3,15.0
"Civil Lines,  Ajmer - RSPCB",Ajmer,Rajasthan,2026-07-16 05:00:00,26.470859,74.646594,PM10,109.0
"Civil Lines,  Ajmer - RSPCB",Ajmer,Rajasthan,2026-07-16 05:00:00,26.470859,74.646594,PM2.5,88.0
"Civil Lines,  Ajmer - RSPCB",Ajmer,Rajasthan,2026-07-16 05:00:00,26.470859,74.646594,SO2,4.0
"Moti Doongri, Alwar - RSPCB",Alwar,Rajasthan,2026-07-16 05:00:00,27.554793,76.611536,CO,25.0
"Moti Doongri, Alwar - RSPCB",Alwar,Rajasthan,2026-07-16 05:00:00,27.554793,76.611536,NH3,10.0
"Moti Doongri, Alwar - RSPCB",Alwar,Rajasthan,2026-07-16 05:00:00,27.554793,76.611536,NO2,57.0
"Moti Doongri, Alwar - RSPCB",Alwar,Rajasthan,2026-07-16 05:00:00,27.554793,76.611536,O3,23.0
"Moti Doongri, Alwar - RSPCB",Alwar,Rajasthan,2026-07-16 05:00:00,27.554793,76.611536,PM10,95.0
"Moti Doongri, Alwar - RSPCB",Alwar,Rajasthan,2026-07-16 05:00:00,27.554793,76.611536,PM2.5,115.0
"Moti Doongri, Alwar - RSPCB",Alwar,Rajasthan,2026-07-16 05:00:00,27.554793,76.611536,SO2,40.0
"Rati Talai, Banswara - RSPCB",Banswara,Rajasthan,2026-07-16 05:00:00,23.55519,74.44001,CO,9.0
"Rati Talai, Banswara - RSPCB",Banswara,Rajasthan,2026-07-16 05:00:00,23.55519,74.44001,NH3,2.0
"Rati Talai, Banswara - RSPCB",Banswara,Rajasthan,2026-07-16 05:00:00,23.55519,74.44001,NO2,24.0
"Rati Talai, Banswara - RSPCB",Banswara,Rajasthan,2026-07-16 05:00:00,23.55519,74.44001,O3,23.0
"Rati Talai, Banswara - RSPCB",Banswara,Rajasthan,2026-07-16 05:00:00,23.55519,74.44001,PM10,96.0
"Rati Talai, Banswara - RSPCB",Banswara,Rajasthan,2026-07-16 05:00:00,23.55519,74.44001,PM2.5,63.0
"Rati Talai, Banswara - RSPCB",Banswara,Rajasthan,2026-07-16 05:00:00,23.55519,74.44001,SO2,4.0
"Bamboliya, Baran - RSPCB",Baran,Rajasthan,2026-07-16 05:00:00,25.106006,76.469948,CO,36.0
"Bamboliya, Baran - RSPCB",Baran,Rajasthan,2026-07-16 05:00:00,25.106006,76.469948,NH3,5.0
"Bamboliya, Baran - RSPCB",Baran,Rajasthan,2026-07-16 05:00:00,25.106006,76.469948,NO2,19.0
"Bamboliya, Baran - RSPCB",Baran,Rajasthan,2026-07-16 05:00:00,25.106006,76.469948,O3,30.0
"Bamboliya, Baran - RSPCB",Baran,Rajasthan,2026-07-16 05:00:00,25.106006,76.469948,PM10,98.0
"Bamboliya, Baran - RSPCB",Baran,Rajasthan,2026-07-16 05:00:00,25.106006,76.469948,PM2.5,48.0
"Bamboliya, Baran - RSPCB",Baran,Rajasthan,2026-07-16 05:00:00,25.106006,76.469948,SO2,12.0
"Railway Colony, Barmer - RSPCB",Barmer,Rajasthan,2026-07-16 05:00:00,25.747299,71.393989,CO,10.0
"Railway Colony, Barmer - RSPCB",Barmer,Rajasthan,2026-07-16 05:00:00,25.747299,71.393989,NH3,6.0
"Railway Colony, Barmer - RSPCB",Barmer,Rajasthan,2026-07-16 05:00:00,25.747299,71.393989,NO2,8.0
"Railway Colony, Barmer - RSPCB",Barmer,Rajasthan,2026-07-16 05:00:00,25.747299,71.393989,O3,29.0
"Railway Colony, Barmer - RSPCB",Barmer,Rajasthan,2026-07-16 05:00:00,25.747299,71.393989,PM10,96.0
"Railway Colony, Barmer - RSPCB",Barmer,Rajasthan,2026-07-16 05:00:00,25.747299,71.393989,PM2.5,25.0
"Railway Colony, Barmer - RSPCB",Barmer,Rajasthan,2026-07-16 05:00:00,25.747299,71.393989,SO2,3.0
"Krishna Nagar, Bharatpur - RSPCB",Bharatpur,Rajasthan,2026-07-16 05:00:00,27.215415,77.50873,CO,12.0
"Krishna Nagar, Bharatpur - RSPCB",Bharatpur,Rajasthan,2026-07-16 05:00:00,27.215415,77.50873,NH3,8.0
"Krishna Nagar, Bharatpur - RSPCB",Bharatpur,Rajasthan,2026-07-16 05:00:00,27.215415,77.50873,NO2,16.0
"Krishna Nagar, Bharatpur - RSPCB",Bharatpur,Rajasthan,2026-07-16 05:00:00,27.215415,77.50873,O3,26.0
"Krishna Nagar, Bharatpur - RSPCB",Bharatpur,Rajasthan,2026-07-16 05:00:00,27.215415,77.50873,PM10,69.0
"Krishna Nagar, Bharatpur - RSPCB",Bharatpur,Rajasthan,2026-07-16 05:00:00,27.215415,77.50873,PM2.5,28.0
"Pratap Nagar, Bhilwara - RSPCB",Bhilwara,Rajasthan,2026-07-16 05:00:00,25.339605,74.618883,CO,38.0
"Pratap Nagar, Bhilwara - RSPCB",Bhilwara,Rajasthan,2026-07-16 05:00:00,25.339605,74.618883,NH3,5.0
"Pratap Nagar, Bhilwara - RSPCB",Bhilwara,Rajasthan,2026-07-16 05:00:00,25.339605,74.618883,NO2,14.0
"Pratap Nagar, Bhilwara - RSPCB",Bhilwara,Rajasthan,2026-07-16 05:00:00,25.339605,74.618883,O3,33.0
"Pratap Nagar, Bhilwara - RSPCB",Bhilwara,Rajasthan,2026-07-16 05:00:00,25.339605,74.618883,PM10,104.0
"Pratap Nagar, Bhilwara - RSPCB",Bhilwara,Rajasthan,2026-07-16 05:00:00,25.339605,74.618883,PM2.5,51.0
"Pratap Nagar, Bhilwara - RSPCB",Bhilwara,Rajasthan,2026-07-16 05:00:00,25.339605,74.618883,SO2,7.0
"RIICO Ind. Area III, Bhiwadi - RSPCB",Bhiwadi,Rajasthan,2026-07-16 05:00:00,28.194909,76.862296,CO,28.0
"RIICO Ind. Area III, Bhiwadi - RSPCB",Bhiwadi,Rajasthan,2026-07-16 05:00:00,28.194909,76.862296,NH3,10.0
"RIICO Ind. Area III, Bhiwadi - RSPCB",Bhiwadi,Rajasthan,2026-07-16 05:00:00,28.194909,76.862296,NO2,36.0
"RIICO Ind. Area III, Bhiwadi - RSPCB",Bhiwadi,Rajasthan,2026-07-16 05:00:00,28.194909,76.862296,O3,10.0
"RIICO Ind. Area III, Bhiwadi - RSPCB",Bhiwadi,Rajasthan,2026-07-16 05:00:00,28.194909,76.862296,PM10,129.0
"RIICO Ind. Area III, Bhiwadi - RSPCB",Bhiwadi,Rajasthan,2026-07-16 05:00:00,28.194909,76.862296,PM2.5,104.0
"RIICO Ind. Area III, Bhiwadi - RSPCB",Bhiwadi,Rajasthan,2026-07-16 05:00:00,28.194909,76.862296,SO2,12.0
"Vasundhara Nagar_UIT, Bhiwadi - RSPCB",Bhiwadi,Rajasthan,2026-07-16 05:00:00,28.207266,76.829265,CO,17.0
"Vasundhara Nagar_UIT, Bhiwadi - RSPCB",Bhiwadi,Rajasthan,2026-07-16 05:00:00,28.207266,76.829265,NH3,7.0
"Vasundhara Nagar_UIT, Bhiwadi - RSPCB",Bhiwadi,Rajasthan,2026-07-16 05:00:00,28.207266,76.829265,NO2,17.0
"Vasundhara Nagar_UIT, Bhiwadi - RSPCB",Bhiwadi,Rajasthan,2026-07-16 05:00:00,28.207266,76.829265,O3,25.0
"Vasundhara Nagar_UIT, Bhiwadi - RSPCB",Bhiwadi,Rajasthan,2026-07-16 05:00:00,28.207266,76.829265,PM10,100.0
"Vasundhara Nagar_UIT, Bhiwadi - RSPCB",Bhiwadi,Rajasthan,2026-07-16 05:00:00,28.207266,76.829265,PM2.5,69.0
"Vasundhara Nagar_UIT, Bhiwadi - RSPCB",Bhiwadi,Rajasthan,2026-07-16 05:00:00,28.207266,76.829265,SO2,8.0
"MM Ground, Bikaner - RSPCB",Bikaner,Rajasthan,2026-07-16 05:00:00,28.018792,73.292658,CO,14.0
"MM Ground, Bikaner - RSPCB",Bikaner,Rajasthan,2026-07-16 05:00:00,28.018792,73.292658,NH3,5.0
"MM Ground, Bikaner - RSPCB",Bikaner,Rajasthan,2026-07-16 05:00:00,28.018792,73.292658,NO2,12.0
"MM Ground, Bikaner - RSPCB",Bikaner,Rajasthan,2026-07-16 05:00:00,28.018792,73.292658,O3,35.0
"MM Ground, Bikaner - RSPCB",Bikaner,Rajasthan,2026-07-16 05:00:00,28.018792,73.292658,PM10,141.0
"MM Ground, Bikaner - RSPCB",Bikaner,Rajasthan,2026-07-16 05:00:00,28.018792,73.292658,PM2.5,29.0
"MM Ground, Bikaner - RSPCB",Bikaner,Rajasthan,2026-07-16 05:00:00,28.018792,73.292658,SO2,6.0
"New Colony, Bundi - RSPCB",Bundi,Rajasthan,2026-07-16 05:00:00,25.435774,75.644272,CO,14.0
"New Colony, Bundi - RSPCB",Bundi,Rajasthan,2026-07-16 05:00:00,25.435774,75.644272,NO2,30.0
"New Colony, Bundi - RSPCB",Bundi,Rajasthan,2026-07-16 05:00:00,25.435774,75.644272,O3,40.0
"New Colony, Bundi - RSPCB",Bundi,Rajasthan,2026-07-16 05:00:00,25.435774,75.644272,PM10,80.0
"New Colony, Bundi - RSPCB",Bundi,Rajasthan,2026-07-16 05:00:00,25.435774,75.644272,PM2.5,34.0
"New Colony, Bundi - RSPCB",Bundi,Rajasthan,2026-07-16 05:00:00,25.435774,75.644272,SO2,5.0
"Shastri Nagar, Chittorgarh - RSPCB",Chittorgarh,Rajasthan,2026-07-16 05:00:00,24.892047,74.623527,CO,5.0
"Shastri Nagar, Chittorgarh - RSPCB",Chittorgarh,Rajasthan,2026-07-16 05:00:00,24.892047,74.623527,NH3,5.0
"Shastri Nagar, Chittorgarh - RSPCB",Chittorgarh,Rajasthan,2026-07-16 05:00:00,24.892047,74.623527,NO2,58.0
"Shastri Nagar, Chittorgarh - RSPCB",Chittorgarh,Rajasthan,2026-07-16 05:00:00,24.892047,74.623527,O3,28.0
"Shastri Nagar, Chittorgarh - RSPCB",Chittorgarh,Rajasthan,2026-07-16 05:00:00,24.892047,74.623527,PM10,84.0
"Shastri Nagar, Chittorgarh - RSPCB",Chittorgarh,Rajasthan,2026-07-16 05:00:00,24.892047,74.623527,PM2.5,61.0
"Shastri Nagar, Chittorgarh - RSPCB",Chittorgarh,Rajasthan,2026-07-16 05:00:00,24.892047,74.623527,SO2,11.0
"Subash Chowk, Churu - RSPCB",Churu,Rajasthan,2026-07-16 05:00:00,28.296139,74.961696,CO,19.0
"Subash Chowk, Churu - RSPCB",Churu,Rajasthan,2026-07-16 05:00:00,28.296139,74.961696,NH3,6.0
"Subash Chowk, Churu - RSPCB",Churu,Rajasthan,2026-07-16 05:00:00,28.296139,74.961696,NO2,4.0
"Subash Chowk, Churu - RSPCB",Churu,Rajasthan,2026-07-16 05:00:00,28.296139,74.961696,O3,25.0
"Subash Chowk, Churu - RSPCB",Churu,Rajasthan,2026-07-16 05:00:00,28.296139,74.961696,PM10,163.0
"Subash Chowk, Churu - RSPCB",Churu,Rajasthan,2026-07-16 05:00:00,28.296139,74.961696,PM2.5,37.0
"Subash Chowk, Churu - RSPCB",Churu,Rajasthan,2026-07-16 05:00:00,28.296139,74.961696,SO2,3.0
"Khatikan Mohalla, Dausa - RSPCB",Dausa,Rajasthan,2026-07-16 05:00:00,26.895552,76.334753,CO,39.0
"Khatikan Mohalla, Dausa - RSPCB",Dausa,Rajasthan,2026-07-16 05:00:00,26.895552,76.334753,NH3,12.0
"Khatikan Mohalla, Dausa - RSPCB",Dausa,Rajasthan,2026-07-16 05:00:00,26.895552,76.334753,NO2,34.0
"Khatikan Mohalla, Dausa - RSPCB",Dausa,Rajasthan,2026-07-16 05:00:00,26.895552,76.334753,O3,13.0
"Khatikan Mohalla, Dausa - RSPCB",Dausa,Rajasthan,2026-07-16 05:00:00,26.895552,76.334753,PM10,118.0
"Khatikan Mohalla, Dausa - RSPCB",Dausa,Rajasthan,2026-07-16 05:00:00,26.895552,76.334753,PM2.5,46.0
"Khatikan Mohalla, Dausa - RSPCB",Dausa,Rajasthan,2026-07-16 05:00:00,26.895552,76.334753,SO2,2.0
"Raja Ganj, Dholpur - RSPCB",Dholpur,Rajasthan,2026-07-16 05:00:00,26.699557,77.898881,CO,21.0
"Raja Ganj, Dholpur - RSPCB",Dholpur,Rajasthan,2026-07-16 05:00:00,26.699557,77.898881,NH3,5.0
"Raja Ganj, Dholpur - RSPCB",Dholpur,Rajasthan,2026-07-16 05:00:00,26.699557,77.898881,NO2,12.0
"Raja Ganj, Dholpur - RSPCB",Dholpur,Rajasthan,2026-07-16 05:00:00,26.699557,77.898881,O3,19.0
"Raja Ganj, Dholpur - RSPCB",Dholpur,Rajasthan,2026-07-16 05:00:00,26.699557,77.898881,PM10,40.0
"Raja Ganj, Dholpur - RSPCB",Dholpur,Rajasthan,2026-07-16 05:00:00,26.699557,77.898881,PM2.5,49.0
"Raja Ganj, Dholpur - RSPCB",Dholpur,Rajasthan,2026-07-16 05:00:00,26.699557,77.898881,SO2,5.0
"Bhoiwada, Dungarpur - RSPCB",Dungarpur,Rajasthan,2026-07-16 05:00:00,23.837789,73.714926,CO,30.0
"Bhoiwada, Dungarpur - RSPCB",Dungarpur,Rajasthan,2026-07-16 05:00:00,23.837789,73.714926,NH3,12.0
"Bhoiwada, Dungarpur - RSPCB",Dungarpur,Rajasthan,2026-07-16 05:00:00,23.837789,73.714926,NO2,12.0
"Bhoiwada, Dungarpur - RSPCB",Dungarpur,Rajasthan,2026-07-16 05:00:00,23.837789,73.714926,O3,31.0
"Bhoiwada, Dungarpur - RSPCB",Dungarpur,Rajasthan,2026-07-16 05:00:00,23.837789,73.714926,PM10,47.0
"Bhoiwada, Dungarpur - RSPCB",Dungarpur,Rajasthan,2026-07-16 05:00:00,23.837789,73.714926,PM2.5,42.0
"Bhoiwada, Dungarpur - RSPCB",Dungarpur,Rajasthan,2026-07-16 05:00:00,23.837789,73.714926,SO2,9.0
"Housing Board, Hanumangarh - RSPCB",Hanumangarh,Rajasthan,2026-07-16 05:00:00,29.61075,74.283608,CO,17.0
"Housing Board, Hanumangarh - RSPCB",Hanumangarh,Rajasthan,2026-07-16 05:00:00,29.61075,74.283608,NH3,10.0
"Housing Board, Hanumangarh - RSPCB",Hanumangarh,Rajasthan,2026-07-16 05:00:00,29.61075,74.283608,NO2,5.0
"Housing Board, Hanumangarh - RSPCB",Hanumangarh,Rajasthan,2026-07-16 05:00:00,29.61075,74.283608,O3,54.0
"Housing Board, Hanumangarh - RSPCB",Hanumangarh,Rajasthan,2026-07-16 05:00:00,29.61075,74.283608,PM10,96.0
"Housing Board, Hanumangarh - RSPCB",Hanumangarh,Rajasthan,2026-07-16 05:00:00,29.61075,74.283608,PM2.5,29.0
"Housing Board, Hanumangarh - RSPCB",Hanumangarh,Rajasthan,2026-07-16 05:00:00,29.61075,74.283608,SO2,5.0
"Adarsh Nagar, Jaipur - RSPCB",Jaipur,Rajasthan,2026-07-16 05:00:00,26.902909,75.836858,CO,27.0
"Adarsh Nagar, Jaipur - RSPCB",Jaipur,Rajasthan,2026-07-16 05:00:00,26.902909,75.836858,NH3,5.0
"Adarsh Nagar, Jaipur - RSPCB",Jaipur,Rajasthan,2026-07-16 05:00:00,26.902909,75.836858,NO2,38.0
"Adarsh Nagar, Jaipur - RSPCB",Jaipur,Rajasthan,2026-07-16 05:00:00,26.902909,75.836858,O3,49.0
"Adarsh Nagar, Jaipur - RSPCB",Jaipur,Rajasthan,2026-07-16 05:00:00,26.902909,75.836858,PM10,97.0
"Adarsh Nagar, Jaipur - RSPCB",Jaipur,Rajasthan,2026-07-16 05:00:00,26.902909,75.836858,PM2.5,89.0
"Adarsh Nagar, Jaipur - RSPCB",Jaipur,Rajasthan,2026-07-16 05:00:00,26.902909,75.836858,SO2,24.0
"Mansarovar Sector-12, Jaipur - RSPCB",Jaipur,Rajasthan,2026-07-16 05:00:00,26.843698,75.766894,CO,30.0
"Mansarovar Sector-12, Jaipur - RSPCB",Jaipur,Rajasthan,2026-07-16 05:00:00,26.843698,75.766894,NH3,7.0
"Mansarovar Sector-12, Jaipur - RSPCB",Jaipur,Rajasthan,2026-07-16 05:00:00,26.843698,75.766894,NO2,17.0
"Mansarovar Sector-12, Jaipur - RSPCB",Jaipur,Rajasthan,2026-07-16 05:00:00,26.843698,75.766894,O3,37.0
"Mansarovar Sector-12, Jaipur - RSPCB",Jaipur,Rajasthan,2026-07-16 05:00:00,26.843698,75.766894,PM10,136.0
"Mansarovar Sector-12, Jaipur - RSPCB",Jaipur,Rajasthan,2026-07-16 05:00:00,26.843698,75.766894,PM2.5,55.0
"Mansarovar Sector-12, Jaipur - RSPCB",Jaipur,Rajasthan,2026-07-16 05:00:00,26.843698,75.766894,SO2,3.0
"Police Commissionerate, Jaipur - RSPCB",Jaipur,Rajasthan,2026-07-16 05:00:00,26.9164092,75.7994901,CO,43.0
"Police Commissionerate, Jaipur - RSPCB",Jaipur,Rajasthan,2026-07-16 05:00:00,26.9164092,75.7994901,NH3,10.0
"Police Commissionerate, Jaipur - RSPCB",Jaipur,Rajasthan,2026-07-16 05:00:00,26.9164092,75.7994901,NO2,52.0
"Police Commissionerate, Jaipur - RSPCB",Jaipur,Rajasthan,2026-07-16 05:00:00,26.9164092,75.7994901,O3,28.0
"Police Commissionerate, Jaipur - RSPCB",Jaipur,Rajasthan,2026-07-16 05:00:00,26.9164092,75.7994901,PM10,106.0
"Police Commissionerate, Jaipur - RSPCB",Jaipur,Rajasthan,2026-07-16 05:00:00,26.9164092,75.7994901,PM2.5,95.0
"Police Commissionerate, Jaipur - RSPCB",Jaipur,Rajasthan,2026-07-16 05:00:00,26.9164092,75.7994901,SO2,19.0
"RIICO Sitapura, Jaipur - RSPCB",Jaipur,Rajasthan,2026-07-16 05:00:00,26.786682,75.827928,CO,35.0
"RIICO Sitapura, Jaipur - RSPCB",Jaipur,Rajasthan,2026-07-16 05:00:00,26.786682,75.827928,NH3,2.0
"RIICO Sitapura, Jaipur - RSPCB",Jaipur,Rajasthan,2026-07-16 05:00:00,26.786682,75.827928,NO2,30.0
"RIICO Sitapura, Jaipur - RSPCB",Jaipur,Rajasthan,2026-07-16 05:00:00,26.786682,75.827928,O3,25.0
"RIICO Sitapura, Jaipur - RSPCB",Jaipur,Rajasthan,2026-07-16 05:00:00,26.786682,75.827928,PM10,134.0
"RIICO Sitapura, Jaipur - RSPCB",Jaipur,Rajasthan,2026-07-16 05:00:00,26.786682,75.827928,PM2.5,232.0
"RIICO Sitapura, Jaipur - RSPCB",Jaipur,Rajasthan,2026-07-16 05:00:00,26.786682,75.827928,SO2,8.0
"Sector-2 Murlipura, Jaipur - RSPCB",Jaipur,Rajasthan,2026-07-16 05:00:00,26.960669,75.771817,CO,53.0
"Sector-2 Murlipura, Jaipur - RSPCB",Jaipur,Rajasthan,2026-07-16 05:00:00,26.960669,75.771817,NH3,5.0
"Sector-2 Murlipura, Jaipur - RSPCB",Jaipur,Rajasthan,2026-07-16 05:00:00,26.960669,75.771817,NO2,23.0
"Sector-2 Murlipura, Jaipur - RSPCB",Jaipur,Rajasthan,2026-07-16 05:00:00,26.960669,75.771817,O3,36.0
"Sector-2 Murlipura, Jaipur - RSPCB",Jaipur,Rajasthan,2026-07-16 05:00:00,26.960669,75.771817,PM10,139.0
"Sector-2 Murlipura, Jaipur - RSPCB",Jaipur,Rajasthan,2026-07-16 05:00:00,26.960669,75.771817,PM2.5,70.0
"Sector-2 Murlipura, Jaipur - RSPCB",Jaipur,Rajasthan,2026-07-16 05:00:00,26.960669,75.771817,SO2,3.0
"Shastri Nagar, Jaipur - RSPCB",Jaipur,Rajasthan,2026-07-16 05:00:00,26.9502929,75.730943,CO,39.0
"Shastri Nagar, Jaipur - RSPCB",Jaipur,Rajasthan,2026-07-16 05:00:00,26.9502929,75.730943,NH3,9.0
"Shastri Nagar, Jaipur - RSPCB",Jaipur,Rajasthan,2026-07-16 05:00:00,26.9502929,75.730943,NO2,26.0
"Shastri Nagar, Jaipur - RSPCB",Jaipur,Rajasthan,2026-07-16 05:00:00,26.9502929,75.730943,O3,37.0
"Shastri Nagar, Jaipur - RSPCB",Jaipur,Rajasthan,2026-07-16 05:00:00,26.9502929,75.730943,PM10,117.0
"Shastri Nagar, Jaipur - RSPCB",Jaipur,Rajasthan,2026-07-16 05:00:00,26.9502929,75.730943,PM2.5,97.0
"Shastri Nagar, Jaipur - RSPCB",Jaipur,Rajasthan,2026-07-16 05:00:00,26.9502929,75.730943,SO2,20.0
"Sadar Bazar, Jaisalmer - RSPCB",Jaisalmer,Rajasthan,2026-07-16 05:00:00,26.912329,70.909168,CO,12.0
"Sadar Bazar, Jaisalmer - RSPCB",Jaisalmer,Rajasthan,2026-07-16 05:00:00,26.912329,70.909168,NH3,15.0
"Sadar Bazar, Jaisalmer - RSPCB",Jaisalmer,Rajasthan,2026-07-16 05:00:00,26.912329,70.909168,NO2,11.0
"Sadar Bazar, Jaisalmer - RSPCB",Jaisalmer,Rajasthan,2026-07-16 05:00:00,26.912329,70.909168,O3,26.0
"Sadar Bazar, Jaisalmer - RSPCB",Jaisalmer,Rajasthan,2026-07-16 05:00:00,26.912329,70.909168,PM10,127.0
"Sadar Bazar, Jaisalmer - RSPCB",Jaisalmer,Rajasthan,2026-07-16 05:00:00,26.912329,70.909168,PM2.5,43.0
"Sadar Bazar, Jaisalmer - RSPCB",Jaisalmer,Rajasthan,2026-07-16 05:00:00,26.912329,70.909168,SO2,2.0
"Mudtra Sili, Jalore - RSPCB",Jalore,Rajasthan,2026-07-16 05:00:00,25.344694,72.626208,CO,14.0
"Mudtra Sili, Jalore - RSPCB",Jalore,Rajasthan,2026-07-16 05:00:00,25.344694,72.626208,NH3,3.0
"Mudtra Sili, Jalore - RSPCB",Jalore,Rajasthan,2026-07-16 05:00:00,25.344694,72.626208,NO2,11.0
"Mudtra Sili, Jalore - RSPCB",Jalore,Rajasthan,2026-07-16 05:00:00,25.344694,72.626208,O3,36.0
"Mudtra Sili, Jalore - RSPCB",Jalore,Rajasthan,2026-07-16 05:00:00,25.344694,72.626208,PM10,85.0
"Mudtra Sili, Jalore - RSPCB",Jalore,Rajasthan,2026-07-16 05:00:00,25.344694,72.626208,PM2.5,36.0
"Mudtra Sili, Jalore - RSPCB",Jalore,Rajasthan,2026-07-16 05:00:00,25.344694,72.626208,SO2,2.0
"Rajlaxmi Nagar, Jhalawar - RSPCB",Jhalawar,Rajasthan,2026-07-16 05:00:00,24.588397,76.172782,CO,40.0
"Rajlaxmi Nagar, Jhalawar - RSPCB",Jhalawar,Rajasthan,2026-07-16 05:00:00,24.588397,76.172782,NH3,4.0
"Rajlaxmi Nagar, Jhalawar - RSPCB",Jhalawar,Rajasthan,2026-07-16 05:00:00,24.588397,76.172782,NO2,29.0
"Rajlaxmi Nagar, Jhalawar - RSPCB",Jhalawar,Rajasthan,2026-07-16 05:00:00,24.588397,76.172782,O3,38.0
"Rajlaxmi Nagar, Jhalawar - RSPCB",Jhalawar,Rajasthan,2026-07-16 05:00:00,24.588397,76.172782,PM10,74.0
"Rajlaxmi Nagar, Jhalawar - RSPCB",Jhalawar,Rajasthan,2026-07-16 05:00:00,24.588397,76.172782,PM2.5,39.0
"Rajlaxmi Nagar, Jhalawar - RSPCB",Jhalawar,Rajasthan,2026-07-16 05:00:00,24.588397,76.172782,SO2,9.0
"Indra Nagar, Jhunjhunu - RSPCB",Jhunjhunu,Rajasthan,2026-07-16 05:00:00,28.108988,75.386577,CO,10.0
"Indra Nagar, Jhunjhunu - RSPCB",Jhunjhunu,Rajasthan,2026-07-16 05:00:00,28.108988,75.386577,NH3,7.0
"Indra Nagar, Jhunjhunu - RSPCB",Jhunjhunu,Rajasthan,2026-07-16 05:00:00,28.108988,75.386577,NO2,6.0
"Indra Nagar, Jhunjhunu - RSPCB",Jhunjhunu,Rajasthan,2026-07-16 05:00:00,28.108988,75.386577,O3,33.0
"Indra Nagar, Jhunjhunu - RSPCB",Jhunjhunu,Rajasthan,2026-07-16 05:00:00,28.108988,75.386577,PM10,131.0
"Indra Nagar, Jhunjhunu - RSPCB",Jhunjhunu,Rajasthan,2026-07-16 05:00:00,28.108988,75.386577,PM2.5,58.0
"Indra Nagar, Jhunjhunu - RSPCB",Jhunjhunu,Rajasthan,2026-07-16 05:00:00,28.108988,75.386577,SO2,3.0
"Collectorate, Jodhpur - RSPCB",Jodhpur,Rajasthan,2026-07-16 05:00:00,26.268249,73.0193853,CO,43.0
"Collectorate, Jodhpur - RSPCB",Jodhpur,Rajasthan,2026-07-16 05:00:00,26.268249,73.0193853,NH3,4.0
"Collectorate, Jodhpur - RSPCB",Jodhpur,Rajasthan,2026-07-16 05:00:00,26.268249,73.0193853,NO2,17.0
"Collectorate, Jodhpur - RSPCB",Jodhpur,Rajasthan,2026-07-16 05:00:00,26.268249,73.0193853,O3,19.0
"Collectorate, Jodhpur - RSPCB",Jodhpur,Rajasthan,2026-07-16 05:00:00,26.268249,73.0193853,PM10,81.0
"Collectorate, Jodhpur - RSPCB",Jodhpur,Rajasthan,2026-07-16 05:00:00,26.268249,73.0193853,PM2.5,49.0
"Collectorate, Jodhpur - RSPCB",Jodhpur,Rajasthan,2026-07-16 05:00:00,26.268249,73.0193853,SO2,5.0
"Digari Kalan, Jodhpur - RSPCB",Jodhpur,Rajasthan,2026-07-16 05:00:00,26.29581,73.082283,CO,12.0
"Digari Kalan, Jodhpur - RSPCB",Jodhpur,Rajasthan,2026-07-16 05:00:00,26.29581,73.082283,NH3,6.0
"Digari Kalan, Jodhpur - RSPCB",Jodhpur,Rajasthan,2026-07-16 05:00:00,26.29581,73.082283,NO2,22.0
"Digari Kalan, Jodhpur - RSPCB",Jodhpur,Rajasthan,2026-07-16 05:00:00,26.29581,73.082283,O3,42.0
"Digari Kalan, Jodhpur - RSPCB",Jodhpur,Rajasthan,2026-07-16 05:00:00,26.29581,73.082283,PM10,76.0
"Digari Kalan, Jodhpur - RSPCB",Jodhpur,Rajasthan,2026-07-16 05:00:00,26.29581,73.082283,PM2.5,33.0
"Digari Kalan, Jodhpur - RSPCB",Jodhpur,Rajasthan,2026-07-16 05:00:00,26.29581,73.082283,SO2,2.0
"Jhalamand, Jodhpur - RSPCB",Jodhpur,Rajasthan,2026-07-16 05:00:00,26.215415,73.070156,CO,9.0
"Jhalamand, Jodhpur - RSPCB",Jodhpur,Rajasthan,2026-07-16 05:00:00,26.215415,73.070156,NH3,5.0
"Jhalamand, Jodhpur - RSPCB",Jodhpur,Rajasthan,2026-07-16 05:00:00,26.215415,73.070156,NO2,6.0
"Jhalamand, Jodhpur - RSPCB",Jodhpur,Rajasthan,2026-07-16 05:00:00,26.215415,73.070156,O3,30.0
"Jhalamand, Jodhpur - RSPCB",Jodhpur,Rajasthan,2026-07-16 05:00:00,26.215415,73.070156,PM10,70.0
"Jhalamand, Jodhpur - RSPCB",Jodhpur,Rajasthan,2026-07-16 05:00:00,26.215415,73.070156,PM2.5,34.0
"Jhalamand, Jodhpur - RSPCB",Jodhpur,Rajasthan,2026-07-16 05:00:00,26.215415,73.070156,SO2,4.0
"Mandor, Jodhpur - RSPCB",Jodhpur,Rajasthan,2026-07-16 05:00:00,26.358805,73.047444,CO,14.0
"Mandor, Jodhpur - RSPCB",Jodhpur,Rajasthan,2026-07-16 05:00:00,26.358805,73.047444,NO2,5.0
"Mandor, Jodhpur - RSPCB",Jodhpur,Rajasthan,2026-07-16 05:00:00,26.358805,73.047444,O3,47.0
"Mandor, Jodhpur - RSPCB",Jodhpur,Rajasthan,2026-07-16 05:00:00,26.358805,73.047444,PM10,89.0
"Mandor, Jodhpur - RSPCB",Jodhpur,Rajasthan,2026-07-16 05:00:00,26.358805,73.047444,PM2.5,38.0
"Mandor, Jodhpur - RSPCB",Jodhpur,Rajasthan,2026-07-16 05:00:00,26.358805,73.047444,SO2,3.0
"Samrat Ashok Udhyan, Jodhpur - RSPCB",Jodhpur,Rajasthan,2026-07-16 05:00:00,26.253384,72.976571,CO,12.0
"Samrat Ashok Udhyan, Jodhpur - RSPCB",Jodhpur,Rajasthan,2026-07-16 05:00:00,26.253384,72.976571,NO2,5.0
"Samrat Ashok Udhyan, Jodhpur - RSPCB",Jodhpur,Rajasthan,2026-07-16 05:00:00,26.253384,72.976571,O3,23.0
"Samrat Ashok Udhyan, Jodhpur - RSPCB",Jodhpur,Rajasthan,2026-07-16 05:00:00,26.253384,72.976571,SO2,2.0
"Satyawati Vihar, Karauli - RSPCB",Karauli,Rajasthan,2026-07-16 05:00:00,26.506177,77.025989,CO,18.0
"Satyawati Vihar, Karauli - RSPCB",Karauli,Rajasthan,2026-07-16 05:00:00,26.506177,77.025989,NH3,9.0
"Satyawati Vihar, Karauli - RSPCB",Karauli,Rajasthan,2026-07-16 05:00:00,26.506177,77.025989,NO2,47.0
"Satyawati Vihar, Karauli - RSPCB",Karauli,Rajasthan,2026-07-16 05:00:00,26.506177,77.025989,O3,16.0
"Satyawati Vihar, Karauli - RSPCB",Karauli,Rajasthan,2026-07-16 05:00:00,26.506177,77.025989,PM10,83.0
"Satyawati Vihar, Karauli - RSPCB",Karauli,Rajasthan,2026-07-16 05:00:00,26.506177,77.025989,PM2.5,82.0
"Satyawati Vihar, Karauli - RSPCB",Karauli,Rajasthan,2026-07-16 05:00:00,26.506177,77.025989,SO2,8.0
"New Anaj Mandi, Khairthal - RSPCB",Khairthal,Rajasthan,2026-07-16 05:00:00,27.8015617,76.6365217,CO,18.0
"New Anaj Mandi, Khairthal - RSPCB",Khairthal,Rajasthan,2026-07-16 05:00:00,27.8015617,76.6365217,NH3,3.0
"New Anaj Mandi, Khairthal - RSPCB",Khairthal,Rajasthan,2026-07-16 05:00:00,27.8015617,76.6365217,NO2,6.0
"New Anaj Mandi, Khairthal - RSPCB",Khairthal,Rajasthan,2026-07-16 05:00:00,27.8015617,76.6365217,O3,18.0
"New Anaj Mandi, Khairthal - RSPCB",Khairthal,Rajasthan,2026-07-16 05:00:00,27.8015617,76.6365217,PM10,122.0
"New Anaj Mandi, Khairthal - RSPCB",Khairthal,Rajasthan,2026-07-16 05:00:00,27.8015617,76.6365217,PM2.5,94.0
"New Anaj Mandi, Khairthal - RSPCB",Khairthal,Rajasthan,2026-07-16 05:00:00,27.8015617,76.6365217,SO2,4.0
"Dhanmandi, Kota - RSPCB",Kota,Rajasthan,2026-07-16 05:00:00,25.16409,75.858137,CO,35.0
"Dhanmandi, Kota - RSPCB",Kota,Rajasthan,2026-07-16 05:00:00,25.16409,75.858137,NH3,2.0
"Dhanmandi, Kota - RSPCB",Kota,Rajasthan,2026-07-16 05:00:00,25.16409,75.858137,NO2,27.0
"Dhanmandi, Kota - RSPCB",Kota,Rajasthan,2026-07-16 05:00:00,25.16409,75.858137,O3,17.0
"Dhanmandi, Kota - RSPCB",Kota,Rajasthan,2026-07-16 05:00:00,25.16409,75.858137,PM10,72.0
"Dhanmandi, Kota - RSPCB",Kota,Rajasthan,2026-07-16 05:00:00,25.16409,75.858137,PM2.5,38.0
"Dhanmandi, Kota - RSPCB",Kota,Rajasthan,2026-07-16 05:00:00,25.16409,75.858137,SO2,8.0
"Nayapura, Kota - RSPCB",Kota,Rajasthan,2026-07-16 05:00:00,25.196024,75.855668,CO,11.0
"Nayapura, Kota - RSPCB",Kota,Rajasthan,2026-07-16 05:00:00,25.196024,75.855668,NH3,4.0
"Nayapura, Kota - RSPCB",Kota,Rajasthan,2026-07-16 05:00:00,25.196024,75.855668,NO2,18.0
"Nayapura, Kota - RSPCB",Kota,Rajasthan,2026-07-16 05:00:00,25.196024,75.855668,O3,43.0
"Nayapura, Kota - RSPCB",Kota,Rajasthan,2026-07-16 05:00:00,25.196024,75.855668,PM10,100.0
"Nayapura, Kota - RSPCB",Kota,Rajasthan,2026-07-16 05:00:00,25.196024,75.855668,PM2.5,39.0
"Nayapura, Kota - RSPCB",Kota,Rajasthan,2026-07-16 05:00:00,25.196024,75.855668,SO2,12.0
"Shrinath Puram, Kota - RSPCB",Kota,Rajasthan,2026-07-16 05:00:00,25.14389,75.821256,CO,24.0
"Shrinath Puram, Kota - RSPCB",Kota,Rajasthan,2026-07-16 05:00:00,25.14389,75.821256,NH3,5.0
"Shrinath Puram, Kota - RSPCB",Kota,Rajasthan,2026-07-16 05:00:00,25.14389,75.821256,NO2,18.0
"Shrinath Puram, Kota - RSPCB",Kota,Rajasthan,2026-07-16 05:00:00,25.14389,75.821256,O3,10.0
"Shrinath Puram, Kota - RSPCB",Kota,Rajasthan,2026-07-16 05:00:00,25.14389,75.821256,PM10,72.0
"Shrinath Puram, Kota - RSPCB",Kota,Rajasthan,2026-07-16 05:00:00,25.14389,75.821256,PM2.5,68.0
"Shrinath Puram, Kota - RSPCB",Kota,Rajasthan,2026-07-16 05:00:00,25.14389,75.821256,SO2,8.0
"Karni Colony, Nagaur - RSPCB",Nagaur,Rajasthan,2026-07-16 05:00:00,27.213494,73.734444,CO,18.0
"Karni Colony, Nagaur - RSPCB",Nagaur,Rajasthan,2026-07-16 05:00:00,27.213494,73.734444,NH3,3.0
"Karni Colony, Nagaur - RSPCB",Nagaur,Rajasthan,2026-07-16 05:00:00,27.213494,73.734444,NO2,8.0
"Karni Colony, Nagaur - RSPCB",Nagaur,Rajasthan,2026-07-16 05:00:00,27.213494,73.734444,O3,21.0
"Karni Colony, Nagaur - RSPCB",Nagaur,Rajasthan,2026-07-16 05:00:00,27.213494,73.734444,PM10,93.0
"Karni Colony, Nagaur - RSPCB",Nagaur,Rajasthan,2026-07-16 05:00:00,27.213494,73.734444,PM2.5,39.0
"Karni Colony, Nagaur - RSPCB",Nagaur,Rajasthan,2026-07-16 05:00:00,27.213494,73.734444,SO2,6.0
"Indira Colony Vistar, Pali - RSPCB",Pali,Rajasthan,2026-07-16 05:00:00,25.771061,73.340227,CO,29.0
"Indira Colony Vistar, Pali - RSPCB",Pali,Rajasthan,2026-07-16 05:00:00,25.771061,73.340227,NH3,6.0
"Indira Colony Vistar, Pali - RSPCB",Pali,Rajasthan,2026-07-16 05:00:00,25.771061,73.340227,NO2,24.0
"Indira Colony Vistar, Pali - RSPCB",Pali,Rajasthan,2026-07-16 05:00:00,25.771061,73.340227,O3,29.0
"Indira Colony Vistar, Pali - RSPCB",Pali,Rajasthan,2026-07-16 05:00:00,25.771061,73.340227,PM10,118.0
"Indira Colony Vistar, Pali - RSPCB",Pali,Rajasthan,2026-07-16 05:00:00,25.771061,73.340227,PM2.5,160.0
"Indira Colony Vistar, Pali - RSPCB",Pali,Rajasthan,2026-07-16 05:00:00,25.771061,73.340227,SO2,11.0
"Pragati Nagar, Pratapgarh - RSPCB",Pratapgarh,Rajasthan,2026-07-16 05:00:00,24.041198,74.780702,CO,17.0
"Pragati Nagar, Pratapgarh - RSPCB",Pratapgarh,Rajasthan,2026-07-16 05:00:00,24.041198,74.780702,NH3,4.0
"Pragati Nagar, Pratapgarh - RSPCB",Pratapgarh,Rajasthan,2026-07-16 05:00:00,24.041198,74.780702,NO2,10.0
"Pragati Nagar, Pratapgarh - RSPCB",Pratapgarh,Rajasthan,2026-07-16 05:00:00,24.041198,74.780702,O3,41.0
"Pragati Nagar, Pratapgarh - RSPCB",Pratapgarh,Rajasthan,2026-07-16 05:00:00,24.041198,74.780702,PM10,67.0
"Pragati Nagar, Pratapgarh - RSPCB",Pratapgarh,Rajasthan,2026-07-16 05:00:00,24.041198,74.780702,PM2.5,31.0
"Pragati Nagar, Pratapgarh - RSPCB",Pratapgarh,Rajasthan,2026-07-16 05:00:00,24.041198,74.780702,SO2,1.0
"Dhoinda, Rajsamand - RSPCB",Rajsamand,Rajasthan,2026-07-16 05:00:00,25.03636,73.883502,CO,31.0
"Dhoinda, Rajsamand - RSPCB",Rajsamand,Rajasthan,2026-07-16 05:00:00,25.03636,73.883502,NH3,8.0
"Dhoinda, Rajsamand - RSPCB",Rajsamand,Rajasthan,2026-07-16 05:00:00,25.03636,73.883502,NO2,6.0
"Dhoinda, Rajsamand - RSPCB",Rajsamand,Rajasthan,2026-07-16 05:00:00,25.03636,73.883502,O3,46.0
"Dhoinda, Rajsamand - RSPCB",Rajsamand,Rajasthan,2026-07-16 05:00:00,25.03636,73.883502,PM10,83.0
"Dhoinda, Rajsamand - RSPCB",Rajsamand,Rajasthan,2026-07-16 05:00:00,25.03636,73.883502,PM2.5,38.0
"Dhoinda, Rajsamand - RSPCB",Rajsamand,Rajasthan,2026-07-16 05:00:00,25.03636,73.883502,SO2,4.0
"Sahu Nagar, Sawai Madhopur - RSPCB",Sawai Madhopur,Rajasthan,2026-07-16 05:00:00,26.031443,76.359327,CO,16.0
"Sahu Nagar, Sawai Madhopur - RSPCB",Sawai Madhopur,Rajasthan,2026-07-16 05:00:00,26.031443,76.359327,NH3,4.0
"Sahu Nagar, Sawai Madhopur - RSPCB",Sawai Madhopur,Rajasthan,2026-07-16 05:00:00,26.031443,76.359327,NO2,17.0
"Sahu Nagar, Sawai Madhopur - RSPCB",Sawai Madhopur,Rajasthan,2026-07-16 05:00:00,26.031443,76.359327,O3,55.0
"Sahu Nagar, Sawai Madhopur - RSPCB",Sawai Madhopur,Rajasthan,2026-07-16 05:00:00,26.031443,76.359327,PM10,116.0
"Sahu Nagar, Sawai Madhopur - RSPCB",Sawai Madhopur,Rajasthan,2026-07-16 05:00:00,26.031443,76.359327,PM2.5,39.0
"Sahu Nagar, Sawai Madhopur - RSPCB",Sawai Madhopur,Rajasthan,2026-07-16 05:00:00,26.031443,76.359327,SO2,5.0
"Radhakishan Pura, Sikar - RSPCB",Sikar,Rajasthan,2026-07-16 05:00:00,27.608912,75.153302,CO,13.0
"Radhakishan Pura, Sikar - RSPCB",Sikar,Rajasthan,2026-07-16 05:00:00,27.608912,75.153302,NH3,6.0
"Radhakishan Pura, Sikar - RSPCB",Sikar,Rajasthan,2026-07-16 05:00:00,27.608912,75.153302,NO2,10.0
"Radhakishan Pura, Sikar - RSPCB",Sikar,Rajasthan,2026-07-16 05:00:00,27.608912,75.153302,O3,33.0
"Radhakishan Pura, Sikar - RSPCB",Sikar,Rajasthan,2026-07-16 05:00:00,27.608912,75.153302,PM10,108.0
"Radhakishan Pura, Sikar - RSPCB",Sikar,Rajasthan,2026-07-16 05:00:00,27.608912,75.153302,PM2.5,52.0
"Radhakishan Pura, Sikar - RSPCB",Sikar,Rajasthan,2026-07-16 05:00:00,27.608912,75.153302,SO2,3.0
"Old City, Sri Ganganagar - RSPCB",Sri Ganganagar,Rajasthan,2026-07-16 05:00:00,29.931624,73.864511,CO,18.0
"Old City, Sri Ganganagar - RSPCB",Sri Ganganagar,Rajasthan,2026-07-16 05:00:00,29.931624,73.864511,NH3,19.0
"Old City, Sri Ganganagar - RSPCB",Sri Ganganagar,Rajasthan,2026-07-16 05:00:00,29.931624,73.864511,NO2,67.0
"Old City, Sri Ganganagar - RSPCB",Sri Ganganagar,Rajasthan,2026-07-16 05:00:00,29.931624,73.864511,O3,68.0
"Old City, Sri Ganganagar - RSPCB",Sri Ganganagar,Rajasthan,2026-07-16 05:00:00,29.931624,73.864511,PM10,81.0
"Old City, Sri Ganganagar - RSPCB",Sri Ganganagar,Rajasthan,2026-07-16 05:00:00,29.931624,73.864511,PM2.5,50.0
"Old City, Sri Ganganagar - RSPCB",Sri Ganganagar,Rajasthan,2026-07-16 05:00:00,29.931624,73.864511,SO2,4.0
"Shastri Nagar, Tonk - RSPCB",Tonk,Rajasthan,2026-07-16 05:00:00,26.159933,75.780517,CO,32.0
"Shastri Nagar, Tonk - RSPCB",Tonk,Rajasthan,2026-07-16 05:00:00,26.159933,75.780517,NH3,4.0
"Shastri Nagar, Tonk - RSPCB",Tonk,Rajasthan,2026-07-16 05:00:00,26.159933,75.780517,NO2,2.0
"Shastri Nagar, Tonk - RSPCB",Tonk,Rajasthan,2026-07-16 05:00:00,26.159933,75.780517,O3,43.0
"Shastri Nagar, Tonk - RSPCB",Tonk,Rajasthan,2026-07-16 05:00:00,26.159933,75.780517,PM10,133.0
"Shastri Nagar, Tonk - RSPCB",Tonk,Rajasthan,2026-07-16 05:00:00,26.159933,75.780517,PM2.5,64.0
"Shastri Nagar, Tonk - RSPCB",Tonk,Rajasthan,2026-07-16 05:00:00,26.159933,75.780517,SO2,2.0
"Ashok Nagar, Udaipur - RSPCB",Udaipur,Rajasthan,2026-07-16 05:00:00,24.5886166,73.6321397,CO,34.0
"Ashok Nagar, Udaipur - RSPCB",Udaipur,Rajasthan,2026-07-16 05:00:00,24.5886166,73.6321397,NH3,4.0
"Ashok Nagar, Udaipur - RSPCB",Udaipur,Rajasthan,2026-07-16 05:00:00,24.5886166,73.6321397,NO2,15.0
"Ashok Nagar, Udaipur - RSPCB",Udaipur,Rajasthan,2026-07-16 05:00:00,24.5886166,73.6321397,O3,4.0
"Ashok Nagar, Udaipur - RSPCB",Udaipur,Rajasthan,2026-07-16 05:00:00,24.5886166,73.6321397,PM10,108.0
"Ashok Nagar, Udaipur - RSPCB",Udaipur,Rajasthan,2026-07-16 05:00:00,24.5886166,73.6321397,PM2.5,71.0
"Ashok Nagar, Udaipur - RSPCB",Udaipur,Rajasthan,2026-07-16 05:00:00,24.5886166,73.6321397,SO2,9.0
"Zero Point GICI, Gangtok - SSPCB",Gangtok,Sikkim,2026-07-16 05:00:00,27.33853,88.614099,CO,4.0
"Zero Point GICI, Gangtok - SSPCB",Gangtok,Sikkim,2026-07-16 05:00:00,27.33853,88.614099,NH3,1.0
"Zero Point GICI, Gangtok - SSPCB",Gangtok,Sikkim,2026-07-16 05:00:00,27.33853,88.614099,NO2,8.0
"Zero Point GICI, Gangtok - SSPCB",Gangtok,Sikkim,2026-07-16 05:00:00,27.33853,88.614099,O3,1.0
"Zero Point GICI, Gangtok - SSPCB",Gangtok,Sikkim,2026-07-16 05:00:00,27.33853,88.614099,PM10,12.0
"Zero Point GICI, Gangtok - SSPCB",Gangtok,Sikkim,2026-07-16 05:00:00,27.33853,88.614099,PM2.5,16.0
"Zero Point GICI, Gangtok - SSPCB",Gangtok,Sikkim,2026-07-16 05:00:00,27.33853,88.614099,SO2,1.0
"Arumbakkam, Chennai - TNPCB",Chennai,Tamil Nadu,2026-07-16 05:00:00,13.0664,80.2112,NH3,4.0
"Arumbakkam, Chennai - TNPCB",Chennai,Tamil Nadu,2026-07-16 05:00:00,13.0664,80.2112,NO2,19.0
"Arumbakkam, Chennai - TNPCB",Chennai,Tamil Nadu,2026-07-16 05:00:00,13.0664,80.2112,PM10,99.0
"Arumbakkam, Chennai - TNPCB",Chennai,Tamil Nadu,2026-07-16 05:00:00,13.0664,80.2112,PM2.5,47.0
"Arumbakkam, Chennai - TNPCB",Chennai,Tamil Nadu,2026-07-16 05:00:00,13.0664,80.2112,SO2,4.0
"Kodungaiyur, Chennai - TNPCB",Chennai,Tamil Nadu,2026-07-16 05:00:00,13.1278,80.2642,CO,31.0
"Kodungaiyur, Chennai - TNPCB",Chennai,Tamil Nadu,2026-07-16 05:00:00,13.1278,80.2642,NH3,4.0
"Kodungaiyur, Chennai - TNPCB",Chennai,Tamil Nadu,2026-07-16 05:00:00,13.1278,80.2642,NO2,13.0
"Kodungaiyur, Chennai - TNPCB",Chennai,Tamil Nadu,2026-07-16 05:00:00,13.1278,80.2642,O3,30.0
"Kodungaiyur, Chennai - TNPCB",Chennai,Tamil Nadu,2026-07-16 05:00:00,13.1278,80.2642,PM10,80.0
"Kodungaiyur, Chennai - TNPCB",Chennai,Tamil Nadu,2026-07-16 05:00:00,13.1278,80.2642,PM2.5,65.0
"Kodungaiyur, Chennai - TNPCB",Chennai,Tamil Nadu,2026-07-16 05:00:00,13.1278,80.2642,SO2,6.0
"Manali Village, Chennai - TNPCB",Chennai,Tamil Nadu,2026-07-16 05:00:00,13.1662,80.2584,CO,46.0
"Manali Village, Chennai - TNPCB",Chennai,Tamil Nadu,2026-07-16 05:00:00,13.1662,80.2584,NH3,2.0
"Manali Village, Chennai - TNPCB",Chennai,Tamil Nadu,2026-07-16 05:00:00,13.1662,80.2584,NO2,15.0
"Manali Village, Chennai - TNPCB",Chennai,Tamil Nadu,2026-07-16 05:00:00,13.1662,80.2584,O3,283.0
"Manali Village, Chennai - TNPCB",Chennai,Tamil Nadu,2026-07-16 05:00:00,13.1662,80.2584,PM10,66.0
"Manali Village, Chennai - TNPCB",Chennai,Tamil Nadu,2026-07-16 05:00:00,13.1662,80.2584,PM2.5,45.0
"Manali Village, Chennai - TNPCB",Chennai,Tamil Nadu,2026-07-16 05:00:00,13.1662,80.2584,SO2,13.0
"Perungudi, Chennai - TNPCB",Chennai,Tamil Nadu,2026-07-16 05:00:00,12.9533,80.2357,CO,32.0
"Perungudi, Chennai - TNPCB",Chennai,Tamil Nadu,2026-07-16 05:00:00,12.9533,80.2357,NH3,0.0
"Perungudi, Chennai - TNPCB",Chennai,Tamil Nadu,2026-07-16 05:00:00,12.9533,80.2357,NO2,6.0
"Perungudi, Chennai - TNPCB",Chennai,Tamil Nadu,2026-07-16 05:00:00,12.9533,80.2357,O3,2.0
"Perungudi, Chennai - TNPCB",Chennai,Tamil Nadu,2026-07-16 05:00:00,12.9533,80.2357,PM10,187.0
"Perungudi, Chennai - TNPCB",Chennai,Tamil Nadu,2026-07-16 05:00:00,12.9533,80.2357,PM2.5,61.0
"Perungudi, Chennai - TNPCB",Chennai,Tamil Nadu,2026-07-16 05:00:00,12.9533,80.2357,SO2,5.0
"Royapuram, Chennai - TNPCB",Chennai,Tamil Nadu,2026-07-16 05:00:00,13.1036,80.2909,CO,53.0
"Royapuram, Chennai - TNPCB",Chennai,Tamil Nadu,2026-07-16 05:00:00,13.1036,80.2909,NH3,4.0
"Royapuram, Chennai - TNPCB",Chennai,Tamil Nadu,2026-07-16 05:00:00,13.1036,80.2909,NO2,14.0
"Royapuram, Chennai - TNPCB",Chennai,Tamil Nadu,2026-07-16 05:00:00,13.1036,80.2909,O3,31.0
"Royapuram, Chennai - TNPCB",Chennai,Tamil Nadu,2026-07-16 05:00:00,13.1036,80.2909,PM10,53.0
"Royapuram, Chennai - TNPCB",Chennai,Tamil Nadu,2026-07-16 05:00:00,13.1036,80.2909,PM2.5,40.0
"Royapuram, Chennai - TNPCB",Chennai,Tamil Nadu,2026-07-16 05:00:00,13.1036,80.2909,SO2,5.0
"Velachery Res. Area, Chennai - CPCB",Chennai,Tamil Nadu,2026-07-16 05:00:00,13.0052189,80.2398125,NH3,3.0
"Velachery Res. Area, Chennai - CPCB",Chennai,Tamil Nadu,2026-07-16 05:00:00,13.0052189,80.2398125,NO2,11.0
"Velachery Res. Area, Chennai - CPCB",Chennai,Tamil Nadu,2026-07-16 05:00:00,13.0052189,80.2398125,O3,9.0
"Velachery Res. Area, Chennai - CPCB",Chennai,Tamil Nadu,2026-07-16 05:00:00,13.0052189,80.2398125,PM10,113.0
"Velachery Res. Area, Chennai - CPCB",Chennai,Tamil Nadu,2026-07-16 05:00:00,13.0052189,80.2398125,PM2.5,74.0
"Velachery Res. Area, Chennai - CPCB",Chennai,Tamil Nadu,2026-07-16 05:00:00,13.0052189,80.2398125,SO2,6.0
"SIDCO Kurichi, Coimbatore - TNPCB",Coimbatore,Tamil Nadu,2026-07-16 05:00:00,10.942451,76.978996,CO,9.0
"SIDCO Kurichi, Coimbatore - TNPCB",Coimbatore,Tamil Nadu,2026-07-16 05:00:00,10.942451,76.978996,NH3,1.0
"SIDCO Kurichi, Coimbatore - TNPCB",Coimbatore,Tamil Nadu,2026-07-16 05:00:00,10.942451,76.978996,NO2,23.0
"SIDCO Kurichi, Coimbatore - TNPCB",Coimbatore,Tamil Nadu,2026-07-16 05:00:00,10.942451,76.978996,O3,20.0
"SIDCO Kurichi, Coimbatore - TNPCB",Coimbatore,Tamil Nadu,2026-07-16 05:00:00,10.942451,76.978996,PM10,34.0
"SIDCO Kurichi, Coimbatore - TNPCB",Coimbatore,Tamil Nadu,2026-07-16 05:00:00,10.942451,76.978996,PM2.5,43.0
"SIDCO Kurichi, Coimbatore - TNPCB",Coimbatore,Tamil Nadu,2026-07-16 05:00:00,10.942451,76.978996,SO2,26.0
"Kudikadu, Cuddalore - TNPCB",Cuddalore,Tamil Nadu,2026-07-16 05:00:00,11.6829898,79.7532099,O3,9.0
"Semmandalam, Cuddalore - TNPCB",Cuddalore,Tamil Nadu,2026-07-16 05:00:00,11.7637683,79.7499835,NH3,6.0
"Semmandalam, Cuddalore - TNPCB",Cuddalore,Tamil Nadu,2026-07-16 05:00:00,11.7637683,79.7499835,O3,2.0
"Semmandalam, Cuddalore - TNPCB",Cuddalore,Tamil Nadu,2026-07-16 05:00:00,11.7637683,79.7499835,PM10,59.0
"Anthoni Pillai Nagar, Gummidipoondi - TNPCB",Gummidipoondi,Tamil Nadu,2026-07-16 05:00:00,13.4127,80.1081,NH3,1.0
"Anthoni Pillai Nagar, Gummidipoondi - TNPCB",Gummidipoondi,Tamil Nadu,2026-07-16 05:00:00,13.4127,80.1081,NO2,20.0
"Anthoni Pillai Nagar, Gummidipoondi - TNPCB",Gummidipoondi,Tamil Nadu,2026-07-16 05:00:00,13.4127,80.1081,PM10,119.0
"Anthoni Pillai Nagar, Gummidipoondi - TNPCB",Gummidipoondi,Tamil Nadu,2026-07-16 05:00:00,13.4127,80.1081,PM2.5,108.0
"Anthoni Pillai Nagar, Gummidipoondi - TNPCB",Gummidipoondi,Tamil Nadu,2026-07-16 05:00:00,13.4127,80.1081,SO2,20.0
"Uchapatti, Madurai - TNPCB",Madurai,Tamil Nadu,2026-07-16 05:00:00,9.865935,78.022669,CO,46.0
"Uchapatti, Madurai - TNPCB",Madurai,Tamil Nadu,2026-07-16 05:00:00,9.865935,78.022669,NH3,9.0
"Uchapatti, Madurai - TNPCB",Madurai,Tamil Nadu,2026-07-16 05:00:00,9.865935,78.022669,O3,1.0
"Uchapatti, Madurai - TNPCB",Madurai,Tamil Nadu,2026-07-16 05:00:00,9.865935,78.022669,SO2,56.0
"Meelavittan, Thoothukudi - TNPCB",Thoothukudi,Tamil Nadu,2026-07-16 05:00:00,8.816428,78.099039,CO,30.0
"Meelavittan, Thoothukudi - TNPCB",Thoothukudi,Tamil Nadu,2026-07-16 05:00:00,8.816428,78.099039,NO2,18.0
"Meelavittan, Thoothukudi - TNPCB",Thoothukudi,Tamil Nadu,2026-07-16 05:00:00,8.816428,78.099039,O3,30.0
"Meelavittan, Thoothukudi - TNPCB",Thoothukudi,Tamil Nadu,2026-07-16 05:00:00,8.816428,78.099039,PM10,80.0
"Meelavittan, Thoothukudi - TNPCB",Thoothukudi,Tamil Nadu,2026-07-16 05:00:00,8.816428,78.099039,SO2,12.0
"Central University, Hyderabad - TSPCB",Hyderabad,Telangana,2026-07-16 05:00:00,17.460103,78.334361,CO,2.0
"Central University, Hyderabad - TSPCB",Hyderabad,Telangana,2026-07-16 05:00:00,17.460103,78.334361,NH3,4.0
"Central University, Hyderabad - TSPCB",Hyderabad,Telangana,2026-07-16 05:00:00,17.460103,78.334361,NO2,24.0
"Central University, Hyderabad - TSPCB",Hyderabad,Telangana,2026-07-16 05:00:00,17.460103,78.334361,O3,10.0
"Central University, Hyderabad - TSPCB",Hyderabad,Telangana,2026-07-16 05:00:00,17.460103,78.334361,PM10,23.0
"Central University, Hyderabad - TSPCB",Hyderabad,Telangana,2026-07-16 05:00:00,17.460103,78.334361,PM2.5,21.0
"Central University, Hyderabad - TSPCB",Hyderabad,Telangana,2026-07-16 05:00:00,17.460103,78.334361,SO2,8.0
"ECIL Kapra, Hyderabad - TSPCB",Hyderabad,Telangana,2026-07-16 05:00:00,17.470431,78.566959,CO,15.0
"ECIL Kapra, Hyderabad - TSPCB",Hyderabad,Telangana,2026-07-16 05:00:00,17.470431,78.566959,NH3,2.0
"ECIL Kapra, Hyderabad - TSPCB",Hyderabad,Telangana,2026-07-16 05:00:00,17.470431,78.566959,NO2,6.0
"ECIL Kapra, Hyderabad - TSPCB",Hyderabad,Telangana,2026-07-16 05:00:00,17.470431,78.566959,O3,20.0
"ECIL Kapra, Hyderabad - TSPCB",Hyderabad,Telangana,2026-07-16 05:00:00,17.470431,78.566959,PM10,57.0
"ECIL Kapra, Hyderabad - TSPCB",Hyderabad,Telangana,2026-07-16 05:00:00,17.470431,78.566959,PM2.5,42.0
"ECIL Kapra, Hyderabad - TSPCB",Hyderabad,Telangana,2026-07-16 05:00:00,17.470431,78.566959,SO2,17.0
"ICRISAT Patancheru, Hyderabad - TSPCB",Hyderabad,Telangana,2026-07-16 05:00:00,17.5184,78.278777,CO,34.0
"ICRISAT Patancheru, Hyderabad - TSPCB",Hyderabad,Telangana,2026-07-16 05:00:00,17.5184,78.278777,NH3,2.0
"ICRISAT Patancheru, Hyderabad - TSPCB",Hyderabad,Telangana,2026-07-16 05:00:00,17.5184,78.278777,NO2,13.0
"ICRISAT Patancheru, Hyderabad - TSPCB",Hyderabad,Telangana,2026-07-16 05:00:00,17.5184,78.278777,O3,21.0
"ICRISAT Patancheru, Hyderabad - TSPCB",Hyderabad,Telangana,2026-07-16 05:00:00,17.5184,78.278777,PM10,67.0
"ICRISAT Patancheru, Hyderabad - TSPCB",Hyderabad,Telangana,2026-07-16 05:00:00,17.5184,78.278777,PM2.5,33.0
"ICRISAT Patancheru, Hyderabad - TSPCB",Hyderabad,Telangana,2026-07-16 05:00:00,17.5184,78.278777,SO2,9.0
"IDA Pashamylaram, Hyderabad - TSPCB",Hyderabad,Telangana,2026-07-16 05:00:00,17.5316895,78.218939,CO,7.0
"IDA Pashamylaram, Hyderabad - TSPCB",Hyderabad,Telangana,2026-07-16 05:00:00,17.5316895,78.218939,NH3,2.0
"IDA Pashamylaram, Hyderabad - TSPCB",Hyderabad,Telangana,2026-07-16 05:00:00,17.5316895,78.218939,NO2,30.0
"IDA Pashamylaram, Hyderabad - TSPCB",Hyderabad,Telangana,2026-07-16 05:00:00,17.5316895,78.218939,O3,19.0
"IDA Pashamylaram, Hyderabad - TSPCB",Hyderabad,Telangana,2026-07-16 05:00:00,17.5316895,78.218939,PM10,53.0
"IDA Pashamylaram, Hyderabad - TSPCB",Hyderabad,Telangana,2026-07-16 05:00:00,17.5316895,78.218939,PM2.5,32.0
"IDA Pashamylaram, Hyderabad - TSPCB",Hyderabad,Telangana,2026-07-16 05:00:00,17.5316895,78.218939,SO2,14.0
"Kokapet, Hyderabad - TSPCB",Hyderabad,Telangana,2026-07-16 05:00:00,17.393559,78.339194,CO,23.0
"Kokapet, Hyderabad - TSPCB",Hyderabad,Telangana,2026-07-16 05:00:00,17.393559,78.339194,NH3,3.0
"Kokapet, Hyderabad - TSPCB",Hyderabad,Telangana,2026-07-16 05:00:00,17.393559,78.339194,NO2,13.0
"Kokapet, Hyderabad - TSPCB",Hyderabad,Telangana,2026-07-16 05:00:00,17.393559,78.339194,O3,17.0
"Kokapet, Hyderabad - TSPCB",Hyderabad,Telangana,2026-07-16 05:00:00,17.393559,78.339194,PM10,60.0
"Kokapet, Hyderabad - TSPCB",Hyderabad,Telangana,2026-07-16 05:00:00,17.393559,78.339194,PM2.5,47.0
"Kokapet, Hyderabad - TSPCB",Hyderabad,Telangana,2026-07-16 05:00:00,17.393559,78.339194,SO2,9.0
"Kompally Municipal Office, Hyderabad - TSPCB",Hyderabad,Telangana,2026-07-16 05:00:00,17.544899,78.486949,CO,13.0
"Kompally Municipal Office, Hyderabad - TSPCB",Hyderabad,Telangana,2026-07-16 05:00:00,17.544899,78.486949,NH3,3.0
"Kompally Municipal Office, Hyderabad - TSPCB",Hyderabad,Telangana,2026-07-16 05:00:00,17.544899,78.486949,NO2,13.0
"Kompally Municipal Office, Hyderabad - TSPCB",Hyderabad,Telangana,2026-07-16 05:00:00,17.544899,78.486949,O3,12.0
"Kompally Municipal Office, Hyderabad - TSPCB",Hyderabad,Telangana,2026-07-16 05:00:00,17.544899,78.486949,PM10,57.0
"Kompally Municipal Office, Hyderabad - TSPCB",Hyderabad,Telangana,2026-07-16 05:00:00,17.544899,78.486949,PM2.5,38.0
"Kompally Municipal Office, Hyderabad - TSPCB",Hyderabad,Telangana,2026-07-16 05:00:00,17.544899,78.486949,SO2,9.0
"Nacharam_TSIIC IALA, Hyderabad - TSPCB",Hyderabad,Telangana,2026-07-16 05:00:00,17.429398,78.569354,CO,22.0
"Nacharam_TSIIC IALA, Hyderabad - TSPCB",Hyderabad,Telangana,2026-07-16 05:00:00,17.429398,78.569354,NH3,6.0
"Nacharam_TSIIC IALA, Hyderabad - TSPCB",Hyderabad,Telangana,2026-07-16 05:00:00,17.429398,78.569354,NO2,13.0
"Nacharam_TSIIC IALA, Hyderabad - TSPCB",Hyderabad,Telangana,2026-07-16 05:00:00,17.429398,78.569354,O3,16.0
"Nacharam_TSIIC IALA, Hyderabad - TSPCB",Hyderabad,Telangana,2026-07-16 05:00:00,17.429398,78.569354,PM10,65.0
"Nacharam_TSIIC IALA, Hyderabad - TSPCB",Hyderabad,Telangana,2026-07-16 05:00:00,17.429398,78.569354,PM2.5,41.0
"Nacharam_TSIIC IALA, Hyderabad - TSPCB",Hyderabad,Telangana,2026-07-16 05:00:00,17.429398,78.569354,SO2,12.0
"New Malakpet, Hyderabad - TSPCB",Hyderabad,Telangana,2026-07-16 05:00:00,17.37206,78.50864,CO,24.0
"New Malakpet, Hyderabad - TSPCB",Hyderabad,Telangana,2026-07-16 05:00:00,17.37206,78.50864,NH3,3.0
"New Malakpet, Hyderabad - TSPCB",Hyderabad,Telangana,2026-07-16 05:00:00,17.37206,78.50864,NO2,16.0
"New Malakpet, Hyderabad - TSPCB",Hyderabad,Telangana,2026-07-16 05:00:00,17.37206,78.50864,O3,15.0
"New Malakpet, Hyderabad - TSPCB",Hyderabad,Telangana,2026-07-16 05:00:00,17.37206,78.50864,PM10,57.0
"New Malakpet, Hyderabad - TSPCB",Hyderabad,Telangana,2026-07-16 05:00:00,17.37206,78.50864,PM2.5,40.0
"New Malakpet, Hyderabad - TSPCB",Hyderabad,Telangana,2026-07-16 05:00:00,17.37206,78.50864,SO2,11.0
"Ramachandrapuram, Hyderabad - TSPCB",Hyderabad,Telangana,2026-07-16 05:00:00,17.528544,78.286195,CO,18.0
"Ramachandrapuram, Hyderabad - TSPCB",Hyderabad,Telangana,2026-07-16 05:00:00,17.528544,78.286195,NH3,3.0
"Ramachandrapuram, Hyderabad - TSPCB",Hyderabad,Telangana,2026-07-16 05:00:00,17.528544,78.286195,NO2,12.0
"Ramachandrapuram, Hyderabad - TSPCB",Hyderabad,Telangana,2026-07-16 05:00:00,17.528544,78.286195,O3,29.0
"Ramachandrapuram, Hyderabad - TSPCB",Hyderabad,Telangana,2026-07-16 05:00:00,17.528544,78.286195,PM10,76.0
"Ramachandrapuram, Hyderabad - TSPCB",Hyderabad,Telangana,2026-07-16 05:00:00,17.528544,78.286195,PM2.5,44.0
"Ramachandrapuram, Hyderabad - TSPCB",Hyderabad,Telangana,2026-07-16 05:00:00,17.528544,78.286195,SO2,16.0
"Sanathnagar, Hyderabad - TSPCB",Hyderabad,Telangana,2026-07-16 05:00:00,17.4559458,78.4332152,CO,39.0
"Sanathnagar, Hyderabad - TSPCB",Hyderabad,Telangana,2026-07-16 05:00:00,17.4559458,78.4332152,NO2,36.0
"Sanathnagar, Hyderabad - TSPCB",Hyderabad,Telangana,2026-07-16 05:00:00,17.4559458,78.4332152,O3,22.0
"Sanathnagar, Hyderabad - TSPCB",Hyderabad,Telangana,2026-07-16 05:00:00,17.4559458,78.4332152,PM2.5,25.0
"Sanathnagar, Hyderabad - TSPCB",Hyderabad,Telangana,2026-07-16 05:00:00,17.4559458,78.4332152,SO2,9.0
"Somajiguda, Hyderabad - TSPCB",Hyderabad,Telangana,2026-07-16 05:00:00,17.417094,78.457437,CO,17.0
"Somajiguda, Hyderabad - TSPCB",Hyderabad,Telangana,2026-07-16 05:00:00,17.417094,78.457437,NH3,4.0
"Somajiguda, Hyderabad - TSPCB",Hyderabad,Telangana,2026-07-16 05:00:00,17.417094,78.457437,NO2,16.0
"Somajiguda, Hyderabad - TSPCB",Hyderabad,Telangana,2026-07-16 05:00:00,17.417094,78.457437,O3,18.0
"Somajiguda, Hyderabad - TSPCB",Hyderabad,Telangana,2026-07-16 05:00:00,17.417094,78.457437,PM10,56.0
"Somajiguda, Hyderabad - TSPCB",Hyderabad,Telangana,2026-07-16 05:00:00,17.417094,78.457437,PM2.5,49.0
"Somajiguda, Hyderabad - TSPCB",Hyderabad,Telangana,2026-07-16 05:00:00,17.417094,78.457437,SO2,10.0
"Zoo Park, Hyderabad - TSPCB",Hyderabad,Telangana,2026-07-16 05:00:00,17.349694,78.451437,CO,33.0
"Zoo Park, Hyderabad - TSPCB",Hyderabad,Telangana,2026-07-16 05:00:00,17.349694,78.451437,NH3,2.0
"Zoo Park, Hyderabad - TSPCB",Hyderabad,Telangana,2026-07-16 05:00:00,17.349694,78.451437,NO2,9.0
"Zoo Park, Hyderabad - TSPCB",Hyderabad,Telangana,2026-07-16 05:00:00,17.349694,78.451437,O3,4.0
"Zoo Park, Hyderabad - TSPCB",Hyderabad,Telangana,2026-07-16 05:00:00,17.349694,78.451437,PM10,38.0
"Zoo Park, Hyderabad - TSPCB",Hyderabad,Telangana,2026-07-16 05:00:00,17.349694,78.451437,PM2.5,37.0
"Zoo Park, Hyderabad - TSPCB",Hyderabad,Telangana,2026-07-16 05:00:00,17.349694,78.451437,SO2,7.0
"Bardowali, Agartala - Tripura SPCB",Agartala,Tripura,2026-07-16 05:00:00,23.8175497,91.2726974,CO,24.0
"Bardowali, Agartala - Tripura SPCB",Agartala,Tripura,2026-07-16 05:00:00,23.8175497,91.2726974,NH3,0.0
"Bardowali, Agartala - Tripura SPCB",Agartala,Tripura,2026-07-16 05:00:00,23.8175497,91.2726974,NO2,19.0
"Bardowali, Agartala - Tripura SPCB",Agartala,Tripura,2026-07-16 05:00:00,23.8175497,91.2726974,O3,13.0
"Bardowali, Agartala - Tripura SPCB",Agartala,Tripura,2026-07-16 05:00:00,23.8175497,91.2726974,PM10,81.0
"Bardowali, Agartala - Tripura SPCB",Agartala,Tripura,2026-07-16 05:00:00,23.8175497,91.2726974,PM2.5,51.0
"Bardowali, Agartala - Tripura SPCB",Agartala,Tripura,2026-07-16 05:00:00,23.8175497,91.2726974,SO2,9.0
"Manoharpur, Agra - UPPCB",Agra,Uttar Pradesh,2026-07-16 05:00:00,27.23711,78.01936,CO,22.0
"Manoharpur, Agra - UPPCB",Agra,Uttar Pradesh,2026-07-16 05:00:00,27.23711,78.01936,NH3,1.0
"Manoharpur, Agra - UPPCB",Agra,Uttar Pradesh,2026-07-16 05:00:00,27.23711,78.01936,NO2,30.0
"Manoharpur, Agra - UPPCB",Agra,Uttar Pradesh,2026-07-16 05:00:00,27.23711,78.01936,O3,5.0
"Manoharpur, Agra - UPPCB",Agra,Uttar Pradesh,2026-07-16 05:00:00,27.23711,78.01936,PM10,81.0
"Manoharpur, Agra - UPPCB",Agra,Uttar Pradesh,2026-07-16 05:00:00,27.23711,78.01936,PM2.5,106.0
"Manoharpur, Agra - UPPCB",Agra,Uttar Pradesh,2026-07-16 05:00:00,27.23711,78.01936,SO2,18.0
"Rohta, Agra - UPPCB",Agra,Uttar Pradesh,2026-07-16 05:00:00,27.106972,78.000111,CO,22.0
"Rohta, Agra - UPPCB",Agra,Uttar Pradesh,2026-07-16 05:00:00,27.106972,78.000111,NH3,5.0
"Rohta, Agra - UPPCB",Agra,Uttar Pradesh,2026-07-16 05:00:00,27.106972,78.000111,NO2,15.0
"Rohta, Agra - UPPCB",Agra,Uttar Pradesh,2026-07-16 05:00:00,27.106972,78.000111,O3,12.0
"Rohta, Agra - UPPCB",Agra,Uttar Pradesh,2026-07-16 05:00:00,27.106972,78.000111,PM10,137.0
"Rohta, Agra - UPPCB",Agra,Uttar Pradesh,2026-07-16 05:00:00,27.106972,78.000111,PM2.5,37.0
"Rohta, Agra - UPPCB",Agra,Uttar Pradesh,2026-07-16 05:00:00,27.106972,78.000111,SO2,13.0
"Sanjay Palace, Agra - UPPCB",Agra,Uttar Pradesh,2026-07-16 05:00:00,27.19865833,78.00598056,CO,24.0
"Sanjay Palace, Agra - UPPCB",Agra,Uttar Pradesh,2026-07-16 05:00:00,27.19865833,78.00598056,NO2,4.0
"Sanjay Palace, Agra - UPPCB",Agra,Uttar Pradesh,2026-07-16 05:00:00,27.19865833,78.00598056,O3,2.0
"Sanjay Palace, Agra - UPPCB",Agra,Uttar Pradesh,2026-07-16 05:00:00,27.19865833,78.00598056,PM10,89.0
"Sanjay Palace, Agra - UPPCB",Agra,Uttar Pradesh,2026-07-16 05:00:00,27.19865833,78.00598056,PM2.5,58.0
"Sanjay Palace, Agra - UPPCB",Agra,Uttar Pradesh,2026-07-16 05:00:00,27.19865833,78.00598056,SO2,2.0
"Sector-3B Avas Vikas Colony, Agra - UPPCB",Agra,Uttar Pradesh,2026-07-16 05:00:00,27.19412,77.96237,CO,17.0
"Sector-3B Avas Vikas Colony, Agra - UPPCB",Agra,Uttar Pradesh,2026-07-16 05:00:00,27.19412,77.96237,NH3,10.0
"Sector-3B Avas Vikas Colony, Agra - UPPCB",Agra,Uttar Pradesh,2026-07-16 05:00:00,27.19412,77.96237,NO2,35.0
"Sector-3B Avas Vikas Colony, Agra - UPPCB",Agra,Uttar Pradesh,2026-07-16 05:00:00,27.19412,77.96237,O3,14.0
"Sector-3B Avas Vikas Colony, Agra - UPPCB",Agra,Uttar Pradesh,2026-07-16 05:00:00,27.19412,77.96237,PM10,88.0
"Sector-3B Avas Vikas Colony, Agra - UPPCB",Agra,Uttar Pradesh,2026-07-16 05:00:00,27.19412,77.96237,PM2.5,63.0
"Sector-3B Avas Vikas Colony, Agra - UPPCB",Agra,Uttar Pradesh,2026-07-16 05:00:00,27.19412,77.96237,SO2,21.0
"Shahjahan Garden, Agra - UPPCB",Agra,Uttar Pradesh,2026-07-16 05:00:00,27.169338,78.03582,CO,21.0
"Shahjahan Garden, Agra - UPPCB",Agra,Uttar Pradesh,2026-07-16 05:00:00,27.169338,78.03582,NH3,1.0
"Shahjahan Garden, Agra - UPPCB",Agra,Uttar Pradesh,2026-07-16 05:00:00,27.169338,78.03582,NO2,31.0
"Shahjahan Garden, Agra - UPPCB",Agra,Uttar Pradesh,2026-07-16 05:00:00,27.169338,78.03582,O3,5.0
"Shahjahan Garden, Agra - UPPCB",Agra,Uttar Pradesh,2026-07-16 05:00:00,27.169338,78.03582,PM10,58.0
"Shahjahan Garden, Agra - UPPCB",Agra,Uttar Pradesh,2026-07-16 05:00:00,27.169338,78.03582,PM2.5,70.0
"Shahjahan Garden, Agra - UPPCB",Agra,Uttar Pradesh,2026-07-16 05:00:00,27.169338,78.03582,SO2,90.0
"Shastripuram, Agra - UPPCB",Agra,Uttar Pradesh,2026-07-16 05:00:00,27.19862,77.92066,CO,14.0
"Shastripuram, Agra - UPPCB",Agra,Uttar Pradesh,2026-07-16 05:00:00,27.19862,77.92066,NH3,3.0
"Shastripuram, Agra - UPPCB",Agra,Uttar Pradesh,2026-07-16 05:00:00,27.19862,77.92066,NO2,26.0
"Shastripuram, Agra - UPPCB",Agra,Uttar Pradesh,2026-07-16 05:00:00,27.19862,77.92066,O3,34.0
"Shastripuram, Agra - UPPCB",Agra,Uttar Pradesh,2026-07-16 05:00:00,27.19862,77.92066,PM2.5,45.0
"Shastripuram, Agra - UPPCB",Agra,Uttar Pradesh,2026-07-16 05:00:00,27.19862,77.92066,SO2,11.0
"Sardar Patel Inter College, Baghpat - UPPCB",Baghpat,Uttar Pradesh,2026-07-16 05:00:00,28.964949,77.278761,CO,14.0
"Sardar Patel Inter College, Baghpat - UPPCB",Baghpat,Uttar Pradesh,2026-07-16 05:00:00,28.964949,77.278761,NH3,2.0
"Sardar Patel Inter College, Baghpat - UPPCB",Baghpat,Uttar Pradesh,2026-07-16 05:00:00,28.964949,77.278761,NO2,20.0
"Sardar Patel Inter College, Baghpat - UPPCB",Baghpat,Uttar Pradesh,2026-07-16 05:00:00,28.964949,77.278761,O3,17.0
"Sardar Patel Inter College, Baghpat - UPPCB",Baghpat,Uttar Pradesh,2026-07-16 05:00:00,28.964949,77.278761,PM10,108.0
"Sardar Patel Inter College, Baghpat - UPPCB",Baghpat,Uttar Pradesh,2026-07-16 05:00:00,28.964949,77.278761,PM2.5,51.0
"Sardar Patel Inter College, Baghpat - UPPCB",Baghpat,Uttar Pradesh,2026-07-16 05:00:00,28.964949,77.278761,SO2,6.0
"Civil Lines, Bareilly - UPPCB",Bareilly,Uttar Pradesh,2026-07-16 05:00:00,28.359581,79.414455,CO,33.0
"Civil Lines, Bareilly - UPPCB",Bareilly,Uttar Pradesh,2026-07-16 05:00:00,28.359581,79.414455,NH3,4.0
"Civil Lines, Bareilly - UPPCB",Bareilly,Uttar Pradesh,2026-07-16 05:00:00,28.359581,79.414455,NO2,8.0
"Civil Lines, Bareilly - UPPCB",Bareilly,Uttar Pradesh,2026-07-16 05:00:00,28.359581,79.414455,O3,44.0
"Civil Lines, Bareilly - UPPCB",Bareilly,Uttar Pradesh,2026-07-16 05:00:00,28.359581,79.414455,PM10,41.0
"Civil Lines, Bareilly - UPPCB",Bareilly,Uttar Pradesh,2026-07-16 05:00:00,28.359581,79.414455,PM2.5,43.0
"Civil Lines, Bareilly - UPPCB",Bareilly,Uttar Pradesh,2026-07-16 05:00:00,28.359581,79.414455,SO2,76.0
"Rajendra Nagar, Bareilly - UPPCB",Bareilly,Uttar Pradesh,2026-07-16 05:00:00,28.38910936,79.42963708,CO,8.0
"Rajendra Nagar, Bareilly - UPPCB",Bareilly,Uttar Pradesh,2026-07-16 05:00:00,28.38910936,79.42963708,NH3,1.0
"Rajendra Nagar, Bareilly - UPPCB",Bareilly,Uttar Pradesh,2026-07-16 05:00:00,28.38910936,79.42963708,NO2,9.0
"Rajendra Nagar, Bareilly - UPPCB",Bareilly,Uttar Pradesh,2026-07-16 05:00:00,28.38910936,79.42963708,PM10,48.0
"Rajendra Nagar, Bareilly - UPPCB",Bareilly,Uttar Pradesh,2026-07-16 05:00:00,28.38910936,79.42963708,PM2.5,20.0
"Rajendra Nagar, Bareilly - UPPCB",Bareilly,Uttar Pradesh,2026-07-16 05:00:00,28.38910936,79.42963708,SO2,9.0
"Yamunapuram, Bulandshahr - UPPCB",Bulandshahr,Uttar Pradesh,2026-07-16 05:00:00,28.406963,77.849831,CO,32.0
"Yamunapuram, Bulandshahr - UPPCB",Bulandshahr,Uttar Pradesh,2026-07-16 05:00:00,28.406963,77.849831,NH3,6.0
"Yamunapuram, Bulandshahr - UPPCB",Bulandshahr,Uttar Pradesh,2026-07-16 05:00:00,28.406963,77.849831,NO2,16.0
"Yamunapuram, Bulandshahr - UPPCB",Bulandshahr,Uttar Pradesh,2026-07-16 05:00:00,28.406963,77.849831,O3,15.0
"Yamunapuram, Bulandshahr - UPPCB",Bulandshahr,Uttar Pradesh,2026-07-16 05:00:00,28.406963,77.849831,PM10,141.0
"Yamunapuram, Bulandshahr - UPPCB",Bulandshahr,Uttar Pradesh,2026-07-16 05:00:00,28.406963,77.849831,PM2.5,53.0
"Nagla Bhau, Firozabad - UPPCB",Firozabad,Uttar Pradesh,2026-07-16 05:00:00,27.168897,78.37696,CO,21.0
"Nagla Bhau, Firozabad - UPPCB",Firozabad,Uttar Pradesh,2026-07-16 05:00:00,27.168897,78.37696,NH3,2.0
"Nagla Bhau, Firozabad - UPPCB",Firozabad,Uttar Pradesh,2026-07-16 05:00:00,27.168897,78.37696,NO2,17.0
"Nagla Bhau, Firozabad - UPPCB",Firozabad,Uttar Pradesh,2026-07-16 05:00:00,27.168897,78.37696,O3,9.0
"Nagla Bhau, Firozabad - UPPCB",Firozabad,Uttar Pradesh,2026-07-16 05:00:00,27.168897,78.37696,PM10,73.0
"Nagla Bhau, Firozabad - UPPCB",Firozabad,Uttar Pradesh,2026-07-16 05:00:00,27.168897,78.37696,PM2.5,51.0
"Nagla Bhau, Firozabad - UPPCB",Firozabad,Uttar Pradesh,2026-07-16 05:00:00,27.168897,78.37696,SO2,36.0
"Vibhab Nagar, Firozabad - UPPCB",Firozabad,Uttar Pradesh,2026-07-16 05:00:00,27.1594,78.3953,CO,37.0
"Vibhab Nagar, Firozabad - UPPCB",Firozabad,Uttar Pradesh,2026-07-16 05:00:00,27.1594,78.3953,NH3,7.0
"Vibhab Nagar, Firozabad - UPPCB",Firozabad,Uttar Pradesh,2026-07-16 05:00:00,27.1594,78.3953,NO2,15.0
"Vibhab Nagar, Firozabad - UPPCB",Firozabad,Uttar Pradesh,2026-07-16 05:00:00,27.1594,78.3953,O3,1.0
"Vibhab Nagar, Firozabad - UPPCB",Firozabad,Uttar Pradesh,2026-07-16 05:00:00,27.1594,78.3953,PM10,36.0
"Vibhab Nagar, Firozabad - UPPCB",Firozabad,Uttar Pradesh,2026-07-16 05:00:00,27.1594,78.3953,PM2.5,25.0
"Vibhab Nagar, Firozabad - UPPCB",Firozabad,Uttar Pradesh,2026-07-16 05:00:00,27.1594,78.3953,SO2,7.0
"Govindpuram, Ghaziabad - UPPCB",Ghaziabad,Uttar Pradesh,2026-07-16 05:00:00,28.694528,77.494705,CO,42.0
"Govindpuram, Ghaziabad - UPPCB",Ghaziabad,Uttar Pradesh,2026-07-16 05:00:00,28.694528,77.494705,NH3,4.0
"Govindpuram, Ghaziabad - UPPCB",Ghaziabad,Uttar Pradesh,2026-07-16 05:00:00,28.694528,77.494705,NO2,17.0
"Govindpuram, Ghaziabad - UPPCB",Ghaziabad,Uttar Pradesh,2026-07-16 05:00:00,28.694528,77.494705,O3,7.0
"Govindpuram, Ghaziabad - UPPCB",Ghaziabad,Uttar Pradesh,2026-07-16 05:00:00,28.694528,77.494705,PM10,91.0
"Govindpuram, Ghaziabad - UPPCB",Ghaziabad,Uttar Pradesh,2026-07-16 05:00:00,28.694528,77.494705,PM2.5,52.0
"Govindpuram, Ghaziabad - UPPCB",Ghaziabad,Uttar Pradesh,2026-07-16 05:00:00,28.694528,77.494705,SO2,5.0
"Indirapuram, Ghaziabad - UPPCB",Ghaziabad,Uttar Pradesh,2026-07-16 05:00:00,28.646233,77.358075,CO,46.0
"Indirapuram, Ghaziabad - UPPCB",Ghaziabad,Uttar Pradesh,2026-07-16 05:00:00,28.646233,77.358075,NH3,10.0
"Indirapuram, Ghaziabad - UPPCB",Ghaziabad,Uttar Pradesh,2026-07-16 05:00:00,28.646233,77.358075,NO2,38.0
"Indirapuram, Ghaziabad - UPPCB",Ghaziabad,Uttar Pradesh,2026-07-16 05:00:00,28.646233,77.358075,O3,17.0
"Indirapuram, Ghaziabad - UPPCB",Ghaziabad,Uttar Pradesh,2026-07-16 05:00:00,28.646233,77.358075,PM10,173.0
"Indirapuram, Ghaziabad - UPPCB",Ghaziabad,Uttar Pradesh,2026-07-16 05:00:00,28.646233,77.358075,PM2.5,73.0
"Indirapuram, Ghaziabad - UPPCB",Ghaziabad,Uttar Pradesh,2026-07-16 05:00:00,28.646233,77.358075,SO2,17.0
"Loni, Ghaziabad - UPPCB",Ghaziabad,Uttar Pradesh,2026-07-16 05:00:00,28.757294,77.278792,CO,43.0
"Loni, Ghaziabad - UPPCB",Ghaziabad,Uttar Pradesh,2026-07-16 05:00:00,28.757294,77.278792,NH3,5.0
"Loni, Ghaziabad - UPPCB",Ghaziabad,Uttar Pradesh,2026-07-16 05:00:00,28.757294,77.278792,NO2,37.0
"Loni, Ghaziabad - UPPCB",Ghaziabad,Uttar Pradesh,2026-07-16 05:00:00,28.757294,77.278792,O3,18.0
"Loni, Ghaziabad - UPPCB",Ghaziabad,Uttar Pradesh,2026-07-16 05:00:00,28.757294,77.278792,PM10,207.0
"Loni, Ghaziabad - UPPCB",Ghaziabad,Uttar Pradesh,2026-07-16 05:00:00,28.757294,77.278792,PM2.5,76.0
"Loni, Ghaziabad - UPPCB",Ghaziabad,Uttar Pradesh,2026-07-16 05:00:00,28.757294,77.278792,SO2,21.0
"Sanjay Nagar, Ghaziabad - UPPCB",Ghaziabad,Uttar Pradesh,2026-07-16 05:00:00,28.685382,77.453839,CO,34.0
"Sanjay Nagar, Ghaziabad - UPPCB",Ghaziabad,Uttar Pradesh,2026-07-16 05:00:00,28.685382,77.453839,NH3,15.0
"Sanjay Nagar, Ghaziabad - UPPCB",Ghaziabad,Uttar Pradesh,2026-07-16 05:00:00,28.685382,77.453839,NO2,47.0
"Sanjay Nagar, Ghaziabad - UPPCB",Ghaziabad,Uttar Pradesh,2026-07-16 05:00:00,28.685382,77.453839,O3,10.0
"Sanjay Nagar, Ghaziabad - UPPCB",Ghaziabad,Uttar Pradesh,2026-07-16 05:00:00,28.685382,77.453839,PM10,185.0
"Sanjay Nagar, Ghaziabad - UPPCB",Ghaziabad,Uttar Pradesh,2026-07-16 05:00:00,28.685382,77.453839,PM2.5,79.0
"Sanjay Nagar, Ghaziabad - UPPCB",Ghaziabad,Uttar Pradesh,2026-07-16 05:00:00,28.685382,77.453839,SO2,15.0
"Vasundhara, Ghaziabad - UPPCB",Ghaziabad,Uttar Pradesh,2026-07-16 05:00:00,28.6603346,77.3572563,CO,68.0
"Vasundhara, Ghaziabad - UPPCB",Ghaziabad,Uttar Pradesh,2026-07-16 05:00:00,28.6603346,77.3572563,NH3,5.0
"Vasundhara, Ghaziabad - UPPCB",Ghaziabad,Uttar Pradesh,2026-07-16 05:00:00,28.6603346,77.3572563,NO2,32.0
"Vasundhara, Ghaziabad - UPPCB",Ghaziabad,Uttar Pradesh,2026-07-16 05:00:00,28.6603346,77.3572563,O3,18.0
"Vasundhara, Ghaziabad - UPPCB",Ghaziabad,Uttar Pradesh,2026-07-16 05:00:00,28.6603346,77.3572563,PM10,175.0
"Vasundhara, Ghaziabad - UPPCB",Ghaziabad,Uttar Pradesh,2026-07-16 05:00:00,28.6603346,77.3572563,PM2.5,95.0
"Vasundhara, Ghaziabad - UPPCB",Ghaziabad,Uttar Pradesh,2026-07-16 05:00:00,28.6603346,77.3572563,SO2,12.0
"Madan Mohan Malaviya University of Technology, Gorakhpur - UPPCB",Gorakhpur,Uttar Pradesh,2026-07-16 05:00:00,26.730136,83.433859,CO,5.0
"Madan Mohan Malaviya University of Technology, Gorakhpur - UPPCB",Gorakhpur,Uttar Pradesh,2026-07-16 05:00:00,26.730136,83.433859,NH3,1.0
"Madan Mohan Malaviya University of Technology, Gorakhpur - UPPCB",Gorakhpur,Uttar Pradesh,2026-07-16 05:00:00,26.730136,83.433859,NO2,11.0
"Madan Mohan Malaviya University of Technology, Gorakhpur - UPPCB",Gorakhpur,Uttar Pradesh,2026-07-16 05:00:00,26.730136,83.433859,O3,36.0
"Madan Mohan Malaviya University of Technology, Gorakhpur - UPPCB",Gorakhpur,Uttar Pradesh,2026-07-16 05:00:00,26.730136,83.433859,PM10,75.0
"Madan Mohan Malaviya University of Technology, Gorakhpur - UPPCB",Gorakhpur,Uttar Pradesh,2026-07-16 05:00:00,26.730136,83.433859,SO2,42.0
"Knowledge Park - III, Greater Noida - UPPCB",Greater Noida,Uttar Pradesh,2026-07-16 05:00:00,28.47272,77.482,CO,37.0
"Knowledge Park - III, Greater Noida - UPPCB",Greater Noida,Uttar Pradesh,2026-07-16 05:00:00,28.47272,77.482,NH3,8.0
"Knowledge Park - III, Greater Noida - UPPCB",Greater Noida,Uttar Pradesh,2026-07-16 05:00:00,28.47272,77.482,NO2,25.0
"Knowledge Park - III, Greater Noida - UPPCB",Greater Noida,Uttar Pradesh,2026-07-16 05:00:00,28.47272,77.482,O3,14.0
"Knowledge Park - III, Greater Noida - UPPCB",Greater Noida,Uttar Pradesh,2026-07-16 05:00:00,28.47272,77.482,PM10,196.0
"Knowledge Park - III, Greater Noida - UPPCB",Greater Noida,Uttar Pradesh,2026-07-16 05:00:00,28.47272,77.482,PM2.5,72.0
"Knowledge Park - III, Greater Noida - UPPCB",Greater Noida,Uttar Pradesh,2026-07-16 05:00:00,28.47272,77.482,SO2,8.0
"Knowledge Park - V, Greater Noida - UPPCB",Greater Noida,Uttar Pradesh,2026-07-16 05:00:00,28.557054,77.453663,CO,15.0
"Knowledge Park - V, Greater Noida - UPPCB",Greater Noida,Uttar Pradesh,2026-07-16 05:00:00,28.557054,77.453663,NH3,9.0
"Knowledge Park - V, Greater Noida - UPPCB",Greater Noida,Uttar Pradesh,2026-07-16 05:00:00,28.557054,77.453663,NO2,39.0
"Knowledge Park - V, Greater Noida - UPPCB",Greater Noida,Uttar Pradesh,2026-07-16 05:00:00,28.557054,77.453663,O3,8.0
"Knowledge Park - V, Greater Noida - UPPCB",Greater Noida,Uttar Pradesh,2026-07-16 05:00:00,28.557054,77.453663,PM10,228.0
"Knowledge Park - V, Greater Noida - UPPCB",Greater Noida,Uttar Pradesh,2026-07-16 05:00:00,28.557054,77.453663,PM2.5,83.0
"Knowledge Park - V, Greater Noida - UPPCB",Greater Noida,Uttar Pradesh,2026-07-16 05:00:00,28.557054,77.453663,SO2,10.0
"Anand Vihar, Hapur - UPPCB",Hapur,Uttar Pradesh,2026-07-16 05:00:00,28.725645,77.749675,NH3,1.0
"Anand Vihar, Hapur - UPPCB",Hapur,Uttar Pradesh,2026-07-16 05:00:00,28.725645,77.749675,NO2,12.0
"Anand Vihar, Hapur - UPPCB",Hapur,Uttar Pradesh,2026-07-16 05:00:00,28.725645,77.749675,PM10,117.0
"Anand Vihar, Hapur - UPPCB",Hapur,Uttar Pradesh,2026-07-16 05:00:00,28.725645,77.749675,PM2.5,65.0
"Anand Vihar, Hapur - UPPCB",Hapur,Uttar Pradesh,2026-07-16 05:00:00,28.725645,77.749675,SO2,17.0
"Shivaji Nagar, Jhansi - UPPCB",Jhansi,Uttar Pradesh,2026-07-16 05:00:00,25.4547,78.6039,CO,8.0
"Shivaji Nagar, Jhansi - UPPCB",Jhansi,Uttar Pradesh,2026-07-16 05:00:00,25.4547,78.6039,NH3,4.0
"Shivaji Nagar, Jhansi - UPPCB",Jhansi,Uttar Pradesh,2026-07-16 05:00:00,25.4547,78.6039,NO2,6.0
"Shivaji Nagar, Jhansi - UPPCB",Jhansi,Uttar Pradesh,2026-07-16 05:00:00,25.4547,78.6039,O3,6.0
"Shivaji Nagar, Jhansi - UPPCB",Jhansi,Uttar Pradesh,2026-07-16 05:00:00,25.4547,78.6039,PM10,58.0
"Shivaji Nagar, Jhansi - UPPCB",Jhansi,Uttar Pradesh,2026-07-16 05:00:00,25.4547,78.6039,PM2.5,27.0
"Shivaji Nagar, Jhansi - UPPCB",Jhansi,Uttar Pradesh,2026-07-16 05:00:00,25.4547,78.6039,SO2,22.0
"FTI Kidwai Nagar, Kanpur - UPPCB",Kanpur,Uttar Pradesh,2026-07-16 05:00:00,26.428282,80.327067,CO,35.0
"FTI Kidwai Nagar, Kanpur - UPPCB",Kanpur,Uttar Pradesh,2026-07-16 05:00:00,26.428282,80.327067,NH3,3.0
"FTI Kidwai Nagar, Kanpur - UPPCB",Kanpur,Uttar Pradesh,2026-07-16 05:00:00,26.428282,80.327067,NO2,27.0
"FTI Kidwai Nagar, Kanpur - UPPCB",Kanpur,Uttar Pradesh,2026-07-16 05:00:00,26.428282,80.327067,O3,11.0
"FTI Kidwai Nagar, Kanpur - UPPCB",Kanpur,Uttar Pradesh,2026-07-16 05:00:00,26.428282,80.327067,PM10,75.0
"FTI Kidwai Nagar, Kanpur - UPPCB",Kanpur,Uttar Pradesh,2026-07-16 05:00:00,26.428282,80.327067,PM2.5,56.0
"FTI Kidwai Nagar, Kanpur - UPPCB",Kanpur,Uttar Pradesh,2026-07-16 05:00:00,26.428282,80.327067,SO2,30.0
"NSI Kalyanpur, Kanpur - UPPCB",Kanpur,Uttar Pradesh,2026-07-16 05:00:00,26.509954,80.249612,CO,27.0
"NSI Kalyanpur, Kanpur - UPPCB",Kanpur,Uttar Pradesh,2026-07-16 05:00:00,26.509954,80.249612,NH3,2.0
"NSI Kalyanpur, Kanpur - UPPCB",Kanpur,Uttar Pradesh,2026-07-16 05:00:00,26.509954,80.249612,NO2,31.0
"NSI Kalyanpur, Kanpur - UPPCB",Kanpur,Uttar Pradesh,2026-07-16 05:00:00,26.509954,80.249612,O3,21.0
"NSI Kalyanpur, Kanpur - UPPCB",Kanpur,Uttar Pradesh,2026-07-16 05:00:00,26.509954,80.249612,PM10,90.0
"NSI Kalyanpur, Kanpur - UPPCB",Kanpur,Uttar Pradesh,2026-07-16 05:00:00,26.509954,80.249612,PM2.5,46.0
"NSI Kalyanpur, Kanpur - UPPCB",Kanpur,Uttar Pradesh,2026-07-16 05:00:00,26.509954,80.249612,SO2,23.0
"Nehru Nagar, Kanpur - UPPCB",Kanpur,Uttar Pradesh,2026-07-16 05:00:00,26.4703136,80.3229863,CO,50.0
"Nehru Nagar, Kanpur - UPPCB",Kanpur,Uttar Pradesh,2026-07-16 05:00:00,26.4703136,80.3229863,NO2,45.0
"Nehru Nagar, Kanpur - UPPCB",Kanpur,Uttar Pradesh,2026-07-16 05:00:00,26.4703136,80.3229863,O3,2.0
"Nehru Nagar, Kanpur - UPPCB",Kanpur,Uttar Pradesh,2026-07-16 05:00:00,26.4703136,80.3229863,PM10,53.0
"Nehru Nagar, Kanpur - UPPCB",Kanpur,Uttar Pradesh,2026-07-16 05:00:00,26.4703136,80.3229863,PM2.5,59.0
"Nehru Nagar, Kanpur - UPPCB",Kanpur,Uttar Pradesh,2026-07-16 05:00:00,26.4703136,80.3229863,SO2,12.0
"Prashant Garden, Khora - UPPCB",Khora,Uttar Pradesh,2026-07-16 05:00:00,28.61119,77.34206,CO,102.0
"Prashant Garden, Khora - UPPCB",Khora,Uttar Pradesh,2026-07-16 05:00:00,28.61119,77.34206,NH3,11.0
"Prashant Garden, Khora - UPPCB",Khora,Uttar Pradesh,2026-07-16 05:00:00,28.61119,77.34206,NO2,33.0
"Prashant Garden, Khora - UPPCB",Khora,Uttar Pradesh,2026-07-16 05:00:00,28.61119,77.34206,O3,6.0
"Prashant Garden, Khora - UPPCB",Khora,Uttar Pradesh,2026-07-16 05:00:00,28.61119,77.34206,PM10,150.0
"Prashant Garden, Khora - UPPCB",Khora,Uttar Pradesh,2026-07-16 05:00:00,28.61119,77.34206,PM2.5,247.0
"Prashant Garden, Khora - UPPCB",Khora,Uttar Pradesh,2026-07-16 05:00:00,28.61119,77.34206,SO2,11.0
"Kalindi Kunj, Khurja - UPPCB",Khurja,Uttar Pradesh,2026-07-16 05:00:00,28.2348927,77.8683002,CO,15.0
"Kalindi Kunj, Khurja - UPPCB",Khurja,Uttar Pradesh,2026-07-16 05:00:00,28.2348927,77.8683002,NH3,1.0
"Kalindi Kunj, Khurja - UPPCB",Khurja,Uttar Pradesh,2026-07-16 05:00:00,28.2348927,77.8683002,NO2,13.0
"Kalindi Kunj, Khurja - UPPCB",Khurja,Uttar Pradesh,2026-07-16 05:00:00,28.2348927,77.8683002,O3,23.0
"Kalindi Kunj, Khurja - UPPCB",Khurja,Uttar Pradesh,2026-07-16 05:00:00,28.2348927,77.8683002,PM10,60.0
"Kalindi Kunj, Khurja - UPPCB",Khurja,Uttar Pradesh,2026-07-16 05:00:00,28.2348927,77.8683002,PM2.5,35.0
"Kalindi Kunj, Khurja - UPPCB",Khurja,Uttar Pradesh,2026-07-16 05:00:00,28.2348927,77.8683002,SO2,10.0
"B R Ambedkar University, Lucknow - UPPCB",Lucknow,Uttar Pradesh,2026-07-16 05:00:00,26.766433,80.927299,CO,26.0
"B R Ambedkar University, Lucknow - UPPCB",Lucknow,Uttar Pradesh,2026-07-16 05:00:00,26.766433,80.927299,NH3,3.0
"B R Ambedkar University, Lucknow - UPPCB",Lucknow,Uttar Pradesh,2026-07-16 05:00:00,26.766433,80.927299,NO2,12.0
"B R Ambedkar University, Lucknow - UPPCB",Lucknow,Uttar Pradesh,2026-07-16 05:00:00,26.766433,80.927299,O3,38.0
"B R Ambedkar University, Lucknow - UPPCB",Lucknow,Uttar Pradesh,2026-07-16 05:00:00,26.766433,80.927299,PM10,97.0
"B R Ambedkar University, Lucknow - UPPCB",Lucknow,Uttar Pradesh,2026-07-16 05:00:00,26.766433,80.927299,PM2.5,61.0
"B R Ambedkar University, Lucknow - UPPCB",Lucknow,Uttar Pradesh,2026-07-16 05:00:00,26.766433,80.927299,SO2,34.0
"Gomti Nagar, Lucknow - UPPCB",Lucknow,Uttar Pradesh,2026-07-16 05:00:00,26.86812,81.005119,CO,39.0
"Gomti Nagar, Lucknow - UPPCB",Lucknow,Uttar Pradesh,2026-07-16 05:00:00,26.86812,81.005119,NO2,10.0
"Gomti Nagar, Lucknow - UPPCB",Lucknow,Uttar Pradesh,2026-07-16 05:00:00,26.86812,81.005119,O3,41.0
"Gomti Nagar, Lucknow - UPPCB",Lucknow,Uttar Pradesh,2026-07-16 05:00:00,26.86812,81.005119,PM10,61.0
"Gomti Nagar, Lucknow - UPPCB",Lucknow,Uttar Pradesh,2026-07-16 05:00:00,26.86812,81.005119,PM2.5,69.0
"Gomti Nagar, Lucknow - UPPCB",Lucknow,Uttar Pradesh,2026-07-16 05:00:00,26.86812,81.005119,SO2,14.0
"Kendriya Vidyalaya, Lucknow - CPCB",Lucknow,Uttar Pradesh,2026-07-16 05:00:00,26.906111,80.948222,CO,28.0
"Kendriya Vidyalaya, Lucknow - CPCB",Lucknow,Uttar Pradesh,2026-07-16 05:00:00,26.906111,80.948222,NH3,15.0
"Kendriya Vidyalaya, Lucknow - CPCB",Lucknow,Uttar Pradesh,2026-07-16 05:00:00,26.906111,80.948222,NO2,29.0
"Kendriya Vidyalaya, Lucknow - CPCB",Lucknow,Uttar Pradesh,2026-07-16 05:00:00,26.906111,80.948222,O3,19.0
"Kendriya Vidyalaya, Lucknow - CPCB",Lucknow,Uttar Pradesh,2026-07-16 05:00:00,26.906111,80.948222,PM10,70.0
"Kendriya Vidyalaya, Lucknow - CPCB",Lucknow,Uttar Pradesh,2026-07-16 05:00:00,26.906111,80.948222,PM2.5,70.0
"Kendriya Vidyalaya, Lucknow - CPCB",Lucknow,Uttar Pradesh,2026-07-16 05:00:00,26.906111,80.948222,SO2,5.0
"Kukrail Picnic Spot-1, Lucknow - UPPCB",Lucknow,Uttar Pradesh,2026-07-16 05:00:00,26.90723,80.98579,CO,16.0
"Kukrail Picnic Spot-1, Lucknow - UPPCB",Lucknow,Uttar Pradesh,2026-07-16 05:00:00,26.90723,80.98579,NH3,6.0
"Kukrail Picnic Spot-1, Lucknow - UPPCB",Lucknow,Uttar Pradesh,2026-07-16 05:00:00,26.90723,80.98579,NO2,35.0
"Kukrail Picnic Spot-1, Lucknow - UPPCB",Lucknow,Uttar Pradesh,2026-07-16 05:00:00,26.90723,80.98579,O3,14.0
"Kukrail Picnic Spot-1, Lucknow - UPPCB",Lucknow,Uttar Pradesh,2026-07-16 05:00:00,26.90723,80.98579,PM10,82.0
"Kukrail Picnic Spot-1, Lucknow - UPPCB",Lucknow,Uttar Pradesh,2026-07-16 05:00:00,26.90723,80.98579,PM2.5,61.0
"Kukrail Picnic Spot-1, Lucknow - UPPCB",Lucknow,Uttar Pradesh,2026-07-16 05:00:00,26.90723,80.98579,SO2,8.0
"Lalbagh, Lucknow - CPCB",Lucknow,Uttar Pradesh,2026-07-16 05:00:00,26.8458805,80.9365541,CO,43.0
"Lalbagh, Lucknow - CPCB",Lucknow,Uttar Pradesh,2026-07-16 05:00:00,26.8458805,80.9365541,NH3,12.0
"Lalbagh, Lucknow - CPCB",Lucknow,Uttar Pradesh,2026-07-16 05:00:00,26.8458805,80.9365541,NO2,27.0
"Lalbagh, Lucknow - CPCB",Lucknow,Uttar Pradesh,2026-07-16 05:00:00,26.8458805,80.9365541,O3,29.0
"Lalbagh, Lucknow - CPCB",Lucknow,Uttar Pradesh,2026-07-16 05:00:00,26.8458805,80.9365541,PM10,72.0
"Lalbagh, Lucknow - CPCB",Lucknow,Uttar Pradesh,2026-07-16 05:00:00,26.8458805,80.9365541,PM2.5,74.0
"Lalbagh, Lucknow - CPCB",Lucknow,Uttar Pradesh,2026-07-16 05:00:00,26.8458805,80.9365541,SO2,8.0
"Talkatora District Industries Center, Lucknow - CPCB",Lucknow,Uttar Pradesh,2026-07-16 05:00:00,26.83399722,80.8917361,CO,33.0
"Talkatora District Industries Center, Lucknow - CPCB",Lucknow,Uttar Pradesh,2026-07-16 05:00:00,26.83399722,80.8917361,NH3,7.0
"Talkatora District Industries Center, Lucknow - CPCB",Lucknow,Uttar Pradesh,2026-07-16 05:00:00,26.83399722,80.8917361,NO2,22.0
"Talkatora District Industries Center, Lucknow - CPCB",Lucknow,Uttar Pradesh,2026-07-16 05:00:00,26.83399722,80.8917361,O3,14.0
"Talkatora District Industries Center, Lucknow - CPCB",Lucknow,Uttar Pradesh,2026-07-16 05:00:00,26.83399722,80.8917361,PM10,77.0
"Talkatora District Industries Center, Lucknow - CPCB",Lucknow,Uttar Pradesh,2026-07-16 05:00:00,26.83399722,80.8917361,PM2.5,80.0
"Talkatora District Industries Center, Lucknow - CPCB",Lucknow,Uttar Pradesh,2026-07-16 05:00:00,26.83399722,80.8917361,SO2,8.0
"Pali Dungra, Mathura - UPPCB",Mathura,Uttar Pradesh,2026-07-16 05:00:00,27.410954,77.550619,CO,17.0
"Pali Dungra, Mathura - UPPCB",Mathura,Uttar Pradesh,2026-07-16 05:00:00,27.410954,77.550619,NH3,1.0
"Pali Dungra, Mathura - UPPCB",Mathura,Uttar Pradesh,2026-07-16 05:00:00,27.410954,77.550619,NO2,3.0
"Pali Dungra, Mathura - UPPCB",Mathura,Uttar Pradesh,2026-07-16 05:00:00,27.410954,77.550619,O3,19.0
"Pali Dungra, Mathura - UPPCB",Mathura,Uttar Pradesh,2026-07-16 05:00:00,27.410954,77.550619,PM10,92.0
"Pali Dungra, Mathura - UPPCB",Mathura,Uttar Pradesh,2026-07-16 05:00:00,27.410954,77.550619,PM2.5,67.0
"Pali Dungra, Mathura - UPPCB",Mathura,Uttar Pradesh,2026-07-16 05:00:00,27.410954,77.550619,SO2,1.0
"Ganga Nagar, Meerut - UPPCB",Meerut,Uttar Pradesh,2026-07-16 05:00:00,28.999264,77.7590354,CO,47.0
"Ganga Nagar, Meerut - UPPCB",Meerut,Uttar Pradesh,2026-07-16 05:00:00,28.999264,77.7590354,NH3,10.0
"Ganga Nagar, Meerut - UPPCB",Meerut,Uttar Pradesh,2026-07-16 05:00:00,28.999264,77.7590354,NO2,33.0
"Ganga Nagar, Meerut - UPPCB",Meerut,Uttar Pradesh,2026-07-16 05:00:00,28.999264,77.7590354,O3,28.0
"Ganga Nagar, Meerut - UPPCB",Meerut,Uttar Pradesh,2026-07-16 05:00:00,28.999264,77.7590354,PM10,139.0
"Ganga Nagar, Meerut - UPPCB",Meerut,Uttar Pradesh,2026-07-16 05:00:00,28.999264,77.7590354,PM2.5,69.0
"Ganga Nagar, Meerut - UPPCB",Meerut,Uttar Pradesh,2026-07-16 05:00:00,28.999264,77.7590354,SO2,27.0
"Jai Bhim Nagar, Meerut - UPPCB",Meerut,Uttar Pradesh,2026-07-16 05:00:00,28.9535882,77.7622941,CO,64.0
"Jai Bhim Nagar, Meerut - UPPCB",Meerut,Uttar Pradesh,2026-07-16 05:00:00,28.9535882,77.7622941,NH3,6.0
"Jai Bhim Nagar, Meerut - UPPCB",Meerut,Uttar Pradesh,2026-07-16 05:00:00,28.9535882,77.7622941,NO2,21.0
"Jai Bhim Nagar, Meerut - UPPCB",Meerut,Uttar Pradesh,2026-07-16 05:00:00,28.9535882,77.7622941,O3,11.0
"Jai Bhim Nagar, Meerut - UPPCB",Meerut,Uttar Pradesh,2026-07-16 05:00:00,28.9535882,77.7622941,PM10,123.0
"Jai Bhim Nagar, Meerut - UPPCB",Meerut,Uttar Pradesh,2026-07-16 05:00:00,28.9535882,77.7622941,PM2.5,44.0
"Jai Bhim Nagar, Meerut - UPPCB",Meerut,Uttar Pradesh,2026-07-16 05:00:00,28.9535882,77.7622941,SO2,4.0
"MIET College, Meerut - UPPCB",Meerut,Uttar Pradesh,2026-07-16 05:00:00,28.972677,77.641018,CO,44.0
"MIET College, Meerut - UPPCB",Meerut,Uttar Pradesh,2026-07-16 05:00:00,28.972677,77.641018,NH3,8.0
"MIET College, Meerut - UPPCB",Meerut,Uttar Pradesh,2026-07-16 05:00:00,28.972677,77.641018,NO2,33.0
"MIET College, Meerut - UPPCB",Meerut,Uttar Pradesh,2026-07-16 05:00:00,28.972677,77.641018,O3,7.0
"MIET College, Meerut - UPPCB",Meerut,Uttar Pradesh,2026-07-16 05:00:00,28.972677,77.641018,PM10,158.0
"MIET College, Meerut - UPPCB",Meerut,Uttar Pradesh,2026-07-16 05:00:00,28.972677,77.641018,PM2.5,262.0
"MIET College, Meerut - UPPCB",Meerut,Uttar Pradesh,2026-07-16 05:00:00,28.972677,77.641018,SO2,7.0
"Pallavpuram Phase 2, Meerut - UPPCB",Meerut,Uttar Pradesh,2026-07-16 05:00:00,29.06351,77.709723,CO,21.0
"Pallavpuram Phase 2, Meerut - UPPCB",Meerut,Uttar Pradesh,2026-07-16 05:00:00,29.06351,77.709723,NH3,15.0
"Pallavpuram Phase 2, Meerut - UPPCB",Meerut,Uttar Pradesh,2026-07-16 05:00:00,29.06351,77.709723,NO2,37.0
"Pallavpuram Phase 2, Meerut - UPPCB",Meerut,Uttar Pradesh,2026-07-16 05:00:00,29.06351,77.709723,O3,10.0
"Pallavpuram Phase 2, Meerut - UPPCB",Meerut,Uttar Pradesh,2026-07-16 05:00:00,29.06351,77.709723,PM2.5,106.0
"Pallavpuram Phase 2, Meerut - UPPCB",Meerut,Uttar Pradesh,2026-07-16 05:00:00,29.06351,77.709723,SO2,13.0
"SRM University, Modinagar - UPPCB",Modinagar,Uttar Pradesh,2026-07-16 05:00:00,28.798171,77.540243,CO,29.0
"SRM University, Modinagar - UPPCB",Modinagar,Uttar Pradesh,2026-07-16 05:00:00,28.798171,77.540243,NH3,3.0
"SRM University, Modinagar - UPPCB",Modinagar,Uttar Pradesh,2026-07-16 05:00:00,28.798171,77.540243,NO2,28.0
"SRM University, Modinagar - UPPCB",Modinagar,Uttar Pradesh,2026-07-16 05:00:00,28.798171,77.540243,SO2,12.0
"Buddhi Vihar, Moradabad - UPPCB",Moradabad,Uttar Pradesh,2026-07-16 05:00:00,28.83526,78.7446,CO,31.0
"Buddhi Vihar, Moradabad - UPPCB",Moradabad,Uttar Pradesh,2026-07-16 05:00:00,28.83526,78.7446,NH3,5.0
"Buddhi Vihar, Moradabad - UPPCB",Moradabad,Uttar Pradesh,2026-07-16 05:00:00,28.83526,78.7446,NO2,29.0
"Buddhi Vihar, Moradabad - UPPCB",Moradabad,Uttar Pradesh,2026-07-16 05:00:00,28.83526,78.7446,O3,32.0
"Buddhi Vihar, Moradabad - UPPCB",Moradabad,Uttar Pradesh,2026-07-16 05:00:00,28.83526,78.7446,PM10,76.0
"Buddhi Vihar, Moradabad - UPPCB",Moradabad,Uttar Pradesh,2026-07-16 05:00:00,28.83526,78.7446,PM2.5,40.0
"Buddhi Vihar, Moradabad - UPPCB",Moradabad,Uttar Pradesh,2026-07-16 05:00:00,28.83526,78.7446,SO2,25.0
"Eco Herbal Park, Moradabad - UPPCB",Moradabad,Uttar Pradesh,2026-07-16 05:00:00,28.840739,78.697531,CO,20.0
"Eco Herbal Park, Moradabad - UPPCB",Moradabad,Uttar Pradesh,2026-07-16 05:00:00,28.840739,78.697531,NH3,11.0
"Eco Herbal Park, Moradabad - UPPCB",Moradabad,Uttar Pradesh,2026-07-16 05:00:00,28.840739,78.697531,NO2,25.0
"Eco Herbal Park, Moradabad - UPPCB",Moradabad,Uttar Pradesh,2026-07-16 05:00:00,28.840739,78.697531,O3,19.0
"Eco Herbal Park, Moradabad - UPPCB",Moradabad,Uttar Pradesh,2026-07-16 05:00:00,28.840739,78.697531,PM10,72.0
"Eco Herbal Park, Moradabad - UPPCB",Moradabad,Uttar Pradesh,2026-07-16 05:00:00,28.840739,78.697531,PM2.5,47.0
"Eco Herbal Park, Moradabad - UPPCB",Moradabad,Uttar Pradesh,2026-07-16 05:00:00,28.840739,78.697531,SO2,14.0
"Employment Office, Moradabad - UPPCB",Moradabad,Uttar Pradesh,2026-07-16 05:00:00,28.88528,78.7388,CO,18.0
"Employment Office, Moradabad - UPPCB",Moradabad,Uttar Pradesh,2026-07-16 05:00:00,28.88528,78.7388,NH3,3.0
"Employment Office, Moradabad - UPPCB",Moradabad,Uttar Pradesh,2026-07-16 05:00:00,28.88528,78.7388,NO2,23.0
"Employment Office, Moradabad - UPPCB",Moradabad,Uttar Pradesh,2026-07-16 05:00:00,28.88528,78.7388,O3,31.0
"Employment Office, Moradabad - UPPCB",Moradabad,Uttar Pradesh,2026-07-16 05:00:00,28.88528,78.7388,PM10,83.0
"Employment Office, Moradabad - UPPCB",Moradabad,Uttar Pradesh,2026-07-16 05:00:00,28.88528,78.7388,PM2.5,60.0
"Employment Office, Moradabad - UPPCB",Moradabad,Uttar Pradesh,2026-07-16 05:00:00,28.88528,78.7388,SO2,28.0
"Jigar Colony, Moradabad - UPPCB",Moradabad,Uttar Pradesh,2026-07-16 05:00:00,28.856664,78.772638,CO,40.0
"Jigar Colony, Moradabad - UPPCB",Moradabad,Uttar Pradesh,2026-07-16 05:00:00,28.856664,78.772638,NH3,6.0
"Jigar Colony, Moradabad - UPPCB",Moradabad,Uttar Pradesh,2026-07-16 05:00:00,28.856664,78.772638,NO2,25.0
"Jigar Colony, Moradabad - UPPCB",Moradabad,Uttar Pradesh,2026-07-16 05:00:00,28.856664,78.772638,O3,20.0
"Jigar Colony, Moradabad - UPPCB",Moradabad,Uttar Pradesh,2026-07-16 05:00:00,28.856664,78.772638,PM10,87.0
"Jigar Colony, Moradabad - UPPCB",Moradabad,Uttar Pradesh,2026-07-16 05:00:00,28.856664,78.772638,PM2.5,42.0
"Jigar Colony, Moradabad - UPPCB",Moradabad,Uttar Pradesh,2026-07-16 05:00:00,28.856664,78.772638,SO2,38.0
"Kashiram Nagar, Moradabad - UPPCB",Moradabad,Uttar Pradesh,2026-07-16 05:00:00,28.849399,78.742362,CO,35.0
"Kashiram Nagar, Moradabad - UPPCB",Moradabad,Uttar Pradesh,2026-07-16 05:00:00,28.849399,78.742362,NH3,4.0
"Kashiram Nagar, Moradabad - UPPCB",Moradabad,Uttar Pradesh,2026-07-16 05:00:00,28.849399,78.742362,NO2,24.0
"Kashiram Nagar, Moradabad - UPPCB",Moradabad,Uttar Pradesh,2026-07-16 05:00:00,28.849399,78.742362,O3,8.0
"Kashiram Nagar, Moradabad - UPPCB",Moradabad,Uttar Pradesh,2026-07-16 05:00:00,28.849399,78.742362,PM10,101.0
"Kashiram Nagar, Moradabad - UPPCB",Moradabad,Uttar Pradesh,2026-07-16 05:00:00,28.849399,78.742362,PM2.5,28.0
"Kashiram Nagar, Moradabad - UPPCB",Moradabad,Uttar Pradesh,2026-07-16 05:00:00,28.849399,78.742362,SO2,66.0
"Transport Nagar, Moradabad - UPPCB",Moradabad,Uttar Pradesh,2026-07-16 05:00:00,28.802625,78.753728,CO,53.0
"Transport Nagar, Moradabad - UPPCB",Moradabad,Uttar Pradesh,2026-07-16 05:00:00,28.802625,78.753728,NH3,5.0
"Transport Nagar, Moradabad - UPPCB",Moradabad,Uttar Pradesh,2026-07-16 05:00:00,28.802625,78.753728,NO2,24.0
"Transport Nagar, Moradabad - UPPCB",Moradabad,Uttar Pradesh,2026-07-16 05:00:00,28.802625,78.753728,O3,32.0
"Transport Nagar, Moradabad - UPPCB",Moradabad,Uttar Pradesh,2026-07-16 05:00:00,28.802625,78.753728,PM10,78.0
"Transport Nagar, Moradabad - UPPCB",Moradabad,Uttar Pradesh,2026-07-16 05:00:00,28.802625,78.753728,PM2.5,47.0
"Transport Nagar, Moradabad - UPPCB",Moradabad,Uttar Pradesh,2026-07-16 05:00:00,28.802625,78.753728,SO2,18.0
"New Mandi, Muzaffarnagar - UPPCB",Muzaffarnagar,Uttar Pradesh,2026-07-16 05:00:00,29.4723508,77.7194031,CO,44.0
"New Mandi, Muzaffarnagar - UPPCB",Muzaffarnagar,Uttar Pradesh,2026-07-16 05:00:00,29.4723508,77.7194031,NH3,3.0
"New Mandi, Muzaffarnagar - UPPCB",Muzaffarnagar,Uttar Pradesh,2026-07-16 05:00:00,29.4723508,77.7194031,NO2,31.0
"New Mandi, Muzaffarnagar - UPPCB",Muzaffarnagar,Uttar Pradesh,2026-07-16 05:00:00,29.4723508,77.7194031,O3,16.0
"New Mandi, Muzaffarnagar - UPPCB",Muzaffarnagar,Uttar Pradesh,2026-07-16 05:00:00,29.4723508,77.7194031,PM10,148.0
"New Mandi, Muzaffarnagar - UPPCB",Muzaffarnagar,Uttar Pradesh,2026-07-16 05:00:00,29.4723508,77.7194031,PM2.5,125.0
"New Mandi, Muzaffarnagar - UPPCB",Muzaffarnagar,Uttar Pradesh,2026-07-16 05:00:00,29.4723508,77.7194031,SO2,24.0
"Sector - 125, Noida - UPPCB",Noida,Uttar Pradesh,2026-07-16 05:00:00,28.5447608,77.3231257,CO,42.0
"Sector - 125, Noida - UPPCB",Noida,Uttar Pradesh,2026-07-16 05:00:00,28.5447608,77.3231257,NH3,19.0
"Sector - 125, Noida - UPPCB",Noida,Uttar Pradesh,2026-07-16 05:00:00,28.5447608,77.3231257,NO2,45.0
"Sector - 125, Noida - UPPCB",Noida,Uttar Pradesh,2026-07-16 05:00:00,28.5447608,77.3231257,O3,13.0
"Sector - 125, Noida - UPPCB",Noida,Uttar Pradesh,2026-07-16 05:00:00,28.5447608,77.3231257,PM10,158.0
"Sector - 125, Noida - UPPCB",Noida,Uttar Pradesh,2026-07-16 05:00:00,28.5447608,77.3231257,PM2.5,65.0
"Sector - 125, Noida - UPPCB",Noida,Uttar Pradesh,2026-07-16 05:00:00,28.5447608,77.3231257,SO2,9.0
"Sector - 62, Noida - IITM",Noida,Uttar Pradesh,2026-07-16 05:00:00,28.6245479,77.3577104,CO,48.0
"Sector - 62, Noida - IITM",Noida,Uttar Pradesh,2026-07-16 05:00:00,28.6245479,77.3577104,NO2,31.0
"Sector - 62, Noida - IITM",Noida,Uttar Pradesh,2026-07-16 05:00:00,28.6245479,77.3577104,O3,21.0
"Sector - 62, Noida - IITM",Noida,Uttar Pradesh,2026-07-16 05:00:00,28.6245479,77.3577104,PM10,149.0
"Sector - 62, Noida - IITM",Noida,Uttar Pradesh,2026-07-16 05:00:00,28.6245479,77.3577104,PM2.5,89.0
"Sector-1, Noida - UPPCB",Noida,Uttar Pradesh,2026-07-16 05:00:00,28.5898,77.3101,CO,31.0
"Sector-1, Noida - UPPCB",Noida,Uttar Pradesh,2026-07-16 05:00:00,28.5898,77.3101,NH3,10.0
"Sector-1, Noida - UPPCB",Noida,Uttar Pradesh,2026-07-16 05:00:00,28.5898,77.3101,NO2,43.0
"Sector-1, Noida - UPPCB",Noida,Uttar Pradesh,2026-07-16 05:00:00,28.5898,77.3101,O3,4.0
"Sector-1, Noida - UPPCB",Noida,Uttar Pradesh,2026-07-16 05:00:00,28.5898,77.3101,PM10,139.0
"Sector-1, Noida - UPPCB",Noida,Uttar Pradesh,2026-07-16 05:00:00,28.5898,77.3101,PM2.5,60.0
"Sector-1, Noida - UPPCB",Noida,Uttar Pradesh,2026-07-16 05:00:00,28.5898,77.3101,SO2,11.0
"Sector-116, Noida - UPPCB",Noida,Uttar Pradesh,2026-07-16 05:00:00,28.56923,77.393848,CO,15.0
"Sector-116, Noida - UPPCB",Noida,Uttar Pradesh,2026-07-16 05:00:00,28.56923,77.393848,NH3,13.0
"Sector-116, Noida - UPPCB",Noida,Uttar Pradesh,2026-07-16 05:00:00,28.56923,77.393848,NO2,45.0
"Sector-116, Noida - UPPCB",Noida,Uttar Pradesh,2026-07-16 05:00:00,28.56923,77.393848,O3,14.0
"Sector-116, Noida - UPPCB",Noida,Uttar Pradesh,2026-07-16 05:00:00,28.56923,77.393848,PM10,188.0
"Sector-116, Noida - UPPCB",Noida,Uttar Pradesh,2026-07-16 05:00:00,28.56923,77.393848,PM2.5,94.0
"Sector-116, Noida - UPPCB",Noida,Uttar Pradesh,2026-07-16 05:00:00,28.56923,77.393848,SO2,11.0
"Jhunsi, Prayagraj - UPPCB",Prayagraj,Uttar Pradesh,2026-07-16 05:00:00,25.425602,81.917152,CO,13.0
"Jhunsi, Prayagraj - UPPCB",Prayagraj,Uttar Pradesh,2026-07-16 05:00:00,25.425602,81.917152,NH3,6.0
"Jhunsi, Prayagraj - UPPCB",Prayagraj,Uttar Pradesh,2026-07-16 05:00:00,25.425602,81.917152,NO2,6.0
"Jhunsi, Prayagraj - UPPCB",Prayagraj,Uttar Pradesh,2026-07-16 05:00:00,25.425602,81.917152,O3,34.0
"Jhunsi, Prayagraj - UPPCB",Prayagraj,Uttar Pradesh,2026-07-16 05:00:00,25.425602,81.917152,PM10,64.0
"Jhunsi, Prayagraj - UPPCB",Prayagraj,Uttar Pradesh,2026-07-16 05:00:00,25.425602,81.917152,PM2.5,44.0
"Jhunsi, Prayagraj - UPPCB",Prayagraj,Uttar Pradesh,2026-07-16 05:00:00,25.425602,81.917152,SO2,21.0
"Motilal Nehru NIT, Prayagraj - UPPCB",Prayagraj,Uttar Pradesh,2026-07-16 05:00:00,25.494,81.863,CO,6.0
"Motilal Nehru NIT, Prayagraj - UPPCB",Prayagraj,Uttar Pradesh,2026-07-16 05:00:00,25.494,81.863,NH3,8.0
"Motilal Nehru NIT, Prayagraj - UPPCB",Prayagraj,Uttar Pradesh,2026-07-16 05:00:00,25.494,81.863,NO2,12.0
"Motilal Nehru NIT, Prayagraj - UPPCB",Prayagraj,Uttar Pradesh,2026-07-16 05:00:00,25.494,81.863,O3,14.0
"Motilal Nehru NIT, Prayagraj - UPPCB",Prayagraj,Uttar Pradesh,2026-07-16 05:00:00,25.494,81.863,PM10,32.0
"Motilal Nehru NIT, Prayagraj - UPPCB",Prayagraj,Uttar Pradesh,2026-07-16 05:00:00,25.494,81.863,PM2.5,32.0
"Motilal Nehru NIT, Prayagraj - UPPCB",Prayagraj,Uttar Pradesh,2026-07-16 05:00:00,25.494,81.863,SO2,43.0
"Nagar Nigam, Prayagraj - UPPCB",Prayagraj,Uttar Pradesh,2026-07-16 05:00:00,25.44919916,81.82735986,CO,14.0
"Nagar Nigam, Prayagraj - UPPCB",Prayagraj,Uttar Pradesh,2026-07-16 05:00:00,25.44919916,81.82735986,NH3,15.0
"Nagar Nigam, Prayagraj - UPPCB",Prayagraj,Uttar Pradesh,2026-07-16 05:00:00,25.44919916,81.82735986,NO2,5.0
"Nagar Nigam, Prayagraj - UPPCB",Prayagraj,Uttar Pradesh,2026-07-16 05:00:00,25.44919916,81.82735986,O3,24.0
"Nagar Nigam, Prayagraj - UPPCB",Prayagraj,Uttar Pradesh,2026-07-16 05:00:00,25.44919916,81.82735986,PM10,23.0
"Nagar Nigam, Prayagraj - UPPCB",Prayagraj,Uttar Pradesh,2026-07-16 05:00:00,25.44919916,81.82735986,PM2.5,26.0
"Nagar Nigam, Prayagraj - UPPCB",Prayagraj,Uttar Pradesh,2026-07-16 05:00:00,25.44919916,81.82735986,SO2,48.0
"Anand Nagar, Raebareli - UPPCB",Raebareli,Uttar Pradesh,2026-07-16 05:00:00,26.219512,81.237648,CO,62.0
"Anand Nagar, Raebareli - UPPCB",Raebareli,Uttar Pradesh,2026-07-16 05:00:00,26.219512,81.237648,NH3,11.0
"Anand Nagar, Raebareli - UPPCB",Raebareli,Uttar Pradesh,2026-07-16 05:00:00,26.219512,81.237648,NO2,16.0
"Anand Nagar, Raebareli - UPPCB",Raebareli,Uttar Pradesh,2026-07-16 05:00:00,26.219512,81.237648,O3,55.0
"Anand Nagar, Raebareli - UPPCB",Raebareli,Uttar Pradesh,2026-07-16 05:00:00,26.219512,81.237648,PM10,132.0
"Anand Nagar, Raebareli - UPPCB",Raebareli,Uttar Pradesh,2026-07-16 05:00:00,26.219512,81.237648,PM2.5,67.0
"Anand Nagar, Raebareli - UPPCB",Raebareli,Uttar Pradesh,2026-07-16 05:00:00,26.219512,81.237648,SO2,14.0
"Indira Nagar, Raebareli - NTPC Unchahar",Raebareli,Uttar Pradesh,2026-07-16 05:00:00,26.207781,81.245571,NH3,9.0
"Indira Nagar, Raebareli - NTPC Unchahar",Raebareli,Uttar Pradesh,2026-07-16 05:00:00,26.207781,81.245571,NO2,19.0
"Ardhali Bazar, Varanasi - UPPCB",Varanasi,Uttar Pradesh,2026-07-16 05:00:00,25.3505986,82.9083074,NO2,41.0
"Ardhali Bazar, Varanasi - UPPCB",Varanasi,Uttar Pradesh,2026-07-16 05:00:00,25.3505986,82.9083074,O3,24.0
"Ardhali Bazar, Varanasi - UPPCB",Varanasi,Uttar Pradesh,2026-07-16 05:00:00,25.3505986,82.9083074,PM10,101.0
"Ardhali Bazar, Varanasi - UPPCB",Varanasi,Uttar Pradesh,2026-07-16 05:00:00,25.3505986,82.9083074,PM2.5,86.0
"Ardhali Bazar, Varanasi - UPPCB",Varanasi,Uttar Pradesh,2026-07-16 05:00:00,25.3505986,82.9083074,SO2,15.0
"Bhelupur, Varanasi - UPPCB",Varanasi,Uttar Pradesh,2026-07-16 05:00:00,25.301778,82.996789,CO,12.0
"Bhelupur, Varanasi - UPPCB",Varanasi,Uttar Pradesh,2026-07-16 05:00:00,25.301778,82.996789,NH3,1.0
"Bhelupur, Varanasi - UPPCB",Varanasi,Uttar Pradesh,2026-07-16 05:00:00,25.301778,82.996789,NO2,8.0
"Bhelupur, Varanasi - UPPCB",Varanasi,Uttar Pradesh,2026-07-16 05:00:00,25.301778,82.996789,O3,11.0
"Bhelupur, Varanasi - UPPCB",Varanasi,Uttar Pradesh,2026-07-16 05:00:00,25.301778,82.996789,PM10,74.0
"Bhelupur, Varanasi - UPPCB",Varanasi,Uttar Pradesh,2026-07-16 05:00:00,25.301778,82.996789,PM2.5,30.0
"Bhelupur, Varanasi - UPPCB",Varanasi,Uttar Pradesh,2026-07-16 05:00:00,25.301778,82.996789,SO2,29.0
"IESD Banaras Hindu University, Varanasi - UPPCB",Varanasi,Uttar Pradesh,2026-07-16 05:00:00,25.262326,82.995408,CO,3.0
"IESD Banaras Hindu University, Varanasi - UPPCB",Varanasi,Uttar Pradesh,2026-07-16 05:00:00,25.262326,82.995408,NH3,7.0
"IESD Banaras Hindu University, Varanasi - UPPCB",Varanasi,Uttar Pradesh,2026-07-16 05:00:00,25.262326,82.995408,NO2,2.0
"IESD Banaras Hindu University, Varanasi - UPPCB",Varanasi,Uttar Pradesh,2026-07-16 05:00:00,25.262326,82.995408,O3,8.0
"IESD Banaras Hindu University, Varanasi - UPPCB",Varanasi,Uttar Pradesh,2026-07-16 05:00:00,25.262326,82.995408,PM10,51.0
"IESD Banaras Hindu University, Varanasi - UPPCB",Varanasi,Uttar Pradesh,2026-07-16 05:00:00,25.262326,82.995408,PM2.5,23.0
"IESD Banaras Hindu University, Varanasi - UPPCB",Varanasi,Uttar Pradesh,2026-07-16 05:00:00,25.262326,82.995408,SO2,39.0
"Maldahiya, Varanasi - UPPCB",Varanasi,Uttar Pradesh,2026-07-16 05:00:00,25.32393,82.99687,CO,21.0
"Maldahiya, Varanasi - UPPCB",Varanasi,Uttar Pradesh,2026-07-16 05:00:00,25.32393,82.99687,NH3,0.0
"Maldahiya, Varanasi - UPPCB",Varanasi,Uttar Pradesh,2026-07-16 05:00:00,25.32393,82.99687,NO2,3.0
"Maldahiya, Varanasi - UPPCB",Varanasi,Uttar Pradesh,2026-07-16 05:00:00,25.32393,82.99687,O3,4.0
"Maldahiya, Varanasi - UPPCB",Varanasi,Uttar Pradesh,2026-07-16 05:00:00,25.32393,82.99687,PM10,59.0
"Maldahiya, Varanasi - UPPCB",Varanasi,Uttar Pradesh,2026-07-16 05:00:00,25.32393,82.99687,PM2.5,45.0
"Maldahiya, Varanasi - UPPCB",Varanasi,Uttar Pradesh,2026-07-16 05:00:00,25.32393,82.99687,SO2,31.0
"Omex Eternity, Vrindavan - UPPCB",Vrindavan,Uttar Pradesh,2026-07-16 05:00:00,27.571409,77.655757,CO,10.0
"Omex Eternity, Vrindavan - UPPCB",Vrindavan,Uttar Pradesh,2026-07-16 05:00:00,27.571409,77.655757,NH3,8.0
"Omex Eternity, Vrindavan - UPPCB",Vrindavan,Uttar Pradesh,2026-07-16 05:00:00,27.571409,77.655757,NO2,27.0
"Omex Eternity, Vrindavan - UPPCB",Vrindavan,Uttar Pradesh,2026-07-16 05:00:00,27.571409,77.655757,O3,15.0
"Omex Eternity, Vrindavan - UPPCB",Vrindavan,Uttar Pradesh,2026-07-16 05:00:00,27.571409,77.655757,PM10,67.0
"Omex Eternity, Vrindavan - UPPCB",Vrindavan,Uttar Pradesh,2026-07-16 05:00:00,27.571409,77.655757,PM2.5,61.0
"Omex Eternity, Vrindavan - UPPCB",Vrindavan,Uttar Pradesh,2026-07-16 05:00:00,27.571409,77.655757,SO2,30.0
"Doon University, Dehradun - UKPCB",Dehradun,Uttarakhand,2026-07-16 05:00:00,30.269444,78.044167,CO,10.0
"Doon University, Dehradun - UKPCB",Dehradun,Uttarakhand,2026-07-16 05:00:00,30.269444,78.044167,NO2,2.0
"Doon University, Dehradun - UKPCB",Dehradun,Uttarakhand,2026-07-16 05:00:00,30.269444,78.044167,O3,6.0
"Doon University, Dehradun - UKPCB",Dehradun,Uttarakhand,2026-07-16 05:00:00,30.269444,78.044167,PM10,75.0
"Doon University, Dehradun - UKPCB",Dehradun,Uttarakhand,2026-07-16 05:00:00,30.269444,78.044167,PM2.5,78.0
"Doon University, Dehradun - UKPCB",Dehradun,Uttarakhand,2026-07-16 05:00:00,30.269444,78.044167,SO2,1.0
"Govt. Girls Inter College, Kashipur - UKPCB",Kashipur,Uttarakhand,2026-07-16 05:00:00,29.2124114,78.9611753,CO,18.0
"Govt. Girls Inter College, Kashipur - UKPCB",Kashipur,Uttarakhand,2026-07-16 05:00:00,29.2124114,78.9611753,NH3,4.0
"Govt. Girls Inter College, Kashipur - UKPCB",Kashipur,Uttarakhand,2026-07-16 05:00:00,29.2124114,78.9611753,NO2,15.0
"Govt. Girls Inter College, Kashipur - UKPCB",Kashipur,Uttarakhand,2026-07-16 05:00:00,29.2124114,78.9611753,O3,10.0
"Govt. Girls Inter College, Kashipur - UKPCB",Kashipur,Uttarakhand,2026-07-16 05:00:00,29.2124114,78.9611753,PM10,62.0
"Govt. Girls Inter College, Kashipur - UKPCB",Kashipur,Uttarakhand,2026-07-16 05:00:00,29.2124114,78.9611753,PM2.5,62.0
"Govt. Girls Inter College, Kashipur - UKPCB",Kashipur,Uttarakhand,2026-07-16 05:00:00,29.2124114,78.9611753,SO2,7.0
"Shivaji Nagar, Rishikesh - UKPCB",Rishikesh,Uttarakhand,2026-07-16 05:00:00,30.075911,78.2859547,CO,37.0
"Shivaji Nagar, Rishikesh - UKPCB",Rishikesh,Uttarakhand,2026-07-16 05:00:00,30.075911,78.2859547,NH3,5.0
"Shivaji Nagar, Rishikesh - UKPCB",Rishikesh,Uttarakhand,2026-07-16 05:00:00,30.075911,78.2859547,NO2,7.0
"Shivaji Nagar, Rishikesh - UKPCB",Rishikesh,Uttarakhand,2026-07-16 05:00:00,30.075911,78.2859547,O3,33.0
"Shivaji Nagar, Rishikesh - UKPCB",Rishikesh,Uttarakhand,2026-07-16 05:00:00,30.075911,78.2859547,PM10,31.0
"Shivaji Nagar, Rishikesh - UKPCB",Rishikesh,Uttarakhand,2026-07-16 05:00:00,30.075911,78.2859547,PM2.5,2.0
"Shivaji Nagar, Rishikesh - UKPCB",Rishikesh,Uttarakhand,2026-07-16 05:00:00,30.075911,78.2859547,SO2,1.0
"Asansol Court Area, Asansol - WBPCB",Asansol,West Bengal,2026-07-16 05:00:00,23.685297,86.945968,CO,16.0
"Asansol Court Area, Asansol - WBPCB",Asansol,West Bengal,2026-07-16 05:00:00,23.685297,86.945968,NH3,3.0
"Asansol Court Area, Asansol - WBPCB",Asansol,West Bengal,2026-07-16 05:00:00,23.685297,86.945968,NO2,31.0
"Asansol Court Area, Asansol - WBPCB",Asansol,West Bengal,2026-07-16 05:00:00,23.685297,86.945968,O3,29.0
"Asansol Court Area, Asansol - WBPCB",Asansol,West Bengal,2026-07-16 05:00:00,23.685297,86.945968,PM10,37.0
"Asansol Court Area, Asansol - WBPCB",Asansol,West Bengal,2026-07-16 05:00:00,23.685297,86.945968,PM2.5,42.0
"Asansol Court Area, Asansol - WBPCB",Asansol,West Bengal,2026-07-16 05:00:00,23.685297,86.945968,SO2,13.0
"Evelyn Lodge, Asansol - WBPCB",Asansol,West Bengal,2026-07-16 05:00:00,23.697936,86.944395,CO,20.0
"Evelyn Lodge, Asansol - WBPCB",Asansol,West Bengal,2026-07-16 05:00:00,23.697936,86.944395,NH3,5.0
"Evelyn Lodge, Asansol - WBPCB",Asansol,West Bengal,2026-07-16 05:00:00,23.697936,86.944395,NO2,14.0
"Evelyn Lodge, Asansol - WBPCB",Asansol,West Bengal,2026-07-16 05:00:00,23.697936,86.944395,O3,18.0
"Evelyn Lodge, Asansol - WBPCB",Asansol,West Bengal,2026-07-16 05:00:00,23.697936,86.944395,PM10,31.0
"Evelyn Lodge, Asansol - WBPCB",Asansol,West Bengal,2026-07-16 05:00:00,23.697936,86.944395,PM2.5,21.0
"Evelyn Lodge, Asansol - WBPCB",Asansol,West Bengal,2026-07-16 05:00:00,23.697936,86.944395,SO2,76.0
"Mahabir Colliery, Asansol - WBPCB",Asansol,West Bengal,2026-07-16 05:00:00,23.618183,87.105718,CO,47.0
"Mahabir Colliery, Asansol - WBPCB",Asansol,West Bengal,2026-07-16 05:00:00,23.618183,87.105718,NH3,0.0
"Mahabir Colliery, Asansol - WBPCB",Asansol,West Bengal,2026-07-16 05:00:00,23.618183,87.105718,NO2,2.0
"Mahabir Colliery, Asansol - WBPCB",Asansol,West Bengal,2026-07-16 05:00:00,23.618183,87.105718,O3,12.0
"Mahabir Colliery, Asansol - WBPCB",Asansol,West Bengal,2026-07-16 05:00:00,23.618183,87.105718,PM10,36.0
"Mahabir Colliery, Asansol - WBPCB",Asansol,West Bengal,2026-07-16 05:00:00,23.618183,87.105718,PM2.5,26.0
"Mahabir Colliery, Asansol - WBPCB",Asansol,West Bengal,2026-07-16 05:00:00,23.618183,87.105718,SO2,8.0
"Trivenidevi Bhalotia College, Asansol - WBPCB",Asansol,West Bengal,2026-07-16 05:00:00,23.616515,87.119133,CO,32.0
"Trivenidevi Bhalotia College, Asansol - WBPCB",Asansol,West Bengal,2026-07-16 05:00:00,23.616515,87.119133,NH3,8.0
"Trivenidevi Bhalotia College, Asansol - WBPCB",Asansol,West Bengal,2026-07-16 05:00:00,23.616515,87.119133,NO2,8.0
"Trivenidevi Bhalotia College, Asansol - WBPCB",Asansol,West Bengal,2026-07-16 05:00:00,23.616515,87.119133,O3,6.0
"Trivenidevi Bhalotia College, Asansol - WBPCB",Asansol,West Bengal,2026-07-16 05:00:00,23.616515,87.119133,SO2,33.0
"SVSPA Campus, Barrackpore - WBPCB",Barrackpore,West Bengal,2026-07-16 05:00:00,22.7605581,88.3617589,CO,38.0
"SVSPA Campus, Barrackpore - WBPCB",Barrackpore,West Bengal,2026-07-16 05:00:00,22.7605581,88.3617589,NH3,8.0
"SVSPA Campus, Barrackpore - WBPCB",Barrackpore,West Bengal,2026-07-16 05:00:00,22.7605581,88.3617589,NO2,15.0
"SVSPA Campus, Barrackpore - WBPCB",Barrackpore,West Bengal,2026-07-16 05:00:00,22.7605581,88.3617589,O3,8.0
"SVSPA Campus, Barrackpore - WBPCB",Barrackpore,West Bengal,2026-07-16 05:00:00,22.7605581,88.3617589,PM10,36.0
"SVSPA Campus, Barrackpore - WBPCB",Barrackpore,West Bengal,2026-07-16 05:00:00,22.7605581,88.3617589,PM2.5,28.0
"SVSPA Campus, Barrackpore - WBPCB",Barrackpore,West Bengal,2026-07-16 05:00:00,22.7605581,88.3617589,SO2,11.0
"Mahishkapur Road_B-Zone, Durgapur - WBPCB",Durgapur,West Bengal,2026-07-16 05:00:00,23.567923,87.306843,NH3,1.0
"Mahishkapur Road_B-Zone, Durgapur - WBPCB",Durgapur,West Bengal,2026-07-16 05:00:00,23.567923,87.306843,NO2,4.0
"Mahishkapur Road_B-Zone, Durgapur - WBPCB",Durgapur,West Bengal,2026-07-16 05:00:00,23.567923,87.306843,O3,27.0
"Mahishkapur Road_B-Zone, Durgapur - WBPCB",Durgapur,West Bengal,2026-07-16 05:00:00,23.567923,87.306843,PM10,27.0
"Mahishkapur Road_B-Zone, Durgapur - WBPCB",Durgapur,West Bengal,2026-07-16 05:00:00,23.567923,87.306843,PM2.5,18.0
"Mahishkapur Road_B-Zone, Durgapur - WBPCB",Durgapur,West Bengal,2026-07-16 05:00:00,23.567923,87.306843,SO2,12.0
"PCBL Residential Complex, Durgapur - WBPCB",Durgapur,West Bengal,2026-07-16 05:00:00,23.508764,87.35444,CO,24.0
"PCBL Residential Complex, Durgapur - WBPCB",Durgapur,West Bengal,2026-07-16 05:00:00,23.508764,87.35444,NH3,5.0
"PCBL Residential Complex, Durgapur - WBPCB",Durgapur,West Bengal,2026-07-16 05:00:00,23.508764,87.35444,NO2,71.0
"PCBL Residential Complex, Durgapur - WBPCB",Durgapur,West Bengal,2026-07-16 05:00:00,23.508764,87.35444,O3,3.0
"PCBL Residential Complex, Durgapur - WBPCB",Durgapur,West Bengal,2026-07-16 05:00:00,23.508764,87.35444,PM10,24.0
"PCBL Residential Complex, Durgapur - WBPCB",Durgapur,West Bengal,2026-07-16 05:00:00,23.508764,87.35444,PM2.5,19.0
"PCBL Residential Complex, Durgapur - WBPCB",Durgapur,West Bengal,2026-07-16 05:00:00,23.508764,87.35444,SO2,11.0
"Womens College_City Center, Durgapur - WBPCB",Durgapur,West Bengal,2026-07-16 05:00:00,23.549395,87.300496,CO,18.0
"Womens College_City Center, Durgapur - WBPCB",Durgapur,West Bengal,2026-07-16 05:00:00,23.549395,87.300496,NH3,2.0
"Womens College_City Center, Durgapur - WBPCB",Durgapur,West Bengal,2026-07-16 05:00:00,23.549395,87.300496,NO2,36.0
"Womens College_City Center, Durgapur - WBPCB",Durgapur,West Bengal,2026-07-16 05:00:00,23.549395,87.300496,O3,12.0
"Womens College_City Center, Durgapur - WBPCB",Durgapur,West Bengal,2026-07-16 05:00:00,23.549395,87.300496,PM10,44.0
"Womens College_City Center, Durgapur - WBPCB",Durgapur,West Bengal,2026-07-16 05:00:00,23.549395,87.300496,PM2.5,21.0
"Womens College_City Center, Durgapur - WBPCB",Durgapur,West Bengal,2026-07-16 05:00:00,23.549395,87.300496,SO2,12.0
"Priyambada Housing Estate, Haldia - WBPCB",Haldia,West Bengal,2026-07-16 05:00:00,22.06047,88.109737,CO,37.0
"Priyambada Housing Estate, Haldia - WBPCB",Haldia,West Bengal,2026-07-16 05:00:00,22.06047,88.109737,NH3,4.0
"Priyambada Housing Estate, Haldia - WBPCB",Haldia,West Bengal,2026-07-16 05:00:00,22.06047,88.109737,NO2,10.0
"Priyambada Housing Estate, Haldia - WBPCB",Haldia,West Bengal,2026-07-16 05:00:00,22.06047,88.109737,O3,24.0
"Priyambada Housing Estate, Haldia - WBPCB",Haldia,West Bengal,2026-07-16 05:00:00,22.06047,88.109737,PM10,33.0
"Priyambada Housing Estate, Haldia - WBPCB",Haldia,West Bengal,2026-07-16 05:00:00,22.06047,88.109737,PM2.5,21.0
"Priyambada Housing Estate, Haldia - WBPCB",Haldia,West Bengal,2026-07-16 05:00:00,22.06047,88.109737,SO2,7.0
"Belur Math, Howrah - WBPCB",Howrah,West Bengal,2026-07-16 05:00:00,22.629801,88.352017,CO,14.0
"Belur Math, Howrah - WBPCB",Howrah,West Bengal,2026-07-16 05:00:00,22.629801,88.352017,NH3,4.0
"Belur Math, Howrah - WBPCB",Howrah,West Bengal,2026-07-16 05:00:00,22.629801,88.352017,NO2,18.0
"Belur Math, Howrah - WBPCB",Howrah,West Bengal,2026-07-16 05:00:00,22.629801,88.352017,O3,8.0
"Belur Math, Howrah - WBPCB",Howrah,West Bengal,2026-07-16 05:00:00,22.629801,88.352017,PM10,36.0
"Belur Math, Howrah - WBPCB",Howrah,West Bengal,2026-07-16 05:00:00,22.629801,88.352017,PM2.5,19.0
"Belur Math, Howrah - WBPCB",Howrah,West Bengal,2026-07-16 05:00:00,22.629801,88.352017,SO2,7.0
"Botanical Garden, Howrah - WBPCB",Howrah,West Bengal,2026-07-16 05:00:00,22.554954,88.292568,CO,15.0
"Botanical Garden, Howrah - WBPCB",Howrah,West Bengal,2026-07-16 05:00:00,22.554954,88.292568,NH3,2.0
"Botanical Garden, Howrah - WBPCB",Howrah,West Bengal,2026-07-16 05:00:00,22.554954,88.292568,NO2,13.0
"Botanical Garden, Howrah - WBPCB",Howrah,West Bengal,2026-07-16 05:00:00,22.554954,88.292568,O3,8.0
"Botanical Garden, Howrah - WBPCB",Howrah,West Bengal,2026-07-16 05:00:00,22.554954,88.292568,PM10,33.0
"Botanical Garden, Howrah - WBPCB",Howrah,West Bengal,2026-07-16 05:00:00,22.554954,88.292568,PM2.5,36.0
"Botanical Garden, Howrah - WBPCB",Howrah,West Bengal,2026-07-16 05:00:00,22.554954,88.292568,SO2,5.0
"Dasnagar, Howrah - WBPCB",Howrah,West Bengal,2026-07-16 05:00:00,22.6025571,88.3105664,CO,38.0
"Dasnagar, Howrah - WBPCB",Howrah,West Bengal,2026-07-16 05:00:00,22.6025571,88.3105664,NH3,1.0
"Dasnagar, Howrah - WBPCB",Howrah,West Bengal,2026-07-16 05:00:00,22.6025571,88.3105664,NO2,4.0
"Dasnagar, Howrah - WBPCB",Howrah,West Bengal,2026-07-16 05:00:00,22.6025571,88.3105664,O3,40.0
"Dasnagar, Howrah - WBPCB",Howrah,West Bengal,2026-07-16 05:00:00,22.6025571,88.3105664,SO2,7.0
"Ghusuri, Howrah - WBPCB",Howrah,West Bengal,2026-07-16 05:00:00,22.611968,88.347422,CO,24.0
"Ghusuri, Howrah - WBPCB",Howrah,West Bengal,2026-07-16 05:00:00,22.611968,88.347422,NH3,3.0
"Ghusuri, Howrah - WBPCB",Howrah,West Bengal,2026-07-16 05:00:00,22.611968,88.347422,NO2,56.0
"Ghusuri, Howrah - WBPCB",Howrah,West Bengal,2026-07-16 05:00:00,22.611968,88.347422,O3,20.0
"Ghusuri, Howrah - WBPCB",Howrah,West Bengal,2026-07-16 05:00:00,22.611968,88.347422,PM10,48.0
"Ghusuri, Howrah - WBPCB",Howrah,West Bengal,2026-07-16 05:00:00,22.611968,88.347422,PM2.5,39.0
"Ghusuri, Howrah - WBPCB",Howrah,West Bengal,2026-07-16 05:00:00,22.611968,88.347422,SO2,9.0
"Padmapukur, Howrah - WBPCB",Howrah,West Bengal,2026-07-16 05:00:00,22.5687319,88.2797276,CO,57.0
"Padmapukur, Howrah - WBPCB",Howrah,West Bengal,2026-07-16 05:00:00,22.5687319,88.2797276,NH3,7.0
"Padmapukur, Howrah - WBPCB",Howrah,West Bengal,2026-07-16 05:00:00,22.5687319,88.2797276,NO2,30.0
"Padmapukur, Howrah - WBPCB",Howrah,West Bengal,2026-07-16 05:00:00,22.5687319,88.2797276,O3,19.0
"Padmapukur, Howrah - WBPCB",Howrah,West Bengal,2026-07-16 05:00:00,22.5687319,88.2797276,PM10,37.0
"Padmapukur, Howrah - WBPCB",Howrah,West Bengal,2026-07-16 05:00:00,22.5687319,88.2797276,PM2.5,30.0
"Padmapukur, Howrah - WBPCB",Howrah,West Bengal,2026-07-16 05:00:00,22.5687319,88.2797276,SO2,6.0
"Ballygunge, Kolkata - WBPCB",Kolkata,West Bengal,2026-07-16 05:00:00,22.5367507,88.3638022,CO,20.0
"Ballygunge, Kolkata - WBPCB",Kolkata,West Bengal,2026-07-16 05:00:00,22.5367507,88.3638022,NH3,9.0
"Ballygunge, Kolkata - WBPCB",Kolkata,West Bengal,2026-07-16 05:00:00,22.5367507,88.3638022,NO2,25.0
"Ballygunge, Kolkata - WBPCB",Kolkata,West Bengal,2026-07-16 05:00:00,22.5367507,88.3638022,O3,17.0
"Ballygunge, Kolkata - WBPCB",Kolkata,West Bengal,2026-07-16 05:00:00,22.5367507,88.3638022,PM10,33.0
"Ballygunge, Kolkata - WBPCB",Kolkata,West Bengal,2026-07-16 05:00:00,22.5367507,88.3638022,PM2.5,38.0
"Ballygunge, Kolkata - WBPCB",Kolkata,West Bengal,2026-07-16 05:00:00,22.5367507,88.3638022,SO2,6.0
"Bidhannagar, Kolkata - WBPCB",Kolkata,West Bengal,2026-07-16 05:00:00,22.58157048,88.41002457,CO,24.0
"Bidhannagar, Kolkata - WBPCB",Kolkata,West Bengal,2026-07-16 05:00:00,22.58157048,88.41002457,NH3,6.0
"Bidhannagar, Kolkata - WBPCB",Kolkata,West Bengal,2026-07-16 05:00:00,22.58157048,88.41002457,NO2,13.0
"Bidhannagar, Kolkata - WBPCB",Kolkata,West Bengal,2026-07-16 05:00:00,22.58157048,88.41002457,O3,40.0
"Bidhannagar, Kolkata - WBPCB",Kolkata,West Bengal,2026-07-16 05:00:00,22.58157048,88.41002457,PM10,39.0
"Bidhannagar, Kolkata - WBPCB",Kolkata,West Bengal,2026-07-16 05:00:00,22.58157048,88.41002457,PM2.5,22.0
"Bidhannagar, Kolkata - WBPCB",Kolkata,West Bengal,2026-07-16 05:00:00,22.58157048,88.41002457,SO2,8.0
"Fort William, Kolkata - WBPCB",Kolkata,West Bengal,2026-07-16 05:00:00,22.55664,88.342674,CO,15.0
"Fort William, Kolkata - WBPCB",Kolkata,West Bengal,2026-07-16 05:00:00,22.55664,88.342674,NH3,9.0
"Fort William, Kolkata - WBPCB",Kolkata,West Bengal,2026-07-16 05:00:00,22.55664,88.342674,NO2,9.0
"Fort William, Kolkata - WBPCB",Kolkata,West Bengal,2026-07-16 05:00:00,22.55664,88.342674,O3,17.0
"Fort William, Kolkata - WBPCB",Kolkata,West Bengal,2026-07-16 05:00:00,22.55664,88.342674,PM10,32.0
"Fort William, Kolkata - WBPCB",Kolkata,West Bengal,2026-07-16 05:00:00,22.55664,88.342674,PM2.5,31.0
"Fort William, Kolkata - WBPCB",Kolkata,West Bengal,2026-07-16 05:00:00,22.55664,88.342674,SO2,5.0
"Jadavpur, Kolkata - WBPCB",Kolkata,West Bengal,2026-07-16 05:00:00,22.49929,88.36917,CO,26.0
"Jadavpur, Kolkata - WBPCB",Kolkata,West Bengal,2026-07-16 05:00:00,22.49929,88.36917,NH3,13.0
"Jadavpur, Kolkata - WBPCB",Kolkata,West Bengal,2026-07-16 05:00:00,22.49929,88.36917,NO2,21.0
"Jadavpur, Kolkata - WBPCB",Kolkata,West Bengal,2026-07-16 05:00:00,22.49929,88.36917,O3,14.0
"Jadavpur, Kolkata - WBPCB",Kolkata,West Bengal,2026-07-16 05:00:00,22.49929,88.36917,PM10,40.0
"Jadavpur, Kolkata - WBPCB",Kolkata,West Bengal,2026-07-16 05:00:00,22.49929,88.36917,PM2.5,39.0
"Jadavpur, Kolkata - WBPCB",Kolkata,West Bengal,2026-07-16 05:00:00,22.49929,88.36917,SO2,6.0
"Rabindra Bharati University, Kolkata - WBPCB",Kolkata,West Bengal,2026-07-16 05:00:00,22.627847,88.380669,CO,42.0
"Rabindra Bharati University, Kolkata - WBPCB",Kolkata,West Bengal,2026-07-16 05:00:00,22.627847,88.380669,NH3,6.0
"Rabindra Bharati University, Kolkata - WBPCB",Kolkata,West Bengal,2026-07-16 05:00:00,22.627847,88.380669,NO2,34.0
"Rabindra Bharati University, Kolkata - WBPCB",Kolkata,West Bengal,2026-07-16 05:00:00,22.627847,88.380669,O3,24.0
"Rabindra Bharati University, Kolkata - WBPCB",Kolkata,West Bengal,2026-07-16 05:00:00,22.627847,88.380669,PM10,31.0
"Rabindra Bharati University, Kolkata - WBPCB",Kolkata,West Bengal,2026-07-16 05:00:00,22.627847,88.380669,PM2.5,20.0
"Rabindra Bharati University, Kolkata - WBPCB",Kolkata,West Bengal,2026-07-16 05:00:00,22.627847,88.380669,SO2,9.0
"Rabindra Sarobar, Kolkata - WBPCB",Kolkata,West Bengal,2026-07-16 05:00:00,22.51106,88.35142,CO,15.0
"Rabindra Sarobar, Kolkata - WBPCB",Kolkata,West Bengal,2026-07-16 05:00:00,22.51106,88.35142,NH3,7.0
"Rabindra Sarobar, Kolkata - WBPCB",Kolkata,West Bengal,2026-07-16 05:00:00,22.51106,88.35142,NO2,18.0
"Rabindra Sarobar, Kolkata - WBPCB",Kolkata,West Bengal,2026-07-16 05:00:00,22.51106,88.35142,O3,25.0
"Rabindra Sarobar, Kolkata - WBPCB",Kolkata,West Bengal,2026-07-16 05:00:00,22.51106,88.35142,PM10,24.0
"Rabindra Sarobar, Kolkata - WBPCB",Kolkata,West Bengal,2026-07-16 05:00:00,22.51106,88.35142,PM2.5,19.0
"Rabindra Sarobar, Kolkata - WBPCB",Kolkata,West Bengal,2026-07-16 05:00:00,22.51106,88.35142,SO2,7.0
"Victoria, Kolkata - WBPCB",Kolkata,West Bengal,2026-07-16 05:00:00,22.5448082,88.3403691,CO,36.0
"Victoria, Kolkata - WBPCB",Kolkata,West Bengal,2026-07-16 05:00:00,22.5448082,88.3403691,NH3,8.0
"Victoria, Kolkata - WBPCB",Kolkata,West Bengal,2026-07-16 05:00:00,22.5448082,88.3403691,NO2,18.0
"Victoria, Kolkata - WBPCB",Kolkata,West Bengal,2026-07-16 05:00:00,22.5448082,88.3403691,O3,53.0
"Victoria, Kolkata - WBPCB",Kolkata,West Bengal,2026-07-16 05:00:00,22.5448082,88.3403691,PM10,89.0
"Victoria, Kolkata - WBPCB",Kolkata,West Bengal,2026-07-16 05:00:00,22.5448082,88.3403691,PM2.5,74.0
"Victoria, Kolkata - WBPCB",Kolkata,West Bengal,2026-07-16 05:00:00,22.5448082,88.3403691,SO2,14.0
"Ward-32 Bapupara, Siliguri - WBPCB",Siliguri,West Bengal,2026-07-16 05:00:00,26.6879226,88.4152495,CO,33.0
"Ward-32 Bapupara, Siliguri - WBPCB",Siliguri,West Bengal,2026-07-16 05:00:00,26.6879226,88.4152495,NH3,15.0
"Ward-32 Bapupara, Siliguri - WBPCB",Siliguri,West Bengal,2026-07-16 05:00:00,26.6879226,88.4152495,NO2,118.0
"Ward-32 Bapupara, Siliguri - WBPCB",Siliguri,West Bengal,2026-07-16 05:00:00,26.6879226,88.4152495,O3,24.0
"Ward-32 Bapupara, Siliguri - WBPCB",Siliguri,West Bengal,2026-07-16 05:00:00,26.6879226,88.4152495,PM10,36.0
"Ward-32 Bapupara, Siliguri - WBPCB",Siliguri,West Bengal,2026-07-16 05:00:00,26.6879226,88.4152495,PM2.5,21.0
"Ward-32 Bapupara, Siliguri - WBPCB",Siliguri,West Bengal,2026-07-16 05:00:00,26.6879226,88.4152495,SO2,13.0
